Your Tinker SDK version is outdated. Please upgrade to the latest version.

Loading datapoints: 128 total across 1 combos (128 per combo)
  Loaded 128 from mmlu_suggested_answer.jsonl

============================================================
RL Training Configuration
============================================================
  Model:              meta-llama/Llama-3.1-8B-Instruct
  Experiment:         sweep-rollouts/llama-rlct-nr32
  Bias types:         ['suggested_answer']
  Datasets:           ['mmlu']
  Total datapoints:   128
  Perturbations:      unbiased (ref) + biased (train)
  LR:                 None (constant)
  LoRA rank:          8
  Batch size:         1
  Grad accum steps:   1
  N epochs:           1
  Estimated steps:    128
  Checkpoint every:   64 steps
  n_ref_rollouts:     32
  n_train_rollouts:   32
  n_consistency_rollouts: 16
  n_anchor_rollouts:  None
  KL coef:            0.05
  Anchor weight:      0.0
  Anchor model:       base
  Loss fn:            ppo
============================================================
WARNING: WANDB_API_KEY environment variable not set. Skipping W&B logging. 
root:654 [[92mINFO[0m] Command line invocation: scripts/tinker_training/train_rl.py --model meta-llama/Llama-3.1-8B-Instruct --experiment-name sweep-rollouts --run-name llama-rlct-nr32 --bias-types suggested_answer --datasets mmlu --n-datapoints 128 --lora-rank 8 --kl-coef 0.05 --anchor-weight 0.0 --loss-fn ppo --n-ref-rollouts 32 --n-train-rollouts 32 --n-consistency-rollouts 16 --batch-size 1 --refresh-every 1 --checkpoint-every 64 -y
tinker_cookbook.utils.ml_log:592 [[92mINFO[0m] Logging to: logs/sweep-rollouts/llama-rlct-nr32

============================================================
WARNING: Git working tree is DIRTY (52 file(s) changed)
Commit: a3276f0d7774c54dc046e1eb2011f0d280021f92
Branch: reasoning-history-last-fix
Changed files:
M cot_transparency/apis/tinker/rl_training.py
 M sycophancy_eval_inspect/model_registry.json
?? midterm_report.md
?? progress.md
?? scripts/test_gpt_oss_channel_stripping.py
?? scripts/tinker_training/analyze_by_sweep.sh
?? scripts/tinker_training/clear_stale_state.sh
?? scripts/tinker_training/combined_analysis.sh
?? scripts/tinker_training/experiment_configs/sweep_anchor_weight_0.0.yaml
?? scripts/tinker_training/experiment_configs/sweep_anchor_weight_0.25.yaml
?? scripts/tinker_training/experiment_configs/sweep_anchor_weight_0.5.yaml
?? scripts/tinker_training/experiment_configs/sweep_anchor_weight_0.75.yaml
?? scripts/tinker_training/experiment_configs/sweep_anchor_weight_1.0.yaml
?? scripts/tinker_training/experiment_configs/sweep_bct_batch_size_128.yaml
?? scripts/tinker_training/experiment_configs/sweep_bct_batch_size_256.yaml
?? scripts/tinker_training/experiment_configs/sweep_bct_batch_size_32.yaml
?? scripts/tinker_training/experiment_configs/sweep_bct_batch_size_64.yaml
?? scripts/tinker_training/experiment_configs/sweep_bct_n_datapoints_1000.yaml
?? scripts/tinker_training/experiment_configs/sweep_bct_n_datapoints_2000.yaml
?? scripts/tinker_training/experiment_configs/sweep_bct_n_datapoints_500.yaml
?? scripts/tinker_training/experiment_configs/sweep_bct_no_instruct.yaml
?? scripts/tinker_training/experiment_configs/sweep_bct_with_instruct.yaml
?? scripts/tinker_training/experiment_configs/sweep_kl_coef_0.01.yaml
?? scripts/tinker_training/experiment_configs/sweep_kl_coef_0.05.yaml
?? scripts/tinker_training/experiment_configs/sweep_kl_coef_0.1.yaml
?? scripts/tinker_training/experiment_configs/sweep_kl_coef_0.5.yaml
?? scripts/tinker_training/experiment_configs/sweep_n_consistency_16.yaml
?? scripts/tinker_training/experiment_configs/sweep_n_consistency_32.yaml
?? scripts/tinker_training/experiment_configs/sweep_n_consistency_64.yaml
?? scripts/tinker_training/experiment_configs/sweep_n_datapoints_128.yaml
?? scripts/tinker_training/experiment_configs/sweep_n_datapoints_256.yaml
?? scripts/tinker_training/experiment_configs/sweep_n_datapoints_64.yaml
?? scripts/tinker_training/experiment_configs/sweep_refresh_every_1.yaml
?? scripts/tinker_training/experiment_configs/sweep_refresh_every_10.yaml
?? scripts/tinker_training/experiment_configs/sweep_refresh_every_5.yaml
?? scripts/tinker_training/experiment_configs/sweep_rollouts_128.yaml
?? scripts/tinker_training/experiment_configs/sweep_rollouts_32.yaml
?? scripts/tinker_training/experiment_configs/sweep_rollouts_64.yaml
?? scripts/tinker_training/run_analysis.sh
?? scripts/tinker_training/setup_bct_sweep_data.sh
?? scripts/tinker_training/sweep_anchor_weight.sh
?? scripts/tinker_training/sweep_bct_batch_size.sh
?? scripts/tinker_training/sweep_bct_instruct.sh
?? scripts/tinker_training/sweep_bct_n_datapoints.sh
?? scripts/tinker_training/sweep_kl_coef.sh
?? scripts/tinker_training/sweep_lr.py
?? scripts/tinker_training/sweep_lr.sh
?? scripts/tinker_training/sweep_n_consistency.sh
?? scripts/tinker_training/sweep_n_datapoints.sh
?? scripts/tinker_training/sweep_ngrad.sh
?? scripts/tinker_training/sweep_refresh_every.sh
?? scripts/tinker_training/sweep_rollouts.sh
The diff is logged to WandB for reproducibility.
============================================================

tinker_cookbook.utils.ml_log:265 [[92mINFO[0m] 
Configuration:
  git: {'git_sha': 'a3276f0d7774c54dc046e1eb2011f0d280021f92', 'git_branch': 
'reasoning-history-last-fix', 'git_dirty': True, 'git_dirt ... : "black",\n+    
"training_biases": [\n+        "suggested_answer"\n+      ]\n     }\n   }\n 
}\n\\ No newline at end of file'}
RL Training: 128 datapoints, 128 steps/epoch, 128 total steps, lr=2.86e-04
tinker_cookbook.utils.ml_log:265 [[92mINFO[0m] 
Configuration:
  n_datapoints: 128
  total_steps: 128
  n_perturbations: 2
  base_lr: 0.0002856415043086949

Epoch 1:   0%|          | 0/128 [00:00<?, ?it/s]tinker_cookbook.utils.ml_log:192 [[92mINFO[0m] Wrote metrics to logs/sweep-rollouts/llama-rlct-nr32/metrics.jsonl
tinker_cookbook.utils.ml_log:265 [[92mINFO[0m] 
                          Step 1                          
┏━━━━━━━━━━━━━━━━━━━━━━━━━━━━━━━━━━━━━━━┳━━━━━━━━━━━━━━━━┓
┃ Metric                                ┃ Value          ┃
┡━━━━━━━━━━━━━━━━━━━━━━━━━━━━━━━━━━━━━━━╇━━━━━━━━━━━━━━━━┩
│ optim/entropy                         │ 3.117511       │
│ optim/kl_sample_train_v1              │ 0.000519       │
│ optim/kl_sample_train_v2              │ 0.000375       │
│ train/advantage_abs_mean              │ 0.866025       │
│ train/anchor_reward_mean              │ 0.000000       │
│ train/anchor_reward_std               │ 0.000000       │
│ train/avg_response_length             │ 610.437500     │
│ train/consistency_gap_1               │ 0.115385       │
│ train/consistency_reward_mean         │ 0.002219       │
│ train/consistency_reward_std          │ 0.049963       │
│ train/epoch                           │ 0              │
│ train/kl_policy_base                  │ 0.000378       │
│ train/n_anchor_rollouts               │ 0              │
│ train/n_consistency_rollouts          │ 16             │
│ train/n_ref_parsed                    │ 26             │
│ train/n_training_parsed               │ 26             │
│ train/p_hat_1                         │ 0.269231       │
│ train/p_ref                           │ 0.153846       │
│ train/parse_rate                      │ 0.812500       │
│ train/rate_var                        │ 0.003328       │
│ train/reward_pert1_trait0_count       │ 12             │
│ train/reward_pert1_trait0_mean        │ 0.031065       │
│ train/reward_pert1_trait1_count       │ 4              │
│ train/reward_pert1_trait1_mean        │ -0.084320      │
│ train/train/clock_cycle:unique        │ 2411486.000000 │
│ train/train/loss:sum                  │ -2231.915352   │
│ train/train/ppo_clipped_fraction:mean │ 0.128021       │
│ train/train/ppo_kl_div:mean           │ 0.476229       │
│ train/train/ppo_mean_ratio:mean       │ 0.893496       │
└───────────────────────────────────────┴────────────────┘

Epoch 1:   0%|          | 0/128 [00:55<?, ?it/s, kl=0.0005, gap=0.115, p_hat=0.27, adv=0.866]
Epoch 1:   1%|          | 1/128 [00:56<1:59:02, 56.24s/it, kl=0.0005, gap=0.115, p_hat=0.27, adv=0.866]tinker_cookbook.utils.ml_log:192 [[92mINFO[0m] Wrote metrics to logs/sweep-rollouts/llama-rlct-nr32/metrics.jsonl
tinker_cookbook.utils.ml_log:265 [[92mINFO[0m] 
               Step 2                
┏━━━━━━━━━━━━━━━━━━━━━━━━━━━┳━━━━━━━┓
┃ Metric                    ┃ Value ┃
┡━━━━━━━━━━━━━━━━━━━━━━━━━━━╇━━━━━━━┩
│ train/skipped_empty_batch │ 1     │
└───────────────────────────┴───────┘

Epoch 1:   2%|▏         | 2/128 [01:09<1:04:38, 30.78s/it, kl=0.0005, gap=0.115, p_hat=0.27, adv=0.866]tinker_cookbook.utils.ml_log:192 [[92mINFO[0m] Wrote metrics to logs/sweep-rollouts/llama-rlct-nr32/metrics.jsonl

⚠️  Low parse rate (78.1%) at step 3
tinker_cookbook.utils.ml_log:265 [[92mINFO[0m] 
                          Step 3                          
┏━━━━━━━━━━━━━━━━━━━━━━━━━━━━━━━━━━━━━━━┳━━━━━━━━━━━━━━━━┓
┃ Metric                                ┃ Value          ┃
┡━━━━━━━━━━━━━━━━━━━━━━━━━━━━━━━━━━━━━━━╇━━━━━━━━━━━━━━━━┩
│ optim/entropy                         │ 7.468674       │
│ optim/kl_sample_train_v1              │ 0.000971       │
│ optim/kl_sample_train_v2              │ 0.000810       │
│ train/advantage_abs_mean              │ 0.992157       │
│ train/anchor_reward_mean              │ 0.000000       │
│ train/anchor_reward_std               │ 0.000000       │
│ train/avg_response_length             │ 2777.125000    │
│ train/consistency_gap_1               │ 0.404187       │
│ train/consistency_reward_mean         │ -0.034048      │
│ train/consistency_reward_std          │ 0.200508       │
│ train/epoch                           │ 0              │
│ train/kl_policy_base                  │ 0.001063       │
│ train/n_anchor_rollouts               │ 0              │
│ train/n_consistency_rollouts          │ 16             │
│ train/n_ref_parsed                    │ 27             │
│ train/n_training_parsed               │ 23             │
│ train/p_hat_1                         │ 0.478261       │
│ train/p_ref                           │ 0.074074       │
│ train/parse_rate                      │ 0.781250       │
│ train/rate_var                        │ 0.040842       │
│ train/reward_pert1_trait0_count       │ 7              │
│ train/reward_pert1_trait0_mean        │ 0.193307       │
│ train/reward_pert1_trait1_count       │ 9              │
│ train/reward_pert1_trait1_mean        │ -0.210880      │
│ train/train/clock_cycle:unique        │ 2411509.000000 │
│ train/train/loss:sum                  │ -7987.895752   │
│ train/train/ppo_clipped_fraction:mean │ 0.038024       │
│ train/train/ppo_kl_div:mean           │ 0.126178       │
│ train/train/ppo_mean_ratio:mean       │ 0.972108       │
└───────────────────────────────────────┴────────────────┘

Epoch 1:   2%|▏         | 2/128 [03:16<1:04:38, 30.78s/it, kl=0.0010, gap=0.404, p_hat=0.48, adv=0.992]
Epoch 1:   2%|▏         | 3/128 [03:17<2:36:37, 75.18s/it, kl=0.0010, gap=0.404, p_hat=0.48, adv=0.992]tinker_cookbook.utils.ml_log:192 [[92mINFO[0m] Wrote metrics to logs/sweep-rollouts/llama-rlct-nr32/metrics.jsonl

⚠️  Low parse rate (67.2%) at step 4
tinker_cookbook.utils.ml_log:265 [[92mINFO[0m] 
                          Step 4                          
┏━━━━━━━━━━━━━━━━━━━━━━━━━━━━━━━━━━━━━━━┳━━━━━━━━━━━━━━━━┓
┃ Metric                                ┃ Value          ┃
┡━━━━━━━━━━━━━━━━━━━━━━━━━━━━━━━━━━━━━━━╇━━━━━━━━━━━━━━━━┩
│ optim/entropy                         │ 4.273616       │
│ optim/kl_sample_train_v1              │ 0.000663       │
│ optim/kl_sample_train_v2              │ 0.000449       │
│ train/advantage_abs_mean              │ 0.992157       │
│ train/anchor_reward_mean              │ 0.000000       │
│ train/anchor_reward_std               │ 0.000000       │
│ train/avg_response_length             │ 1295.375000    │
│ train/consistency_gap_1               │ 0.337662       │
│ train/consistency_reward_mean         │ -0.003015      │
│ train/consistency_reward_std          │ 0.167507       │
│ train/epoch                           │ 0              │
│ train/kl_policy_base                  │ 0.003617       │
│ train/n_anchor_rollouts               │ 0              │
│ train/n_consistency_rollouts          │ 16             │
│ train/n_ref_parsed                    │ 22             │
│ train/n_training_parsed               │ 21             │
│ train/p_hat_1                         │ 0.428571       │
│ train/p_ref                           │ 0.090909       │
│ train/parse_rate                      │ 0.671875       │
│ train/rate_var                        │ 0.028504       │
│ train/reward_pert1_trait0_count       │ 9              │
│ train/reward_pert1_trait0_mean        │ 0.144712       │
│ train/reward_pert1_trait1_count       │ 7              │
│ train/reward_pert1_trait1_mean        │ -0.192950      │
│ train/train/clock_cycle:unique        │ 2411543.000000 │
│ train/train/loss:sum                  │ 2951.769753    │
│ train/train/ppo_clipped_fraction:mean │ 0.113093       │
│ train/train/ppo_kl_div:mean           │ 0.391974       │
│ train/train/ppo_mean_ratio:mean       │ 0.907973       │
└───────────────────────────────────────┴────────────────┘

Epoch 1:   2%|▏         | 3/128 [04:45<2:36:37, 75.18s/it, kl=0.0007, gap=0.338, p_hat=0.43, adv=0.992]
Epoch 1:   3%|▎         | 4/128 [05:15<3:10:40, 92.26s/it, kl=0.0007, gap=0.338, p_hat=0.43, adv=0.992]tinker_cookbook.utils.ml_log:192 [[92mINFO[0m] Wrote metrics to logs/sweep-rollouts/llama-rlct-nr32/metrics.jsonl

⚠️  Low parse rate (67.2%) at step 5
tinker_cookbook.utils.ml_log:265 [[92mINFO[0m] 
                          Step 5                          
┏━━━━━━━━━━━━━━━━━━━━━━━━━━━━━━━━━━━━━━━┳━━━━━━━━━━━━━━━━┓
┃ Metric                                ┃ Value          ┃
┡━━━━━━━━━━━━━━━━━━━━━━━━━━━━━━━━━━━━━━━╇━━━━━━━━━━━━━━━━┩
│ optim/entropy                         │ 4.941462       │
│ optim/kl_sample_train_v1              │ 0.000266       │
│ optim/kl_sample_train_v2              │ 0.000429       │
│ train/advantage_abs_mean              │ 1.000000       │
│ train/anchor_reward_mean              │ 0.000000       │
│ train/anchor_reward_std               │ 0.000000       │
│ train/avg_response_length             │ 497.562500     │
│ train/consistency_gap_1               │ -0.078261      │
│ train/consistency_reward_mean         │ -0.001701      │
│ train/consistency_reward_std          │ 0.039130       │
│ train/epoch                           │ 0              │
│ train/kl_policy_base                  │ 0.010304       │
│ train/n_anchor_rollouts               │ 0              │
│ train/n_consistency_rollouts          │ 16             │
│ train/n_ref_parsed                    │ 20             │
│ train/n_training_parsed               │ 23             │
│ train/p_hat_1                         │ 0.521739       │
│ train/p_ref                           │ 0.600000       │
│ train/parse_rate                      │ 0.671875       │
│ train/rate_var                        │ 0.001531       │
│ train/reward_pert1_trait0_count       │ 8              │
│ train/reward_pert1_trait0_mean        │ -0.040832      │
│ train/reward_pert1_trait1_count       │ 8              │
│ train/reward_pert1_trait1_mean        │ 0.037429       │
│ train/train/clock_cycle:unique        │ 2411587.000000 │
│ train/train/loss:sum                  │ 3192.621559    │
│ train/train/ppo_clipped_fraction:mean │ 0.118616       │
│ train/train/ppo_kl_div:mean           │ 0.570412       │
│ train/train/ppo_mean_ratio:mean       │ 0.900316       │
└───────────────────────────────────────┴────────────────┘

Epoch 1:   3%|▎         | 4/128 [07:59<3:10:40, 92.26s/it, kl=0.0003, gap=-0.078, p_hat=0.52, adv=1.000]
Epoch 1:   4%|▍         | 5/128 [08:00<4:03:02, 118.55s/it, kl=0.0003, gap=-0.078, p_hat=0.52, adv=1.000]tinker_cookbook.utils.ml_log:192 [[92mINFO[0m] Wrote metrics to logs/sweep-rollouts/llama-rlct-nr32/metrics.jsonl
tinker_cookbook.utils.ml_log:265 [[92mINFO[0m] 
                          Step 6                          
┏━━━━━━━━━━━━━━━━━━━━━━━━━━━━━━━━━━━━━━━┳━━━━━━━━━━━━━━━━┓
┃ Metric                                ┃ Value          ┃
┡━━━━━━━━━━━━━━━━━━━━━━━━━━━━━━━━━━━━━━━╇━━━━━━━━━━━━━━━━┩
│ optim/entropy                         │ 0.751729       │
│ optim/kl_sample_train_v1              │ 0.000730       │
│ optim/kl_sample_train_v2              │ 0.000727       │
│ train/advantage_abs_mean              │ 0.780625       │
│ train/anchor_reward_mean              │ 0.000000       │
│ train/anchor_reward_std               │ 0.000000       │
│ train/avg_response_length             │ 436.125000     │
│ train/consistency_gap_1               │ 0.278375       │
│ train/consistency_reward_mean         │ 0.016276       │
│ train/consistency_reward_std          │ 0.108653       │
│ train/epoch                           │ 0              │
│ train/kl_policy_base                  │ 0.016914       │
│ train/n_anchor_rollouts               │ 0              │
│ train/n_consistency_rollouts          │ 16             │
│ train/n_ref_parsed                    │ 27             │
│ train/n_training_parsed               │ 31             │
│ train/p_hat_1                         │ 0.870968       │
│ train/p_ref                           │ 0.592593       │
│ train/parse_rate                      │ 0.906250       │
│ train/rate_var                        │ 0.019373       │
│ train/reward_pert1_trait0_count       │ 3              │
│ train/reward_pert1_trait0_mean        │ 0.242456       │
│ train/reward_pert1_trait1_count       │ 13             │
│ train/reward_pert1_trait1_mean        │ -0.035919      │
│ train/train/clock_cycle:unique        │ 2411614.000000 │
│ train/train/loss:sum                  │ 484.796692     │
│ train/train/ppo_clipped_fraction:mean │ 0.342339       │
│ train/train/ppo_kl_div:mean           │ 1.033902       │
│ train/train/ppo_mean_ratio:mean       │ 0.731946       │
└───────────────────────────────────────┴────────────────┘

Epoch 1:   4%|▍         | 5/128 [10:11<4:03:02, 118.55s/it, kl=0.0007, gap=0.278, p_hat=0.87, adv=0.781] 
Epoch 1:   5%|▍         | 6/128 [10:23<4:17:23, 126.59s/it, kl=0.0007, gap=0.278, p_hat=0.87, adv=0.781]tinker_cookbook.utils.ml_log:192 [[92mINFO[0m] Wrote metrics to logs/sweep-rollouts/llama-rlct-nr32/metrics.jsonl
tinker_cookbook.utils.ml_log:265 [[92mINFO[0m] 
               Step 7                
┏━━━━━━━━━━━━━━━━━━━━━━━━━━━┳━━━━━━━┓
┃ Metric                    ┃ Value ┃
┡━━━━━━━━━━━━━━━━━━━━━━━━━━━╇━━━━━━━┩
│ train/skipped_empty_batch │ 1     │
└───────────────────────────┴───────┘

Epoch 1:   5%|▌         | 7/128 [10:44<3:06:12, 92.34s/it, kl=0.0007, gap=0.278, p_hat=0.87, adv=0.781] tinker_cookbook.utils.ml_log:192 [[92mINFO[0m] Wrote metrics to logs/sweep-rollouts/llama-rlct-nr32/metrics.jsonl
tinker_cookbook.utils.ml_log:265 [[92mINFO[0m] 
                          Step 8                          
┏━━━━━━━━━━━━━━━━━━━━━━━━━━━━━━━━━━━━━━━┳━━━━━━━━━━━━━━━━┓
┃ Metric                                ┃ Value          ┃
┡━━━━━━━━━━━━━━━━━━━━━━━━━━━━━━━━━━━━━━━╇━━━━━━━━━━━━━━━━┩
│ optim/entropy                         │ 0.728390       │
│ optim/kl_sample_train_v1              │ 0.000248       │
│ optim/kl_sample_train_v2              │ 0.000527       │
│ train/advantage_abs_mean              │ 0.780625       │
│ train/anchor_reward_mean              │ 0.000000       │
│ train/anchor_reward_std               │ 0.000000       │
│ train/avg_response_length             │ 273.312500     │
│ train/consistency_gap_1               │ 0.178571       │
│ train/consistency_reward_mean         │ -0.001594      │
│ train/consistency_reward_std          │ 0.069699       │
│ train/epoch                           │ 0              │
│ train/kl_policy_base                  │ 0.011617       │
│ train/n_anchor_rollouts               │ 0              │
│ train/n_consistency_rollouts          │ 16             │
│ train/n_ref_parsed                    │ 29             │
│ train/n_training_parsed               │ 28             │
│ train/p_hat_1                         │ 0.178571       │
│ train/p_ref                           │ 0.000000       │
│ train/parse_rate                      │ 0.890625       │
│ train/rate_var                        │ 0.007972       │
│ train/reward_pert1_trait0_count       │ 13             │
│ train/reward_pert1_trait0_mean        │ 0.031888       │
│ train/reward_pert1_trait1_count       │ 3              │
│ train/reward_pert1_trait1_mean        │ -0.146684      │
│ train/train/clock_cycle:unique        │ 2411621.000000 │
│ train/train/loss:sum                  │ -8.747574      │
│ train/train/ppo_clipped_fraction:mean │ 0.244761       │
│ train/train/ppo_kl_div:mean           │ 0.927636       │
│ train/train/ppo_mean_ratio:mean       │ 0.795643       │
└───────────────────────────────────────┴────────────────┘

Epoch 1:   5%|▌         | 7/128 [11:04<3:06:12, 92.34s/it, kl=0.0002, gap=0.179, p_hat=0.18, adv=0.781]
Epoch 1:   6%|▋         | 8/128 [11:05<2:18:49, 69.41s/it, kl=0.0002, gap=0.179, p_hat=0.18, adv=0.781]tinker_cookbook.utils.ml_log:192 [[92mINFO[0m] Wrote metrics to logs/sweep-rollouts/llama-rlct-nr32/metrics.jsonl
tinker_cookbook.utils.ml_log:265 [[92mINFO[0m] 
                          Step 9                          
┏━━━━━━━━━━━━━━━━━━━━━━━━━━━━━━━━━━━━━━━┳━━━━━━━━━━━━━━━━┓
┃ Metric                                ┃ Value          ┃
┡━━━━━━━━━━━━━━━━━━━━━━━━━━━━━━━━━━━━━━━╇━━━━━━━━━━━━━━━━┩
│ optim/entropy                         │ 1.204714       │
│ optim/kl_sample_train_v1              │ 0.000829       │
│ optim/kl_sample_train_v2              │ 0.000572       │
│ train/advantage_abs_mean              │ 0.484123       │
│ train/anchor_reward_mean              │ 0.000000       │
│ train/anchor_reward_std               │ 0.000000       │
│ train/avg_response_length             │ 320.000000     │
│ train/consistency_gap_1               │ 0.037037       │
│ train/consistency_reward_mean         │ -0.000943      │
│ train/consistency_reward_std          │ 0.008965       │
│ train/epoch                           │ 0              │
│ train/kl_policy_base                  │ 0.014813       │
│ train/n_anchor_rollouts               │ 0              │
│ train/n_consistency_rollouts          │ 16             │
│ train/n_ref_parsed                    │ 31             │
│ train/n_training_parsed               │ 27             │
│ train/p_hat_1                         │ 0.037037       │
│ train/p_ref                           │ 0.000000       │
│ train/parse_rate                      │ 0.906250       │
│ train/rate_var                        │ 0.000343       │
│ train/reward_pert1_trait0_count       │ 15             │
│ train/reward_pert1_trait0_mean        │ 0.001372       │
│ train/reward_pert1_trait1_count       │ 1              │
│ train/reward_pert1_trait1_mean        │ -0.035665      │
│ train/train/clock_cycle:unique        │ 2411627.000000 │
│ train/train/loss:sum                  │ -613.295570    │
│ train/train/ppo_clipped_fraction:mean │ 0.188565       │
│ train/train/ppo_kl_div:mean           │ 0.838935       │
│ train/train/ppo_mean_ratio:mean       │ 0.842492       │
└───────────────────────────────────────┴────────────────┘

Epoch 1:   6%|▋         | 8/128 [11:25<2:18:49, 69.41s/it, kl=0.0008, gap=0.037, p_hat=0.04, adv=0.484]
Epoch 1:   7%|▋         | 9/128 [11:26<1:47:59, 54.45s/it, kl=0.0008, gap=0.037, p_hat=0.04, adv=0.484]tinker_cookbook.utils.ml_log:192 [[92mINFO[0m] Wrote metrics to logs/sweep-rollouts/llama-rlct-nr32/metrics.jsonl
tinker_cookbook.utils.ml_log:265 [[92mINFO[0m] 
               Step 10               
┏━━━━━━━━━━━━━━━━━━━━━━━━━━━┳━━━━━━━┓
┃ Metric                    ┃ Value ┃
┡━━━━━━━━━━━━━━━━━━━━━━━━━━━╇━━━━━━━┩
│ train/skipped_empty_batch │ 1     │
└───────────────────────────┴───────┘

Epoch 1:   8%|▊         | 10/128 [11:40<1:22:20, 41.87s/it, kl=0.0008, gap=0.037, p_hat=0.04, adv=0.484]tinker_cookbook.utils.ml_log:192 [[92mINFO[0m] Wrote metrics to logs/sweep-rollouts/llama-rlct-nr32/metrics.jsonl
tinker_cookbook.utils.ml_log:265 [[92mINFO[0m] 
                         Step 11                          
┏━━━━━━━━━━━━━━━━━━━━━━━━━━━━━━━━━━━━━━━┳━━━━━━━━━━━━━━━━┓
┃ Metric                                ┃ Value          ┃
┡━━━━━━━━━━━━━━━━━━━━━━━━━━━━━━━━━━━━━━━╇━━━━━━━━━━━━━━━━┩
│ optim/entropy                         │ 0.541751       │
│ optim/kl_sample_train_v1              │ 0.000088       │
│ optim/kl_sample_train_v2              │ 0.000414       │
│ train/advantage_abs_mean              │ 0.968246       │
│ train/anchor_reward_mean              │ 0.000000       │
│ train/anchor_reward_std               │ 0.000000       │
│ train/avg_response_length             │ 292.562500     │
│ train/consistency_gap_1               │ 0.076752       │
│ train/consistency_reward_mean         │ 0.004962       │
│ train/consistency_reward_std          │ 0.037157       │
│ train/epoch                           │ 0              │
│ train/kl_policy_base                  │ 0.012644       │
│ train/n_anchor_rollouts               │ 0              │
│ train/n_consistency_rollouts          │ 16             │
│ train/n_ref_parsed                    │ 31             │
│ train/n_training_parsed               │ 29             │
│ train/p_hat_1                         │ 0.689655       │
│ train/p_ref                           │ 0.612903       │
│ train/parse_rate                      │ 0.937500       │
│ train/rate_var                        │ 0.001473       │
│ train/reward_pert1_trait0_count       │ 6              │
│ train/reward_pert1_trait0_mean        │ 0.052932       │
│ train/reward_pert1_trait1_count       │ 10             │
│ train/reward_pert1_trait1_mean        │ -0.023820      │
│ train/train/clock_cycle:unique        │ 2411647.000000 │
│ train/train/loss:sum                  │ 230.568710     │
│ train/train/ppo_clipped_fraction:mean │ 0.216222       │
│ train/train/ppo_kl_div:mean           │ 0.907330       │
│ train/train/ppo_mean_ratio:mean       │ 0.815162       │
└───────────────────────────────────────┴────────────────┘

Epoch 1:   8%|▊         | 10/128 [11:54<1:22:20, 41.87s/it, kl=0.0001, gap=0.077, p_hat=0.69, adv=0.968]
Epoch 1:   9%|▊         | 11/128 [12:19<1:19:54, 40.97s/it, kl=0.0001, gap=0.077, p_hat=0.69, adv=0.968]tinker_cookbook.utils.ml_log:192 [[92mINFO[0m] Wrote metrics to logs/sweep-rollouts/llama-rlct-nr32/metrics.jsonl
tinker_cookbook.utils.ml_log:265 [[92mINFO[0m] 
               Step 12               
┏━━━━━━━━━━━━━━━━━━━━━━━━━━━┳━━━━━━━┓
┃ Metric                    ┃ Value ┃
┡━━━━━━━━━━━━━━━━━━━━━━━━━━━╇━━━━━━━┩
│ train/skipped_empty_batch │ 1     │
└───────────────────────────┴───────┘

Epoch 1:   9%|▉         | 12/128 [13:12<1:26:15, 44.62s/it, kl=0.0001, gap=0.077, p_hat=0.69, adv=0.968]tinker_cookbook.utils.ml_log:192 [[92mINFO[0m] Wrote metrics to logs/sweep-rollouts/llama-rlct-nr32/metrics.jsonl
tinker_cookbook.utils.ml_log:265 [[92mINFO[0m] 
               Step 13               
┏━━━━━━━━━━━━━━━━━━━━━━━━━━━┳━━━━━━━┓
┃ Metric                    ┃ Value ┃
┡━━━━━━━━━━━━━━━━━━━━━━━━━━━╇━━━━━━━┩
│ train/skipped_empty_batch │ 1     │
└───────────────────────────┴───────┘

Epoch 1:  10%|█         | 13/128 [13:21<1:05:09, 33.99s/it, kl=0.0001, gap=0.077, p_hat=0.69, adv=0.968]tinker_cookbook.utils.ml_log:192 [[92mINFO[0m] Wrote metrics to logs/sweep-rollouts/llama-rlct-nr32/metrics.jsonl
tinker_cookbook.utils.ml_log:265 [[92mINFO[0m] 
               Step 14               
┏━━━━━━━━━━━━━━━━━━━━━━━━━━━┳━━━━━━━┓
┃ Metric                    ┃ Value ┃
┡━━━━━━━━━━━━━━━━━━━━━━━━━━━╇━━━━━━━┩
│ train/skipped_empty_batch │ 1     │
└───────────────────────────┴───────┘

Epoch 1:  11%|█         | 14/128 [14:37<1:28:39, 46.66s/it, kl=0.0001, gap=0.077, p_hat=0.69, adv=0.968]tinker_cookbook.utils.ml_log:192 [[92mINFO[0m] Wrote metrics to logs/sweep-rollouts/llama-rlct-nr32/metrics.jsonl
tinker_cookbook.utils.ml_log:265 [[92mINFO[0m] 
                         Step 15                          
┏━━━━━━━━━━━━━━━━━━━━━━━━━━━━━━━━━━━━━━━┳━━━━━━━━━━━━━━━━┓
┃ Metric                                ┃ Value          ┃
┡━━━━━━━━━━━━━━━━━━━━━━━━━━━━━━━━━━━━━━━╇━━━━━━━━━━━━━━━━┩
│ optim/entropy                         │ 0.832819       │
│ optim/kl_sample_train_v1              │ -0.000043      │
│ optim/kl_sample_train_v2              │ 0.000568       │
│ train/advantage_abs_mean              │ 1.000000       │
│ train/anchor_reward_mean              │ 0.000000       │
│ train/anchor_reward_std               │ 0.000000       │
│ train/avg_response_length             │ 245.875000     │
│ train/consistency_gap_1               │ 0.103943       │
│ train/consistency_reward_mean         │ 0.005775       │
│ train/consistency_reward_std          │ 0.051971       │
│ train/epoch                           │ 0              │
│ train/kl_policy_base                  │ 0.026972       │
│ train/n_anchor_rollouts               │ 0              │
│ train/n_consistency_rollouts          │ 16             │
│ train/n_ref_parsed                    │ 31             │
│ train/n_training_parsed               │ 27             │
│ train/p_hat_1                         │ 0.555556       │
│ train/p_ref                           │ 0.451613       │
│ train/parse_rate                      │ 0.906250       │
│ train/rate_var                        │ 0.002701       │
│ train/reward_pert1_trait0_count       │ 8              │
│ train/reward_pert1_trait0_mean        │ 0.057746       │
│ train/reward_pert1_trait1_count       │ 8              │
│ train/reward_pert1_trait1_mean        │ -0.046197      │
│ train/train/clock_cycle:unique        │ 2411678.000000 │
│ train/train/loss:sum                  │ -617.337555    │
│ train/train/ppo_clipped_fraction:mean │ 0.236958       │
│ train/train/ppo_kl_div:mean           │ 0.898433       │
│ train/train/ppo_mean_ratio:mean       │ 0.804284       │
└───────────────────────────────────────┴────────────────┘

Epoch 1:  11%|█         | 14/128 [15:17<1:28:39, 46.66s/it, kl=-0.0000, gap=0.104, p_hat=0.56, adv=1.000]
Epoch 1:  12%|█▏        | 15/128 [15:19<1:25:13, 45.26s/it, kl=-0.0000, gap=0.104, p_hat=0.56, adv=1.000]tinker_cookbook.utils.ml_log:192 [[92mINFO[0m] Wrote metrics to logs/sweep-rollouts/llama-rlct-nr32/metrics.jsonl
tinker_cookbook.utils.ml_log:265 [[92mINFO[0m] 
                         Step 16                          
┏━━━━━━━━━━━━━━━━━━━━━━━━━━━━━━━━━━━━━━━┳━━━━━━━━━━━━━━━━┓
┃ Metric                                ┃ Value          ┃
┡━━━━━━━━━━━━━━━━━━━━━━━━━━━━━━━━━━━━━━━╇━━━━━━━━━━━━━━━━┩
│ optim/entropy                         │ 0.709080       │
│ optim/kl_sample_train_v1              │ 0.000144       │
│ optim/kl_sample_train_v2              │ 0.000575       │
│ train/advantage_abs_mean              │ 0.661438       │
│ train/anchor_reward_mean              │ 0.000000       │
│ train/anchor_reward_std               │ 0.000000       │
│ train/avg_response_length             │ 171.937500     │
│ train/consistency_gap_1               │ 0.071190       │
│ train/consistency_reward_mean         │ -0.001534      │
│ train/consistency_reward_std          │ 0.023544       │
│ train/epoch                           │ 0              │
│ train/kl_policy_base                  │ 0.019360       │
│ train/n_anchor_rollouts               │ 0              │
│ train/n_consistency_rollouts          │ 16             │
│ train/n_ref_parsed                    │ 31             │
│ train/n_training_parsed               │ 29             │
│ train/p_hat_1                         │ 0.103448       │
│ train/p_ref                           │ 0.032258       │
│ train/parse_rate                      │ 0.937500       │
│ train/rate_var                        │ 0.001267       │
│ train/reward_pert1_trait0_count       │ 14             │
│ train/reward_pert1_trait0_mean        │ 0.007365       │
│ train/reward_pert1_trait1_count       │ 2              │
│ train/reward_pert1_trait1_mean        │ -0.063826      │
│ train/train/clock_cycle:unique        │ 2411700.000000 │
│ train/train/loss:sum                  │ -122.057819    │
│ train/train/ppo_clipped_fraction:mean │ 0.257000       │
│ train/train/ppo_kl_div:mean           │ 1.098309       │
│ train/train/ppo_mean_ratio:mean       │ 0.779747       │
└───────────────────────────────────────┴────────────────┘

Epoch 1:  12%|█▏        | 15/128 [16:21<1:25:13, 45.26s/it, kl=0.0001, gap=0.071, p_hat=0.10, adv=0.661] 
Epoch 1:  12%|█▎        | 16/128 [16:22<1:34:19, 50.54s/it, kl=0.0001, gap=0.071, p_hat=0.10, adv=0.661]tinker_cookbook.utils.ml_log:192 [[92mINFO[0m] Wrote metrics to logs/sweep-rollouts/llama-rlct-nr32/metrics.jsonl
tinker_cookbook.utils.ml_log:265 [[92mINFO[0m] 
               Step 17               
┏━━━━━━━━━━━━━━━━━━━━━━━━━━━┳━━━━━━━┓
┃ Metric                    ┃ Value ┃
┡━━━━━━━━━━━━━━━━━━━━━━━━━━━╇━━━━━━━┩
│ train/skipped_empty_batch │ 1     │
└───────────────────────────┴───────┘

Epoch 1:  13%|█▎        | 17/128 [17:33<1:44:50, 56.67s/it, kl=0.0001, gap=0.071, p_hat=0.10, adv=0.661]tinker_cookbook.utils.ml_log:192 [[92mINFO[0m] Wrote metrics to logs/sweep-rollouts/llama-rlct-nr32/metrics.jsonl
tinker_cookbook.utils.ml_log:265 [[92mINFO[0m] 
                         Step 18                          
┏━━━━━━━━━━━━━━━━━━━━━━━━━━━━━━━━━━━━━━━┳━━━━━━━━━━━━━━━━┓
┃ Metric                                ┃ Value          ┃
┡━━━━━━━━━━━━━━━━━━━━━━━━━━━━━━━━━━━━━━━╇━━━━━━━━━━━━━━━━┩
│ optim/entropy                         │ 4.227273       │
│ optim/kl_sample_train_v1              │ 0.000471       │
│ optim/kl_sample_train_v2              │ 0.000441       │
│ train/advantage_abs_mean              │ 0.661438       │
│ train/anchor_reward_mean              │ 0.000000       │
│ train/anchor_reward_std               │ 0.000000       │
│ train/avg_response_length             │ 492.750000     │
│ train/consistency_gap_1               │ 0.061008       │
│ train/consistency_reward_mean         │ 0.002933       │
│ train/consistency_reward_std          │ 0.020176       │
│ train/epoch                           │ 0              │
│ train/kl_policy_base                  │ 0.041764       │
│ train/n_anchor_rollouts               │ 0              │
│ train/n_consistency_rollouts          │ 16             │
│ train/n_ref_parsed                    │ 29             │
│ train/n_training_parsed               │ 26             │
│ train/p_hat_1                         │ 0.923077       │
│ train/p_ref                           │ 0.862069       │
│ train/parse_rate                      │ 0.859375       │
│ train/rate_var                        │ 0.000930       │
│ train/reward_pert1_trait0_count       │ 2              │
│ train/reward_pert1_trait0_mean        │ 0.056315       │
│ train/reward_pert1_trait1_count       │ 14             │
│ train/reward_pert1_trait1_mean        │ -0.004693      │
│ train/train/clock_cycle:unique        │ 2411723.000000 │
│ train/train/loss:sum                  │ 1034.599701    │
│ train/train/ppo_clipped_fraction:mean │ 0.134428       │
│ train/train/ppo_kl_div:mean           │ 0.535424       │
│ train/train/ppo_mean_ratio:mean       │ 0.893045       │
└───────────────────────────────────────┴────────────────┘

Epoch 1:  13%|█▎        | 17/128 [19:11<1:44:50, 56.67s/it, kl=0.0005, gap=0.061, p_hat=0.92, adv=0.661]
Epoch 1:  14%|█▍        | 18/128 [19:12<2:07:07, 69.34s/it, kl=0.0005, gap=0.061, p_hat=0.92, adv=0.661]tinker_cookbook.utils.ml_log:192 [[92mINFO[0m] Wrote metrics to logs/sweep-rollouts/llama-rlct-nr32/metrics.jsonl

⚠️  Low parse rate (70.3%) at step 19
tinker_cookbook.utils.ml_log:265 [[92mINFO[0m] 
                         Step 19                          
┏━━━━━━━━━━━━━━━━━━━━━━━━━━━━━━━━━━━━━━━┳━━━━━━━━━━━━━━━━┓
┃ Metric                                ┃ Value          ┃
┡━━━━━━━━━━━━━━━━━━━━━━━━━━━━━━━━━━━━━━━╇━━━━━━━━━━━━━━━━┩
│ optim/entropy                         │ 7.014172       │
│ optim/kl_sample_train_v1              │ 0.000284       │
│ optim/kl_sample_train_v2              │ 0.000393       │
│ train/advantage_abs_mean              │ 0.992157       │
│ train/anchor_reward_mean              │ 0.000000       │
│ train/anchor_reward_std               │ 0.000000       │
│ train/avg_response_length             │ 1016.000000    │
│ train/consistency_gap_1               │ 0.190000       │
│ train/consistency_reward_mean         │ -0.016625      │
│ train/consistency_reward_std          │ 0.094255       │
│ train/epoch                           │ 0              │
│ train/kl_policy_base                  │ 0.072854       │
│ train/n_anchor_rollouts               │ 0              │
│ train/n_consistency_rollouts          │ 16             │
│ train/n_ref_parsed                    │ 25             │
│ train/n_training_parsed               │ 20             │
│ train/p_hat_1                         │ 0.350000       │
│ train/p_ref                           │ 0.160000       │
│ train/parse_rate                      │ 0.703125       │
│ train/rate_var                        │ 0.009025       │
│ train/reward_pert1_trait0_count       │ 9              │
│ train/reward_pert1_trait0_mean        │ 0.066500       │
│ train/reward_pert1_trait1_count       │ 7              │
│ train/reward_pert1_trait1_mean        │ -0.123500      │
│ train/train/clock_cycle:unique        │ 2411759.000000 │
│ train/train/loss:sum                  │ -2331.338135   │
│ train/train/ppo_clipped_fraction:mean │ 0.097411       │
│ train/train/ppo_kl_div:mean           │ 0.447489       │
│ train/train/ppo_mean_ratio:mean       │ 0.917559       │
└───────────────────────────────────────┴────────────────┘

Epoch 1:  14%|█▍        | 18/128 [21:20<2:07:07, 69.34s/it, kl=0.0003, gap=0.190, p_hat=0.35, adv=0.992]
Epoch 1:  15%|█▍        | 19/128 [21:49<2:53:42, 95.62s/it, kl=0.0003, gap=0.190, p_hat=0.35, adv=0.992]tinker_cookbook.utils.ml_log:192 [[92mINFO[0m] Wrote metrics to logs/sweep-rollouts/llama-rlct-nr32/metrics.jsonl
tinker_cookbook.utils.ml_log:265 [[92mINFO[0m] 
                         Step 20                          
┏━━━━━━━━━━━━━━━━━━━━━━━━━━━━━━━━━━━━━━━┳━━━━━━━━━━━━━━━━┓
┃ Metric                                ┃ Value          ┃
┡━━━━━━━━━━━━━━━━━━━━━━━━━━━━━━━━━━━━━━━╇━━━━━━━━━━━━━━━━┩
│ optim/entropy                         │ 5.717089       │
│ optim/kl_sample_train_v1              │ 0.000392       │
│ optim/kl_sample_train_v2              │ 0.000507       │
│ train/advantage_abs_mean              │ 0.780625       │
│ train/anchor_reward_mean              │ 0.000000       │
│ train/anchor_reward_std               │ 0.000000       │
│ train/avg_response_length             │ 569.000000     │
│ train/consistency_gap_1               │ 0.160920       │
│ train/consistency_reward_mean         │ 0.023467       │
│ train/consistency_reward_std          │ 0.062809       │
│ train/epoch                           │ 0              │
│ train/kl_policy_base                  │ 0.046086       │
│ train/n_anchor_rollouts               │ 0              │
│ train/n_consistency_rollouts          │ 16             │
│ train/n_ref_parsed                    │ 29             │
│ train/n_training_parsed               │ 30             │
│ train/p_hat_1                         │ 0.333333       │
│ train/p_ref                           │ 0.172414       │
│ train/parse_rate                      │ 0.921875       │
│ train/rate_var                        │ 0.006474       │
│ train/reward_pert1_trait0_count       │ 13             │
│ train/reward_pert1_trait0_mean        │ 0.053640       │
│ train/reward_pert1_trait1_count       │ 3              │
│ train/reward_pert1_trait1_mean        │ -0.107280      │
│ train/train/clock_cycle:unique        │ 2411794.000000 │
│ train/train/loss:sum                  │ 10010.237152   │
│ train/train/ppo_clipped_fraction:mean │ 0.291662       │
│ train/train/ppo_kl_div:mean           │ 0.906176       │
│ train/train/ppo_mean_ratio:mean       │ 0.766327       │
└───────────────────────────────────────┴────────────────┘

Epoch 1:  15%|█▍        | 19/128 [24:16<2:53:42, 95.62s/it, kl=0.0004, gap=0.161, p_hat=0.33, adv=0.781]
Epoch 1:  16%|█▌        | 20/128 [24:17<3:20:50, 111.57s/it, kl=0.0004, gap=0.161, p_hat=0.33, adv=0.781]tinker_cookbook.utils.ml_log:192 [[92mINFO[0m] Wrote metrics to logs/sweep-rollouts/llama-rlct-nr32/metrics.jsonl

⚠️  Low parse rate (70.3%) at step 21
tinker_cookbook.utils.ml_log:265 [[92mINFO[0m] 
                         Step 21                          
┏━━━━━━━━━━━━━━━━━━━━━━━━━━━━━━━━━━━━━━━┳━━━━━━━━━━━━━━━━┓
┃ Metric                                ┃ Value          ┃
┡━━━━━━━━━━━━━━━━━━━━━━━━━━━━━━━━━━━━━━━╇━━━━━━━━━━━━━━━━┩
│ optim/entropy                         │ 6.829683       │
│ optim/kl_sample_train_v1              │ 0.000273       │
│ optim/kl_sample_train_v2              │ 0.000523       │
│ train/advantage_abs_mean              │ 0.927025       │
│ train/anchor_reward_mean              │ 0.000000       │
│ train/anchor_reward_std               │ 0.000000       │
│ train/avg_response_length             │ 1588.062500    │
│ train/consistency_gap_1               │ 0.120000       │
│ train/consistency_reward_mean         │ 0.000900       │
│ train/consistency_reward_std          │ 0.055621       │
│ train/epoch                           │ 0              │
│ train/kl_policy_base                  │ 0.027460       │
│ train/n_anchor_rollouts               │ 0              │
│ train/n_consistency_rollouts          │ 16             │
│ train/n_ref_parsed                    │ 20             │
│ train/n_training_parsed               │ 25             │
│ train/p_hat_1                         │ 0.320000       │
│ train/p_ref                           │ 0.200000       │
│ train/parse_rate                      │ 0.703125       │
│ train/rate_var                        │ 0.003600       │
│ train/reward_pert1_trait0_count       │ 11             │
│ train/reward_pert1_trait0_mean        │ 0.038400       │
│ train/reward_pert1_trait1_count       │ 5              │
│ train/reward_pert1_trait1_mean        │ -0.081600      │
│ train/train/clock_cycle:unique        │ 2411837.000000 │
│ train/train/loss:sum                  │ 9622.264648    │
│ train/train/ppo_clipped_fraction:mean │ 0.061272       │
│ train/train/ppo_kl_div:mean           │ 0.222580       │
│ train/train/ppo_mean_ratio:mean       │ 0.952858       │
└───────────────────────────────────────┴────────────────┘

Epoch 1:  16%|█▌        | 20/128 [27:32<3:20:50, 111.57s/it, kl=0.0003, gap=0.120, p_hat=0.32, adv=0.927]
Epoch 1:  16%|█▋        | 21/128 [27:53<4:14:42, 142.83s/it, kl=0.0003, gap=0.120, p_hat=0.32, adv=0.927]tinker_cookbook.utils.ml_log:192 [[92mINFO[0m] Wrote metrics to logs/sweep-rollouts/llama-rlct-nr32/metrics.jsonl
tinker_cookbook.utils.ml_log:265 [[92mINFO[0m] 
               Step 22               
┏━━━━━━━━━━━━━━━━━━━━━━━━━━━┳━━━━━━━┓
┃ Metric                    ┃ Value ┃
┡━━━━━━━━━━━━━━━━━━━━━━━━━━━╇━━━━━━━┩
│ train/skipped_empty_batch │ 1     │
└───────────────────────────┴───────┘

Epoch 1:  17%|█▋        | 22/128 [29:20<3:42:32, 125.97s/it, kl=0.0003, gap=0.120, p_hat=0.32, adv=0.927]tinker_cookbook.utils.ml_log:192 [[92mINFO[0m] Wrote metrics to logs/sweep-rollouts/llama-rlct-nr32/metrics.jsonl
tinker_cookbook.utils.ml_log:265 [[92mINFO[0m] 
                         Step 23                          
┏━━━━━━━━━━━━━━━━━━━━━━━━━━━━━━━━━━━━━━━┳━━━━━━━━━━━━━━━━┓
┃ Metric                                ┃ Value          ┃
┡━━━━━━━━━━━━━━━━━━━━━━━━━━━━━━━━━━━━━━━╇━━━━━━━━━━━━━━━━┩
│ optim/entropy                         │ 3.744039       │
│ optim/kl_sample_train_v1              │ 0.000679       │
│ optim/kl_sample_train_v2              │ 0.000543       │
│ train/advantage_abs_mean              │ 0.484123       │
│ train/anchor_reward_mean              │ 0.000000       │
│ train/anchor_reward_std               │ 0.000000       │
│ train/avg_response_length             │ 608.250000     │
│ train/consistency_gap_1               │ 0.068750       │
│ train/consistency_reward_mean         │ 0.002578       │
│ train/consistency_reward_std          │ 0.016642       │
│ train/epoch                           │ 0              │
│ train/kl_policy_base                  │ 0.030065       │
│ train/n_anchor_rollouts               │ 0              │
│ train/n_consistency_rollouts          │ 16             │
│ train/n_ref_parsed                    │ 32             │
│ train/n_training_parsed               │ 30             │
│ train/p_hat_1                         │ 0.100000       │
│ train/p_ref                           │ 0.031250       │
│ train/parse_rate                      │ 0.968750       │
│ train/rate_var                        │ 0.001182       │
│ train/reward_pert1_trait0_count       │ 15             │
│ train/reward_pert1_trait0_mean        │ 0.006875       │
│ train/reward_pert1_trait1_count       │ 1              │
│ train/reward_pert1_trait1_mean        │ -0.061875      │
│ train/train/clock_cycle:unique        │ 2411860.000000 │
│ train/train/loss:sum                  │ -1106.319000   │
│ train/train/ppo_clipped_fraction:mean │ 0.157593       │
│ train/train/ppo_kl_div:mean           │ 0.650963       │
│ train/train/ppo_mean_ratio:mean       │ 0.865857       │
└───────────────────────────────────────┴────────────────┘

Epoch 1:  17%|█▋        | 22/128 [30:17<3:42:32, 125.97s/it, kl=0.0007, gap=0.069, p_hat=0.10, adv=0.484]
Epoch 1:  18%|█▊        | 23/128 [30:19<3:05:07, 105.78s/it, kl=0.0007, gap=0.069, p_hat=0.10, adv=0.484]tinker_cookbook.utils.ml_log:192 [[92mINFO[0m] Wrote metrics to logs/sweep-rollouts/llama-rlct-nr32/metrics.jsonl
tinker_cookbook.utils.ml_log:265 [[92mINFO[0m] 
               Step 24               
┏━━━━━━━━━━━━━━━━━━━━━━━━━━━┳━━━━━━━┓
┃ Metric                    ┃ Value ┃
┡━━━━━━━━━━━━━━━━━━━━━━━━━━━╇━━━━━━━┩
│ train/skipped_empty_batch │ 1     │
└───────────────────────────┴───────┘

Epoch 1:  19%|█▉        | 24/128 [30:34<2:16:29, 78.75s/it, kl=0.0007, gap=0.069, p_hat=0.10, adv=0.484] tinker_cookbook.utils.ml_log:192 [[92mINFO[0m] Wrote metrics to logs/sweep-rollouts/llama-rlct-nr32/metrics.jsonl
tinker_cookbook.utils.ml_log:265 [[92mINFO[0m] 
                         Step 25                          
┏━━━━━━━━━━━━━━━━━━━━━━━━━━━━━━━━━━━━━━━┳━━━━━━━━━━━━━━━━┓
┃ Metric                                ┃ Value          ┃
┡━━━━━━━━━━━━━━━━━━━━━━━━━━━━━━━━━━━━━━━╇━━━━━━━━━━━━━━━━┩
│ optim/entropy                         │ 0.817283       │
│ optim/kl_sample_train_v1              │ -0.000167      │
│ optim/kl_sample_train_v2              │ 0.000601       │
│ train/advantage_abs_mean              │ 0.780625       │
│ train/anchor_reward_mean              │ 0.000000       │
│ train/anchor_reward_std               │ 0.000000       │
│ train/avg_response_length             │ 389.000000     │
│ train/consistency_gap_1               │ 0.123992       │
│ train/consistency_reward_mean         │ -0.003875      │
│ train/consistency_reward_std          │ 0.048396       │
│ train/epoch                           │ 0              │
│ train/kl_policy_base                  │ 0.058618       │
│ train/n_anchor_rollouts               │ 0              │
│ train/n_consistency_rollouts          │ 16             │
│ train/n_ref_parsed                    │ 31             │
│ train/n_training_parsed               │ 32             │
│ train/p_hat_1                         │ 0.156250       │
│ train/p_ref                           │ 0.032258       │
│ train/parse_rate                      │ 0.984375       │
│ train/rate_var                        │ 0.003844       │
│ train/reward_pert1_trait0_count       │ 13             │
│ train/reward_pert1_trait0_mean        │ 0.019374       │
│ train/reward_pert1_trait1_count       │ 3              │
│ train/reward_pert1_trait1_mean        │ -0.104618      │
│ train/train/clock_cycle:unique        │ 2411887.000000 │
│ train/train/loss:sum                  │ 45.566818      │
│ train/train/ppo_clipped_fraction:mean │ 0.210003       │
│ train/train/ppo_kl_div:mean           │ 0.843869       │
│ train/train/ppo_mean_ratio:mean       │ 0.824295       │
└───────────────────────────────────────┴────────────────┘

Epoch 1:  19%|█▉        | 24/128 [31:46<2:16:29, 78.75s/it, kl=-0.0002, gap=0.124, p_hat=0.16, adv=0.781]
Epoch 1:  20%|█▉        | 25/128 [31:57<2:17:18, 79.98s/it, kl=-0.0002, gap=0.124, p_hat=0.16, adv=0.781]tinker_cookbook.utils.ml_log:192 [[92mINFO[0m] Wrote metrics to logs/sweep-rollouts/llama-rlct-nr32/metrics.jsonl
tinker_cookbook.utils.ml_log:265 [[92mINFO[0m] 
                         Step 26                          
┏━━━━━━━━━━━━━━━━━━━━━━━━━━━━━━━━━━━━━━━┳━━━━━━━━━━━━━━━━┓
┃ Metric                                ┃ Value          ┃
┡━━━━━━━━━━━━━━━━━━━━━━━━━━━━━━━━━━━━━━━╇━━━━━━━━━━━━━━━━┩
│ optim/entropy                         │ 1.135902       │
│ optim/kl_sample_train_v1              │ 0.001040       │
│ optim/kl_sample_train_v2              │ 0.000829       │
│ train/advantage_abs_mean              │ 0.780625       │
│ train/anchor_reward_mean              │ 0.000000       │
│ train/anchor_reward_std               │ 0.000000       │
│ train/avg_response_length             │ 372.312500     │
│ train/consistency_gap_1               │ -0.096774      │
│ train/consistency_reward_mean         │ 0.008780       │
│ train/consistency_reward_std          │ 0.037772       │
│ train/epoch                           │ 0              │
│ train/kl_policy_base                  │ 0.056859       │
│ train/n_anchor_rollouts               │ 0              │
│ train/n_consistency_rollouts          │ 16             │
│ train/n_ref_parsed                    │ 31             │
│ train/n_training_parsed               │ 31             │
│ train/p_hat_1                         │ 0.096774       │
│ train/p_ref                           │ 0.193548       │
│ train/parse_rate                      │ 0.968750       │
│ train/rate_var                        │ 0.002341       │
│ train/reward_pert1_trait0_count       │ 13             │
│ train/reward_pert1_trait0_mean        │ -0.009365      │
│ train/reward_pert1_trait1_count       │ 3              │
│ train/reward_pert1_trait1_mean        │ 0.087409       │
│ train/train/clock_cycle:unique        │ 2411894.000000 │
│ train/train/loss:sum                  │ -2.894958      │
│ train/train/ppo_clipped_fraction:mean │ 0.395598       │
│ train/train/ppo_kl_div:mean           │ 1.251568       │
│ train/train/ppo_mean_ratio:mean       │ 0.683411       │
└───────────────────────────────────────┴────────────────┘

Epoch 1:  20%|█▉        | 25/128 [32:21<2:17:18, 79.98s/it, kl=0.0010, gap=-0.097, p_hat=0.10, adv=0.781]
Epoch 1:  20%|██        | 26/128 [32:26<1:49:47, 64.58s/it, kl=0.0010, gap=-0.097, p_hat=0.10, adv=0.781]tinker_cookbook.utils.ml_log:192 [[92mINFO[0m] Wrote metrics to logs/sweep-rollouts/llama-rlct-nr32/metrics.jsonl
tinker_cookbook.utils.ml_log:265 [[92mINFO[0m] 
               Step 27               
┏━━━━━━━━━━━━━━━━━━━━━━━━━━━┳━━━━━━━┓
┃ Metric                    ┃ Value ┃
┡━━━━━━━━━━━━━━━━━━━━━━━━━━━╇━━━━━━━┩
│ train/skipped_empty_batch │ 1     │
└───────────────────────────┴───────┘

Epoch 1:  21%|██        | 27/128 [32:39<1:22:44, 49.15s/it, kl=0.0010, gap=-0.097, p_hat=0.10, adv=0.781]tinker_cookbook.utils.ml_log:192 [[92mINFO[0m] Wrote metrics to logs/sweep-rollouts/llama-rlct-nr32/metrics.jsonl
tinker_cookbook.utils.ml_log:265 [[92mINFO[0m] 
                         Step 28                          
┏━━━━━━━━━━━━━━━━━━━━━━━━━━━━━━━━━━━━━━━┳━━━━━━━━━━━━━━━━┓
┃ Metric                                ┃ Value          ┃
┡━━━━━━━━━━━━━━━━━━━━━━━━━━━━━━━━━━━━━━━╇━━━━━━━━━━━━━━━━┩
│ optim/entropy                         │ 1.326144       │
│ optim/kl_sample_train_v1              │ 0.000912       │
│ optim/kl_sample_train_v2              │ 0.000638       │
│ train/advantage_abs_mean              │ 0.927025       │
│ train/anchor_reward_mean              │ 0.000000       │
│ train/anchor_reward_std               │ 0.000000       │
│ train/avg_response_length             │ 332.687500     │
│ train/consistency_gap_1               │ 0.120192       │
│ train/consistency_reward_mean         │ -0.000578      │
│ train/consistency_reward_std          │ 0.055711       │
│ train/epoch                           │ 0              │
│ train/kl_policy_base                  │ 0.076387       │
│ train/n_anchor_rollouts               │ 0              │
│ train/n_consistency_rollouts          │ 16             │
│ train/n_ref_parsed                    │ 32             │
│ train/n_training_parsed               │ 26             │
│ train/p_hat_1                         │ 0.307692       │
│ train/p_ref                           │ 0.187500       │
│ train/parse_rate                      │ 0.906250       │
│ train/rate_var                        │ 0.003612       │
│ train/reward_pert1_trait0_count       │ 11             │
│ train/reward_pert1_trait0_mean        │ 0.036982       │
│ train/reward_pert1_trait1_count       │ 5              │
│ train/reward_pert1_trait1_mean        │ -0.083210      │
│ train/train/clock_cycle:unique        │ 2411909.000000 │
│ train/train/loss:sum                  │ -193.904892    │
│ train/train/ppo_clipped_fraction:mean │ 0.199411       │
│ train/train/ppo_kl_div:mean           │ 0.905434       │
│ train/train/ppo_mean_ratio:mean       │ 0.825980       │
└───────────────────────────────────────┴────────────────┘

Epoch 1:  21%|██        | 27/128 [33:50<1:22:44, 49.15s/it, kl=0.0009, gap=0.120, p_hat=0.31, adv=0.927] 
Epoch 1:  22%|██▏       | 28/128 [33:58<1:36:42, 58.03s/it, kl=0.0009, gap=0.120, p_hat=0.31, adv=0.927]tinker_cookbook.utils.ml_log:192 [[92mINFO[0m] Wrote metrics to logs/sweep-rollouts/llama-rlct-nr32/metrics.jsonl
tinker_cookbook.utils.ml_log:265 [[92mINFO[0m] 
               Step 29               
┏━━━━━━━━━━━━━━━━━━━━━━━━━━━┳━━━━━━━┓
┃ Metric                    ┃ Value ┃
┡━━━━━━━━━━━━━━━━━━━━━━━━━━━╇━━━━━━━┩
│ train/skipped_empty_batch │ 1     │
└───────────────────────────┴───────┘

Epoch 1:  23%|██▎       | 29/128 [34:11<1:13:37, 44.62s/it, kl=0.0009, gap=0.120, p_hat=0.31, adv=0.927]tinker_cookbook.utils.ml_log:192 [[92mINFO[0m] Wrote metrics to logs/sweep-rollouts/llama-rlct-nr32/metrics.jsonl
tinker_cookbook.utils.ml_log:265 [[92mINFO[0m] 
                         Step 30                          
┏━━━━━━━━━━━━━━━━━━━━━━━━━━━━━━━━━━━━━━━┳━━━━━━━━━━━━━━━━┓
┃ Metric                                ┃ Value          ┃
┡━━━━━━━━━━━━━━━━━━━━━━━━━━━━━━━━━━━━━━━╇━━━━━━━━━━━━━━━━┩
│ optim/entropy                         │ 6.155950       │
│ optim/kl_sample_train_v1              │ 0.000375       │
│ optim/kl_sample_train_v2              │ 0.000540       │
│ train/advantage_abs_mean              │ 0.661438       │
│ train/anchor_reward_mean              │ 0.000000       │
│ train/anchor_reward_std               │ 0.000000       │
│ train/avg_response_length             │ 764.437500     │
│ train/consistency_gap_1               │ -0.026820      │
│ train/consistency_reward_mean         │ 0.000372       │
│ train/consistency_reward_std          │ 0.008870       │
│ train/epoch                           │ 0              │
│ train/kl_policy_base                  │ 0.040185       │
│ train/n_anchor_rollouts               │ 0              │
│ train/n_consistency_rollouts          │ 16             │
│ train/n_ref_parsed                    │ 29             │
│ train/n_training_parsed               │ 27             │
│ train/p_hat_1                         │ 0.111111       │
│ train/p_ref                           │ 0.137931       │
│ train/parse_rate                      │ 0.875000       │
│ train/rate_var                        │ 0.000180       │
│ train/reward_pert1_trait0_count       │ 14             │
│ train/reward_pert1_trait0_mean        │ -0.002980      │
│ train/reward_pert1_trait1_count       │ 2              │
│ train/reward_pert1_trait1_mean        │ 0.023840       │
│ train/train/clock_cycle:unique        │ 2411944.000000 │
│ train/train/loss:sum                  │ -10035.820557  │
│ train/train/ppo_clipped_fraction:mean │ 0.136466       │
│ train/train/ppo_kl_div:mean           │ 0.653714       │
│ train/train/ppo_mean_ratio:mean       │ 0.880761       │
└───────────────────────────────────────┴────────────────┘

Epoch 1:  23%|██▎       | 29/128 [36:21<1:13:37, 44.62s/it, kl=0.0004, gap=-0.027, p_hat=0.11, adv=0.661]
Epoch 1:  23%|██▎       | 30/128 [36:22<1:55:05, 70.47s/it, kl=0.0004, gap=-0.027, p_hat=0.11, adv=0.661]tinker_cookbook.utils.ml_log:192 [[92mINFO[0m] Wrote metrics to logs/sweep-rollouts/llama-rlct-nr32/metrics.jsonl
tinker_cookbook.utils.ml_log:265 [[92mINFO[0m] 
                         Step 31                          
┏━━━━━━━━━━━━━━━━━━━━━━━━━━━━━━━━━━━━━━━┳━━━━━━━━━━━━━━━━┓
┃ Metric                                ┃ Value          ┃
┡━━━━━━━━━━━━━━━━━━━━━━━━━━━━━━━━━━━━━━━╇━━━━━━━━━━━━━━━━┩
│ optim/entropy                         │ 0.783529       │
│ optim/kl_sample_train_v1              │ 0.000707       │
│ optim/kl_sample_train_v2              │ 0.000490       │
│ train/advantage_abs_mean              │ 0.866025       │
│ train/anchor_reward_mean              │ 0.000000       │
│ train/anchor_reward_std               │ 0.000000       │
│ train/avg_response_length             │ 418.500000     │
│ train/consistency_gap_1               │ 0.063218       │
│ train/consistency_reward_mean         │ -0.005268      │
│ train/consistency_reward_std          │ 0.027374       │
│ train/epoch                           │ 0              │
│ train/kl_policy_base                  │ 0.076816       │
│ train/n_anchor_rollouts               │ 0              │
│ train/n_consistency_rollouts          │ 16             │
│ train/n_ref_parsed                    │ 29             │
│ train/n_training_parsed               │ 30             │
│ train/p_hat_1                         │ 0.166667       │
│ train/p_ref                           │ 0.103448       │
│ train/parse_rate                      │ 0.921875       │
│ train/rate_var                        │ 0.000999       │
│ train/reward_pert1_trait0_count       │ 12             │
│ train/reward_pert1_trait0_mean        │ 0.010536       │
│ train/reward_pert1_trait1_count       │ 4              │
│ train/reward_pert1_trait1_mean        │ -0.052682      │
│ train/train/clock_cycle:unique        │ 2411947.000000 │
│ train/train/loss:sum                  │ -49.970108     │
│ train/train/ppo_clipped_fraction:mean │ 0.160723       │
│ train/train/ppo_kl_div:mean           │ 0.709265       │
│ train/train/ppo_mean_ratio:mean       │ 0.867666       │
└───────────────────────────────────────┴────────────────┘

Epoch 1:  23%|██▎       | 30/128 [36:41<1:55:05, 70.47s/it, kl=0.0007, gap=0.063, p_hat=0.17, adv=0.866] 
Epoch 1:  24%|██▍       | 31/128 [36:49<1:32:55, 57.48s/it, kl=0.0007, gap=0.063, p_hat=0.17, adv=0.866]tinker_cookbook.utils.ml_log:192 [[92mINFO[0m] Wrote metrics to logs/sweep-rollouts/llama-rlct-nr32/metrics.jsonl
tinker_cookbook.utils.ml_log:265 [[92mINFO[0m] 
               Step 32               
┏━━━━━━━━━━━━━━━━━━━━━━━━━━━┳━━━━━━━┓
┃ Metric                    ┃ Value ┃
┡━━━━━━━━━━━━━━━━━━━━━━━━━━━╇━━━━━━━┩
│ train/skipped_empty_batch │ 1     │
└───────────────────────────┴───────┘

Epoch 1:  25%|██▌       | 32/128 [37:07<1:12:53, 45.55s/it, kl=0.0007, gap=0.063, p_hat=0.17, adv=0.866]tinker_cookbook.utils.ml_log:192 [[92mINFO[0m] Wrote metrics to logs/sweep-rollouts/llama-rlct-nr32/metrics.jsonl
tinker_cookbook.utils.ml_log:265 [[92mINFO[0m] 
               Step 33               
┏━━━━━━━━━━━━━━━━━━━━━━━━━━━┳━━━━━━━┓
┃ Metric                    ┃ Value ┃
┡━━━━━━━━━━━━━━━━━━━━━━━━━━━╇━━━━━━━┩
│ train/skipped_empty_batch │ 1     │
└───────────────────────────┴───────┘

Epoch 1:  26%|██▌       | 33/128 [37:14<54:04, 34.15s/it, kl=0.0007, gap=0.063, p_hat=0.17, adv=0.866]  tinker_cookbook.utils.ml_log:192 [[92mINFO[0m] Wrote metrics to logs/sweep-rollouts/llama-rlct-nr32/metrics.jsonl
tinker_cookbook.utils.ml_log:265 [[92mINFO[0m] 
               Step 34               
┏━━━━━━━━━━━━━━━━━━━━━━━━━━━┳━━━━━━━┓
┃ Metric                    ┃ Value ┃
┡━━━━━━━━━━━━━━━━━━━━━━━━━━━╇━━━━━━━┩
│ train/skipped_empty_batch │ 1     │
└───────────────────────────┴───────┘

Epoch 1:  27%|██▋       | 34/128 [37:27<43:31, 27.78s/it, kl=0.0007, gap=0.063, p_hat=0.17, adv=0.866]tinker_cookbook.utils.ml_log:192 [[92mINFO[0m] Wrote metrics to logs/sweep-rollouts/llama-rlct-nr32/metrics.jsonl
tinker_cookbook.utils.ml_log:265 [[92mINFO[0m] 
                         Step 35                          
┏━━━━━━━━━━━━━━━━━━━━━━━━━━━━━━━━━━━━━━━┳━━━━━━━━━━━━━━━━┓
┃ Metric                                ┃ Value          ┃
┡━━━━━━━━━━━━━━━━━━━━━━━━━━━━━━━━━━━━━━━╇━━━━━━━━━━━━━━━━┩
│ optim/entropy                         │ 4.893979       │
│ optim/kl_sample_train_v1              │ 0.000726       │
│ optim/kl_sample_train_v2              │ 0.000584       │
│ train/advantage_abs_mean              │ 0.780625       │
│ train/anchor_reward_mean              │ 0.000000       │
│ train/anchor_reward_std               │ 0.000000       │
│ train/avg_response_length             │ 898.812500     │
│ train/consistency_gap_1               │ 0.125926       │
│ train/consistency_reward_mean         │ 0.009036       │
│ train/consistency_reward_std          │ 0.049150       │
│ train/epoch                           │ 0              │
│ train/kl_policy_base                  │ 0.048081       │
│ train/n_anchor_rollouts               │ 0              │
│ train/n_consistency_rollouts          │ 16             │
│ train/n_ref_parsed                    │ 30             │
│ train/n_training_parsed               │ 27             │
│ train/p_hat_1                         │ 0.259259       │
│ train/p_ref                           │ 0.133333       │
│ train/parse_rate                      │ 0.890625       │
│ train/rate_var                        │ 0.003964       │
│ train/reward_pert1_trait0_count       │ 13             │
│ train/reward_pert1_trait0_mean        │ 0.032647       │
│ train/reward_pert1_trait1_count       │ 3              │
│ train/reward_pert1_trait1_mean        │ -0.093278      │
│ train/train/clock_cycle:unique        │ 2411980.000000 │
│ train/train/loss:sum                  │ 5122.792999    │
│ train/train/ppo_clipped_fraction:mean │ 0.212335       │
│ train/train/ppo_kl_div:mean           │ 0.633850       │
│ train/train/ppo_mean_ratio:mean       │ 0.832494       │
└───────────────────────────────────────┴────────────────┘

Epoch 1:  27%|██▋       | 34/128 [38:20<43:31, 27.78s/it, kl=0.0007, gap=0.126, p_hat=0.26, adv=0.781]
Epoch 1:  27%|██▋       | 35/128 [38:25<57:13, 36.92s/it, kl=0.0007, gap=0.126, p_hat=0.26, adv=0.781]tinker_cookbook.utils.ml_log:192 [[92mINFO[0m] Wrote metrics to logs/sweep-rollouts/llama-rlct-nr32/metrics.jsonl
tinker_cookbook.utils.ml_log:265 [[92mINFO[0m] 
               Step 36               
┏━━━━━━━━━━━━━━━━━━━━━━━━━━━┳━━━━━━━┓
┃ Metric                    ┃ Value ┃
┡━━━━━━━━━━━━━━━━━━━━━━━━━━━╇━━━━━━━┩
│ train/skipped_empty_batch │ 1     │
└───────────────────────────┴───────┘

Epoch 1:  28%|██▊       | 36/128 [38:41<46:54, 30.59s/it, kl=0.0007, gap=0.126, p_hat=0.26, adv=0.781]tinker_cookbook.utils.ml_log:192 [[92mINFO[0m] Wrote metrics to logs/sweep-rollouts/llama-rlct-nr32/metrics.jsonl
tinker_cookbook.utils.ml_log:265 [[92mINFO[0m] 
                         Step 37                          
┏━━━━━━━━━━━━━━━━━━━━━━━━━━━━━━━━━━━━━━━┳━━━━━━━━━━━━━━━━┓
┃ Metric                                ┃ Value          ┃
┡━━━━━━━━━━━━━━━━━━━━━━━━━━━━━━━━━━━━━━━╇━━━━━━━━━━━━━━━━┩
│ optim/entropy                         │ 0.736449       │
│ optim/kl_sample_train_v1              │ 0.000923       │
│ optim/kl_sample_train_v2              │ 0.000614       │
│ train/advantage_abs_mean              │ 0.484123       │
│ train/anchor_reward_mean              │ 0.000000       │
│ train/anchor_reward_std               │ 0.000000       │
│ train/avg_response_length             │ 389.812500     │
│ train/consistency_gap_1               │ 0.129032       │
│ train/consistency_reward_mean         │ 0.008585       │
│ train/consistency_reward_std          │ 0.031234       │
│ train/epoch                           │ 0              │
│ train/kl_policy_base                  │ 0.059721       │
│ train/n_anchor_rollouts               │ 0              │
│ train/n_consistency_rollouts          │ 16             │
│ train/n_ref_parsed                    │ 31             │
│ train/n_training_parsed               │ 31             │
│ train/p_hat_1                         │ 0.129032       │
│ train/p_ref                           │ 0.000000       │
│ train/parse_rate                      │ 0.968750       │
│ train/rate_var                        │ 0.004162       │
│ train/reward_pert1_trait0_count       │ 15             │
│ train/reward_pert1_trait0_mean        │ 0.016649       │
│ train/reward_pert1_trait1_count       │ 1              │
│ train/reward_pert1_trait1_mean        │ -0.112383      │
│ train/train/clock_cycle:unique        │ 2411991.000000 │
│ train/train/loss:sum                  │ 200.978737     │
│ train/train/ppo_clipped_fraction:mean │ 0.359222       │
│ train/train/ppo_kl_div:mean           │ 1.369965       │
│ train/train/ppo_mean_ratio:mean       │ 0.695871       │
└───────────────────────────────────────┴────────────────┘

Epoch 1:  28%|██▊       | 36/128 [38:58<46:54, 30.59s/it, kl=0.0009, gap=0.129, p_hat=0.13, adv=0.484]
Epoch 1:  29%|██▉       | 37/128 [39:04<42:54, 28.29s/it, kl=0.0009, gap=0.129, p_hat=0.13, adv=0.484]tinker_cookbook.utils.ml_log:192 [[92mINFO[0m] Wrote metrics to logs/sweep-rollouts/llama-rlct-nr32/metrics.jsonl
tinker_cookbook.utils.ml_log:265 [[92mINFO[0m] 
               Step 38               
┏━━━━━━━━━━━━━━━━━━━━━━━━━━━┳━━━━━━━┓
┃ Metric                    ┃ Value ┃
┡━━━━━━━━━━━━━━━━━━━━━━━━━━━╇━━━━━━━┩
│ train/skipped_empty_batch │ 1     │
└───────────────────────────┴───────┘

Epoch 1:  30%|██▉       | 38/128 [39:18<35:45, 23.84s/it, kl=0.0009, gap=0.129, p_hat=0.13, adv=0.484]tinker_cookbook.utils.ml_log:192 [[92mINFO[0m] Wrote metrics to logs/sweep-rollouts/llama-rlct-nr32/metrics.jsonl
tinker_cookbook.utils.ml_log:265 [[92mINFO[0m] 
               Step 39               
┏━━━━━━━━━━━━━━━━━━━━━━━━━━━┳━━━━━━━┓
┃ Metric                    ┃ Value ┃
┡━━━━━━━━━━━━━━━━━━━━━━━━━━━╇━━━━━━━┩
│ train/skipped_empty_batch │ 1     │
└───────────────────────────┴───────┘

Epoch 1:  30%|███       | 39/128 [39:26<28:37, 19.29s/it, kl=0.0009, gap=0.129, p_hat=0.13, adv=0.484]tinker_cookbook.utils.ml_log:192 [[92mINFO[0m] Wrote metrics to logs/sweep-rollouts/llama-rlct-nr32/metrics.jsonl
tinker_cookbook.utils.ml_log:265 [[92mINFO[0m] 
                         Step 40                          
┏━━━━━━━━━━━━━━━━━━━━━━━━━━━━━━━━━━━━━━━┳━━━━━━━━━━━━━━━━┓
┃ Metric                                ┃ Value          ┃
┡━━━━━━━━━━━━━━━━━━━━━━━━━━━━━━━━━━━━━━━╇━━━━━━━━━━━━━━━━┩
│ optim/entropy                         │ 3.252650       │
│ optim/kl_sample_train_v1              │ 0.000565       │
│ optim/kl_sample_train_v2              │ 0.000514       │
│ train/advantage_abs_mean              │ 0.992157       │
│ train/anchor_reward_mean              │ 0.000000       │
│ train/anchor_reward_std               │ 0.000000       │
│ train/avg_response_length             │ 423.687500     │
│ train/consistency_gap_1               │ 0.063404       │
│ train/consistency_reward_mean         │ 0.001150       │
│ train/consistency_reward_std          │ 0.031453       │
│ train/epoch                           │ 0              │
│ train/kl_policy_base                  │ 0.080652       │
│ train/n_anchor_rollouts               │ 0              │
│ train/n_consistency_rollouts          │ 16             │
│ train/n_ref_parsed                    │ 29             │
│ train/n_training_parsed               │ 31             │
│ train/p_hat_1                         │ 0.580645       │
│ train/p_ref                           │ 0.517241       │
│ train/parse_rate                      │ 0.937500       │
│ train/rate_var                        │ 0.001005       │
│ train/reward_pert1_trait0_count       │ 7              │
│ train/reward_pert1_trait0_mean        │ 0.036815       │
│ train/reward_pert1_trait1_count       │ 9              │
│ train/reward_pert1_trait1_mean        │ -0.026589      │
│ train/train/clock_cycle:unique        │ 2412011.000000 │
│ train/train/loss:sum                  │ 507.612656     │
│ train/train/ppo_clipped_fraction:mean │ 0.162442       │
│ train/train/ppo_kl_div:mean           │ 0.736581       │
│ train/train/ppo_mean_ratio:mean       │ 0.861252       │
└───────────────────────────────────────┴────────────────┘

Epoch 1:  30%|███       | 39/128 [40:12<28:37, 19.29s/it, kl=0.0006, gap=0.063, p_hat=0.58, adv=0.992]
Epoch 1:  31%|███▏      | 40/128 [40:13<40:22, 27.53s/it, kl=0.0006, gap=0.063, p_hat=0.58, adv=0.992]tinker_cookbook.utils.ml_log:192 [[92mINFO[0m] Wrote metrics to logs/sweep-rollouts/llama-rlct-nr32/metrics.jsonl
tinker_cookbook.utils.ml_log:265 [[92mINFO[0m] 
                         Step 41                          
┏━━━━━━━━━━━━━━━━━━━━━━━━━━━━━━━━━━━━━━━┳━━━━━━━━━━━━━━━━┓
┃ Metric                                ┃ Value          ┃
┡━━━━━━━━━━━━━━━━━━━━━━━━━━━━━━━━━━━━━━━╇━━━━━━━━━━━━━━━━┩
│ optim/entropy                         │ 1.019454       │
│ optim/kl_sample_train_v1              │ 0.000865       │
│ optim/kl_sample_train_v2              │ 0.000645       │
│ train/advantage_abs_mean              │ 0.866025       │
│ train/anchor_reward_mean              │ 0.000000       │
│ train/anchor_reward_std               │ 0.000000       │
│ train/avg_response_length             │ 342.375000     │
│ train/consistency_gap_1               │ 0.149770       │
│ train/consistency_reward_mean         │ -0.005349      │
│ train/consistency_reward_std          │ 0.064852       │
│ train/epoch                           │ 0              │
│ train/kl_policy_base                  │ 0.077884       │
│ train/n_anchor_rollouts               │ 0              │
│ train/n_consistency_rollouts          │ 16             │
│ train/n_ref_parsed                    │ 31             │
│ train/n_training_parsed               │ 28             │
│ train/p_hat_1                         │ 0.214286       │
│ train/p_ref                           │ 0.064516       │
│ train/parse_rate                      │ 0.921875       │
│ train/rate_var                        │ 0.005608       │
│ train/reward_pert1_trait0_count       │ 12             │
│ train/reward_pert1_trait0_mean        │ 0.032093       │
│ train/reward_pert1_trait1_count       │ 4              │
│ train/reward_pert1_trait1_mean        │ -0.117676      │
│ train/train/clock_cycle:unique        │ 2412022.000000 │
│ train/train/loss:sum                  │ -648.177551    │
│ train/train/ppo_clipped_fraction:mean │ 0.197495       │
│ train/train/ppo_kl_div:mean           │ 0.845111       │
│ train/train/ppo_mean_ratio:mean       │ 0.836734       │
└───────────────────────────────────────┴────────────────┘

Epoch 1:  31%|███▏      | 40/128 [41:46<40:22, 27.53s/it, kl=0.0009, gap=0.150, p_hat=0.21, adv=0.866]
Epoch 1:  32%|███▏      | 41/128 [41:47<1:08:43, 47.40s/it, kl=0.0009, gap=0.150, p_hat=0.21, adv=0.866]tinker_cookbook.utils.ml_log:192 [[92mINFO[0m] Wrote metrics to logs/sweep-rollouts/llama-rlct-nr32/metrics.jsonl
tinker_cookbook.utils.ml_log:265 [[92mINFO[0m] 
               Step 42               
┏━━━━━━━━━━━━━━━━━━━━━━━━━━━┳━━━━━━━┓
┃ Metric                    ┃ Value ┃
┡━━━━━━━━━━━━━━━━━━━━━━━━━━━╇━━━━━━━┩
│ train/skipped_empty_batch │ 1     │
└───────────────────────────┴───────┘

Epoch 1:  33%|███▎      | 42/128 [44:44<2:03:54, 86.45s/it, kl=0.0009, gap=0.150, p_hat=0.21, adv=0.866]tinker_cookbook.utils.ml_log:192 [[92mINFO[0m] Wrote metrics to logs/sweep-rollouts/llama-rlct-nr32/metrics.jsonl
tinker_cookbook.utils.ml_log:265 [[92mINFO[0m] 
                         Step 43                          
┏━━━━━━━━━━━━━━━━━━━━━━━━━━━━━━━━━━━━━━━┳━━━━━━━━━━━━━━━━┓
┃ Metric                                ┃ Value          ┃
┡━━━━━━━━━━━━━━━━━━━━━━━━━━━━━━━━━━━━━━━╇━━━━━━━━━━━━━━━━┩
│ optim/entropy                         │ 0.645939       │
│ optim/kl_sample_train_v1              │ 0.000968       │
│ optim/kl_sample_train_v2              │ 0.000504       │
│ train/advantage_abs_mean              │ 0.992157       │
│ train/anchor_reward_mean              │ 0.000000       │
│ train/anchor_reward_std               │ 0.000000       │
│ train/avg_response_length             │ 310.562500     │
│ train/consistency_gap_1               │ 0.031250       │
│ train/consistency_reward_mean         │ -0.003906      │
│ train/consistency_reward_std          │ 0.015502       │
│ train/epoch                           │ 0              │
│ train/kl_policy_base                  │ 0.093243       │
│ train/n_anchor_rollouts               │ 0              │
│ train/n_consistency_rollouts          │ 16             │
│ train/n_ref_parsed                    │ 32             │
│ train/n_training_parsed               │ 32             │
│ train/p_hat_1                         │ 0.312500       │
│ train/p_ref                           │ 0.281250       │
│ train/parse_rate                      │ 1.000000       │
│ train/rate_var                        │ 0.000244       │
│ train/reward_pert1_trait0_count       │ 9              │
│ train/reward_pert1_trait0_mean        │ 0.009766       │
│ train/reward_pert1_trait1_count       │ 7              │
│ train/reward_pert1_trait1_mean        │ -0.021484      │
│ train/train/clock_cycle:unique        │ 2412059.000000 │
│ train/train/loss:sum                  │ -313.590515    │
│ train/train/ppo_clipped_fraction:mean │ 0.249003       │
│ train/train/ppo_kl_div:mean           │ 0.946599       │
│ train/train/ppo_mean_ratio:mean       │ 0.795598       │
└───────────────────────────────────────┴────────────────┘

Epoch 1:  33%|███▎      | 42/128 [45:01<2:03:54, 86.45s/it, kl=0.0010, gap=0.031, p_hat=0.31, adv=0.992]
Epoch 1:  34%|███▎      | 43/128 [45:02<1:33:24, 65.94s/it, kl=0.0010, gap=0.031, p_hat=0.31, adv=0.992]tinker_cookbook.utils.ml_log:192 [[92mINFO[0m] Wrote metrics to logs/sweep-rollouts/llama-rlct-nr32/metrics.jsonl
tinker_cookbook.utils.ml_log:265 [[92mINFO[0m] 
               Step 44               
┏━━━━━━━━━━━━━━━━━━━━━━━━━━━┳━━━━━━━┓
┃ Metric                    ┃ Value ┃
┡━━━━━━━━━━━━━━━━━━━━━━━━━━━╇━━━━━━━┩
│ train/skipped_empty_batch │ 1     │
└───────────────────────────┴───────┘

Epoch 1:  34%|███▍      | 44/128 [46:43<1:47:04, 76.48s/it, kl=0.0010, gap=0.031, p_hat=0.31, adv=0.992]tinker_cookbook.utils.ml_log:192 [[92mINFO[0m] Wrote metrics to logs/sweep-rollouts/llama-rlct-nr32/metrics.jsonl
tinker_cookbook.utils.ml_log:265 [[92mINFO[0m] 
                         Step 45                          
┏━━━━━━━━━━━━━━━━━━━━━━━━━━━━━━━━━━━━━━━┳━━━━━━━━━━━━━━━━┓
┃ Metric                                ┃ Value          ┃
┡━━━━━━━━━━━━━━━━━━━━━━━━━━━━━━━━━━━━━━━╇━━━━━━━━━━━━━━━━┩
│ optim/entropy                         │ 4.033670       │
│ optim/kl_sample_train_v1              │ 0.000207       │
│ optim/kl_sample_train_v2              │ 0.000411       │
│ train/advantage_abs_mean              │ 0.927025       │
│ train/anchor_reward_mean              │ 0.000000       │
│ train/anchor_reward_std               │ 0.000000       │
│ train/avg_response_length             │ 395.625000     │
│ train/consistency_gap_1               │ 0.081653       │
│ train/consistency_reward_mean         │ -0.006091      │
│ train/consistency_reward_std          │ 0.037847       │
│ train/epoch                           │ 0              │
│ train/kl_policy_base                  │ 0.092781       │
│ train/n_anchor_rollouts               │ 0              │
│ train/n_consistency_rollouts          │ 16             │
│ train/n_ref_parsed                    │ 32             │
│ train/n_training_parsed               │ 31             │
│ train/p_hat_1                         │ 0.612903       │
│ train/p_ref                           │ 0.531250       │
│ train/parse_rate                      │ 0.984375       │
│ train/rate_var                        │ 0.001667       │
│ train/reward_pert1_trait0_count       │ 5              │
│ train/reward_pert1_trait0_mean        │ 0.050046       │
│ train/reward_pert1_trait1_count       │ 11             │
│ train/reward_pert1_trait1_mean        │ -0.031608      │
│ train/train/clock_cycle:unique        │ 2412080.000000 │
│ train/train/loss:sum                  │ -3082.342163   │
│ train/train/ppo_clipped_fraction:mean │ 0.210546       │
│ train/train/ppo_kl_div:mean           │ 0.967823       │
│ train/train/ppo_mean_ratio:mean       │ 0.818241       │
└───────────────────────────────────────┴────────────────┘

Epoch 1:  34%|███▍      | 44/128 [48:39<1:47:04, 76.48s/it, kl=0.0002, gap=0.082, p_hat=0.61, adv=0.927]
Epoch 1:  35%|███▌      | 45/128 [48:40<2:02:32, 88.59s/it, kl=0.0002, gap=0.082, p_hat=0.61, adv=0.927]tinker_cookbook.utils.ml_log:192 [[92mINFO[0m] Wrote metrics to logs/sweep-rollouts/llama-rlct-nr32/metrics.jsonl
tinker_cookbook.utils.ml_log:265 [[92mINFO[0m] 
               Step 46               
┏━━━━━━━━━━━━━━━━━━━━━━━━━━━┳━━━━━━━┓
┃ Metric                    ┃ Value ┃
┡━━━━━━━━━━━━━━━━━━━━━━━━━━━╇━━━━━━━┩
│ train/skipped_empty_batch │ 1     │
└───────────────────────────┴───────┘

Epoch 1:  36%|███▌      | 46/128 [50:24<2:07:06, 93.01s/it, kl=0.0002, gap=0.082, p_hat=0.61, adv=0.927]tinker_cookbook.utils.ml_log:192 [[92mINFO[0m] Wrote metrics to logs/sweep-rollouts/llama-rlct-nr32/metrics.jsonl
tinker_cookbook.utils.ml_log:265 [[92mINFO[0m] 
               Step 47               
┏━━━━━━━━━━━━━━━━━━━━━━━━━━━┳━━━━━━━┓
┃ Metric                    ┃ Value ┃
┡━━━━━━━━━━━━━━━━━━━━━━━━━━━╇━━━━━━━┩
│ train/skipped_empty_batch │ 1     │
└───────────────────────────┴───────┘

Epoch 1:  37%|███▋      | 47/128 [51:12<1:47:18, 79.49s/it, kl=0.0002, gap=0.082, p_hat=0.61, adv=0.927]tinker_cookbook.utils.ml_log:192 [[92mINFO[0m] Wrote metrics to logs/sweep-rollouts/llama-rlct-nr32/metrics.jsonl
tinker_cookbook.utils.ml_log:265 [[92mINFO[0m] 
                         Step 48                          
┏━━━━━━━━━━━━━━━━━━━━━━━━━━━━━━━━━━━━━━━┳━━━━━━━━━━━━━━━━┓
┃ Metric                                ┃ Value          ┃
┡━━━━━━━━━━━━━━━━━━━━━━━━━━━━━━━━━━━━━━━╇━━━━━━━━━━━━━━━━┩
│ optim/entropy                         │ 6.099557       │
│ optim/kl_sample_train_v1              │ -0.000163      │
│ optim/kl_sample_train_v2              │ 0.000348       │
│ train/advantage_abs_mean              │ 0.992157       │
│ train/anchor_reward_mean              │ 0.000000       │
│ train/anchor_reward_std               │ 0.000000       │
│ train/avg_response_length             │ 509.562500     │
│ train/consistency_gap_1               │ -0.100000      │
│ train/consistency_reward_mean         │ 0.002917       │
│ train/consistency_reward_std          │ 0.049608       │
│ train/epoch                           │ 0              │
│ train/kl_policy_base                  │ 0.075301       │
│ train/n_anchor_rollouts               │ 0              │
│ train/n_consistency_rollouts          │ 16             │
│ train/n_ref_parsed                    │ 30             │
│ train/n_training_parsed               │ 30             │
│ train/p_hat_1                         │ 0.533333       │
│ train/p_ref                           │ 0.633333       │
│ train/parse_rate                      │ 0.937500       │
│ train/rate_var                        │ 0.002500       │
│ train/reward_pert1_trait0_count       │ 7              │
│ train/reward_pert1_trait0_mean        │ -0.053333      │
│ train/reward_pert1_trait1_count       │ 9              │
│ train/reward_pert1_trait1_mean        │ 0.046667       │
│ train/train/clock_cycle:unique        │ 2412099.000000 │
│ train/train/loss:sum                  │ -2025.417770   │
│ train/train/ppo_clipped_fraction:mean │ 0.136932       │
│ train/train/ppo_kl_div:mean           │ 0.694480       │
│ train/train/ppo_mean_ratio:mean       │ 0.884414       │
└───────────────────────────────────────┴────────────────┘

Epoch 1:  37%|███▋      | 47/128 [52:36<1:47:18, 79.49s/it, kl=-0.0002, gap=-0.100, p_hat=0.53, adv=0.992]
Epoch 1:  38%|███▊      | 48/128 [53:05<1:59:38, 89.74s/it, kl=-0.0002, gap=-0.100, p_hat=0.53, adv=0.992]tinker_cookbook.utils.ml_log:192 [[92mINFO[0m] Wrote metrics to logs/sweep-rollouts/llama-rlct-nr32/metrics.jsonl
tinker_cookbook.utils.ml_log:265 [[92mINFO[0m] 
                         Step 49                          
┏━━━━━━━━━━━━━━━━━━━━━━━━━━━━━━━━━━━━━━━┳━━━━━━━━━━━━━━━━┓
┃ Metric                                ┃ Value          ┃
┡━━━━━━━━━━━━━━━━━━━━━━━━━━━━━━━━━━━━━━━╇━━━━━━━━━━━━━━━━┩
│ optim/entropy                         │ 7.699204       │
│ optim/kl_sample_train_v1              │ 0.000291       │
│ optim/kl_sample_train_v2              │ 0.000447       │
│ train/advantage_abs_mean              │ 1.000000       │
│ train/anchor_reward_mean              │ 0.000000       │
│ train/anchor_reward_std               │ 0.000000       │
│ train/avg_response_length             │ 1294.875000    │
│ train/consistency_gap_1               │ -0.223417      │
│ train/consistency_reward_mean         │ -0.004137      │
│ train/consistency_reward_std          │ 0.111708       │
│ train/epoch                           │ 0              │
│ train/kl_policy_base                  │ 0.055345       │
│ train/n_anchor_rollouts               │ 0              │
│ train/n_consistency_rollouts          │ 16             │
│ train/n_ref_parsed                    │ 31             │
│ train/n_training_parsed               │ 27             │
│ train/p_hat_1                         │ 0.518519       │
│ train/p_ref                           │ 0.741935       │
│ train/parse_rate                      │ 0.906250       │
│ train/rate_var                        │ 0.012479       │
│ train/reward_pert1_trait0_count       │ 8              │
│ train/reward_pert1_trait0_mean        │ -0.115846      │
│ train/reward_pert1_trait1_count       │ 8              │
│ train/reward_pert1_trait1_mean        │ 0.107571       │
│ train/train/clock_cycle:unique        │ 2412118.000000 │
│ train/train/loss:sum                  │ 13798.451416   │
│ train/train/ppo_clipped_fraction:mean │ 0.127147       │
│ train/train/ppo_kl_div:mean           │ 0.525857       │
│ train/train/ppo_mean_ratio:mean       │ 0.895240       │
└───────────────────────────────────────┴────────────────┘

Epoch 1:  38%|███▊      | 48/128 [55:38<1:59:38, 89.74s/it, kl=0.0003, gap=-0.223, p_hat=0.52, adv=1.000] 
Epoch 1:  38%|███▊      | 49/128 [55:39<2:23:37, 109.08s/it, kl=0.0003, gap=-0.223, p_hat=0.52, adv=1.000]tinker_cookbook.utils.ml_log:192 [[92mINFO[0m] Wrote metrics to logs/sweep-rollouts/llama-rlct-nr32/metrics.jsonl
tinker_cookbook.utils.ml_log:265 [[92mINFO[0m] 
               Step 50               
┏━━━━━━━━━━━━━━━━━━━━━━━━━━━┳━━━━━━━┓
┃ Metric                    ┃ Value ┃
┡━━━━━━━━━━━━━━━━━━━━━━━━━━━╇━━━━━━━┩
│ train/skipped_empty_batch │ 1     │
└───────────────────────────┴───────┘

Epoch 1:  39%|███▉      | 50/128 [57:50<2:30:10, 115.52s/it, kl=0.0003, gap=-0.223, p_hat=0.52, adv=1.000]tinker_cookbook.utils.ml_log:192 [[92mINFO[0m] Wrote metrics to logs/sweep-rollouts/llama-rlct-nr32/metrics.jsonl
tinker_cookbook.utils.ml_log:265 [[92mINFO[0m] 
                         Step 51                          
┏━━━━━━━━━━━━━━━━━━━━━━━━━━━━━━━━━━━━━━━┳━━━━━━━━━━━━━━━━┓
┃ Metric                                ┃ Value          ┃
┡━━━━━━━━━━━━━━━━━━━━━━━━━━━━━━━━━━━━━━━╇━━━━━━━━━━━━━━━━┩
│ optim/entropy                         │ 8.219157       │
│ optim/kl_sample_train_v1              │ 0.000545       │
│ optim/kl_sample_train_v2              │ 0.000377       │
│ train/advantage_abs_mean              │ 0.992157       │
│ train/anchor_reward_mean              │ 0.000000       │
│ train/anchor_reward_std               │ 0.000000       │
│ train/avg_response_length             │ 1418.187500    │
│ train/consistency_gap_1               │ -0.118280      │
│ train/consistency_reward_mean         │ 0.001669       │
│ train/consistency_reward_std          │ 0.058676       │
│ train/epoch                           │ 0              │
│ train/kl_policy_base                  │ 0.055594       │
│ train/n_anchor_rollouts               │ 0              │
│ train/n_consistency_rollouts          │ 16             │
│ train/n_ref_parsed                    │ 30             │
│ train/n_training_parsed               │ 31             │
│ train/p_hat_1                         │ 0.548387       │
│ train/p_ref                           │ 0.666667       │
│ train/parse_rate                      │ 0.953125       │
│ train/rate_var                        │ 0.003498       │
│ train/reward_pert1_trait0_count       │ 7              │
│ train/reward_pert1_trait0_mean        │ -0.064863      │
│ train/reward_pert1_trait1_count       │ 9              │
│ train/reward_pert1_trait1_mean        │ 0.053417       │
│ train/train/clock_cycle:unique        │ 2412137.000000 │
│ train/train/loss:sum                  │ 1482.728287    │
│ train/train/ppo_clipped_fraction:mean │ 0.160934       │
│ train/train/ppo_kl_div:mean           │ 0.513827       │
│ train/train/ppo_mean_ratio:mean       │ 0.872746       │
└───────────────────────────────────────┴────────────────┘

Epoch 1:  39%|███▉      | 50/128 [1:00:16<2:30:10, 115.52s/it, kl=0.0005, gap=-0.118, p_hat=0.55, adv=0.992]
Epoch 1:  40%|███▉      | 51/128 [1:00:45<2:51:06, 133.33s/it, kl=0.0005, gap=-0.118, p_hat=0.55, adv=0.992]tinker_cookbook.utils.ml_log:192 [[92mINFO[0m] Wrote metrics to logs/sweep-rollouts/llama-rlct-nr32/metrics.jsonl
tinker_cookbook.utils.ml_log:265 [[92mINFO[0m] 
                         Step 52                          
┏━━━━━━━━━━━━━━━━━━━━━━━━━━━━━━━━━━━━━━━┳━━━━━━━━━━━━━━━━┓
┃ Metric                                ┃ Value          ┃
┡━━━━━━━━━━━━━━━━━━━━━━━━━━━━━━━━━━━━━━━╇━━━━━━━━━━━━━━━━┩
│ optim/entropy                         │ 6.583734       │
│ optim/kl_sample_train_v1              │ 0.000337       │
│ optim/kl_sample_train_v2              │ 0.000379       │
│ train/advantage_abs_mean              │ 0.968246       │
│ train/anchor_reward_mean              │ 0.000000       │
│ train/anchor_reward_std               │ 0.000000       │
│ train/avg_response_length             │ 1062.562500    │
│ train/consistency_gap_1               │ 0.130952       │
│ train/consistency_reward_mean         │ -0.021046      │
│ train/consistency_reward_std          │ 0.063397       │
│ train/epoch                           │ 0              │
│ train/kl_policy_base                  │ 0.057152       │
│ train/n_anchor_rollouts               │ 0              │
│ train/n_consistency_rollouts          │ 16             │
│ train/n_ref_parsed                    │ 27             │
│ train/n_training_parsed               │ 28             │
│ train/p_hat_1                         │ 0.464286       │
│ train/p_ref                           │ 0.333333       │
│ train/parse_rate                      │ 0.859375       │
│ train/rate_var                        │ 0.004287       │
│ train/reward_pert1_trait0_count       │ 6              │
│ train/reward_pert1_trait0_mean        │ 0.060799       │
│ train/reward_pert1_trait1_count       │ 10             │
│ train/reward_pert1_trait1_mean        │ -0.070153      │
│ train/train/clock_cycle:unique        │ 2412156.000000 │
│ train/train/loss:sum                  │ -1575.745300   │
│ train/train/ppo_clipped_fraction:mean │ 0.149665       │
│ train/train/ppo_kl_div:mean           │ 0.513587       │
│ train/train/ppo_mean_ratio:mean       │ 0.878833       │
└───────────────────────────────────────┴────────────────┘

Epoch 1:  40%|███▉      | 51/128 [1:02:58<2:51:06, 133.33s/it, kl=0.0003, gap=0.131, p_hat=0.46, adv=0.968] 
Epoch 1:  41%|████      | 52/128 [1:03:27<2:59:47, 141.94s/it, kl=0.0003, gap=0.131, p_hat=0.46, adv=0.968]tinker_cookbook.utils.ml_log:192 [[92mINFO[0m] Wrote metrics to logs/sweep-rollouts/llama-rlct-nr32/metrics.jsonl
tinker_cookbook.utils.ml_log:265 [[92mINFO[0m] 
                         Step 53                          
┏━━━━━━━━━━━━━━━━━━━━━━━━━━━━━━━━━━━━━━━┳━━━━━━━━━━━━━━━━┓
┃ Metric                                ┃ Value          ┃
┡━━━━━━━━━━━━━━━━━━━━━━━━━━━━━━━━━━━━━━━╇━━━━━━━━━━━━━━━━┩
│ optim/entropy                         │ 7.799100       │
│ optim/kl_sample_train_v1              │ 0.000289       │
│ optim/kl_sample_train_v2              │ 0.000331       │
│ train/advantage_abs_mean              │ 0.780625       │
│ train/anchor_reward_mean              │ 0.000000       │
│ train/anchor_reward_std               │ 0.000000       │
│ train/avg_response_length             │ 1203.187500    │
│ train/consistency_gap_1               │ 0.056194       │
│ train/consistency_reward_mean         │ 0.000130       │
│ train/consistency_reward_std          │ 0.021933       │
│ train/epoch                           │ 0              │
│ train/kl_policy_base                  │ 0.043409       │
│ train/n_anchor_rollouts               │ 0              │
│ train/n_consistency_rollouts          │ 16             │
│ train/n_ref_parsed                    │ 29             │
│ train/n_training_parsed               │ 27             │
│ train/p_hat_1                         │ 0.814815       │
│ train/p_ref                           │ 0.758621       │
│ train/parse_rate                      │ 0.875000       │
│ train/rate_var                        │ 0.000789       │
│ train/reward_pert1_trait0_count       │ 3              │
│ train/reward_pert1_trait0_mean        │ 0.045788       │
│ train/reward_pert1_trait1_count       │ 13             │
│ train/reward_pert1_trait1_mean        │ -0.010406      │
│ train/train/clock_cycle:unique        │ 2412161.000000 │
│ train/train/loss:sum                  │ 2835.622650    │
│ train/train/ppo_clipped_fraction:mean │ 0.092770       │
│ train/train/ppo_kl_div:mean           │ 0.424000       │
│ train/train/ppo_mean_ratio:mean       │ 0.919328       │
└───────────────────────────────────────┴────────────────┘

Epoch 1:  41%|████      | 52/128 [1:05:33<2:59:47, 141.94s/it, kl=0.0003, gap=0.056, p_hat=0.81, adv=0.781]
Epoch 1:  41%|████▏     | 53/128 [1:05:34<2:51:57, 137.57s/it, kl=0.0003, gap=0.056, p_hat=0.81, adv=0.781]tinker_cookbook.utils.ml_log:192 [[92mINFO[0m] Wrote metrics to logs/sweep-rollouts/llama-rlct-nr32/metrics.jsonl

⚠️  Low parse rate (78.1%) at step 54
tinker_cookbook.utils.ml_log:265 [[92mINFO[0m] 
                         Step 54                          
┏━━━━━━━━━━━━━━━━━━━━━━━━━━━━━━━━━━━━━━━┳━━━━━━━━━━━━━━━━┓
┃ Metric                                ┃ Value          ┃
┡━━━━━━━━━━━━━━━━━━━━━━━━━━━━━━━━━━━━━━━╇━━━━━━━━━━━━━━━━┩
│ optim/entropy                         │ 8.411695       │
│ optim/kl_sample_train_v1              │ 0.000612       │
│ optim/kl_sample_train_v2              │ 0.000346       │
│ train/advantage_abs_mean              │ 0.661438       │
│ train/anchor_reward_mean              │ 0.000000       │
│ train/anchor_reward_std               │ 0.000000       │
│ train/avg_response_length             │ 2235.062500    │
│ train/consistency_gap_1               │ 0.086538       │
│ train/consistency_reward_mean         │ 0.000000       │
│ train/consistency_reward_std          │ 0.028620       │
│ train/epoch                           │ 0              │
│ train/kl_policy_base                  │ 0.040697       │
│ train/n_anchor_rollouts               │ 0              │
│ train/n_consistency_rollouts          │ 16             │
│ train/n_ref_parsed                    │ 26             │
│ train/n_training_parsed               │ 24             │
│ train/p_hat_1                         │ 0.125000       │
│ train/p_ref                           │ 0.038462       │
│ train/parse_rate                      │ 0.781250       │
│ train/rate_var                        │ 0.001872       │
│ train/reward_pert1_trait0_count       │ 14             │
│ train/reward_pert1_trait0_mean        │ 0.010817       │
│ train/reward_pert1_trait1_count       │ 2              │
│ train/reward_pert1_trait1_mean        │ -0.075721      │
│ train/train/clock_cycle:unique        │ 2412176.000000 │
│ train/train/loss:sum                  │ 7575.077515    │
│ train/train/ppo_clipped_fraction:mean │ 0.054858       │
│ train/train/ppo_kl_div:mean           │ 0.208115       │
│ train/train/ppo_mean_ratio:mean       │ 0.955755       │
└───────────────────────────────────────┴────────────────┘

Epoch 1:  41%|████▏     | 53/128 [1:07:44<2:51:57, 137.57s/it, kl=0.0006, gap=0.087, p_hat=0.12, adv=0.661]
Epoch 1:  42%|████▏     | 54/128 [1:07:45<2:47:05, 135.49s/it, kl=0.0006, gap=0.087, p_hat=0.12, adv=0.661]tinker_cookbook.utils.ml_log:192 [[92mINFO[0m] Wrote metrics to logs/sweep-rollouts/llama-rlct-nr32/metrics.jsonl
tinker_cookbook.utils.ml_log:265 [[92mINFO[0m] 
               Step 55               
┏━━━━━━━━━━━━━━━━━━━━━━━━━━━┳━━━━━━━┓
┃ Metric                    ┃ Value ┃
┡━━━━━━━━━━━━━━━━━━━━━━━━━━━╇━━━━━━━┩
│ train/skipped_empty_batch │ 1     │
└───────────────────────────┴───────┘

Epoch 1:  43%|████▎     | 55/128 [1:09:06<2:24:53, 119.09s/it, kl=0.0006, gap=0.087, p_hat=0.12, adv=0.661]tinker_cookbook.utils.ml_log:192 [[92mINFO[0m] Wrote metrics to logs/sweep-rollouts/llama-rlct-nr32/metrics.jsonl
tinker_cookbook.utils.ml_log:265 [[92mINFO[0m] 
                         Step 56                          
┏━━━━━━━━━━━━━━━━━━━━━━━━━━━━━━━━━━━━━━━┳━━━━━━━━━━━━━━━━┓
┃ Metric                                ┃ Value          ┃
┡━━━━━━━━━━━━━━━━━━━━━━━━━━━━━━━━━━━━━━━╇━━━━━━━━━━━━━━━━┩
│ optim/entropy                         │ 5.531330       │
│ optim/kl_sample_train_v1              │ 0.000290       │
│ optim/kl_sample_train_v2              │ 0.000467       │
│ train/advantage_abs_mean              │ 0.866025       │
│ train/anchor_reward_mean              │ 0.000000       │
│ train/anchor_reward_std               │ 0.000000       │
│ train/avg_response_length             │ 844.312500     │
│ train/consistency_gap_1               │ 0.093750       │
│ train/consistency_reward_mean         │ 0.008789       │
│ train/consistency_reward_std          │ 0.040595       │
│ train/epoch                           │ 0              │
│ train/kl_policy_base                  │ 0.064086       │
│ train/n_anchor_rollouts               │ 0              │
│ train/n_consistency_rollouts          │ 16             │
│ train/n_ref_parsed                    │ 28             │
│ train/n_training_parsed               │ 32             │
│ train/p_hat_1                         │ 0.343750       │
│ train/p_ref                           │ 0.250000       │
│ train/parse_rate                      │ 0.937500       │
│ train/rate_var                        │ 0.002197       │
│ train/reward_pert1_trait0_count       │ 12             │
│ train/reward_pert1_trait0_mean        │ 0.032227       │
│ train/reward_pert1_trait1_count       │ 4              │
│ train/reward_pert1_trait1_mean        │ -0.061523      │
│ train/train/clock_cycle:unique        │ 2412197.000000 │
│ train/train/loss:sum                  │ 6392.656982    │
│ train/train/ppo_clipped_fraction:mean │ 0.117009       │
│ train/train/ppo_kl_div:mean           │ 0.441104       │
│ train/train/ppo_mean_ratio:mean       │ 0.904446       │
└───────────────────────────────────────┴────────────────┘

Epoch 1:  43%|████▎     | 55/128 [1:10:29<2:24:53, 119.09s/it, kl=0.0003, gap=0.094, p_hat=0.34, adv=0.866]
Epoch 1:  44%|████▍     | 56/128 [1:10:57<2:20:15, 116.89s/it, kl=0.0003, gap=0.094, p_hat=0.34, adv=0.866]tinker_cookbook.utils.ml_log:192 [[92mINFO[0m] Wrote metrics to logs/sweep-rollouts/llama-rlct-nr32/metrics.jsonl

⚠️  Low parse rate (71.9%) at step 57
tinker_cookbook.utils.ml_log:265 [[92mINFO[0m] 
                         Step 57                          
┏━━━━━━━━━━━━━━━━━━━━━━━━━━━━━━━━━━━━━━━┳━━━━━━━━━━━━━━━━┓
┃ Metric                                ┃ Value          ┃
┡━━━━━━━━━━━━━━━━━━━━━━━━━━━━━━━━━━━━━━━╇━━━━━━━━━━━━━━━━┩
│ optim/entropy                         │ 1.376171       │
│ optim/kl_sample_train_v1              │ -0.000172      │
│ optim/kl_sample_train_v2              │ 0.000713       │
│ train/advantage_abs_mean              │ 0.866025       │
│ train/anchor_reward_mean              │ 0.000000       │
│ train/anchor_reward_std               │ 0.000000       │
│ train/avg_response_length             │ 307.250000     │
│ train/consistency_gap_1               │ 0.071970       │
│ train/consistency_reward_mean         │ -0.002999      │
│ train/consistency_reward_std          │ 0.031164       │
│ train/epoch                           │ 0              │
│ train/kl_policy_base                  │ 0.090750       │
│ train/n_anchor_rollouts               │ 0              │
│ train/n_consistency_rollouts          │ 16             │
│ train/n_ref_parsed                    │ 22             │
│ train/n_training_parsed               │ 24             │
│ train/p_hat_1                         │ 0.208333       │
│ train/p_ref                           │ 0.136364       │
│ train/parse_rate                      │ 0.718750       │
│ train/rate_var                        │ 0.001295       │
│ train/reward_pert1_trait0_count       │ 12             │
│ train/reward_pert1_trait0_mean        │ 0.014994       │
│ train/reward_pert1_trait1_count       │ 4              │
│ train/reward_pert1_trait1_mean        │ -0.056976      │
│ train/train/clock_cycle:unique        │ 2412200.000000 │
│ train/train/loss:sum                  │ -230.436363    │
│ train/train/ppo_clipped_fraction:mean │ 0.195377       │
│ train/train/ppo_kl_div:mean           │ 0.895827       │
│ train/train/ppo_mean_ratio:mean       │ 0.836116       │
└───────────────────────────────────────┴────────────────┘

Epoch 1:  44%|████▍     | 56/128 [1:11:38<2:20:15, 116.89s/it, kl=-0.0002, gap=0.072, p_hat=0.21, adv=0.866]
Epoch 1:  45%|████▍     | 57/128 [1:11:42<1:52:39, 95.20s/it, kl=-0.0002, gap=0.072, p_hat=0.21, adv=0.866] tinker_cookbook.utils.ml_log:192 [[92mINFO[0m] Wrote metrics to logs/sweep-rollouts/llama-rlct-nr32/metrics.jsonl
tinker_cookbook.utils.ml_log:265 [[92mINFO[0m] 
               Step 58               
┏━━━━━━━━━━━━━━━━━━━━━━━━━━━┳━━━━━━━┓
┃ Metric                    ┃ Value ┃
┡━━━━━━━━━━━━━━━━━━━━━━━━━━━╇━━━━━━━┩
│ train/skipped_empty_batch │ 1     │
└───────────────────────────┴───────┘

Epoch 1:  45%|████▌     | 58/128 [1:11:53<1:21:34, 69.92s/it, kl=-0.0002, gap=0.072, p_hat=0.21, adv=0.866]tinker_cookbook.utils.ml_log:192 [[92mINFO[0m] Wrote metrics to logs/sweep-rollouts/llama-rlct-nr32/metrics.jsonl
tinker_cookbook.utils.ml_log:265 [[92mINFO[0m] 
               Step 59               
┏━━━━━━━━━━━━━━━━━━━━━━━━━━━┳━━━━━━━┓
┃ Metric                    ┃ Value ┃
┡━━━━━━━━━━━━━━━━━━━━━━━━━━━╇━━━━━━━┩
│ train/skipped_empty_batch │ 1     │
└───────────────────────────┴───────┘

Epoch 1:  46%|████▌     | 59/128 [1:12:03<59:38, 51.86s/it, kl=-0.0002, gap=0.072, p_hat=0.21, adv=0.866]  tinker_cookbook.utils.ml_log:192 [[92mINFO[0m] Wrote metrics to logs/sweep-rollouts/llama-rlct-nr32/metrics.jsonl
tinker_cookbook.utils.ml_log:265 [[92mINFO[0m] 
               Step 60               
┏━━━━━━━━━━━━━━━━━━━━━━━━━━━┳━━━━━━━┓
┃ Metric                    ┃ Value ┃
┡━━━━━━━━━━━━━━━━━━━━━━━━━━━╇━━━━━━━┩
│ train/skipped_empty_batch │ 1     │
└───────────────────────────┴───────┘

Epoch 1:  47%|████▋     | 60/128 [1:12:16<45:42, 40.33s/it, kl=-0.0002, gap=0.072, p_hat=0.21, adv=0.866]tinker_cookbook.utils.ml_log:192 [[92mINFO[0m] Wrote metrics to logs/sweep-rollouts/llama-rlct-nr32/metrics.jsonl
tinker_cookbook.utils.ml_log:265 [[92mINFO[0m] 
               Step 61               
┏━━━━━━━━━━━━━━━━━━━━━━━━━━━┳━━━━━━━┓
┃ Metric                    ┃ Value ┃
┡━━━━━━━━━━━━━━━━━━━━━━━━━━━╇━━━━━━━┩
│ train/skipped_empty_batch │ 1     │
└───────────────────────────┴───────┘

Epoch 1:  48%|████▊     | 61/128 [1:12:29<35:48, 32.06s/it, kl=-0.0002, gap=0.072, p_hat=0.21, adv=0.866]tinker_cookbook.utils.ml_log:192 [[92mINFO[0m] Wrote metrics to logs/sweep-rollouts/llama-rlct-nr32/metrics.jsonl
tinker_cookbook.utils.ml_log:265 [[92mINFO[0m] 
                         Step 62                          
┏━━━━━━━━━━━━━━━━━━━━━━━━━━━━━━━━━━━━━━━┳━━━━━━━━━━━━━━━━┓
┃ Metric                                ┃ Value          ┃
┡━━━━━━━━━━━━━━━━━━━━━━━━━━━━━━━━━━━━━━━╇━━━━━━━━━━━━━━━━┩
│ optim/entropy                         │ 0.961732       │
│ optim/kl_sample_train_v1              │ 0.001067       │
│ optim/kl_sample_train_v2              │ 0.000733       │
│ train/advantage_abs_mean              │ 0.968246       │
│ train/anchor_reward_mean              │ 0.000000       │
│ train/anchor_reward_std               │ 0.000000       │
│ train/avg_response_length             │ 399.687500     │
│ train/consistency_gap_1               │ -0.374194      │
│ train/consistency_reward_mean         │ 0.055827       │
│ train/consistency_reward_std          │ 0.181156       │
│ train/epoch                           │ 0              │
│ train/kl_policy_base                  │ 0.103332       │
│ train/n_anchor_rollouts               │ 0              │
│ train/n_consistency_rollouts          │ 16             │
│ train/n_ref_parsed                    │ 30             │
│ train/n_training_parsed               │ 31             │
│ train/p_hat_1                         │ 0.225806       │
│ train/p_ref                           │ 0.600000       │
│ train/parse_rate                      │ 0.953125       │
│ train/rate_var                        │ 0.035005       │
│ train/reward_pert1_trait0_count       │ 10             │
│ train/reward_pert1_trait0_mean        │ -0.084495      │
│ train/reward_pert1_trait1_count       │ 6              │
│ train/reward_pert1_trait1_mean        │ 0.289698       │
│ train/train/clock_cycle:unique        │ 2412219.000000 │
│ train/train/loss:sum                  │ 1.696869       │
│ train/train/ppo_clipped_fraction:mean │ 0.371414       │
│ train/train/ppo_kl_div:mean           │ 1.104488       │
│ train/train/ppo_mean_ratio:mean       │ 0.713804       │
└───────────────────────────────────────┴────────────────┘

Epoch 1:  48%|████▊     | 61/128 [1:13:36<35:48, 32.06s/it, kl=0.0011, gap=-0.374, p_hat=0.23, adv=0.968]
Epoch 1:  48%|████▊     | 62/128 [1:13:56<53:18, 48.47s/it, kl=0.0011, gap=-0.374, p_hat=0.23, adv=0.968]tinker_cookbook.utils.ml_log:192 [[92mINFO[0m] Wrote metrics to logs/sweep-rollouts/llama-rlct-nr32/metrics.jsonl
tinker_cookbook.utils.ml_log:265 [[92mINFO[0m] 
                         Step 63                          
┏━━━━━━━━━━━━━━━━━━━━━━━━━━━━━━━━━━━━━━━┳━━━━━━━━━━━━━━━━┓
┃ Metric                                ┃ Value          ┃
┡━━━━━━━━━━━━━━━━━━━━━━━━━━━━━━━━━━━━━━━╇━━━━━━━━━━━━━━━━┩
│ optim/entropy                         │ 0.630623       │
│ optim/kl_sample_train_v1              │ 0.000754       │
│ optim/kl_sample_train_v2              │ 0.000537       │
│ train/advantage_abs_mean              │ 0.780625       │
│ train/anchor_reward_mean              │ 0.000000       │
│ train/anchor_reward_std               │ 0.000000       │
│ train/avg_response_length             │ 382.750000     │
│ train/consistency_gap_1               │ -0.033333      │
│ train/consistency_reward_mean         │ 0.001806       │
│ train/consistency_reward_std          │ 0.013010       │
│ train/epoch                           │ 0              │
│ train/kl_policy_base                  │ 0.092883       │
│ train/n_anchor_rollouts               │ 0              │
│ train/n_consistency_rollouts          │ 16             │
│ train/n_ref_parsed                    │ 30             │
│ train/n_training_parsed               │ 30             │
│ train/p_hat_1                         │ 0.133333       │
│ train/p_ref                           │ 0.166667       │
│ train/parse_rate                      │ 0.937500       │
│ train/rate_var                        │ 0.000278       │
│ train/reward_pert1_trait0_count       │ 13             │
│ train/reward_pert1_trait0_mean        │ -0.004444      │
│ train/reward_pert1_trait1_count       │ 3              │
│ train/reward_pert1_trait1_mean        │ 0.028889       │
│ train/train/clock_cycle:unique        │ 2412222.000000 │
│ train/train/loss:sum                  │ -617.211380    │
│ train/train/ppo_clipped_fraction:mean │ 0.184851       │
│ train/train/ppo_kl_div:mean           │ 0.787770       │
│ train/train/ppo_mean_ratio:mean       │ 0.845982       │
└───────────────────────────────────────┴────────────────┘

Epoch 1:  48%|████▊     | 62/128 [1:14:38<53:18, 48.47s/it, kl=0.0008, gap=-0.033, p_hat=0.13, adv=0.781]
Epoch 1:  49%|████▉     | 63/128 [1:14:39<50:59, 47.06s/it, kl=0.0008, gap=-0.033, p_hat=0.13, adv=0.781]tinker_cookbook.utils.ml_log:192 [[92mINFO[0m] Wrote metrics to logs/sweep-rollouts/llama-rlct-nr32/metrics.jsonl
tinker_cookbook.utils.ml_log:265 [[92mINFO[0m] 
               Step 64               
┏━━━━━━━━━━━━━━━━━━━━━━━━━━━┳━━━━━━━┓
┃ Metric                    ┃ Value ┃
┡━━━━━━━━━━━━━━━━━━━━━━━━━━━╇━━━━━━━┩
│ train/skipped_empty_batch │ 1     │
└───────────────────────────┴───────┘
tinker_cookbook.checkpoint_utils:461 [[92mINFO[0m] Saved checkpoints: {'sampler_path': 'tinker://935283e8-7307-5ab8-a213-347a91b1ae64:train:0/sampler_weights/sweep-rollouts_llama-rlct-nr32_step64'}
tinker_cookbook.utils.ml_log:192 [[92mINFO[0m] Wrote metrics to logs/sweep-rollouts/llama-rlct-nr32/metrics.jsonl
tinker_cookbook.utils.ml_log:265 [[92mINFO[0m] 
                                    Step 64                                     
┏━━━━━━━━━━━━━━━━━━━━━━┳━━━━━━━━━━━━━━━━━━━━━━━━━━━━━━━━━━━━━━━━━━━━━━━━━━━━━━━┓
┃ Metric               ┃ Value                                                 ┃
┡━━━━━━━━━━━━━━━━━━━━━━╇━━━━━━━━━━━━━━━━━━━━━━━━━━━━━━━━━━━━━━━━━━━━━━━━━━━━━━━┩
│ checkpoint           │ tinker://935283e8-7307-5ab8-a213-347a91b1ae64:train:… │
└──────────────────────┴───────────────────────────────────────────────────────┘

Epoch 1:  50%|█████     | 64/128 [1:15:08<44:15, 41.49s/it, kl=0.0008, gap=-0.033, p_hat=0.13, adv=0.781]tinker_cookbook.utils.ml_log:192 [[92mINFO[0m] Wrote metrics to logs/sweep-rollouts/llama-rlct-nr32/metrics.jsonl
tinker_cookbook.utils.ml_log:265 [[92mINFO[0m] 
               Step 65               
┏━━━━━━━━━━━━━━━━━━━━━━━━━━━┳━━━━━━━┓
┃ Metric                    ┃ Value ┃
┡━━━━━━━━━━━━━━━━━━━━━━━━━━━╇━━━━━━━┩
│ train/skipped_empty_batch │ 1     │
└───────────────────────────┴───────┘

Epoch 1:  51%|█████     | 65/128 [1:15:25<35:55, 34.21s/it, kl=0.0008, gap=-0.033, p_hat=0.13, adv=0.781]tinker_cookbook.utils.ml_log:192 [[92mINFO[0m] Wrote metrics to logs/sweep-rollouts/llama-rlct-nr32/metrics.jsonl
tinker_cookbook.utils.ml_log:265 [[92mINFO[0m] 
               Step 66               
┏━━━━━━━━━━━━━━━━━━━━━━━━━━━┳━━━━━━━┓
┃ Metric                    ┃ Value ┃
┡━━━━━━━━━━━━━━━━━━━━━━━━━━━╇━━━━━━━┩
│ train/skipped_empty_batch │ 1     │
└───────────────────────────┴───────┘

Epoch 1:  52%|█████▏    | 66/128 [1:15:40<29:26, 28.50s/it, kl=0.0008, gap=-0.033, p_hat=0.13, adv=0.781]tinker_cookbook.utils.ml_log:192 [[92mINFO[0m] Wrote metrics to logs/sweep-rollouts/llama-rlct-nr32/metrics.jsonl
tinker_cookbook.utils.ml_log:265 [[92mINFO[0m] 
               Step 67               
┏━━━━━━━━━━━━━━━━━━━━━━━━━━━┳━━━━━━━┓
┃ Metric                    ┃ Value ┃
┡━━━━━━━━━━━━━━━━━━━━━━━━━━━╇━━━━━━━┩
│ train/skipped_empty_batch │ 1     │
└───────────────────────────┴───────┘

Epoch 1:  52%|█████▏    | 67/128 [1:15:56<25:06, 24.70s/it, kl=0.0008, gap=-0.033, p_hat=0.13, adv=0.781]tinker_cookbook.utils.ml_log:192 [[92mINFO[0m] Wrote metrics to logs/sweep-rollouts/llama-rlct-nr32/metrics.jsonl
tinker_cookbook.utils.ml_log:265 [[92mINFO[0m] 
               Step 68               
┏━━━━━━━━━━━━━━━━━━━━━━━━━━━┳━━━━━━━┓
┃ Metric                    ┃ Value ┃
┡━━━━━━━━━━━━━━━━━━━━━━━━━━━╇━━━━━━━┩
│ train/skipped_empty_batch │ 1     │
└───────────────────────────┴───────┘

Epoch 1:  53%|█████▎    | 68/128 [1:16:05<20:02, 20.05s/it, kl=0.0008, gap=-0.033, p_hat=0.13, adv=0.781]tinker_cookbook.utils.ml_log:192 [[92mINFO[0m] Wrote metrics to logs/sweep-rollouts/llama-rlct-nr32/metrics.jsonl
tinker_cookbook.utils.ml_log:265 [[92mINFO[0m] 
                         Step 69                          
┏━━━━━━━━━━━━━━━━━━━━━━━━━━━━━━━━━━━━━━━┳━━━━━━━━━━━━━━━━┓
┃ Metric                                ┃ Value          ┃
┡━━━━━━━━━━━━━━━━━━━━━━━━━━━━━━━━━━━━━━━╇━━━━━━━━━━━━━━━━┩
│ optim/entropy                         │ 0.490211       │
│ optim/kl_sample_train_v1              │ -0.000205      │
│ optim/kl_sample_train_v2              │ 0.000433       │
│ train/advantage_abs_mean              │ 0.484123       │
│ train/anchor_reward_mean              │ 0.000000       │
│ train/anchor_reward_std               │ 0.000000       │
│ train/avg_response_length             │ 251.375000     │
│ train/consistency_gap_1               │ 0.032258       │
│ train/consistency_reward_mean         │ -0.000976      │
│ train/consistency_reward_std          │ 0.007808       │
│ train/epoch                           │ 0              │
│ train/kl_policy_base                  │ 0.073402       │
│ train/n_anchor_rollouts               │ 0              │
│ train/n_consistency_rollouts          │ 16             │
│ train/n_ref_parsed                    │ 32             │
│ train/n_training_parsed               │ 31             │
│ train/p_hat_1                         │ 0.032258       │
│ train/p_ref                           │ 0.000000       │
│ train/parse_rate                      │ 0.984375       │
│ train/rate_var                        │ 0.000260       │
│ train/reward_pert1_trait0_count       │ 15             │
│ train/reward_pert1_trait0_mean        │ 0.001041       │
│ train/reward_pert1_trait1_count       │ 1              │
│ train/reward_pert1_trait1_mean        │ -0.031217      │
│ train/train/clock_cycle:unique        │ 2412226.000000 │
│ train/train/loss:sum                  │ 127.728252     │
│ train/train/ppo_clipped_fraction:mean │ 0.263889       │
│ train/train/ppo_kl_div:mean           │ 1.099839       │
│ train/train/ppo_mean_ratio:mean       │ 0.779796       │
└───────────────────────────────────────┴────────────────┘

Epoch 1:  53%|█████▎    | 68/128 [1:16:35<20:02, 20.05s/it, kl=-0.0002, gap=0.032, p_hat=0.03, adv=0.484]
Epoch 1:  54%|█████▍    | 69/128 [1:16:36<22:42, 23.09s/it, kl=-0.0002, gap=0.032, p_hat=0.03, adv=0.484]tinker_cookbook.utils.ml_log:192 [[92mINFO[0m] Wrote metrics to logs/sweep-rollouts/llama-rlct-nr32/metrics.jsonl

⚠️  Low parse rate (78.1%) at step 70
tinker_cookbook.utils.ml_log:265 [[92mINFO[0m] 
                         Step 70                          
┏━━━━━━━━━━━━━━━━━━━━━━━━━━━━━━━━━━━━━━━┳━━━━━━━━━━━━━━━━┓
┃ Metric                                ┃ Value          ┃
┡━━━━━━━━━━━━━━━━━━━━━━━━━━━━━━━━━━━━━━━╇━━━━━━━━━━━━━━━━┩
│ optim/entropy                         │ 0.519331       │
│ optim/kl_sample_train_v1              │ 0.000617       │
│ optim/kl_sample_train_v2              │ 0.000456       │
│ train/advantage_abs_mean              │ 0.780625       │
│ train/anchor_reward_mean              │ 0.000000       │
│ train/anchor_reward_std               │ 0.000000       │
│ train/avg_response_length             │ 451.500000     │
│ train/consistency_gap_1               │ 0.064103       │
│ train/consistency_reward_mean         │ 0.001335       │
│ train/consistency_reward_std          │ 0.025020       │
│ train/epoch                           │ 0              │
│ train/kl_policy_base                  │ 0.068991       │
│ train/n_anchor_rollouts               │ 0              │
│ train/n_consistency_rollouts          │ 16             │
│ train/n_ref_parsed                    │ 26             │
│ train/n_training_parsed               │ 24             │
│ train/p_hat_1                         │ 0.833333       │
│ train/p_ref                           │ 0.769231       │
│ train/parse_rate                      │ 0.781250       │
│ train/rate_var                        │ 0.001027       │
│ train/reward_pert1_trait0_count       │ 3              │
│ train/reward_pert1_trait0_mean        │ 0.053419       │
│ train/reward_pert1_trait1_count       │ 13             │
│ train/reward_pert1_trait1_mean        │ -0.010684      │
│ train/train/clock_cycle:unique        │ 2412245.000000 │
│ train/train/loss:sum                  │ 169.956955     │
│ train/train/ppo_clipped_fraction:mean │ 0.144279       │
│ train/train/ppo_kl_div:mean           │ 0.646697       │
│ train/train/ppo_mean_ratio:mean       │ 0.879428       │
└───────────────────────────────────────┴────────────────┘

Epoch 1:  54%|█████▍    | 69/128 [1:18:05<22:42, 23.09s/it, kl=0.0006, gap=0.064, p_hat=0.83, adv=0.781] 
Epoch 1:  55%|█████▍    | 70/128 [1:18:14<44:15, 45.79s/it, kl=0.0006, gap=0.064, p_hat=0.83, adv=0.781]tinker_cookbook.utils.ml_log:192 [[92mINFO[0m] Wrote metrics to logs/sweep-rollouts/llama-rlct-nr32/metrics.jsonl
tinker_cookbook.utils.ml_log:265 [[92mINFO[0m] 
               Step 71               
┏━━━━━━━━━━━━━━━━━━━━━━━━━━━┳━━━━━━━┓
┃ Metric                    ┃ Value ┃
┡━━━━━━━━━━━━━━━━━━━━━━━━━━━╇━━━━━━━┩
│ train/skipped_empty_batch │ 1     │
└───────────────────────────┴───────┘

Epoch 1:  55%|█████▌    | 71/128 [1:18:31<35:17, 37.15s/it, kl=0.0006, gap=0.064, p_hat=0.83, adv=0.781]tinker_cookbook.utils.ml_log:192 [[92mINFO[0m] Wrote metrics to logs/sweep-rollouts/llama-rlct-nr32/metrics.jsonl
tinker_cookbook.utils.ml_log:265 [[92mINFO[0m] 
               Step 72               
┏━━━━━━━━━━━━━━━━━━━━━━━━━━━┳━━━━━━━┓
┃ Metric                    ┃ Value ┃
┡━━━━━━━━━━━━━━━━━━━━━━━━━━━╇━━━━━━━┩
│ train/skipped_empty_batch │ 1     │
└───────────────────────────┴───────┘

Epoch 1:  56%|█████▋    | 72/128 [1:19:09<34:49, 37.32s/it, kl=0.0006, gap=0.064, p_hat=0.83, adv=0.781]tinker_cookbook.utils.ml_log:192 [[92mINFO[0m] Wrote metrics to logs/sweep-rollouts/llama-rlct-nr32/metrics.jsonl
tinker_cookbook.utils.ml_log:265 [[92mINFO[0m] 
               Step 73               
┏━━━━━━━━━━━━━━━━━━━━━━━━━━━┳━━━━━━━┓
┃ Metric                    ┃ Value ┃
┡━━━━━━━━━━━━━━━━━━━━━━━━━━━╇━━━━━━━┩
│ train/skipped_empty_batch │ 1     │
└───────────────────────────┴───────┘

Epoch 1:  57%|█████▋    | 73/128 [1:19:56<36:56, 40.31s/it, kl=0.0006, gap=0.064, p_hat=0.83, adv=0.781]tinker_cookbook.utils.ml_log:192 [[92mINFO[0m] Wrote metrics to logs/sweep-rollouts/llama-rlct-nr32/metrics.jsonl
tinker_cookbook.utils.ml_log:265 [[92mINFO[0m] 
               Step 74               
┏━━━━━━━━━━━━━━━━━━━━━━━━━━━┳━━━━━━━┓
┃ Metric                    ┃ Value ┃
┡━━━━━━━━━━━━━━━━━━━━━━━━━━━╇━━━━━━━┩
│ train/skipped_empty_batch │ 1     │
└───────────────────────────┴───────┘

Epoch 1:  58%|█████▊    | 74/128 [1:20:33<35:16, 39.20s/it, kl=0.0006, gap=0.064, p_hat=0.83, adv=0.781]tinker_cookbook.utils.ml_log:192 [[92mINFO[0m] Wrote metrics to logs/sweep-rollouts/llama-rlct-nr32/metrics.jsonl
tinker_cookbook.utils.ml_log:265 [[92mINFO[0m] 
               Step 75               
┏━━━━━━━━━━━━━━━━━━━━━━━━━━━┳━━━━━━━┓
┃ Metric                    ┃ Value ┃
┡━━━━━━━━━━━━━━━━━━━━━━━━━━━╇━━━━━━━┩
│ train/skipped_empty_batch │ 1     │
└───────────────────────────┴───────┘

Epoch 1:  59%|█████▊    | 75/128 [1:20:45<27:26, 31.07s/it, kl=0.0006, gap=0.064, p_hat=0.83, adv=0.781]tinker_cookbook.utils.ml_log:192 [[92mINFO[0m] Wrote metrics to logs/sweep-rollouts/llama-rlct-nr32/metrics.jsonl
tinker_cookbook.utils.ml_log:265 [[92mINFO[0m] 
                         Step 76                          
┏━━━━━━━━━━━━━━━━━━━━━━━━━━━━━━━━━━━━━━━┳━━━━━━━━━━━━━━━━┓
┃ Metric                                ┃ Value          ┃
┡━━━━━━━━━━━━━━━━━━━━━━━━━━━━━━━━━━━━━━━╇━━━━━━━━━━━━━━━━┩
│ optim/entropy                         │ 0.735170       │
│ optim/kl_sample_train_v1              │ 0.000627       │
│ optim/kl_sample_train_v2              │ 0.000651       │
│ train/advantage_abs_mean              │ 0.968246       │
│ train/anchor_reward_mean              │ 0.000000       │
│ train/anchor_reward_std               │ 0.000000       │
│ train/avg_response_length             │ 330.375000     │
│ train/consistency_gap_1               │ -0.066906      │
│ train/consistency_reward_mean         │ -0.005126      │
│ train/consistency_reward_std          │ 0.032391       │
│ train/epoch                           │ 0              │
│ train/kl_policy_base                  │ 0.096593       │
│ train/n_anchor_rollouts               │ 0              │
│ train/n_consistency_rollouts          │ 16             │
│ train/n_ref_parsed                    │ 27             │
│ train/n_training_parsed               │ 31             │
│ train/p_hat_1                         │ 0.451613       │
│ train/p_ref                           │ 0.518519       │
│ train/parse_rate                      │ 0.906250       │
│ train/rate_var                        │ 0.001119       │
│ train/reward_pert1_trait0_count       │ 10             │
│ train/reward_pert1_trait0_mean        │ -0.030215      │
│ train/reward_pert1_trait1_count       │ 6              │
│ train/reward_pert1_trait1_mean        │ 0.036690       │
│ train/train/clock_cycle:unique        │ 2412257.000000 │
│ train/train/loss:sum                  │ 103.542786     │
│ train/train/ppo_clipped_fraction:mean │ 0.485306       │
│ train/train/ppo_kl_div:mean           │ 1.869025       │
│ train/train/ppo_mean_ratio:mean       │ 0.594213       │
└───────────────────────────────────────┴────────────────┘

Epoch 1:  59%|█████▊    | 75/128 [1:21:03<27:26, 31.07s/it, kl=0.0006, gap=-0.067, p_hat=0.45, adv=0.968]
Epoch 1:  59%|█████▉    | 76/128 [1:21:11<25:44, 29.70s/it, kl=0.0006, gap=-0.067, p_hat=0.45, adv=0.968]tinker_cookbook.utils.ml_log:192 [[92mINFO[0m] Wrote metrics to logs/sweep-rollouts/llama-rlct-nr32/metrics.jsonl
tinker_cookbook.utils.ml_log:265 [[92mINFO[0m] 
                         Step 77                          
┏━━━━━━━━━━━━━━━━━━━━━━━━━━━━━━━━━━━━━━━┳━━━━━━━━━━━━━━━━┓
┃ Metric                                ┃ Value          ┃
┡━━━━━━━━━━━━━━━━━━━━━━━━━━━━━━━━━━━━━━━╇━━━━━━━━━━━━━━━━┩
│ optim/entropy                         │ 0.844258       │
│ optim/kl_sample_train_v1              │ 0.000283       │
│ optim/kl_sample_train_v2              │ 0.000613       │
│ train/advantage_abs_mean              │ 0.661438       │
│ train/anchor_reward_mean              │ 0.000000       │
│ train/anchor_reward_std               │ 0.000000       │
│ train/avg_response_length             │ 278.000000     │
│ train/consistency_gap_1               │ 0.019397       │
│ train/consistency_reward_mean         │ 0.001589       │
│ train/consistency_reward_std          │ 0.006415       │
│ train/epoch                           │ 0              │
│ train/kl_policy_base                  │ 0.141213       │
│ train/n_anchor_rollouts               │ 0              │
│ train/n_consistency_rollouts          │ 16             │
│ train/n_ref_parsed                    │ 32             │
│ train/n_training_parsed               │ 29             │
│ train/p_hat_1                         │ 0.206897       │
│ train/p_ref                           │ 0.187500       │
│ train/parse_rate                      │ 0.953125       │
│ train/rate_var                        │ 0.000094       │
│ train/reward_pert1_trait0_count       │ 14             │
│ train/reward_pert1_trait0_mean        │ 0.004013       │
│ train/reward_pert1_trait1_count       │ 2              │
│ train/reward_pert1_trait1_mean        │ -0.015383      │
│ train/train/clock_cycle:unique        │ 2412264.000000 │
│ train/train/loss:sum                  │ -154.917629    │
│ train/train/ppo_clipped_fraction:mean │ 0.244627       │
│ train/train/ppo_kl_div:mean           │ 1.012618       │
│ train/train/ppo_mean_ratio:mean       │ 0.794160       │
└───────────────────────────────────────┴────────────────┘

Epoch 1:  59%|█████▉    | 76/128 [1:21:39<25:44, 29.70s/it, kl=0.0003, gap=0.019, p_hat=0.21, adv=0.661] 
Epoch 1:  60%|██████    | 77/128 [1:21:50<27:22, 32.21s/it, kl=0.0003, gap=0.019, p_hat=0.21, adv=0.661]tinker_cookbook.utils.ml_log:192 [[92mINFO[0m] Wrote metrics to logs/sweep-rollouts/llama-rlct-nr32/metrics.jsonl
tinker_cookbook.utils.ml_log:265 [[92mINFO[0m] 
                         Step 78                          
┏━━━━━━━━━━━━━━━━━━━━━━━━━━━━━━━━━━━━━━━┳━━━━━━━━━━━━━━━━┓
┃ Metric                                ┃ Value          ┃
┡━━━━━━━━━━━━━━━━━━━━━━━━━━━━━━━━━━━━━━━╇━━━━━━━━━━━━━━━━┩
│ optim/entropy                         │ 4.930171       │
│ optim/kl_sample_train_v1              │ 0.000663       │
│ optim/kl_sample_train_v2              │ 0.000481       │
│ train/advantage_abs_mean              │ 0.484123       │
│ train/anchor_reward_mean              │ 0.000000       │
│ train/anchor_reward_std               │ 0.000000       │
│ train/avg_response_length             │ 724.375000     │
│ train/consistency_gap_1               │ 0.038095       │
│ train/consistency_reward_mean         │ 0.000340       │
│ train/consistency_reward_std          │ 0.009221       │
│ train/epoch                           │ 0              │
│ train/kl_policy_base                  │ 0.132901       │
│ train/n_anchor_rollouts               │ 0              │
│ train/n_consistency_rollouts          │ 16             │
│ train/n_ref_parsed                    │ 30             │
│ train/n_training_parsed               │ 28             │
│ train/p_hat_1                         │ 0.071429       │
│ train/p_ref                           │ 0.033333       │
│ train/parse_rate                      │ 0.906250       │
│ train/rate_var                        │ 0.000363       │
│ train/reward_pert1_trait0_count       │ 15             │
│ train/reward_pert1_trait0_mean        │ 0.002721       │
│ train/reward_pert1_trait1_count       │ 1              │
│ train/reward_pert1_trait1_mean        │ -0.035374      │
│ train/train/clock_cycle:unique        │ 2412267.000000 │
│ train/train/loss:sum                  │ -1538.841431   │
│ train/train/ppo_clipped_fraction:mean │ 0.097076       │
│ train/train/ppo_kl_div:mean           │ 0.445746       │
│ train/train/ppo_mean_ratio:mean       │ 0.915930       │
└───────────────────────────────────────┴────────────────┘

Epoch 1:  60%|██████    | 77/128 [1:22:50<27:22, 32.21s/it, kl=0.0007, gap=0.038, p_hat=0.07, adv=0.484]
Epoch 1:  61%|██████    | 78/128 [1:22:51<34:12, 41.05s/it, kl=0.0007, gap=0.038, p_hat=0.07, adv=0.484]tinker_cookbook.utils.ml_log:192 [[92mINFO[0m] Wrote metrics to logs/sweep-rollouts/llama-rlct-nr32/metrics.jsonl
tinker_cookbook.utils.ml_log:265 [[92mINFO[0m] 
               Step 79               
┏━━━━━━━━━━━━━━━━━━━━━━━━━━━┳━━━━━━━┓
┃ Metric                    ┃ Value ┃
┡━━━━━━━━━━━━━━━━━━━━━━━━━━━╇━━━━━━━┩
│ train/skipped_empty_batch │ 1     │
└───────────────────────────┴───────┘

Epoch 1:  62%|██████▏   | 79/128 [1:23:01<25:56, 31.77s/it, kl=0.0007, gap=0.038, p_hat=0.07, adv=0.484]tinker_cookbook.utils.ml_log:192 [[92mINFO[0m] Wrote metrics to logs/sweep-rollouts/llama-rlct-nr32/metrics.jsonl
tinker_cookbook.utils.ml_log:265 [[92mINFO[0m] 
                         Step 80                          
┏━━━━━━━━━━━━━━━━━━━━━━━━━━━━━━━━━━━━━━━┳━━━━━━━━━━━━━━━━┓
┃ Metric                                ┃ Value          ┃
┡━━━━━━━━━━━━━━━━━━━━━━━━━━━━━━━━━━━━━━━╇━━━━━━━━━━━━━━━━┩
│ optim/entropy                         │ 0.620223       │
│ optim/kl_sample_train_v1              │ 0.000702       │
│ optim/kl_sample_train_v2              │ 0.000452       │
│ train/advantage_abs_mean              │ 1.000000       │
│ train/anchor_reward_mean              │ 0.000000       │
│ train/anchor_reward_std               │ 0.000000       │
│ train/avg_response_length             │ 317.375000     │
│ train/consistency_gap_1               │ -0.213282      │
│ train/consistency_reward_mean         │ 0.025741       │
│ train/consistency_reward_std          │ 0.106641       │
│ train/epoch                           │ 0              │
│ train/kl_policy_base                  │ 0.055149       │
│ train/n_anchor_rollouts               │ 0              │
│ train/n_consistency_rollouts          │ 16             │
│ train/n_ref_parsed                    │ 27             │
│ train/n_training_parsed               │ 29             │
│ train/p_hat_1                         │ 0.379310       │
│ train/p_ref                           │ 0.592593       │
│ train/parse_rate                      │ 0.875000       │
│ train/rate_var                        │ 0.011372       │
│ train/reward_pert1_trait0_count       │ 8              │
│ train/reward_pert1_trait0_mean        │ -0.080900      │
│ train/reward_pert1_trait1_count       │ 8              │
│ train/reward_pert1_trait1_mean        │ 0.132382       │
│ train/train/clock_cycle:unique        │ 2412270.000000 │
│ train/train/loss:sum                  │ 860.584946     │
│ train/train/ppo_clipped_fraction:mean │ 0.175002       │
│ train/train/ppo_kl_div:mean           │ 0.713567       │
│ train/train/ppo_mean_ratio:mean       │ 0.852334       │
└───────────────────────────────────────┴────────────────┘

Epoch 1:  62%|██████▏   | 79/128 [1:23:34<25:56, 31.77s/it, kl=0.0007, gap=-0.213, p_hat=0.38, adv=1.000]
Epoch 1:  62%|██████▎   | 80/128 [1:23:35<25:47, 32.23s/it, kl=0.0007, gap=-0.213, p_hat=0.38, adv=1.000]tinker_cookbook.utils.ml_log:192 [[92mINFO[0m] Wrote metrics to logs/sweep-rollouts/llama-rlct-nr32/metrics.jsonl
tinker_cookbook.utils.ml_log:265 [[92mINFO[0m] 
                         Step 81                          
┏━━━━━━━━━━━━━━━━━━━━━━━━━━━━━━━━━━━━━━━┳━━━━━━━━━━━━━━━━┓
┃ Metric                                ┃ Value          ┃
┡━━━━━━━━━━━━━━━━━━━━━━━━━━━━━━━━━━━━━━━╇━━━━━━━━━━━━━━━━┩
│ optim/entropy                         │ 2.303665       │
│ optim/kl_sample_train_v1              │ 0.000518       │
│ optim/kl_sample_train_v2              │ 0.000447       │
│ train/advantage_abs_mean              │ 0.484123       │
│ train/anchor_reward_mean              │ 0.000000       │
│ train/anchor_reward_std               │ 0.000000       │
│ train/avg_response_length             │ 382.062500     │
│ train/consistency_gap_1               │ 0.033333       │
│ train/consistency_reward_mean         │ -0.000972      │
│ train/consistency_reward_std          │ 0.008069       │
│ train/epoch                           │ 0              │
│ train/kl_policy_base                  │ 0.099813       │
│ train/n_anchor_rollouts               │ 0              │
│ train/n_consistency_rollouts          │ 16             │
│ train/n_ref_parsed                    │ 30             │
│ train/n_training_parsed               │ 30             │
│ train/p_hat_1                         │ 0.033333       │
│ train/p_ref                           │ 0.000000       │
│ train/parse_rate                      │ 0.937500       │
│ train/rate_var                        │ 0.000278       │
│ train/reward_pert1_trait0_count       │ 15             │
│ train/reward_pert1_trait0_mean        │ 0.001111       │
│ train/reward_pert1_trait1_count       │ 1              │
│ train/reward_pert1_trait1_mean        │ -0.032222      │
│ train/train/clock_cycle:unique        │ 2412273.000000 │
│ train/train/loss:sum                  │ 237.478470     │
│ train/train/ppo_clipped_fraction:mean │ 0.171365       │
│ train/train/ppo_kl_div:mean           │ 0.781156       │
│ train/train/ppo_mean_ratio:mean       │ 0.858879       │
└───────────────────────────────────────┴────────────────┘

Epoch 1:  62%|██████▎   | 80/128 [1:24:36<25:47, 32.23s/it, kl=0.0005, gap=0.033, p_hat=0.03, adv=0.484] 
Epoch 1:  63%|██████▎   | 81/128 [1:24:37<32:15, 41.18s/it, kl=0.0005, gap=0.033, p_hat=0.03, adv=0.484]tinker_cookbook.utils.ml_log:192 [[92mINFO[0m] Wrote metrics to logs/sweep-rollouts/llama-rlct-nr32/metrics.jsonl
tinker_cookbook.utils.ml_log:265 [[92mINFO[0m] 
                         Step 82                          
┏━━━━━━━━━━━━━━━━━━━━━━━━━━━━━━━━━━━━━━━┳━━━━━━━━━━━━━━━━┓
┃ Metric                                ┃ Value          ┃
┡━━━━━━━━━━━━━━━━━━━━━━━━━━━━━━━━━━━━━━━╇━━━━━━━━━━━━━━━━┩
│ optim/entropy                         │ 6.466444       │
│ optim/kl_sample_train_v1              │ 0.000518       │
│ optim/kl_sample_train_v2              │ 0.000409       │
│ train/advantage_abs_mean              │ 0.780625       │
│ train/anchor_reward_mean              │ 0.000000       │
│ train/anchor_reward_std               │ 0.000000       │
│ train/avg_response_length             │ 677.875000     │
│ train/consistency_gap_1               │ -0.230769      │
│ train/consistency_reward_mean         │ -0.027737      │
│ train/consistency_reward_std          │ 0.090072       │
│ train/epoch                           │ 0              │
│ train/kl_policy_base                  │ 0.126280       │
│ train/n_anchor_rollouts               │ 0              │
│ train/n_consistency_rollouts          │ 16             │
│ train/n_ref_parsed                    │ 26             │
│ train/n_training_parsed               │ 26             │
│ train/p_hat_1                         │ 0.307692       │
│ train/p_ref                           │ 0.538462       │
│ train/parse_rate                      │ 0.812500       │
│ train/rate_var                        │ 0.013314       │
│ train/reward_pert1_trait0_count       │ 13             │
│ train/reward_pert1_trait0_mean        │ -0.071006      │
│ train/reward_pert1_trait1_count       │ 3              │
│ train/reward_pert1_trait1_mean        │ 0.159763       │
│ train/train/clock_cycle:unique        │ 2412292.000000 │
│ train/train/loss:sum                  │ 3076.841084    │
│ train/train/ppo_clipped_fraction:mean │ 0.303731       │
│ train/train/ppo_kl_div:mean           │ 1.055458       │
│ train/train/ppo_mean_ratio:mean       │ 0.746334       │
└───────────────────────────────────────┴────────────────┘

Epoch 1:  63%|██████▎   | 81/128 [1:25:31<32:15, 41.18s/it, kl=0.0005, gap=-0.231, p_hat=0.31, adv=0.781]
Epoch 1:  64%|██████▍   | 82/128 [1:25:32<34:50, 45.44s/it, kl=0.0005, gap=-0.231, p_hat=0.31, adv=0.781]tinker_cookbook.utils.ml_log:192 [[92mINFO[0m] Wrote metrics to logs/sweep-rollouts/llama-rlct-nr32/metrics.jsonl
tinker_cookbook.utils.ml_log:265 [[92mINFO[0m] 
               Step 83               
┏━━━━━━━━━━━━━━━━━━━━━━━━━━━┳━━━━━━━┓
┃ Metric                    ┃ Value ┃
┡━━━━━━━━━━━━━━━━━━━━━━━━━━━╇━━━━━━━┩
│ train/skipped_empty_batch │ 1     │
└───────────────────────────┴───────┘

Epoch 1:  65%|██████▍   | 83/128 [1:25:40<25:41, 34.25s/it, kl=0.0005, gap=-0.231, p_hat=0.31, adv=0.781]tinker_cookbook.utils.ml_log:192 [[92mINFO[0m] Wrote metrics to logs/sweep-rollouts/llama-rlct-nr32/metrics.jsonl
tinker_cookbook.utils.ml_log:265 [[92mINFO[0m] 
               Step 84               
┏━━━━━━━━━━━━━━━━━━━━━━━━━━━┳━━━━━━━┓
┃ Metric                    ┃ Value ┃
┡━━━━━━━━━━━━━━━━━━━━━━━━━━━╇━━━━━━━┩
│ train/skipped_empty_batch │ 1     │
└───────────────────────────┴───────┘

Epoch 1:  66%|██████▌   | 84/128 [1:25:58<21:27, 29.25s/it, kl=0.0005, gap=-0.231, p_hat=0.31, adv=0.781]tinker_cookbook.utils.ml_log:192 [[92mINFO[0m] Wrote metrics to logs/sweep-rollouts/llama-rlct-nr32/metrics.jsonl
tinker_cookbook.utils.ml_log:265 [[92mINFO[0m] 
               Step 85               
┏━━━━━━━━━━━━━━━━━━━━━━━━━━━┳━━━━━━━┓
┃ Metric                    ┃ Value ┃
┡━━━━━━━━━━━━━━━━━━━━━━━━━━━╇━━━━━━━┩
│ train/skipped_empty_batch │ 1     │
└───────────────────────────┴───────┘

Epoch 1:  66%|██████▋   | 85/128 [1:27:13<30:54, 43.12s/it, kl=0.0005, gap=-0.231, p_hat=0.31, adv=0.781]tinker_cookbook.utils.ml_log:192 [[92mINFO[0m] Wrote metrics to logs/sweep-rollouts/llama-rlct-nr32/metrics.jsonl
tinker_cookbook.utils.ml_log:265 [[92mINFO[0m] 
               Step 86               
┏━━━━━━━━━━━━━━━━━━━━━━━━━━━┳━━━━━━━┓
┃ Metric                    ┃ Value ┃
┡━━━━━━━━━━━━━━━━━━━━━━━━━━━╇━━━━━━━┩
│ train/skipped_empty_batch │ 1     │
└───────────────────────────┴───────┘

Epoch 1:  67%|██████▋   | 86/128 [1:28:05<32:02, 45.77s/it, kl=0.0005, gap=-0.231, p_hat=0.31, adv=0.781]tinker_cookbook.utils.ml_log:192 [[92mINFO[0m] Wrote metrics to logs/sweep-rollouts/llama-rlct-nr32/metrics.jsonl
tinker_cookbook.utils.ml_log:265 [[92mINFO[0m] 
                         Step 87                          
┏━━━━━━━━━━━━━━━━━━━━━━━━━━━━━━━━━━━━━━━┳━━━━━━━━━━━━━━━━┓
┃ Metric                                ┃ Value          ┃
┡━━━━━━━━━━━━━━━━━━━━━━━━━━━━━━━━━━━━━━━╇━━━━━━━━━━━━━━━━┩
│ optim/entropy                         │ 1.057301       │
│ optim/kl_sample_train_v1              │ 0.000366       │
│ optim/kl_sample_train_v2              │ 0.000748       │
│ train/advantage_abs_mean              │ 0.661438       │
│ train/anchor_reward_mean              │ 0.000000       │
│ train/anchor_reward_std               │ 0.000000       │
│ train/avg_response_length             │ 293.812500     │
│ train/consistency_gap_1               │ 0.029167       │
│ train/consistency_reward_mean         │ -0.001823      │
│ train/consistency_reward_std          │ 0.009646       │
│ train/epoch                           │ 0              │
│ train/kl_policy_base                  │ 0.127026       │
│ train/n_anchor_rollouts               │ 0              │
│ train/n_consistency_rollouts          │ 16             │
│ train/n_ref_parsed                    │ 30             │
│ train/n_training_parsed               │ 32             │
│ train/p_hat_1                         │ 0.062500       │
│ train/p_ref                           │ 0.033333       │
│ train/parse_rate                      │ 0.968750       │
│ train/rate_var                        │ 0.000213       │
│ train/reward_pert1_trait0_count       │ 14             │
│ train/reward_pert1_trait0_mean        │ 0.001823       │
│ train/reward_pert1_trait1_count       │ 2              │
│ train/reward_pert1_trait1_mean        │ -0.027344      │
│ train/train/clock_cycle:unique        │ 2412295.000000 │
│ train/train/loss:sum                  │ 772.237629     │
│ train/train/ppo_clipped_fraction:mean │ 0.562767       │
│ train/train/ppo_kl_div:mean           │ 1.978551       │
│ train/train/ppo_mean_ratio:mean       │ 0.538447       │
└───────────────────────────────────────┴────────────────┘

Epoch 1:  67%|██████▋   | 86/128 [1:28:23<32:02, 45.77s/it, kl=0.0004, gap=0.029, p_hat=0.06, adv=0.661] 
Epoch 1:  68%|██████▊   | 87/128 [1:28:26<26:02, 38.11s/it, kl=0.0004, gap=0.029, p_hat=0.06, adv=0.661]tinker_cookbook.utils.ml_log:192 [[92mINFO[0m] Wrote metrics to logs/sweep-rollouts/llama-rlct-nr32/metrics.jsonl
tinker_cookbook.utils.ml_log:265 [[92mINFO[0m] 
               Step 88               
┏━━━━━━━━━━━━━━━━━━━━━━━━━━━┳━━━━━━━┓
┃ Metric                    ┃ Value ┃
┡━━━━━━━━━━━━━━━━━━━━━━━━━━━╇━━━━━━━┩
│ train/skipped_empty_batch │ 1     │
└───────────────────────────┴───────┘

Epoch 1:  69%|██████▉   | 88/128 [1:28:39<20:31, 30.79s/it, kl=0.0004, gap=0.029, p_hat=0.06, adv=0.661]tinker_cookbook.utils.ml_log:192 [[92mINFO[0m] Wrote metrics to logs/sweep-rollouts/llama-rlct-nr32/metrics.jsonl
tinker_cookbook.utils.ml_log:265 [[92mINFO[0m] 
               Step 89               
┏━━━━━━━━━━━━━━━━━━━━━━━━━━━┳━━━━━━━┓
┃ Metric                    ┃ Value ┃
┡━━━━━━━━━━━━━━━━━━━━━━━━━━━╇━━━━━━━┩
│ train/skipped_empty_batch │ 1     │
└───────────────────────────┴───────┘

Epoch 1:  70%|██████▉   | 89/128 [1:28:47<15:26, 23.77s/it, kl=0.0004, gap=0.029, p_hat=0.06, adv=0.661]tinker_cookbook.utils.ml_log:192 [[92mINFO[0m] Wrote metrics to logs/sweep-rollouts/llama-rlct-nr32/metrics.jsonl
tinker_cookbook.utils.ml_log:265 [[92mINFO[0m] 
               Step 90               
┏━━━━━━━━━━━━━━━━━━━━━━━━━━━┳━━━━━━━┓
┃ Metric                    ┃ Value ┃
┡━━━━━━━━━━━━━━━━━━━━━━━━━━━╇━━━━━━━┩
│ train/skipped_empty_batch │ 1     │
└───────────────────────────┴───────┘

Epoch 1:  70%|███████   | 90/128 [1:28:52<11:31, 18.21s/it, kl=0.0004, gap=0.029, p_hat=0.06, adv=0.661]tinker_cookbook.utils.ml_log:192 [[92mINFO[0m] Wrote metrics to logs/sweep-rollouts/llama-rlct-nr32/metrics.jsonl
tinker_cookbook.utils.ml_log:265 [[92mINFO[0m] 
               Step 91               
┏━━━━━━━━━━━━━━━━━━━━━━━━━━━┳━━━━━━━┓
┃ Metric                    ┃ Value ┃
┡━━━━━━━━━━━━━━━━━━━━━━━━━━━╇━━━━━━━┩
│ train/skipped_empty_batch │ 1     │
└───────────────────────────┴───────┘

Epoch 1:  71%|███████   | 91/128 [1:29:52<19:02, 30.88s/it, kl=0.0004, gap=0.029, p_hat=0.06, adv=0.661]tinker_cookbook.utils.ml_log:192 [[92mINFO[0m] Wrote metrics to logs/sweep-rollouts/llama-rlct-nr32/metrics.jsonl
tinker_cookbook.utils.ml_log:265 [[92mINFO[0m] 
                         Step 92                          
┏━━━━━━━━━━━━━━━━━━━━━━━━━━━━━━━━━━━━━━━┳━━━━━━━━━━━━━━━━┓
┃ Metric                                ┃ Value          ┃
┡━━━━━━━━━━━━━━━━━━━━━━━━━━━━━━━━━━━━━━━╇━━━━━━━━━━━━━━━━┩
│ optim/entropy                         │ 5.114482       │
│ optim/kl_sample_train_v1              │ 0.000679       │
│ optim/kl_sample_train_v2              │ 0.000379       │
│ train/advantage_abs_mean              │ 0.484123       │
│ train/anchor_reward_mean              │ 0.000000       │
│ train/anchor_reward_std               │ 0.000000       │
│ train/avg_response_length             │ 332.375000     │
│ train/consistency_gap_1               │ -0.096774      │
│ train/consistency_reward_mean         │ -0.000195      │
│ train/consistency_reward_std          │ 0.023425       │
│ train/epoch                           │ 0              │
│ train/kl_policy_base                  │ 0.107329       │
│ train/n_anchor_rollouts               │ 0              │
│ train/n_consistency_rollouts          │ 16             │
│ train/n_ref_parsed                    │ 31             │
│ train/n_training_parsed               │ 31             │
│ train/p_hat_1                         │ 0.064516       │
│ train/p_ref                           │ 0.161290       │
│ train/parse_rate                      │ 0.968750       │
│ train/rate_var                        │ 0.002341       │
│ train/reward_pert1_trait0_count       │ 15             │
│ train/reward_pert1_trait0_mean        │ -0.006243      │
│ train/reward_pert1_trait1_count       │ 1              │
│ train/reward_pert1_trait1_mean        │ 0.090531       │
│ train/train/clock_cycle:unique        │ 2412316.000000 │
│ train/train/loss:sum                  │ 716.832123     │
│ train/train/ppo_clipped_fraction:mean │ 0.238765       │
│ train/train/ppo_kl_div:mean           │ 1.073440       │
│ train/train/ppo_mean_ratio:mean       │ 0.792196       │
└───────────────────────────────────────┴────────────────┘

Epoch 1:  71%|███████   | 91/128 [1:30:43<19:02, 30.88s/it, kl=0.0007, gap=-0.097, p_hat=0.06, adv=0.484]
Epoch 1:  72%|███████▏  | 92/128 [1:30:53<23:58, 39.97s/it, kl=0.0007, gap=-0.097, p_hat=0.06, adv=0.484]tinker_cookbook.utils.ml_log:192 [[92mINFO[0m] Wrote metrics to logs/sweep-rollouts/llama-rlct-nr32/metrics.jsonl
tinker_cookbook.utils.ml_log:265 [[92mINFO[0m] 
               Step 93               
┏━━━━━━━━━━━━━━━━━━━━━━━━━━━┳━━━━━━━┓
┃ Metric                    ┃ Value ┃
┡━━━━━━━━━━━━━━━━━━━━━━━━━━━╇━━━━━━━┩
│ train/skipped_empty_batch │ 1     │
└───────────────────────────┴───────┘

Epoch 1:  73%|███████▎  | 93/128 [1:31:16<20:13, 34.66s/it, kl=0.0007, gap=-0.097, p_hat=0.06, adv=0.484]tinker_cookbook.utils.ml_log:192 [[92mINFO[0m] Wrote metrics to logs/sweep-rollouts/llama-rlct-nr32/metrics.jsonl
tinker_cookbook.utils.ml_log:265 [[92mINFO[0m] 
                         Step 94                          
┏━━━━━━━━━━━━━━━━━━━━━━━━━━━━━━━━━━━━━━━┳━━━━━━━━━━━━━━━━┓
┃ Metric                                ┃ Value          ┃
┡━━━━━━━━━━━━━━━━━━━━━━━━━━━━━━━━━━━━━━━╇━━━━━━━━━━━━━━━━┩
│ optim/entropy                         │ 4.241923       │
│ optim/kl_sample_train_v1              │ 0.000411       │
│ optim/kl_sample_train_v2              │ 0.000427       │
│ train/advantage_abs_mean              │ 0.484123       │
│ train/anchor_reward_mean              │ 0.000000       │
│ train/anchor_reward_std               │ 0.000000       │
│ train/avg_response_length             │ 426.125000     │
│ train/consistency_gap_1               │ 0.002849       │
│ train/consistency_reward_mean         │ 0.000041       │
│ train/consistency_reward_std          │ 0.000690       │
│ train/epoch                           │ 0              │
│ train/kl_policy_base                  │ 0.114391       │
│ train/n_anchor_rollouts               │ 0              │
│ train/n_consistency_rollouts          │ 16             │
│ train/n_ref_parsed                    │ 27             │
│ train/n_training_parsed               │ 26             │
│ train/p_hat_1                         │ 0.076923       │
│ train/p_ref                           │ 0.074074       │
│ train/parse_rate                      │ 0.828125       │
│ train/rate_var                        │ 0.000002       │
│ train/reward_pert1_trait0_count       │ 15             │
│ train/reward_pert1_trait0_mean        │ 0.000219       │
│ train/reward_pert1_trait1_count       │ 1              │
│ train/reward_pert1_trait1_mean        │ -0.002630      │
│ train/train/clock_cycle:unique        │ 2412335.000000 │
│ train/train/loss:sum                  │ -668.184898    │
│ train/train/ppo_clipped_fraction:mean │ 0.236244       │
│ train/train/ppo_kl_div:mean           │ 0.934785       │
│ train/train/ppo_mean_ratio:mean       │ 0.805675       │
└───────────────────────────────────────┴────────────────┘

Epoch 1:  73%|███████▎  | 93/128 [1:32:30<20:13, 34.66s/it, kl=0.0004, gap=0.003, p_hat=0.08, adv=0.484] 
Epoch 1:  73%|███████▎  | 94/128 [1:32:59<31:16, 55.19s/it, kl=0.0004, gap=0.003, p_hat=0.08, adv=0.484]tinker_cookbook.utils.ml_log:192 [[92mINFO[0m] Wrote metrics to logs/sweep-rollouts/llama-rlct-nr32/metrics.jsonl
tinker_cookbook.utils.ml_log:265 [[92mINFO[0m] 
                         Step 95                          
┏━━━━━━━━━━━━━━━━━━━━━━━━━━━━━━━━━━━━━━━┳━━━━━━━━━━━━━━━━┓
┃ Metric                                ┃ Value          ┃
┡━━━━━━━━━━━━━━━━━━━━━━━━━━━━━━━━━━━━━━━╇━━━━━━━━━━━━━━━━┩
│ optim/entropy                         │ 2.176596       │
│ optim/kl_sample_train_v1              │ 0.000790       │
│ optim/kl_sample_train_v2              │ 0.000505       │
│ train/advantage_abs_mean              │ 0.866025       │
│ train/anchor_reward_mean              │ 0.000000       │
│ train/anchor_reward_std               │ 0.000000       │
│ train/avg_response_length             │ 316.687500     │
│ train/consistency_gap_1               │ -0.034483      │
│ train/consistency_reward_mean         │ -0.003270      │
│ train/consistency_reward_std          │ 0.014931       │
│ train/epoch                           │ 0              │
│ train/kl_policy_base                  │ 0.134813       │
│ train/n_anchor_rollouts               │ 0              │
│ train/n_consistency_rollouts          │ 16             │
│ train/n_ref_parsed                    │ 29             │
│ train/n_training_parsed               │ 29             │
│ train/p_hat_1                         │ 0.344828       │
│ train/p_ref                           │ 0.379310       │
│ train/parse_rate                      │ 0.906250       │
│ train/rate_var                        │ 0.000297       │
│ train/reward_pert1_trait0_count       │ 12             │
│ train/reward_pert1_trait0_mean        │ -0.011891      │
│ train/reward_pert1_trait1_count       │ 4              │
│ train/reward_pert1_trait1_mean        │ 0.022592       │
│ train/train/clock_cycle:unique        │ 2412338.000000 │
│ train/train/loss:sum                  │ 60.146921      │
│ train/train/ppo_clipped_fraction:mean │ 0.264182       │
│ train/train/ppo_kl_div:mean           │ 1.157571       │
│ train/train/ppo_mean_ratio:mean       │ 0.768942       │
└───────────────────────────────────────┴────────────────┘

Epoch 1:  73%|███████▎  | 94/128 [1:34:10<31:16, 55.19s/it, kl=0.0008, gap=-0.034, p_hat=0.34, adv=0.866]
Epoch 1:  74%|███████▍  | 95/128 [1:34:11<33:08, 60.25s/it, kl=0.0008, gap=-0.034, p_hat=0.34, adv=0.866]tinker_cookbook.utils.ml_log:192 [[92mINFO[0m] Wrote metrics to logs/sweep-rollouts/llama-rlct-nr32/metrics.jsonl
tinker_cookbook.utils.ml_log:265 [[92mINFO[0m] 
                         Step 96                          
┏━━━━━━━━━━━━━━━━━━━━━━━━━━━━━━━━━━━━━━━┳━━━━━━━━━━━━━━━━┓
┃ Metric                                ┃ Value          ┃
┡━━━━━━━━━━━━━━━━━━━━━━━━━━━━━━━━━━━━━━━╇━━━━━━━━━━━━━━━━┩
│ optim/entropy                         │ 0.832487       │
│ optim/kl_sample_train_v1              │ 0.001329       │
│ optim/kl_sample_train_v2              │ 0.000596       │
│ train/advantage_abs_mean              │ 0.866025       │
│ train/anchor_reward_mean              │ 0.000000       │
│ train/anchor_reward_std               │ 0.000000       │
│ train/avg_response_length             │ 150.812500     │
│ train/consistency_gap_1               │ 0.206897       │
│ train/consistency_reward_mean         │ -0.008918      │
│ train/consistency_reward_std          │ 0.089589       │
│ train/epoch                           │ 0              │
│ train/kl_policy_base                  │ 0.157378       │
│ train/n_anchor_rollouts               │ 0              │
│ train/n_consistency_rollouts          │ 16             │
│ train/n_ref_parsed                    │ 28             │
│ train/n_training_parsed               │ 29             │
│ train/p_hat_1                         │ 0.206897       │
│ train/p_ref                           │ 0.000000       │
│ train/parse_rate                      │ 0.890625       │
│ train/rate_var                        │ 0.010702       │
│ train/reward_pert1_trait0_count       │ 12             │
│ train/reward_pert1_trait0_mean        │ 0.042806       │
│ train/reward_pert1_trait1_count       │ 4              │
│ train/reward_pert1_trait1_mean        │ -0.164090      │
│ train/train/clock_cycle:unique        │ 2412341.000000 │
│ train/train/loss:sum                  │ -82.780846     │
│ train/train/ppo_clipped_fraction:mean │ 0.387469       │
│ train/train/ppo_kl_div:mean           │ 1.710707       │
│ train/train/ppo_mean_ratio:mean       │ 0.666707       │
└───────────────────────────────────────┴────────────────┘

Epoch 1:  74%|███████▍  | 95/128 [1:34:25<33:08, 60.25s/it, kl=0.0013, gap=0.207, p_hat=0.21, adv=0.866] 
Epoch 1:  75%|███████▌  | 96/128 [1:34:26<24:54, 46.72s/it, kl=0.0013, gap=0.207, p_hat=0.21, adv=0.866]tinker_cookbook.utils.ml_log:192 [[92mINFO[0m] Wrote metrics to logs/sweep-rollouts/llama-rlct-nr32/metrics.jsonl
tinker_cookbook.utils.ml_log:265 [[92mINFO[0m] 
                         Step 97                          
┏━━━━━━━━━━━━━━━━━━━━━━━━━━━━━━━━━━━━━━━┳━━━━━━━━━━━━━━━━┓
┃ Metric                                ┃ Value          ┃
┡━━━━━━━━━━━━━━━━━━━━━━━━━━━━━━━━━━━━━━━╇━━━━━━━━━━━━━━━━┩
│ optim/entropy                         │ 0.839419       │
│ optim/kl_sample_train_v1              │ 0.000661       │
│ optim/kl_sample_train_v2              │ 0.000481       │
│ train/advantage_abs_mean              │ 0.992157       │
│ train/anchor_reward_mean              │ 0.000000       │
│ train/anchor_reward_std               │ 0.000000       │
│ train/avg_response_length             │ 219.812500     │
│ train/consistency_gap_1               │ -0.074074      │
│ train/consistency_reward_mean         │ 0.002229       │
│ train/consistency_reward_std          │ 0.036747       │
│ train/epoch                           │ 0              │
│ train/kl_policy_base                  │ 0.135942       │
│ train/n_anchor_rollouts               │ 0              │
│ train/n_consistency_rollouts          │ 16             │
│ train/n_ref_parsed                    │ 27             │
│ train/n_training_parsed               │ 27             │
│ train/p_hat_1                         │ 0.407407       │
│ train/p_ref                           │ 0.481481       │
│ train/parse_rate                      │ 0.843750       │
│ train/rate_var                        │ 0.001372       │
│ train/reward_pert1_trait0_count       │ 9              │
│ train/reward_pert1_trait0_mean        │ -0.030178      │
│ train/reward_pert1_trait1_count       │ 7              │
│ train/reward_pert1_trait1_mean        │ 0.043896       │
│ train/train/clock_cycle:unique        │ 2412344.000000 │
│ train/train/loss:sum                  │ 288.872913     │
│ train/train/ppo_clipped_fraction:mean │ 0.341518       │
│ train/train/ppo_kl_div:mean           │ 1.341601       │
│ train/train/ppo_mean_ratio:mean       │ 0.718609       │
└───────────────────────────────────────┴────────────────┘

Epoch 1:  75%|███████▌  | 96/128 [1:35:20<24:54, 46.72s/it, kl=0.0007, gap=-0.074, p_hat=0.41, adv=0.992]
Epoch 1:  76%|███████▌  | 97/128 [1:35:34<27:21, 52.96s/it, kl=0.0007, gap=-0.074, p_hat=0.41, adv=0.992]tinker_cookbook.utils.ml_log:192 [[92mINFO[0m] Wrote metrics to logs/sweep-rollouts/llama-rlct-nr32/metrics.jsonl
tinker_cookbook.utils.ml_log:265 [[92mINFO[0m] 
               Step 98               
┏━━━━━━━━━━━━━━━━━━━━━━━━━━━┳━━━━━━━┓
┃ Metric                    ┃ Value ┃
┡━━━━━━━━━━━━━━━━━━━━━━━━━━━╇━━━━━━━┩
│ train/skipped_empty_batch │ 1     │
└───────────────────────────┴───────┘

Epoch 1:  77%|███████▋  | 98/128 [1:36:44<29:04, 58.15s/it, kl=0.0007, gap=-0.074, p_hat=0.41, adv=0.992]tinker_cookbook.utils.ml_log:192 [[92mINFO[0m] Wrote metrics to logs/sweep-rollouts/llama-rlct-nr32/metrics.jsonl

⚠️  Low parse rate (79.7%) at step 99
tinker_cookbook.utils.ml_log:265 [[92mINFO[0m] 
                         Step 99                          
┏━━━━━━━━━━━━━━━━━━━━━━━━━━━━━━━━━━━━━━━┳━━━━━━━━━━━━━━━━┓
┃ Metric                                ┃ Value          ┃
┡━━━━━━━━━━━━━━━━━━━━━━━━━━━━━━━━━━━━━━━╇━━━━━━━━━━━━━━━━┩
│ optim/entropy                         │ 3.926817       │
│ optim/kl_sample_train_v1              │ 0.000016       │
│ optim/kl_sample_train_v2              │ 0.000417       │
│ train/advantage_abs_mean              │ 0.661438       │
│ train/anchor_reward_mean              │ 0.000000       │
│ train/anchor_reward_std               │ 0.000000       │
│ train/avg_response_length             │ 577.187500     │
│ train/consistency_gap_1               │ 0.009259       │
│ train/consistency_reward_mean         │ -0.000386      │
│ train/consistency_reward_std          │ 0.003062       │
│ train/epoch                           │ 0              │
│ train/kl_policy_base                  │ 0.047421       │
│ train/n_anchor_rollouts               │ 0              │
│ train/n_consistency_rollouts          │ 16             │
│ train/n_ref_parsed                    │ 27             │
│ train/n_training_parsed               │ 24             │
│ train/p_hat_1                         │ 0.083333       │
│ train/p_ref                           │ 0.074074       │
│ train/parse_rate                      │ 0.796875       │
│ train/rate_var                        │ 0.000021       │
│ train/reward_pert1_trait0_count       │ 14             │
│ train/reward_pert1_trait0_mean        │ 0.000772       │
│ train/reward_pert1_trait1_count       │ 2              │
│ train/reward_pert1_trait1_mean        │ -0.008488      │
│ train/train/clock_cycle:unique        │ 2412363.000000 │
│ train/train/loss:sum                  │ -169.402222    │
│ train/train/ppo_clipped_fraction:mean │ 0.127750       │
│ train/train/ppo_kl_div:mean           │ 0.524883       │
│ train/train/ppo_mean_ratio:mean       │ 0.894104       │
└───────────────────────────────────────┴────────────────┘

Epoch 1:  77%|███████▋  | 98/128 [1:37:55<29:04, 58.15s/it, kl=0.0000, gap=0.009, p_hat=0.08, adv=0.661] 
Epoch 1:  77%|███████▋  | 99/128 [1:37:56<30:04, 62.21s/it, kl=0.0000, gap=0.009, p_hat=0.08, adv=0.661]tinker_cookbook.utils.ml_log:192 [[92mINFO[0m] Wrote metrics to logs/sweep-rollouts/llama-rlct-nr32/metrics.jsonl
tinker_cookbook.utils.ml_log:265 [[92mINFO[0m] 
                         Step 100                         
┏━━━━━━━━━━━━━━━━━━━━━━━━━━━━━━━━━━━━━━━┳━━━━━━━━━━━━━━━━┓
┃ Metric                                ┃ Value          ┃
┡━━━━━━━━━━━━━━━━━━━━━━━━━━━━━━━━━━━━━━━╇━━━━━━━━━━━━━━━━┩
│ optim/entropy                         │ 4.540180       │
│ optim/kl_sample_train_v1              │ 0.000816       │
│ optim/kl_sample_train_v2              │ 0.000434       │
│ train/advantage_abs_mean              │ 0.484123       │
│ train/anchor_reward_mean              │ 0.000000       │
│ train/anchor_reward_std               │ 0.000000       │
│ train/avg_response_length             │ 404.562500     │
│ train/consistency_gap_1               │ 0.033333       │
│ train/consistency_reward_mean         │ 0.000139       │
│ train/consistency_reward_std          │ 0.008069       │
│ train/epoch                           │ 0              │
│ train/kl_policy_base                  │ 0.066458       │
│ train/n_anchor_rollouts               │ 0              │
│ train/n_consistency_rollouts          │ 16             │
│ train/n_ref_parsed                    │ 30             │
│ train/n_training_parsed               │ 30             │
│ train/p_hat_1                         │ 0.066667       │
│ train/p_ref                           │ 0.033333       │
│ train/parse_rate                      │ 0.937500       │
│ train/rate_var                        │ 0.000278       │
│ train/reward_pert1_trait0_count       │ 15             │
│ train/reward_pert1_trait0_mean        │ 0.002222       │
│ train/reward_pert1_trait1_count       │ 1              │
│ train/reward_pert1_trait1_mean        │ -0.031111      │
│ train/train/clock_cycle:unique        │ 2412366.000000 │
│ train/train/loss:sum                  │ -1073.230896   │
│ train/train/ppo_clipped_fraction:mean │ 0.168301       │
│ train/train/ppo_kl_div:mean           │ 0.788960       │
│ train/train/ppo_mean_ratio:mean       │ 0.858401       │
└───────────────────────────────────────┴────────────────┘

Epoch 1:  77%|███████▋  | 99/128 [1:38:55<30:04, 62.21s/it, kl=0.0008, gap=0.033, p_hat=0.07, adv=0.484]
Epoch 1:  78%|███████▊  | 100/128 [1:39:04<29:52, 64.00s/it, kl=0.0008, gap=0.033, p_hat=0.07, adv=0.484]tinker_cookbook.utils.ml_log:192 [[92mINFO[0m] Wrote metrics to logs/sweep-rollouts/llama-rlct-nr32/metrics.jsonl

⚠️  Low parse rate (75.0%) at step 101
tinker_cookbook.utils.ml_log:265 [[92mINFO[0m] 
              Step 101               
┏━━━━━━━━━━━━━━━━━━━━━━━━━━━┳━━━━━━━┓
┃ Metric                    ┃ Value ┃
┡━━━━━━━━━━━━━━━━━━━━━━━━━━━╇━━━━━━━┩
│ train/skipped_empty_batch │ 1     │
└───────────────────────────┴───────┘

Epoch 1:  79%|███████▉  | 101/128 [1:39:19<22:15, 49.45s/it, kl=0.0008, gap=0.033, p_hat=0.07, adv=0.484]tinker_cookbook.utils.ml_log:192 [[92mINFO[0m] Wrote metrics to logs/sweep-rollouts/llama-rlct-nr32/metrics.jsonl
tinker_cookbook.utils.ml_log:265 [[92mINFO[0m] 
              Step 102               
┏━━━━━━━━━━━━━━━━━━━━━━━━━━━┳━━━━━━━┓
┃ Metric                    ┃ Value ┃
┡━━━━━━━━━━━━━━━━━━━━━━━━━━━╇━━━━━━━┩
│ train/skipped_empty_batch │ 1     │
└───────────────────────────┴───────┘

Epoch 1:  80%|███████▉  | 102/128 [1:39:23<15:32, 35.87s/it, kl=0.0008, gap=0.033, p_hat=0.07, adv=0.484]tinker_cookbook.utils.ml_log:192 [[92mINFO[0m] Wrote metrics to logs/sweep-rollouts/llama-rlct-nr32/metrics.jsonl
tinker_cookbook.utils.ml_log:265 [[92mINFO[0m] 
                         Step 103                         
┏━━━━━━━━━━━━━━━━━━━━━━━━━━━━━━━━━━━━━━━┳━━━━━━━━━━━━━━━━┓
┃ Metric                                ┃ Value          ┃
┡━━━━━━━━━━━━━━━━━━━━━━━━━━━━━━━━━━━━━━━╇━━━━━━━━━━━━━━━━┩
│ optim/entropy                         │ 0.778316       │
│ optim/kl_sample_train_v1              │ 0.001105       │
│ optim/kl_sample_train_v2              │ 0.000529       │
│ train/advantage_abs_mean              │ 0.661438       │
│ train/anchor_reward_mean              │ 0.000000       │
│ train/anchor_reward_std               │ 0.000000       │
│ train/avg_response_length             │ 241.875000     │
│ train/consistency_gap_1               │ -0.088095      │
│ train/consistency_reward_mean         │ -0.004719      │
│ train/consistency_reward_std          │ 0.029135       │
│ train/epoch                           │ 0              │
│ train/kl_policy_base                  │ 0.092128       │
│ train/n_anchor_rollouts               │ 0              │
│ train/n_consistency_rollouts          │ 16             │
│ train/n_ref_parsed                    │ 30             │
│ train/n_training_parsed               │ 28             │
│ train/p_hat_1                         │ 0.178571       │
│ train/p_ref                           │ 0.266667       │
│ train/parse_rate                      │ 0.906250       │
│ train/rate_var                        │ 0.001940       │
│ train/reward_pert1_trait0_count       │ 14             │
│ train/reward_pert1_trait0_mean        │ -0.015731      │
│ train/reward_pert1_trait1_count       │ 2              │
│ train/reward_pert1_trait1_mean        │ 0.072364       │
│ train/train/clock_cycle:unique        │ 2412385.000000 │
│ train/train/loss:sum                  │ -871.759491    │
│ train/train/ppo_clipped_fraction:mean │ 0.264805       │
│ train/train/ppo_kl_div:mean           │ 1.019266       │
│ train/train/ppo_mean_ratio:mean       │ 0.781437       │
└───────────────────────────────────────┴────────────────┘

Epoch 1:  80%|███████▉  | 102/128 [1:40:10<15:32, 35.87s/it, kl=0.0011, gap=-0.088, p_hat=0.18, adv=0.661]
Epoch 1:  80%|████████  | 103/128 [1:40:15<16:58, 40.72s/it, kl=0.0011, gap=-0.088, p_hat=0.18, adv=0.661]tinker_cookbook.utils.ml_log:192 [[92mINFO[0m] Wrote metrics to logs/sweep-rollouts/llama-rlct-nr32/metrics.jsonl
tinker_cookbook.utils.ml_log:265 [[92mINFO[0m] 
                         Step 104                         
┏━━━━━━━━━━━━━━━━━━━━━━━━━━━━━━━━━━━━━━━┳━━━━━━━━━━━━━━━━┓
┃ Metric                                ┃ Value          ┃
┡━━━━━━━━━━━━━━━━━━━━━━━━━━━━━━━━━━━━━━━╇━━━━━━━━━━━━━━━━┩
│ optim/entropy                         │ 0.884155       │
│ optim/kl_sample_train_v1              │ 0.000229       │
│ optim/kl_sample_train_v2              │ 0.000565       │
│ train/advantage_abs_mean              │ 0.661438       │
│ train/anchor_reward_mean              │ 0.000000       │
│ train/anchor_reward_std               │ 0.000000       │
│ train/avg_response_length             │ 217.625000     │
│ train/consistency_gap_1               │ -0.102151      │
│ train/consistency_reward_mean         │ 0.004256       │
│ train/consistency_reward_std          │ 0.033783       │
│ train/epoch                           │ 0              │
│ train/kl_policy_base                  │ 0.147543       │
│ train/n_anchor_rollouts               │ 0              │
│ train/n_consistency_rollouts          │ 16             │
│ train/n_ref_parsed                    │ 31             │
│ train/n_training_parsed               │ 30             │
│ train/p_hat_1                         │ 0.833333       │
│ train/p_ref                           │ 0.935484       │
│ train/parse_rate                      │ 0.953125       │
│ train/rate_var                        │ 0.002609       │
│ train/reward_pert1_trait0_count       │ 2              │
│ train/reward_pert1_trait0_mean        │ -0.085125      │
│ train/reward_pert1_trait1_count       │ 14             │
│ train/reward_pert1_trait1_mean        │ 0.017025       │
│ train/train/clock_cycle:unique        │ 2412388.000000 │
│ train/train/loss:sum                  │ -415.693123    │
│ train/train/ppo_clipped_fraction:mean │ 0.215156       │
│ train/train/ppo_kl_div:mean           │ 1.007950       │
│ train/train/ppo_mean_ratio:mean       │ 0.809451       │
└───────────────────────────────────────┴────────────────┘

Epoch 1:  80%|████████  | 103/128 [1:41:02<16:58, 40.72s/it, kl=0.0002, gap=-0.102, p_hat=0.83, adv=0.661]
Epoch 1:  81%|████████▏ | 104/128 [1:41:32<20:33, 51.41s/it, kl=0.0002, gap=-0.102, p_hat=0.83, adv=0.661]tinker_cookbook.utils.ml_log:192 [[92mINFO[0m] Wrote metrics to logs/sweep-rollouts/llama-rlct-nr32/metrics.jsonl

⚠️  Low parse rate (65.6%) at step 105
tinker_cookbook.utils.ml_log:265 [[92mINFO[0m] 
                         Step 105                         
┏━━━━━━━━━━━━━━━━━━━━━━━━━━━━━━━━━━━━━━━┳━━━━━━━━━━━━━━━━┓
┃ Metric                                ┃ Value          ┃
┡━━━━━━━━━━━━━━━━━━━━━━━━━━━━━━━━━━━━━━━╇━━━━━━━━━━━━━━━━┩
│ optim/entropy                         │ 6.620669       │
│ optim/kl_sample_train_v1              │ 0.000574       │
│ optim/kl_sample_train_v2              │ 0.000462       │
│ train/advantage_abs_mean              │ 0.661438       │
│ train/anchor_reward_mean              │ 0.000000       │
│ train/anchor_reward_std               │ 0.000000       │
│ train/avg_response_length             │ 1668.687500    │
│ train/consistency_gap_1               │ 0.034325       │
│ train/consistency_reward_mean         │ -0.001306      │
│ train/consistency_reward_std          │ 0.011352       │
│ train/epoch                           │ 0              │
│ train/kl_policy_base                  │ 0.042465       │
│ train/n_anchor_rollouts               │ 0              │
│ train/n_consistency_rollouts          │ 16             │
│ train/n_ref_parsed                    │ 19             │
│ train/n_training_parsed               │ 23             │
│ train/p_hat_1                         │ 0.086957       │
│ train/p_ref                           │ 0.052632       │
│ train/parse_rate                      │ 0.656250       │
│ train/rate_var                        │ 0.000295       │
│ train/reward_pert1_trait0_count       │ 14             │
│ train/reward_pert1_trait0_mean        │ 0.002985       │
│ train/reward_pert1_trait1_count       │ 2              │
│ train/reward_pert1_trait1_mean        │ -0.031340      │
│ train/train/clock_cycle:unique        │ 2412407.000000 │
│ train/train/loss:sum                  │ -7878.878845   │
│ train/train/ppo_clipped_fraction:mean │ 0.062159       │
│ train/train/ppo_kl_div:mean           │ 0.222446       │
│ train/train/ppo_mean_ratio:mean       │ 0.950697       │
└───────────────────────────────────────┴────────────────┘

Epoch 1:  81%|████████▏ | 104/128 [1:44:10<20:33, 51.41s/it, kl=0.0006, gap=0.034, p_hat=0.09, adv=0.661] 
Epoch 1:  82%|████████▏ | 105/128 [1:44:11<32:03, 83.64s/it, kl=0.0006, gap=0.034, p_hat=0.09, adv=0.661]tinker_cookbook.utils.ml_log:192 [[92mINFO[0m] Wrote metrics to logs/sweep-rollouts/llama-rlct-nr32/metrics.jsonl
tinker_cookbook.utils.ml_log:265 [[92mINFO[0m] 
                         Step 106                         
┏━━━━━━━━━━━━━━━━━━━━━━━━━━━━━━━━━━━━━━━┳━━━━━━━━━━━━━━━━┓
┃ Metric                                ┃ Value          ┃
┡━━━━━━━━━━━━━━━━━━━━━━━━━━━━━━━━━━━━━━━╇━━━━━━━━━━━━━━━━┩
│ optim/entropy                         │ 3.975117       │
│ optim/kl_sample_train_v1              │ -0.000335      │
│ optim/kl_sample_train_v2              │ 0.000460       │
│ train/advantage_abs_mean              │ 0.968246       │
│ train/anchor_reward_mean              │ 0.000000       │
│ train/anchor_reward_std               │ 0.000000       │
│ train/avg_response_length             │ 488.812500     │
│ train/consistency_gap_1               │ 0.083554       │
│ train/consistency_reward_mean         │ -0.008283      │
│ train/consistency_reward_std          │ 0.040451       │
│ train/epoch                           │ 0              │
│ train/kl_policy_base                  │ 0.100965       │
│ train/n_anchor_rollouts               │ 0              │
│ train/n_consistency_rollouts          │ 16             │
│ train/n_ref_parsed                    │ 26             │
│ train/n_training_parsed               │ 29             │
│ train/p_hat_1                         │ 0.275862       │
│ train/p_ref                           │ 0.192308       │
│ train/parse_rate                      │ 0.859375       │
│ train/rate_var                        │ 0.001745       │
│ train/reward_pert1_trait0_count       │ 10             │
│ train/reward_pert1_trait0_mean        │ 0.023049       │
│ train/reward_pert1_trait1_count       │ 6              │
│ train/reward_pert1_trait1_mean        │ -0.060505      │
│ train/train/clock_cycle:unique        │ 2412410.000000 │
│ train/train/loss:sum                  │ -2537.041565   │
│ train/train/ppo_clipped_fraction:mean │ 0.293460       │
│ train/train/ppo_kl_div:mean           │ 1.193868       │
│ train/train/ppo_mean_ratio:mean       │ 0.751949       │
└───────────────────────────────────────┴────────────────┘

Epoch 1:  82%|████████▏ | 105/128 [1:45:10<32:03, 83.64s/it, kl=-0.0003, gap=0.084, p_hat=0.28, adv=0.968]
Epoch 1:  83%|████████▎ | 106/128 [1:45:23<29:26, 80.30s/it, kl=-0.0003, gap=0.084, p_hat=0.28, adv=0.968]tinker_cookbook.utils.ml_log:192 [[92mINFO[0m] Wrote metrics to logs/sweep-rollouts/llama-rlct-nr32/metrics.jsonl
tinker_cookbook.utils.ml_log:265 [[92mINFO[0m] 
              Step 107               
┏━━━━━━━━━━━━━━━━━━━━━━━━━━━┳━━━━━━━┓
┃ Metric                    ┃ Value ┃
┡━━━━━━━━━━━━━━━━━━━━━━━━━━━╇━━━━━━━┩
│ train/skipped_empty_batch │ 1     │
└───────────────────────────┴───────┘

Epoch 1:  84%|████████▎ | 107/128 [1:46:28<26:26, 75.55s/it, kl=-0.0003, gap=0.084, p_hat=0.28, adv=0.968]tinker_cookbook.utils.ml_log:192 [[92mINFO[0m] Wrote metrics to logs/sweep-rollouts/llama-rlct-nr32/metrics.jsonl
tinker_cookbook.utils.ml_log:265 [[92mINFO[0m] 
                         Step 108                         
┏━━━━━━━━━━━━━━━━━━━━━━━━━━━━━━━━━━━━━━━┳━━━━━━━━━━━━━━━━┓
┃ Metric                                ┃ Value          ┃
┡━━━━━━━━━━━━━━━━━━━━━━━━━━━━━━━━━━━━━━━╇━━━━━━━━━━━━━━━━┩
│ optim/entropy                         │ 6.891469       │
│ optim/kl_sample_train_v1              │ 0.000272       │
│ optim/kl_sample_train_v2              │ 0.000326       │
│ train/advantage_abs_mean              │ 0.484123       │
│ train/anchor_reward_mean              │ 0.000000       │
│ train/anchor_reward_std               │ 0.000000       │
│ train/avg_response_length             │ 1116.312500    │
│ train/consistency_gap_1               │ 0.002849       │
│ train/consistency_reward_mean         │ 0.000041       │
│ train/consistency_reward_std          │ 0.000690       │
│ train/epoch                           │ 0              │
│ train/kl_policy_base                  │ 0.045550       │
│ train/n_anchor_rollouts               │ 0              │
│ train/n_consistency_rollouts          │ 16             │
│ train/n_ref_parsed                    │ 27             │
│ train/n_training_parsed               │ 26             │
│ train/p_hat_1                         │ 0.076923       │
│ train/p_ref                           │ 0.074074       │
│ train/parse_rate                      │ 0.828125       │
│ train/rate_var                        │ 0.000002       │
│ train/reward_pert1_trait0_count       │ 15             │
│ train/reward_pert1_trait0_mean        │ 0.000219       │
│ train/reward_pert1_trait1_count       │ 1              │
│ train/reward_pert1_trait1_mean        │ -0.002630      │
│ train/train/clock_cycle:unique        │ 2412430.000000 │
│ train/train/loss:sum                  │ 7765.648895    │
│ train/train/ppo_clipped_fraction:mean │ 0.078464       │
│ train/train/ppo_kl_div:mean           │ 0.317556       │
│ train/train/ppo_mean_ratio:mean       │ 0.933037       │
└───────────────────────────────────────┴────────────────┘

Epoch 1:  84%|████████▎ | 107/128 [1:47:54<26:26, 75.55s/it, kl=0.0003, gap=0.003, p_hat=0.08, adv=0.484] 
Epoch 1:  84%|████████▍ | 108/128 [1:47:55<26:21, 79.07s/it, kl=0.0003, gap=0.003, p_hat=0.08, adv=0.484]tinker_cookbook.utils.ml_log:192 [[92mINFO[0m] Wrote metrics to logs/sweep-rollouts/llama-rlct-nr32/metrics.jsonl
tinker_cookbook.utils.ml_log:265 [[92mINFO[0m] 
                         Step 109                         
┏━━━━━━━━━━━━━━━━━━━━━━━━━━━━━━━━━━━━━━━┳━━━━━━━━━━━━━━━━┓
┃ Metric                                ┃ Value          ┃
┡━━━━━━━━━━━━━━━━━━━━━━━━━━━━━━━━━━━━━━━╇━━━━━━━━━━━━━━━━┩
│ optim/entropy                         │ 3.820530       │
│ optim/kl_sample_train_v1              │ 0.001169       │
│ optim/kl_sample_train_v2              │ 0.000571       │
│ train/advantage_abs_mean              │ 0.484123       │
│ train/anchor_reward_mean              │ 0.000000       │
│ train/anchor_reward_std               │ 0.000000       │
│ train/avg_response_length             │ 431.437500     │
│ train/consistency_gap_1               │ -0.003979      │
│ train/consistency_reward_mean         │ 0.000111       │
│ train/consistency_reward_std          │ 0.000963       │
│ train/epoch                           │ 0              │
│ train/kl_policy_base                  │ 0.100241       │
│ train/n_anchor_rollouts               │ 0              │
│ train/n_consistency_rollouts          │ 16             │
│ train/n_ref_parsed                    │ 26             │
│ train/n_training_parsed               │ 29             │
│ train/p_hat_1                         │ 0.034483       │
│ train/p_ref                           │ 0.038462       │
│ train/parse_rate                      │ 0.859375       │
│ train/rate_var                        │ 0.000004       │
│ train/reward_pert1_trait0_count       │ 15             │
│ train/reward_pert1_trait0_mean        │ -0.000137      │
│ train/reward_pert1_trait1_count       │ 1              │
│ train/reward_pert1_trait1_mean        │ 0.003842       │
│ train/train/clock_cycle:unique        │ 2412433.000000 │
│ train/train/loss:sum                  │ -125.744629    │
│ train/train/ppo_clipped_fraction:mean │ 0.249995       │
│ train/train/ppo_kl_div:mean           │ 0.804938       │
│ train/train/ppo_mean_ratio:mean       │ 0.802921       │
└───────────────────────────────────────┴────────────────┘

Epoch 1:  84%|████████▍ | 108/128 [1:49:47<26:21, 79.07s/it, kl=0.0012, gap=-0.004, p_hat=0.03, adv=0.484]
Epoch 1:  85%|████████▌ | 109/128 [1:49:48<28:17, 89.32s/it, kl=0.0012, gap=-0.004, p_hat=0.03, adv=0.484]tinker_cookbook.utils.ml_log:192 [[92mINFO[0m] Wrote metrics to logs/sweep-rollouts/llama-rlct-nr32/metrics.jsonl
tinker_cookbook.utils.ml_log:265 [[92mINFO[0m] 
              Step 110               
┏━━━━━━━━━━━━━━━━━━━━━━━━━━━┳━━━━━━━┓
┃ Metric                    ┃ Value ┃
┡━━━━━━━━━━━━━━━━━━━━━━━━━━━╇━━━━━━━┩
│ train/skipped_empty_batch │ 1     │
└───────────────────────────┴───────┘

Epoch 1:  86%|████████▌ | 110/128 [1:51:11<26:11, 87.33s/it, kl=0.0012, gap=-0.004, p_hat=0.03, adv=0.484]tinker_cookbook.utils.ml_log:192 [[92mINFO[0m] Wrote metrics to logs/sweep-rollouts/llama-rlct-nr32/metrics.jsonl
tinker_cookbook.utils.ml_log:265 [[92mINFO[0m] 
              Step 111               
┏━━━━━━━━━━━━━━━━━━━━━━━━━━━┳━━━━━━━┓
┃ Metric                    ┃ Value ┃
┡━━━━━━━━━━━━━━━━━━━━━━━━━━━╇━━━━━━━┩
│ train/skipped_empty_batch │ 1     │
└───────────────────────────┴───────┘

Epoch 1:  87%|████████▋ | 111/128 [1:52:38<24:42, 87.19s/it, kl=0.0012, gap=-0.004, p_hat=0.03, adv=0.484]tinker_cookbook.utils.ml_log:192 [[92mINFO[0m] Wrote metrics to logs/sweep-rollouts/llama-rlct-nr32/metrics.jsonl

⚠️  Low parse rate (65.6%) at step 112
tinker_cookbook.utils.ml_log:265 [[92mINFO[0m] 
                         Step 112                         
┏━━━━━━━━━━━━━━━━━━━━━━━━━━━━━━━━━━━━━━━┳━━━━━━━━━━━━━━━━┓
┃ Metric                                ┃ Value          ┃
┡━━━━━━━━━━━━━━━━━━━━━━━━━━━━━━━━━━━━━━━╇━━━━━━━━━━━━━━━━┩
│ optim/entropy                         │ 0.692599       │
│ optim/kl_sample_train_v1              │ 0.000987       │
│ optim/kl_sample_train_v2              │ 0.000667       │
│ train/advantage_abs_mean              │ 0.992157       │
│ train/anchor_reward_mean              │ 0.000000       │
│ train/anchor_reward_std               │ 0.000000       │
│ train/avg_response_length             │ 564.187500     │
│ train/consistency_gap_1               │ 0.095238       │
│ train/consistency_reward_mean         │ 0.003685       │
│ train/consistency_reward_std          │ 0.047246       │
│ train/epoch                           │ 0              │
│ train/kl_policy_base                  │ 0.091880       │
│ train/n_anchor_rollouts               │ 0              │
│ train/n_consistency_rollouts          │ 16             │
│ train/n_ref_parsed                    │ 21             │
│ train/n_training_parsed               │ 21             │
│ train/p_hat_1                         │ 0.476190       │
│ train/p_ref                           │ 0.380952       │
│ train/parse_rate                      │ 0.656250       │
│ train/rate_var                        │ 0.002268       │
│ train/reward_pert1_trait0_count       │ 9              │
│ train/reward_pert1_trait0_mean        │ 0.045351       │
│ train/reward_pert1_trait1_count       │ 7              │
│ train/reward_pert1_trait1_mean        │ -0.049887      │
│ train/train/clock_cycle:unique        │ 2412452.000000 │
│ train/train/loss:sum                  │ -328.597321    │
│ train/train/ppo_clipped_fraction:mean │ 0.249657       │
│ train/train/ppo_kl_div:mean           │ 0.772316       │
│ train/train/ppo_mean_ratio:mean       │ 0.800427       │
└───────────────────────────────────────┴────────────────┘

Epoch 1:  87%|████████▋ | 111/128 [1:54:43<24:42, 87.19s/it, kl=0.0010, gap=0.095, p_hat=0.48, adv=0.992] 
Epoch 1:  88%|████████▊ | 112/128 [1:55:06<28:08, 105.54s/it, kl=0.0010, gap=0.095, p_hat=0.48, adv=0.992]tinker_cookbook.utils.ml_log:192 [[92mINFO[0m] Wrote metrics to logs/sweep-rollouts/llama-rlct-nr32/metrics.jsonl
tinker_cookbook.utils.ml_log:265 [[92mINFO[0m] 
                         Step 113                         
┏━━━━━━━━━━━━━━━━━━━━━━━━━━━━━━━━━━━━━━━┳━━━━━━━━━━━━━━━━┓
┃ Metric                                ┃ Value          ┃
┡━━━━━━━━━━━━━━━━━━━━━━━━━━━━━━━━━━━━━━━╇━━━━━━━━━━━━━━━━┩
│ optim/entropy                         │ 3.570818       │
│ optim/kl_sample_train_v1              │ 0.000467       │
│ optim/kl_sample_train_v2              │ 0.000605       │
│ train/advantage_abs_mean              │ 0.484123       │
│ train/anchor_reward_mean              │ 0.000000       │
│ train/anchor_reward_std               │ 0.000000       │
│ train/avg_response_length             │ 704.125000     │
│ train/consistency_gap_1               │ 0.034483       │
│ train/consistency_reward_mean         │ 0.000223       │
│ train/consistency_reward_std          │ 0.008347       │
│ train/epoch                           │ 0              │
│ train/kl_policy_base                  │ 0.076037       │
│ train/n_anchor_rollouts               │ 0              │
│ train/n_consistency_rollouts          │ 16             │
│ train/n_ref_parsed                    │ 29             │
│ train/n_training_parsed               │ 29             │
│ train/p_hat_1                         │ 0.068966       │
│ train/p_ref                           │ 0.034483       │
│ train/parse_rate                      │ 0.906250       │
│ train/rate_var                        │ 0.000297       │
│ train/reward_pert1_trait0_count       │ 15             │
│ train/reward_pert1_trait0_mean        │ 0.002378       │
│ train/reward_pert1_trait1_count       │ 1              │
│ train/reward_pert1_trait1_mean        │ -0.032105      │
│ train/train/clock_cycle:unique        │ 2412471.000000 │
│ train/train/loss:sum                  │ -829.406219    │
│ train/train/ppo_clipped_fraction:mean │ 0.200288       │
│ train/train/ppo_kl_div:mean           │ 0.664349       │
│ train/train/ppo_mean_ratio:mean       │ 0.837369       │
└───────────────────────────────────────┴────────────────┘

Epoch 1:  88%|████████▊ | 112/128 [1:56:23<28:08, 105.54s/it, kl=0.0005, gap=0.034, p_hat=0.07, adv=0.484]
Epoch 1:  88%|████████▊ | 113/128 [1:56:36<25:13, 100.88s/it, kl=0.0005, gap=0.034, p_hat=0.07, adv=0.484]tinker_cookbook.utils.ml_log:192 [[92mINFO[0m] Wrote metrics to logs/sweep-rollouts/llama-rlct-nr32/metrics.jsonl
tinker_cookbook.utils.ml_log:265 [[92mINFO[0m] 
              Step 114               
┏━━━━━━━━━━━━━━━━━━━━━━━━━━━┳━━━━━━━┓
┃ Metric                    ┃ Value ┃
┡━━━━━━━━━━━━━━━━━━━━━━━━━━━╇━━━━━━━┩
│ train/skipped_empty_batch │ 1     │
└───────────────────────────┴───────┘

Epoch 1:  89%|████████▉ | 114/128 [1:56:53<17:41, 75.83s/it, kl=0.0005, gap=0.034, p_hat=0.07, adv=0.484] tinker_cookbook.utils.ml_log:192 [[92mINFO[0m] Wrote metrics to logs/sweep-rollouts/llama-rlct-nr32/metrics.jsonl
tinker_cookbook.utils.ml_log:265 [[92mINFO[0m] 
              Step 115               
┏━━━━━━━━━━━━━━━━━━━━━━━━━━━┳━━━━━━━┓
┃ Metric                    ┃ Value ┃
┡━━━━━━━━━━━━━━━━━━━━━━━━━━━╇━━━━━━━┩
│ train/skipped_empty_batch │ 1     │
└───────────────────────────┴───────┘

Epoch 1:  90%|████████▉ | 115/128 [1:57:01<11:58, 55.30s/it, kl=0.0005, gap=0.034, p_hat=0.07, adv=0.484]tinker_cookbook.utils.ml_log:192 [[92mINFO[0m] Wrote metrics to logs/sweep-rollouts/llama-rlct-nr32/metrics.jsonl
tinker_cookbook.utils.ml_log:265 [[92mINFO[0m] 
              Step 116               
┏━━━━━━━━━━━━━━━━━━━━━━━━━━━┳━━━━━━━┓
┃ Metric                    ┃ Value ┃
┡━━━━━━━━━━━━━━━━━━━━━━━━━━━╇━━━━━━━┩
│ train/skipped_empty_batch │ 1     │
└───────────────────────────┴───────┘

Epoch 1:  91%|█████████ | 116/128 [1:58:51<14:21, 71.80s/it, kl=0.0005, gap=0.034, p_hat=0.07, adv=0.484]tinker_cookbook.utils.ml_log:192 [[92mINFO[0m] Wrote metrics to logs/sweep-rollouts/llama-rlct-nr32/metrics.jsonl
tinker_cookbook.utils.ml_log:265 [[92mINFO[0m] 
                         Step 117                         
┏━━━━━━━━━━━━━━━━━━━━━━━━━━━━━━━━━━━━━━━┳━━━━━━━━━━━━━━━━┓
┃ Metric                                ┃ Value          ┃
┡━━━━━━━━━━━━━━━━━━━━━━━━━━━━━━━━━━━━━━━╇━━━━━━━━━━━━━━━━┩
│ optim/entropy                         │ 3.643254       │
│ optim/kl_sample_train_v1              │ 0.000802       │
│ optim/kl_sample_train_v2              │ 0.000430       │
│ train/advantage_abs_mean              │ 0.780625       │
│ train/anchor_reward_mean              │ 0.000000       │
│ train/anchor_reward_std               │ 0.000000       │
│ train/avg_response_length             │ 521.500000     │
│ train/consistency_gap_1               │ 0.108836       │
│ train/consistency_reward_mean         │ 0.001642       │
│ train/consistency_reward_std          │ 0.042480       │
│ train/epoch                           │ 0              │
│ train/kl_policy_base                  │ 0.078560       │
│ train/n_anchor_rollouts               │ 0              │
│ train/n_consistency_rollouts          │ 16             │
│ train/n_ref_parsed                    │ 32             │
│ train/n_training_parsed               │ 29             │
│ train/p_hat_1                         │ 0.827586       │
│ train/p_ref                           │ 0.718750       │
│ train/parse_rate                      │ 0.953125       │
│ train/rate_var                        │ 0.002961       │
│ train/reward_pert1_trait0_count       │ 3              │
│ train/reward_pert1_trait0_mean        │ 0.090071       │
│ train/reward_pert1_trait1_count       │ 13             │
│ train/reward_pert1_trait1_mean        │ -0.018765      │
│ train/train/clock_cycle:unique        │ 2412490.000000 │
│ train/train/loss:sum                  │ -6342.969604   │
│ train/train/ppo_clipped_fraction:mean │ 0.162109       │
│ train/train/ppo_kl_div:mean           │ 0.660545       │
│ train/train/ppo_mean_ratio:mean       │ 0.865033       │
└───────────────────────────────────────┴────────────────┘

Epoch 1:  91%|█████████ | 116/128 [2:00:18<14:21, 71.80s/it, kl=0.0008, gap=0.109, p_hat=0.83, adv=0.781]
Epoch 1:  91%|█████████▏| 117/128 [2:00:30<14:39, 79.93s/it, kl=0.0008, gap=0.109, p_hat=0.83, adv=0.781]tinker_cookbook.utils.ml_log:192 [[92mINFO[0m] Wrote metrics to logs/sweep-rollouts/llama-rlct-nr32/metrics.jsonl
tinker_cookbook.utils.ml_log:265 [[92mINFO[0m] 
              Step 118               
┏━━━━━━━━━━━━━━━━━━━━━━━━━━━┳━━━━━━━┓
┃ Metric                    ┃ Value ┃
┡━━━━━━━━━━━━━━━━━━━━━━━━━━━╇━━━━━━━┩
│ train/skipped_empty_batch │ 1     │
└───────────────────────────┴───────┘

Epoch 1:  92%|█████████▏| 118/128 [2:00:48<10:12, 61.22s/it, kl=0.0008, gap=0.109, p_hat=0.83, adv=0.781]tinker_cookbook.utils.ml_log:192 [[92mINFO[0m] Wrote metrics to logs/sweep-rollouts/llama-rlct-nr32/metrics.jsonl
tinker_cookbook.utils.ml_log:265 [[92mINFO[0m] 
              Step 119               
┏━━━━━━━━━━━━━━━━━━━━━━━━━━━┳━━━━━━━┓
┃ Metric                    ┃ Value ┃
┡━━━━━━━━━━━━━━━━━━━━━━━━━━━╇━━━━━━━┩
│ train/skipped_empty_batch │ 1     │
└───────────────────────────┴───────┘

Epoch 1:  93%|█████████▎| 119/128 [2:00:57<06:51, 45.67s/it, kl=0.0008, gap=0.109, p_hat=0.83, adv=0.781]tinker_cookbook.utils.ml_log:192 [[92mINFO[0m] Wrote metrics to logs/sweep-rollouts/llama-rlct-nr32/metrics.jsonl
tinker_cookbook.utils.ml_log:265 [[92mINFO[0m] 
                         Step 120                         
┏━━━━━━━━━━━━━━━━━━━━━━━━━━━━━━━━━━━━━━━┳━━━━━━━━━━━━━━━━┓
┃ Metric                                ┃ Value          ┃
┡━━━━━━━━━━━━━━━━━━━━━━━━━━━━━━━━━━━━━━━╇━━━━━━━━━━━━━━━━┩
│ optim/entropy                         │ 0.516308       │
│ optim/kl_sample_train_v1              │ 0.001278       │
│ optim/kl_sample_train_v2              │ 0.000585       │
│ train/advantage_abs_mean              │ 0.968246       │
│ train/anchor_reward_mean              │ 0.000000       │
│ train/anchor_reward_std               │ 0.000000       │
│ train/avg_response_length             │ 293.187500     │
│ train/consistency_gap_1               │ -0.078977      │
│ train/consistency_reward_mean         │ -0.001592      │
│ train/consistency_reward_std          │ 0.038234       │
│ train/epoch                           │ 0              │
│ train/kl_policy_base                  │ 0.108540       │
│ train/n_anchor_rollouts               │ 0              │
│ train/n_consistency_rollouts          │ 16             │
│ train/n_ref_parsed                    │ 29             │
│ train/n_training_parsed               │ 31             │
│ train/p_hat_1                         │ 0.645161       │
│ train/p_ref                           │ 0.724138       │
│ train/parse_rate                      │ 0.937500       │
│ train/rate_var                        │ 0.001559       │
│ train/reward_pert1_trait0_count       │ 6              │
│ train/reward_pert1_trait0_mean        │ -0.050953      │
│ train/reward_pert1_trait1_count       │ 10             │
│ train/reward_pert1_trait1_mean        │ 0.028024       │
│ train/train/clock_cycle:unique        │ 2412493.000000 │
│ train/train/loss:sum                  │ -116.321625    │
│ train/train/ppo_clipped_fraction:mean │ 0.385481       │
│ train/train/ppo_kl_div:mean           │ 1.443209       │
│ train/train/ppo_mean_ratio:mean       │ 0.675726       │
└───────────────────────────────────────┴────────────────┘

Epoch 1:  93%|█████████▎| 119/128 [2:01:11<06:51, 45.67s/it, kl=0.0013, gap=-0.079, p_hat=0.65, adv=0.968]
Epoch 1:  94%|█████████▍| 120/128 [2:01:39<05:56, 44.54s/it, kl=0.0013, gap=-0.079, p_hat=0.65, adv=0.968]tinker_cookbook.utils.ml_log:192 [[92mINFO[0m] Wrote metrics to logs/sweep-rollouts/llama-rlct-nr32/metrics.jsonl
tinker_cookbook.utils.ml_log:265 [[92mINFO[0m] 
                         Step 121                         
┏━━━━━━━━━━━━━━━━━━━━━━━━━━━━━━━━━━━━━━━┳━━━━━━━━━━━━━━━━┓
┃ Metric                                ┃ Value          ┃
┡━━━━━━━━━━━━━━━━━━━━━━━━━━━━━━━━━━━━━━━╇━━━━━━━━━━━━━━━━┩
│ optim/entropy                         │ 4.121075       │
│ optim/kl_sample_train_v1              │ 0.000872       │
│ optim/kl_sample_train_v2              │ 0.000492       │
│ train/advantage_abs_mean              │ 0.661438       │
│ train/anchor_reward_mean              │ 0.000000       │
│ train/anchor_reward_std               │ 0.000000       │
│ train/avg_response_length             │ 739.937500     │
│ train/consistency_gap_1               │ 0.100000       │
│ train/consistency_reward_mean         │ -0.002500      │
│ train/consistency_reward_std          │ 0.033072       │
│ train/epoch                           │ 0              │
│ train/kl_policy_base                  │ 0.074111       │
│ train/n_anchor_rollouts               │ 0              │
│ train/n_consistency_rollouts          │ 16             │
│ train/n_ref_parsed                    │ 27             │
│ train/n_training_parsed               │ 30             │
│ train/p_hat_1                         │ 0.100000       │
│ train/p_ref                           │ 0.000000       │
│ train/parse_rate                      │ 0.890625       │
│ train/rate_var                        │ 0.002500       │
│ train/reward_pert1_trait0_count       │ 14             │
│ train/reward_pert1_trait0_mean        │ 0.010000       │
│ train/reward_pert1_trait1_count       │ 2              │
│ train/reward_pert1_trait1_mean        │ -0.090000      │
│ train/train/clock_cycle:unique        │ 2412512.000000 │
│ train/train/loss:sum                  │ -1805.124695   │
│ train/train/ppo_clipped_fraction:mean │ 0.111653       │
│ train/train/ppo_kl_div:mean           │ 0.451577       │
│ train/train/ppo_mean_ratio:mean       │ 0.905834       │
└───────────────────────────────────────┴────────────────┘

Epoch 1:  94%|█████████▍| 120/128 [2:03:39<05:56, 44.54s/it, kl=0.0009, gap=0.100, p_hat=0.10, adv=0.661] 
Epoch 1:  95%|█████████▍| 121/128 [2:04:07<08:50, 75.77s/it, kl=0.0009, gap=0.100, p_hat=0.10, adv=0.661]tinker_cookbook.utils.ml_log:192 [[92mINFO[0m] Wrote metrics to logs/sweep-rollouts/llama-rlct-nr32/metrics.jsonl

⚠️  Low parse rate (78.1%) at step 122
tinker_cookbook.utils.ml_log:265 [[92mINFO[0m] 
                         Step 122                         
┏━━━━━━━━━━━━━━━━━━━━━━━━━━━━━━━━━━━━━━━┳━━━━━━━━━━━━━━━━┓
┃ Metric                                ┃ Value          ┃
┡━━━━━━━━━━━━━━━━━━━━━━━━━━━━━━━━━━━━━━━╇━━━━━━━━━━━━━━━━┩
│ optim/entropy                         │ 6.597145       │
│ optim/kl_sample_train_v1              │ 0.000211       │
│ optim/kl_sample_train_v2              │ 0.000610       │
│ train/advantage_abs_mean              │ 0.661438       │
│ train/anchor_reward_mean              │ 0.000000       │
│ train/anchor_reward_std               │ 0.000000       │
│ train/avg_response_length             │ 1284.437500    │
│ train/consistency_gap_1               │ 0.044872       │
│ train/consistency_reward_mean         │ -0.001870      │
│ train/consistency_reward_std          │ 0.014840       │
│ train/epoch                           │ 0              │
│ train/kl_policy_base                  │ 0.065805       │
│ train/n_anchor_rollouts               │ 0              │
│ train/n_consistency_rollouts          │ 16             │
│ train/n_ref_parsed                    │ 26             │
│ train/n_training_parsed               │ 24             │
│ train/p_hat_1                         │ 0.083333       │
│ train/p_ref                           │ 0.038462       │
│ train/parse_rate                      │ 0.781250       │
│ train/rate_var                        │ 0.000503       │
│ train/reward_pert1_trait0_count       │ 14             │
│ train/reward_pert1_trait0_mean        │ 0.003739       │
│ train/reward_pert1_trait1_count       │ 2              │
│ train/reward_pert1_trait1_mean        │ -0.041132      │
│ train/train/clock_cycle:unique        │ 2412515.000000 │
│ train/train/loss:sum                  │ 36165.009399   │
│ train/train/ppo_clipped_fraction:mean │ 0.168941       │
│ train/train/ppo_kl_div:mean           │ 0.534457       │
│ train/train/ppo_mean_ratio:mean       │ 0.865800       │
└───────────────────────────────────────┴────────────────┘

Epoch 1:  95%|█████████▍| 121/128 [2:06:14<08:50, 75.77s/it, kl=0.0002, gap=0.045, p_hat=0.08, adv=0.661]
Epoch 1:  95%|█████████▌| 122/128 [2:06:42<09:57, 99.54s/it, kl=0.0002, gap=0.045, p_hat=0.08, adv=0.661]tinker_cookbook.utils.ml_log:192 [[92mINFO[0m] Wrote metrics to logs/sweep-rollouts/llama-rlct-nr32/metrics.jsonl
tinker_cookbook.utils.ml_log:265 [[92mINFO[0m] 
              Step 123               
┏━━━━━━━━━━━━━━━━━━━━━━━━━━━┳━━━━━━━┓
┃ Metric                    ┃ Value ┃
┡━━━━━━━━━━━━━━━━━━━━━━━━━━━╇━━━━━━━┩
│ train/skipped_empty_batch │ 1     │
└───────────────────────────┴───────┘

Epoch 1:  96%|█████████▌| 123/128 [2:08:45<08:52, 106.53s/it, kl=0.0002, gap=0.045, p_hat=0.08, adv=0.661]tinker_cookbook.utils.ml_log:192 [[92mINFO[0m] Wrote metrics to logs/sweep-rollouts/llama-rlct-nr32/metrics.jsonl
tinker_cookbook.utils.ml_log:265 [[92mINFO[0m] 
                         Step 124                         
┏━━━━━━━━━━━━━━━━━━━━━━━━━━━━━━━━━━━━━━━┳━━━━━━━━━━━━━━━━┓
┃ Metric                                ┃ Value          ┃
┡━━━━━━━━━━━━━━━━━━━━━━━━━━━━━━━━━━━━━━━╇━━━━━━━━━━━━━━━━┩
│ optim/entropy                         │ 0.573886       │
│ optim/kl_sample_train_v1              │ 0.000991       │
│ optim/kl_sample_train_v2              │ 0.000559       │
│ train/advantage_abs_mean              │ 0.661438       │
│ train/anchor_reward_mean              │ 0.000000       │
│ train/anchor_reward_std               │ 0.000000       │
│ train/avg_response_length             │ 298.000000     │
│ train/consistency_gap_1               │ -0.093750      │
│ train/consistency_reward_mean         │ 0.000000       │
│ train/consistency_reward_std          │ 0.031005       │
│ train/epoch                           │ 0              │
│ train/kl_policy_base                  │ 0.099598       │
│ train/n_anchor_rollouts               │ 0              │
│ train/n_consistency_rollouts          │ 16             │
│ train/n_ref_parsed                    │ 32             │
│ train/n_training_parsed               │ 32             │
│ train/p_hat_1                         │ 0.875000       │
│ train/p_ref                           │ 0.968750       │
│ train/parse_rate                      │ 1.000000       │
│ train/rate_var                        │ 0.002197       │
│ train/reward_pert1_trait0_count       │ 2              │
│ train/reward_pert1_trait0_mean        │ -0.082031      │
│ train/reward_pert1_trait1_count       │ 14             │
│ train/reward_pert1_trait1_mean        │ 0.011719       │
│ train/train/clock_cycle:unique        │ 2412534.000000 │
│ train/train/loss:sum                  │ -128.077499    │
│ train/train/ppo_clipped_fraction:mean │ 0.208673       │
│ train/train/ppo_kl_div:mean           │ 0.933637       │
│ train/train/ppo_mean_ratio:mean       │ 0.821361       │
└───────────────────────────────────────┴────────────────┘

Epoch 1:  96%|█████████▌| 123/128 [2:09:02<08:52, 106.53s/it, kl=0.0010, gap=-0.094, p_hat=0.88, adv=0.661]
Epoch 1:  97%|█████████▋| 124/128 [2:09:03<05:19, 79.97s/it, kl=0.0010, gap=-0.094, p_hat=0.88, adv=0.661] tinker_cookbook.utils.ml_log:192 [[92mINFO[0m] Wrote metrics to logs/sweep-rollouts/llama-rlct-nr32/metrics.jsonl
tinker_cookbook.utils.ml_log:265 [[92mINFO[0m] 
              Step 125               
┏━━━━━━━━━━━━━━━━━━━━━━━━━━━┳━━━━━━━┓
┃ Metric                    ┃ Value ┃
┡━━━━━━━━━━━━━━━━━━━━━━━━━━━╇━━━━━━━┩
│ train/skipped_empty_batch │ 1     │
└───────────────────────────┴───────┘

Epoch 1:  98%|█████████▊| 125/128 [2:11:13<04:45, 95.02s/it, kl=0.0010, gap=-0.094, p_hat=0.88, adv=0.661]tinker_cookbook.utils.ml_log:192 [[92mINFO[0m] Wrote metrics to logs/sweep-rollouts/llama-rlct-nr32/metrics.jsonl

⚠️  Low parse rate (51.6%) at step 126
tinker_cookbook.utils.ml_log:265 [[92mINFO[0m] 
                         Step 126                         
┏━━━━━━━━━━━━━━━━━━━━━━━━━━━━━━━━━━━━━━━┳━━━━━━━━━━━━━━━━┓
┃ Metric                                ┃ Value          ┃
┡━━━━━━━━━━━━━━━━━━━━━━━━━━━━━━━━━━━━━━━╇━━━━━━━━━━━━━━━━┩
│ optim/entropy                         │ 4.373967       │
│ optim/kl_sample_train_v1              │ 0.000889       │
│ optim/kl_sample_train_v2              │ 0.000551       │
│ train/advantage_abs_mean              │ 0.927025       │
│ train/anchor_reward_mean              │ 0.000000       │
│ train/anchor_reward_std               │ 0.000000       │
│ train/avg_response_length             │ 1275.500000    │
│ train/consistency_gap_1               │ 0.397059       │
│ train/consistency_reward_mean         │ -0.016058      │
│ train/consistency_reward_std          │ 0.184042       │
│ train/epoch                           │ 0              │
│ train/kl_policy_base                  │ 0.057621       │
│ train/n_anchor_rollouts               │ 0              │
│ train/n_consistency_rollouts          │ 16             │
│ train/n_ref_parsed                    │ 16             │
│ train/n_training_parsed               │ 17             │
│ train/p_hat_1                         │ 0.647059       │
│ train/p_ref                           │ 0.250000       │
│ train/parse_rate                      │ 0.515625       │
│ train/rate_var                        │ 0.039414       │
│ train/reward_pert1_trait0_count       │ 5              │
│ train/reward_pert1_trait0_mean        │ 0.256920       │
│ train/reward_pert1_trait1_count       │ 11             │
│ train/reward_pert1_trait1_mean        │ -0.140138      │
│ train/train/clock_cycle:unique        │ 2412553.000000 │
│ train/train/loss:sum                  │ -14947.233475  │
│ train/train/ppo_clipped_fraction:mean │ 0.096822       │
│ train/train/ppo_kl_div:mean           │ 0.328697       │
│ train/train/ppo_mean_ratio:mean       │ 0.922203       │
└───────────────────────────────────────┴────────────────┘

Epoch 1:  98%|█████████▊| 125/128 [2:13:27<04:45, 95.02s/it, kl=0.0009, gap=0.397, p_hat=0.65, adv=0.927] 
Epoch 1:  98%|█████████▊| 126/128 [2:13:28<03:34, 107.03s/it, kl=0.0009, gap=0.397, p_hat=0.65, adv=0.927]tinker_cookbook.utils.ml_log:192 [[92mINFO[0m] Wrote metrics to logs/sweep-rollouts/llama-rlct-nr32/metrics.jsonl
tinker_cookbook.utils.ml_log:265 [[92mINFO[0m] 
                         Step 127                         
┏━━━━━━━━━━━━━━━━━━━━━━━━━━━━━━━━━━━━━━━┳━━━━━━━━━━━━━━━━┓
┃ Metric                                ┃ Value          ┃
┡━━━━━━━━━━━━━━━━━━━━━━━━━━━━━━━━━━━━━━━╇━━━━━━━━━━━━━━━━┩
│ optim/entropy                         │ 4.384202       │
│ optim/kl_sample_train_v1              │ 0.000189       │
│ optim/kl_sample_train_v2              │ 0.000461       │
│ train/advantage_abs_mean              │ 0.968246       │
│ train/anchor_reward_mean              │ 0.000000       │
│ train/anchor_reward_std               │ 0.000000       │
│ train/avg_response_length             │ 593.562500     │
│ train/consistency_gap_1               │ 0.058190       │
│ train/consistency_reward_mean         │ -0.010911      │
│ train/consistency_reward_std          │ 0.028171       │
│ train/epoch                           │ 0              │
│ train/kl_policy_base                  │ 0.115945       │
│ train/n_anchor_rollouts               │ 0              │
│ train/n_consistency_rollouts          │ 16             │
│ train/n_ref_parsed                    │ 29             │
│ train/n_training_parsed               │ 32             │
│ train/p_hat_1                         │ 0.437500       │
│ train/p_ref                           │ 0.379310       │
│ train/parse_rate                      │ 0.953125       │
│ train/rate_var                        │ 0.000847       │
│ train/reward_pert1_trait0_count       │ 6              │
│ train/reward_pert1_trait0_mean        │ 0.025458       │
│ train/reward_pert1_trait1_count       │ 10             │
│ train/reward_pert1_trait1_mean        │ -0.032732      │
│ train/train/clock_cycle:unique        │ 2412572.000000 │
│ train/train/loss:sum                  │ 3132.828522    │
│ train/train/ppo_clipped_fraction:mean │ 0.114184       │
│ train/train/ppo_kl_div:mean           │ 0.557214       │
│ train/train/ppo_mean_ratio:mean       │ 0.900109       │
└───────────────────────────────────────┴────────────────┘

Epoch 1:  98%|█████████▊| 126/128 [2:14:50<03:34, 107.03s/it, kl=0.0002, gap=0.058, p_hat=0.44, adv=0.968]
Epoch 1:  99%|█████████▉| 127/128 [2:15:19<01:48, 108.05s/it, kl=0.0002, gap=0.058, p_hat=0.44, adv=0.968]tinker_cookbook.utils.ml_log:192 [[92mINFO[0m] Wrote metrics to logs/sweep-rollouts/llama-rlct-nr32/metrics.jsonl
tinker_cookbook.utils.ml_log:265 [[92mINFO[0m] 
                         Step 128                         
┏━━━━━━━━━━━━━━━━━━━━━━━━━━━━━━━━━━━━━━━┳━━━━━━━━━━━━━━━━┓
┃ Metric                                ┃ Value          ┃
┡━━━━━━━━━━━━━━━━━━━━━━━━━━━━━━━━━━━━━━━╇━━━━━━━━━━━━━━━━┩
│ optim/entropy                         │ 4.704509       │
│ optim/kl_sample_train_v1              │ 0.000648       │
│ optim/kl_sample_train_v2              │ 0.000576       │
│ train/advantage_abs_mean              │ 0.992157       │
│ train/anchor_reward_mean              │ 0.000000       │
│ train/anchor_reward_std               │ 0.000000       │
│ train/avg_response_length             │ 954.937500     │
│ train/consistency_gap_1               │ 0.040741       │
│ train/consistency_reward_mean         │ 0.002886       │
│ train/consistency_reward_std          │ 0.020211       │
│ train/epoch                           │ 0              │
│ train/kl_policy_base                  │ 0.106361       │
│ train/n_anchor_rollouts               │ 0              │
│ train/n_consistency_rollouts          │ 16             │
│ train/n_ref_parsed                    │ 27             │
│ train/n_training_parsed               │ 30             │
│ train/p_hat_1                         │ 0.633333       │
│ train/p_ref                           │ 0.592593       │
│ train/parse_rate                      │ 0.890625       │
│ train/rate_var                        │ 0.000415       │
│ train/reward_pert1_trait0_count       │ 7              │
│ train/reward_pert1_trait0_mean        │ 0.025802       │
│ train/reward_pert1_trait1_count       │ 9              │
│ train/reward_pert1_trait1_mean        │ -0.014938      │
│ train/train/clock_cycle:unique        │ 2412575.000000 │
│ train/train/loss:sum                  │ -7368.456055   │
│ train/train/ppo_clipped_fraction:mean │ 0.210944       │
│ train/train/ppo_kl_div:mean           │ 0.613671       │
│ train/train/ppo_mean_ratio:mean       │ 0.839353       │
└───────────────────────────────────────┴────────────────┘

Epoch 1:  99%|█████████▉| 127/128 [2:17:41<01:48, 108.05s/it, kl=0.0006, gap=0.041, p_hat=0.63, adv=0.992]
Epoch 1: 100%|██████████| 128/128 [2:17:42<00:00, 118.59s/it, kl=0.0006, gap=0.041, p_hat=0.63, adv=0.992]
Epoch 1: 100%|██████████| 128/128 [2:17:42<00:00, 64.55s/it, kl=0.0006, gap=0.041, p_hat=0.63, adv=0.992] 
tinker_cookbook.checkpoint_utils:461 [[92mINFO[0m] Saved checkpoints: {'sampler_path': 'tinker://935283e8-7307-5ab8-a213-347a91b1ae64:train:0/sampler_weights/sweep-rollouts_llama-rlct-nr32'}
tinker_cookbook.utils.ml_log:192 [[92mINFO[0m] Wrote metrics to logs/sweep-rollouts/llama-rlct-nr32/metrics.jsonl

Training complete. Final checkpoint: tinker://935283e8-7307-5ab8-a213-347a91b1ae64:train:0/sampler_weights/sweep-rollouts_llama-rlct-nr32
tinker_cookbook.utils.ml_log:265 [[92mINFO[0m] 
                                    Step 128                                    
┏━━━━━━━━━━━━━━━━━━━━━━┳━━━━━━━━━━━━━━━━━━━━━━━━━━━━━━━━━━━━━━━━━━━━━━━━━━━━━━━┓
┃ Metric               ┃ Value                                                 ┃
┡━━━━━━━━━━━━━━━━━━━━━━╇━━━━━━━━━━━━━━━━━━━━━━━━━━━━━━━━━━━━━━━━━━━━━━━━━━━━━━━┩
│ final_checkpoint     │ tinker://935283e8-7307-5ab8-a213-347a91b1ae64:train:… │
└──────────────────────┴───────────────────────────────────────────────────────┘
tinker_cookbook.utils.ml_log:265 [[92mINFO[0m] 
Configuration:
  final_checkpoint: 
'tinker://935283e8-7307-5ab8-a213-347a91b1ae64:train:0/sampler_weights/sweep-rol
louts_llama-rlct-nr32'
  all_checkpoints: 
['tinker://935283e8-7307-5ab8-a213-347a91b1ae64:train:0/sampler_weights/sweep-ro
llouts_llama-rlct-nr32_step64', 
'tinker://935283e8-7307-5ab8-a213-347a91b1ae64:train:0/sampler_weights/sweep-rol
louts_llama-rlct-nr32']

============================================================
Training Complete
Final checkpoint: tinker://935283e8-7307-5ab8-a213-347a91b1ae64:train:0/sampler_weights/sweep-rollouts_llama-rlct-nr32
============================================================
