root:654 [INFO] Command line invocation: scripts/tinker_training/train_rl.py --model meta-llama/Llama-3.1-8B-Instruct --experiment-name sweep-kl-coef --run-name llama-rlct-kl0.1 --bias-types suggested_answer --datasets mmlu --n-datapoints 128 --lora-rank 8 --kl-coef 0.1 --anchor-weight 0.0 --loss-fn ppo --n-ref-rollouts 64 --n-train-rollouts 64 --n-consistency-rollouts 16 --batch-size 1 --refresh-every 1 --checkpoint-every 64 -y
tinker_cookbook.utils.ml_log:592 [INFO] Logging to: logs/sweep-kl-coef/llama-rlct-kl0.1
tinker_cookbook.utils.ml_log:265 [INFO] 
Configuration:
  git: {'git_sha': '96370379d5ccd054f534da1e2989f8229d8fef58', 'git_branch': 
'reasoning-history-last-fix', 'git_dirty': True, 'git_dirt ...     "hatch": 
"//",\n+      "edgecolor": "black",\n+      "training_biases": []\n     }\n   
}\n }\n\\ No newline at end of file'}
tinker_cookbook.utils.ml_log:265 [INFO] 
Configuration:
  n_datapoints: 128
  total_steps: 128
  n_perturbations: 2
  base_lr: 0.0002856415043086949
tinker_cookbook.utils.ml_log:192 [INFO] Wrote metrics to logs/sweep-kl-coef/llama-rlct-kl0.1/metrics.jsonl
tinker_cookbook.utils.ml_log:265 [INFO] 
                         Step 1                          
┏━━━━━━━━━━━━━━━━━━━━━━━━━━━━━━━━━━━━━━━┳━━━━━━━━━━━━━━━┓
┃ Metric                                ┃ Value         ┃
┡━━━━━━━━━━━━━━━━━━━━━━━━━━━━━━━━━━━━━━━╇━━━━━━━━━━━━━━━┩
│ optim/entropy                         │ 0.776132      │
│ optim/kl_sample_train_v1              │ -0.000260     │
│ optim/kl_sample_train_v2              │ 0.000734      │
│ train/advantage_abs_mean              │ 0.484123      │
│ train/anchor_reward_mean              │ 0.000000      │
│ train/anchor_reward_std               │ 0.000000      │
│ train/avg_response_length             │ 263.250000    │
│ train/consistency_gap_1               │ 0.109375      │
│ train/consistency_reward_mean         │ 0.006836      │
│ train/consistency_reward_std          │ 0.026475      │
│ train/epoch                           │ 0             │
│ train/kl_policy_base                  │ 0.000192      │
│ train/n_anchor_rollouts               │ 0             │
│ train/n_consistency_rollouts          │ 16            │
│ train/n_ref_parsed                    │ 64            │
│ train/n_training_parsed               │ 64            │
│ train/p_hat_1                         │ 0.125000      │
│ train/p_ref                           │ 0.015625      │
│ train/parse_rate                      │ 1.000000      │
│ train/rate_var                        │ 0.002991      │
│ train/reward_pert1_trait0_count       │ 15            │
│ train/reward_pert1_trait0_mean        │ 0.013672      │
│ train/reward_pert1_trait1_count       │ 1             │
│ train/reward_pert1_trait1_mean        │ -0.095703     │
│ train/train/clock_cycle:unique        │ 105007.000000 │
│ train/train/loss:sum                  │ 374.389233    │
│ train/train/ppo_clipped_fraction:mean │ 0.265746      │
│ train/train/ppo_kl_div:mean           │ 1.017394      │
│ train/train/ppo_mean_ratio:mean       │ 0.781575      │
└───────────────────────────────────────┴───────────────┘
tinker_cookbook.utils.ml_log:192 [INFO] Wrote metrics to logs/sweep-kl-coef/llama-rlct-kl0.1/metrics.jsonl
tinker_cookbook.utils.ml_log:265 [INFO] 
               Step 2                
┏━━━━━━━━━━━━━━━━━━━━━━━━━━━┳━━━━━━━┓
┃ Metric                    ┃ Value ┃
┡━━━━━━━━━━━━━━━━━━━━━━━━━━━╇━━━━━━━┩
│ train/skipped_empty_batch │ 1     │
└───────────────────────────┴───────┘
tinker_cookbook.utils.ml_log:192 [INFO] Wrote metrics to logs/sweep-kl-coef/llama-rlct-kl0.1/metrics.jsonl
tinker_cookbook.utils.ml_log:265 [INFO] 
               Step 3                
┏━━━━━━━━━━━━━━━━━━━━━━━━━━━┳━━━━━━━┓
┃ Metric                    ┃ Value ┃
┡━━━━━━━━━━━━━━━━━━━━━━━━━━━╇━━━━━━━┩
│ train/skipped_empty_batch │ 1     │
└───────────────────────────┴───────┘
tinker_cookbook.utils.ml_log:192 [INFO] Wrote metrics to logs/sweep-kl-coef/llama-rlct-kl0.1/metrics.jsonl
tinker_cookbook.utils.ml_log:265 [INFO] 
                         Step 4                          
┏━━━━━━━━━━━━━━━━━━━━━━━━━━━━━━━━━━━━━━━┳━━━━━━━━━━━━━━━┓
┃ Metric                                ┃ Value         ┃
┡━━━━━━━━━━━━━━━━━━━━━━━━━━━━━━━━━━━━━━━╇━━━━━━━━━━━━━━━┩
│ optim/entropy                         │ 3.366298      │
│ optim/kl_sample_train_v1              │ 0.000443      │
│ optim/kl_sample_train_v2              │ 0.000554      │
│ train/advantage_abs_mean              │ 0.968246      │
│ train/anchor_reward_mean              │ 0.000000      │
│ train/anchor_reward_std               │ 0.000000      │
│ train/avg_response_length             │ 532.125000    │
│ train/consistency_gap_1               │ 0.254228      │
│ train/consistency_reward_mean         │ -0.029695     │
│ train/consistency_reward_std          │ 0.123078      │
│ train/epoch                           │ 0             │
│ train/kl_policy_base                  │ 0.002525      │
│ train/n_anchor_rollouts               │ 0             │
│ train/n_consistency_rollouts          │ 16            │
│ train/n_ref_parsed                    │ 63            │
│ train/n_training_parsed               │ 61            │
│ train/p_hat_1                         │ 0.508197      │
│ train/p_ref                           │ 0.253968      │
│ train/parse_rate                      │ 0.968750      │
│ train/rate_var                        │ 0.016158      │
│ train/reward_pert1_trait0_count       │ 6             │
│ train/reward_pert1_trait0_mean        │ 0.129198      │
│ train/reward_pert1_trait1_count       │ 10            │
│ train/reward_pert1_trait1_mean        │ -0.125030     │
│ train/train/clock_cycle:unique        │ 105013.000000 │
│ train/train/loss:sum                  │ -3198.562134  │
│ train/train/ppo_clipped_fraction:mean │ 0.238587      │
│ train/train/ppo_kl_div:mean           │ 0.805381      │
│ train/train/ppo_mean_ratio:mean       │ 0.810805      │
└───────────────────────────────────────┴───────────────┘
tinker_cookbook.utils.ml_log:192 [INFO] Wrote metrics to logs/sweep-kl-coef/llama-rlct-kl0.1/metrics.jsonl
tinker_cookbook.utils.ml_log:265 [INFO] 
               Step 5                
┏━━━━━━━━━━━━━━━━━━━━━━━━━━━┳━━━━━━━┓
┃ Metric                    ┃ Value ┃
┡━━━━━━━━━━━━━━━━━━━━━━━━━━━╇━━━━━━━┩
│ train/skipped_empty_batch │ 1     │
└───────────────────────────┴───────┘
tinker_cookbook.utils.ml_log:192 [INFO] Wrote metrics to logs/sweep-kl-coef/llama-rlct-kl0.1/metrics.jsonl
tinker_cookbook.utils.ml_log:265 [INFO] 
                         Step 6                          
┏━━━━━━━━━━━━━━━━━━━━━━━━━━━━━━━━━━━━━━━┳━━━━━━━━━━━━━━━┓
┃ Metric                                ┃ Value         ┃
┡━━━━━━━━━━━━━━━━━━━━━━━━━━━━━━━━━━━━━━━╇━━━━━━━━━━━━━━━┩
│ optim/entropy                         │ 1.387739      │
│ optim/kl_sample_train_v1              │ -0.000025     │
│ optim/kl_sample_train_v2              │ 0.000609      │
│ train/advantage_abs_mean              │ 0.780625      │
│ train/anchor_reward_mean              │ 0.000000      │
│ train/anchor_reward_std               │ 0.000000      │
│ train/avg_response_length             │ 269.000000    │
│ train/consistency_gap_1               │ 0.558772      │
│ train/consistency_reward_mean         │ 0.016543      │
│ train/consistency_reward_std          │ 0.218096      │
│ train/epoch                           │ 0             │
│ train/kl_policy_base                  │ 0.010614      │
│ train/n_anchor_rollouts               │ 0             │
│ train/n_consistency_rollouts          │ 16            │
│ train/n_ref_parsed                    │ 60            │
│ train/n_training_parsed               │ 57            │
│ train/p_hat_1                         │ 0.842105      │
│ train/p_ref                           │ 0.283333      │
│ train/parse_rate                      │ 0.914062      │
│ train/rate_var                        │ 0.078057      │
│ train/reward_pert1_trait0_count       │ 3             │
│ train/reward_pert1_trait0_mean        │ 0.470545      │
│ train/reward_pert1_trait1_count       │ 13            │
│ train/reward_pert1_trait1_mean        │ -0.088227     │
│ train/train/clock_cycle:unique        │ 105019.000000 │
│ train/train/loss:sum                  │ -28.893185    │
│ train/train/ppo_clipped_fraction:mean │ 0.265808      │
│ train/train/ppo_kl_div:mean           │ 1.197988      │
│ train/train/ppo_mean_ratio:mean       │ 0.768006      │
└───────────────────────────────────────┴───────────────┘
tinker_cookbook.utils.ml_log:192 [INFO] Wrote metrics to logs/sweep-kl-coef/llama-rlct-kl0.1/metrics.jsonl
tinker_cookbook.utils.ml_log:265 [INFO] 
               Step 7                
┏━━━━━━━━━━━━━━━━━━━━━━━━━━━┳━━━━━━━┓
┃ Metric                    ┃ Value ┃
┡━━━━━━━━━━━━━━━━━━━━━━━━━━━╇━━━━━━━┩
│ train/skipped_empty_batch │ 1     │
└───────────────────────────┴───────┘
tinker_cookbook.utils.ml_log:192 [INFO] Wrote metrics to logs/sweep-kl-coef/llama-rlct-kl0.1/metrics.jsonl
tinker_cookbook.utils.ml_log:265 [INFO] 
               Step 8                
┏━━━━━━━━━━━━━━━━━━━━━━━━━━━┳━━━━━━━┓
┃ Metric                    ┃ Value ┃
┡━━━━━━━━━━━━━━━━━━━━━━━━━━━╇━━━━━━━┩
│ train/skipped_empty_batch │ 1     │
└───────────────────────────┴───────┘
tinker_cookbook.utils.ml_log:192 [INFO] Wrote metrics to logs/sweep-kl-coef/llama-rlct-kl0.1/metrics.jsonl
tinker_cookbook.utils.ml_log:265 [INFO] 
                         Step 9                          
┏━━━━━━━━━━━━━━━━━━━━━━━━━━━━━━━━━━━━━━━┳━━━━━━━━━━━━━━━┓
┃ Metric                                ┃ Value         ┃
┡━━━━━━━━━━━━━━━━━━━━━━━━━━━━━━━━━━━━━━━╇━━━━━━━━━━━━━━━┩
│ optim/entropy                         │ 3.799532      │
│ optim/kl_sample_train_v1              │ 0.000334      │
│ optim/kl_sample_train_v2              │ 0.000543      │
│ train/advantage_abs_mean              │ 0.484123      │
│ train/anchor_reward_mean              │ 0.000000      │
│ train/anchor_reward_std               │ 0.000000      │
│ train/avg_response_length             │ 404.187500    │
│ train/consistency_gap_1               │ 0.080927      │
│ train/consistency_reward_mean         │ -0.006050     │
│ train/consistency_reward_std          │ 0.019589      │
│ train/epoch                           │ 0             │
│ train/kl_policy_base                  │ 0.032391      │
│ train/n_anchor_rollouts               │ 0             │
│ train/n_consistency_rollouts          │ 16            │
│ train/n_ref_parsed                    │ 55            │
│ train/n_training_parsed               │ 51            │
│ train/p_hat_1                         │ 0.862745      │
│ train/p_ref                           │ 0.781818      │
│ train/parse_rate                      │ 0.828125      │
│ train/rate_var                        │ 0.001637      │
│ train/reward_pert1_trait0_count       │ 1             │
│ train/reward_pert1_trait0_mean        │ 0.069819      │
│ train/reward_pert1_trait1_count       │ 15            │
│ train/reward_pert1_trait1_mean        │ -0.011108     │
│ train/train/clock_cycle:unique        │ 105345.000000 │
│ train/train/loss:sum                  │ 632.691700    │
│ train/train/ppo_clipped_fraction:mean │ 0.266283      │
│ train/train/ppo_kl_div:mean           │ 1.078973      │
│ train/train/ppo_mean_ratio:mean       │ 0.780339      │
└───────────────────────────────────────┴───────────────┘
tinker_cookbook.utils.ml_log:192 [INFO] Wrote metrics to logs/sweep-kl-coef/llama-rlct-kl0.1/metrics.jsonl
tinker_cookbook.utils.ml_log:265 [INFO] 
                         Step 10                         
┏━━━━━━━━━━━━━━━━━━━━━━━━━━━━━━━━━━━━━━━┳━━━━━━━━━━━━━━━┓
┃ Metric                                ┃ Value         ┃
┡━━━━━━━━━━━━━━━━━━━━━━━━━━━━━━━━━━━━━━━╇━━━━━━━━━━━━━━━┩
│ optim/entropy                         │ 6.737526      │
│ optim/kl_sample_train_v1              │ 0.000687      │
│ optim/kl_sample_train_v2              │ 0.000383      │
│ train/advantage_abs_mean              │ 0.661438      │
│ train/anchor_reward_mean              │ 0.000000      │
│ train/anchor_reward_std               │ 0.000000      │
│ train/avg_response_length             │ 809.125000    │
│ train/consistency_gap_1               │ 0.119155      │
│ train/consistency_reward_mean         │ 0.008469      │
│ train/consistency_reward_std          │ 0.039407      │
│ train/epoch                           │ 0             │
│ train/kl_policy_base                  │ 0.003233      │
│ train/n_anchor_rollouts               │ 0             │
│ train/n_consistency_rollouts          │ 16            │
│ train/n_ref_parsed                    │ 52            │
│ train/n_training_parsed               │ 51            │
│ train/p_hat_1                         │ 0.196078      │
│ train/p_ref                           │ 0.076923      │
│ train/parse_rate                      │ 0.804688      │
│ train/rate_var                        │ 0.003549      │
│ train/reward_pert1_trait0_count       │ 14            │
│ train/reward_pert1_trait0_mean        │ 0.023364      │
│ train/reward_pert1_trait1_count       │ 2             │
│ train/reward_pert1_trait1_mean        │ -0.095792     │
│ train/train/clock_cycle:unique        │ 105593.000000 │
│ train/train/loss:sum                  │ 18058.681671  │
│ train/train/ppo_clipped_fraction:mean │ 0.131319      │
│ train/train/ppo_kl_div:mean           │ 0.597794      │
│ train/train/ppo_mean_ratio:mean       │ 0.883789      │
└───────────────────────────────────────┴───────────────┘
tinker_cookbook.utils.ml_log:192 [INFO] Wrote metrics to logs/sweep-kl-coef/llama-rlct-kl0.1/metrics.jsonl
tinker_cookbook.utils.ml_log:265 [INFO] 
               Step 11               
┏━━━━━━━━━━━━━━━━━━━━━━━━━━━┳━━━━━━━┓
┃ Metric                    ┃ Value ┃
┡━━━━━━━━━━━━━━━━━━━━━━━━━━━╇━━━━━━━┩
│ train/skipped_empty_batch │ 1     │
└───────────────────────────┴───────┘
tinker_cookbook.utils.ml_log:192 [INFO] Wrote metrics to logs/sweep-kl-coef/llama-rlct-kl0.1/metrics.jsonl
tinker_cookbook.utils.ml_log:265 [INFO] 
                         Step 12                         
┏━━━━━━━━━━━━━━━━━━━━━━━━━━━━━━━━━━━━━━━┳━━━━━━━━━━━━━━━┓
┃ Metric                                ┃ Value         ┃
┡━━━━━━━━━━━━━━━━━━━━━━━━━━━━━━━━━━━━━━━╇━━━━━━━━━━━━━━━┩
│ optim/entropy                         │ 6.390565      │
│ optim/kl_sample_train_v1              │ 0.000329      │
│ optim/kl_sample_train_v2              │ 0.000418      │
│ train/advantage_abs_mean              │ 0.866025      │
│ train/anchor_reward_mean              │ 0.000000      │
│ train/anchor_reward_std               │ 0.000000      │
│ train/avg_response_length             │ 691.062500    │
│ train/consistency_gap_1               │ 0.176884      │
│ train/consistency_reward_mean         │ 0.011465      │
│ train/consistency_reward_std          │ 0.076593      │
│ train/epoch                           │ 0             │
│ train/kl_policy_base                  │ 0.009776      │
│ train/n_anchor_rollouts               │ 0             │
│ train/n_consistency_rollouts          │ 16            │
│ train/n_ref_parsed                    │ 58            │
│ train/n_training_parsed               │ 54            │
│ train/p_hat_1                         │ 0.814815      │
│ train/p_ref                           │ 0.637931      │
│ train/parse_rate                      │ 0.875000      │
│ train/rate_var                        │ 0.007822      │
│ train/reward_pert1_trait0_count       │ 4             │
│ train/reward_pert1_trait0_mean        │ 0.144128      │
│ train/reward_pert1_trait1_count       │ 12            │
│ train/reward_pert1_trait1_mean        │ -0.032756     │
│ train/train/clock_cycle:unique        │ 105764.000000 │
│ train/train/loss:sum                  │ 3473.566742   │
│ train/train/ppo_clipped_fraction:mean │ 0.126577      │
│ train/train/ppo_kl_div:mean           │ 0.527678      │
│ train/train/ppo_mean_ratio:mean       │ 0.895439      │
└───────────────────────────────────────┴───────────────┘
tinker_cookbook.utils.ml_log:192 [INFO] Wrote metrics to logs/sweep-kl-coef/llama-rlct-kl0.1/metrics.jsonl
tinker_cookbook.utils.ml_log:265 [INFO] 
                         Step 13                         
┏━━━━━━━━━━━━━━━━━━━━━━━━━━━━━━━━━━━━━━━┳━━━━━━━━━━━━━━━┓
┃ Metric                                ┃ Value         ┃
┡━━━━━━━━━━━━━━━━━━━━━━━━━━━━━━━━━━━━━━━╇━━━━━━━━━━━━━━━┩
│ optim/entropy                         │ 6.501197      │
│ optim/kl_sample_train_v1              │ 0.000412      │
│ optim/kl_sample_train_v2              │ 0.000483      │
│ train/advantage_abs_mean              │ 0.661438      │
│ train/anchor_reward_mean              │ 0.000000      │
│ train/anchor_reward_std               │ 0.000000      │
│ train/avg_response_length             │ 827.500000    │
│ train/consistency_gap_1               │ 0.180354      │
│ train/consistency_reward_mean         │ 0.015864      │
│ train/consistency_reward_std          │ 0.059647      │
│ train/epoch                           │ 0             │
│ train/kl_policy_base                  │ 0.010700      │
│ train/n_anchor_rollouts               │ 0             │
│ train/n_consistency_rollouts          │ 16            │
│ train/n_ref_parsed                    │ 46            │
│ train/n_training_parsed               │ 54            │
│ train/p_hat_1                         │ 0.962963      │
│ train/p_ref                           │ 0.782609      │
│ train/parse_rate                      │ 0.781250      │
│ train/rate_var                        │ 0.008132      │
│ train/reward_pert1_trait0_count       │ 2             │
│ train/reward_pert1_trait0_mean        │ 0.173674      │
│ train/reward_pert1_trait1_count       │ 14            │
│ train/reward_pert1_trait1_mean        │ -0.006680     │
│ train/train/clock_cycle:unique        │ 105877.000000 │
│ train/train/loss:sum                  │ 2701.171875   │
│ train/train/ppo_clipped_fraction:mean │ 0.236144      │
│ train/train/ppo_kl_div:mean           │ 0.820821      │
│ train/train/ppo_mean_ratio:mean       │ 0.803228      │
└───────────────────────────────────────┴───────────────┘
tinker_cookbook.utils.ml_log:192 [INFO] Wrote metrics to logs/sweep-kl-coef/llama-rlct-kl0.1/metrics.jsonl
tinker_cookbook.utils.ml_log:265 [INFO] 
                         Step 14                         
┏━━━━━━━━━━━━━━━━━━━━━━━━━━━━━━━━━━━━━━━┳━━━━━━━━━━━━━━━┓
┃ Metric                                ┃ Value         ┃
┡━━━━━━━━━━━━━━━━━━━━━━━━━━━━━━━━━━━━━━━╇━━━━━━━━━━━━━━━┩
│ optim/entropy                         │ 4.277765      │
│ optim/kl_sample_train_v1              │ 0.000366      │
│ optim/kl_sample_train_v2              │ 0.000385      │
│ train/advantage_abs_mean              │ 0.484123      │
│ train/anchor_reward_mean              │ 0.000000      │
│ train/anchor_reward_std               │ 0.000000      │
│ train/avg_response_length             │ 466.062500    │
│ train/consistency_gap_1               │ 0.038462      │
│ train/consistency_reward_mean         │ -0.000925     │
│ train/consistency_reward_std          │ 0.009310      │
│ train/epoch                           │ 0             │
│ train/kl_policy_base                  │ 0.008647      │
│ train/n_anchor_rollouts               │ 0             │
│ train/n_consistency_rollouts          │ 16            │
│ train/n_ref_parsed                    │ 57            │
│ train/n_training_parsed               │ 52            │
│ train/p_hat_1                         │ 0.038462      │
│ train/p_ref                           │ 0.000000      │
│ train/parse_rate                      │ 0.851562      │
│ train/rate_var                        │ 0.000370      │
│ train/reward_pert1_trait0_count       │ 15            │
│ train/reward_pert1_trait0_mean        │ 0.001479      │
│ train/reward_pert1_trait1_count       │ 1             │
│ train/reward_pert1_trait1_mean        │ -0.036982     │
│ train/train/clock_cycle:unique        │ 105950.000000 │
│ train/train/loss:sum                  │ -962.653870   │
│ train/train/ppo_clipped_fraction:mean │ 0.169560      │
│ train/train/ppo_kl_div:mean           │ 0.677317      │
│ train/train/ppo_mean_ratio:mean       │ 0.859896      │
└───────────────────────────────────────┴───────────────┘
tinker_cookbook.utils.ml_log:192 [INFO] Wrote metrics to logs/sweep-kl-coef/llama-rlct-kl0.1/metrics.jsonl
tinker_cookbook.utils.ml_log:265 [INFO] 
               Step 15               
┏━━━━━━━━━━━━━━━━━━━━━━━━━━━┳━━━━━━━┓
┃ Metric                    ┃ Value ┃
┡━━━━━━━━━━━━━━━━━━━━━━━━━━━╇━━━━━━━┩
│ train/skipped_empty_batch │ 1     │
└───────────────────────────┴───────┘
tinker_cookbook.utils.ml_log:192 [INFO] Wrote metrics to logs/sweep-kl-coef/llama-rlct-kl0.1/metrics.jsonl
tinker_cookbook.utils.ml_log:265 [INFO] 
               Step 16               
┏━━━━━━━━━━━━━━━━━━━━━━━━━━━┳━━━━━━━┓
┃ Metric                    ┃ Value ┃
┡━━━━━━━━━━━━━━━━━━━━━━━━━━━╇━━━━━━━┩
│ train/skipped_empty_batch │ 1     │
└───────────────────────────┴───────┘
tinker_cookbook.utils.ml_log:192 [INFO] Wrote metrics to logs/sweep-kl-coef/llama-rlct-kl0.1/metrics.jsonl
tinker_cookbook.utils.ml_log:265 [INFO] 
               Step 17               
┏━━━━━━━━━━━━━━━━━━━━━━━━━━━┳━━━━━━━┓
┃ Metric                    ┃ Value ┃
┡━━━━━━━━━━━━━━━━━━━━━━━━━━━╇━━━━━━━┩
│ train/skipped_empty_batch │ 1     │
└───────────────────────────┴───────┘
tinker_cookbook.utils.ml_log:192 [INFO] Wrote metrics to logs/sweep-kl-coef/llama-rlct-kl0.1/metrics.jsonl
tinker_cookbook.utils.ml_log:265 [INFO] 
               Step 18               
┏━━━━━━━━━━━━━━━━━━━━━━━━━━━┳━━━━━━━┓
┃ Metric                    ┃ Value ┃
┡━━━━━━━━━━━━━━━━━━━━━━━━━━━╇━━━━━━━┩
│ train/skipped_empty_batch │ 1     │
└───────────────────────────┴───────┘
tinker_cookbook.utils.ml_log:192 [INFO] Wrote metrics to logs/sweep-kl-coef/llama-rlct-kl0.1/metrics.jsonl
tinker_cookbook.utils.ml_log:265 [INFO] 
               Step 19               
┏━━━━━━━━━━━━━━━━━━━━━━━━━━━┳━━━━━━━┓
┃ Metric                    ┃ Value ┃
┡━━━━━━━━━━━━━━━━━━━━━━━━━━━╇━━━━━━━┩
│ train/skipped_empty_batch │ 1     │
└───────────────────────────┴───────┘
tinker_cookbook.utils.ml_log:192 [INFO] Wrote metrics to logs/sweep-kl-coef/llama-rlct-kl0.1/metrics.jsonl
tinker_cookbook.utils.ml_log:265 [INFO] 
                         Step 20                         
┏━━━━━━━━━━━━━━━━━━━━━━━━━━━━━━━━━━━━━━━┳━━━━━━━━━━━━━━━┓
┃ Metric                                ┃ Value         ┃
┡━━━━━━━━━━━━━━━━━━━━━━━━━━━━━━━━━━━━━━━╇━━━━━━━━━━━━━━━┩
│ optim/entropy                         │ 6.969530      │
│ optim/kl_sample_train_v1              │ 0.000480      │
│ optim/kl_sample_train_v2              │ 0.000524      │
│ train/advantage_abs_mean              │ 0.992157      │
│ train/anchor_reward_mean              │ 0.000000      │
│ train/anchor_reward_std               │ 0.000000      │
│ train/avg_response_length             │ 1678.375000   │
│ train/consistency_gap_1               │ 0.190738      │
│ train/consistency_reward_mean         │ -0.025059     │
│ train/consistency_reward_std          │ 0.094621      │
│ train/epoch                           │ 0             │
│ train/kl_policy_base                  │ 0.007174      │
│ train/n_anchor_rollouts               │ 0             │
│ train/n_consistency_rollouts          │ 16            │
│ train/n_ref_parsed                    │ 52            │
│ train/n_training_parsed               │ 49            │
│ train/p_hat_1                         │ 0.306122      │
│ train/p_ref                           │ 0.115385      │
│ train/parse_rate                      │ 0.789062      │
│ train/rate_var                        │ 0.009095      │
│ train/reward_pert1_trait0_count       │ 9             │
│ train/reward_pert1_trait0_mean        │ 0.058389      │
│ train/reward_pert1_trait1_count       │ 7             │
│ train/reward_pert1_trait1_mean        │ -0.132349     │
│ train/train/clock_cycle:unique        │ 106262.000000 │
│ train/train/loss:sum                  │ -2393.822815  │
│ train/train/ppo_clipped_fraction:mean │ 0.066186      │
│ train/train/ppo_kl_div:mean           │ 0.246430      │
│ train/train/ppo_mean_ratio:mean       │ 0.948484      │
└───────────────────────────────────────┴───────────────┘
tinker_cookbook.utils.ml_log:192 [INFO] Wrote metrics to logs/sweep-kl-coef/llama-rlct-kl0.1/metrics.jsonl
tinker_cookbook.utils.ml_log:265 [INFO] 
                         Step 21                         
┏━━━━━━━━━━━━━━━━━━━━━━━━━━━━━━━━━━━━━━━┳━━━━━━━━━━━━━━━┓
┃ Metric                                ┃ Value         ┃
┡━━━━━━━━━━━━━━━━━━━━━━━━━━━━━━━━━━━━━━━╇━━━━━━━━━━━━━━━┩
│ optim/entropy                         │ 0.856208      │
│ optim/kl_sample_train_v1              │ 0.000141      │
│ optim/kl_sample_train_v2              │ 0.000641      │
│ train/advantage_abs_mean              │ 0.968246      │
│ train/anchor_reward_mean              │ 0.000000      │
│ train/anchor_reward_std               │ 0.000000      │
│ train/avg_response_length             │ 354.687500    │
│ train/consistency_gap_1               │ 0.237664      │
│ train/consistency_reward_mean         │ -0.014072     │
│ train/consistency_reward_std          │ 0.115059      │
│ train/epoch                           │ 0             │
│ train/kl_policy_base                  │ 0.012323      │
│ train/n_anchor_rollouts               │ 0             │
│ train/n_consistency_rollouts          │ 16            │
│ train/n_ref_parsed                    │ 64            │
│ train/n_training_parsed               │ 57            │
│ train/p_hat_1                         │ 0.315789      │
│ train/p_ref                           │ 0.078125      │
│ train/parse_rate                      │ 0.945312      │
│ train/rate_var                        │ 0.014121      │
│ train/reward_pert1_trait0_count       │ 10            │
│ train/reward_pert1_trait0_mean        │ 0.075052      │
│ train/reward_pert1_trait1_count       │ 6             │
│ train/reward_pert1_trait1_mean        │ -0.162613     │
│ train/train/clock_cycle:unique        │ 106327.000000 │
│ train/train/loss:sum                  │ -1038.624100  │
│ train/train/ppo_clipped_fraction:mean │ 0.173153      │
│ train/train/ppo_kl_div:mean           │ 0.752819      │
│ train/train/ppo_mean_ratio:mean       │ 0.854784      │
└───────────────────────────────────────┴───────────────┘
tinker_cookbook.utils.ml_log:192 [INFO] Wrote metrics to logs/sweep-kl-coef/llama-rlct-kl0.1/metrics.jsonl
tinker_cookbook.utils.ml_log:265 [INFO] 
                         Step 22                         
┏━━━━━━━━━━━━━━━━━━━━━━━━━━━━━━━━━━━━━━━┳━━━━━━━━━━━━━━━┓
┃ Metric                                ┃ Value         ┃
┡━━━━━━━━━━━━━━━━━━━━━━━━━━━━━━━━━━━━━━━╇━━━━━━━━━━━━━━━┩
│ optim/entropy                         │ 0.813071      │
│ optim/kl_sample_train_v1              │ 0.000582      │
│ optim/kl_sample_train_v2              │ 0.000582      │
│ train/advantage_abs_mean              │ 0.484123      │
│ train/anchor_reward_mean              │ 0.000000      │
│ train/anchor_reward_std               │ 0.000000      │
│ train/avg_response_length             │ 374.687500    │
│ train/consistency_gap_1               │ 0.114754      │
│ train/consistency_reward_mean         │ 0.005996      │
│ train/consistency_reward_std          │ 0.027778      │
│ train/epoch                           │ 0             │
│ train/kl_policy_base                  │ 0.015534      │
│ train/n_anchor_rollouts               │ 0             │
│ train/n_consistency_rollouts          │ 16            │
│ train/n_ref_parsed                    │ 64            │
│ train/n_training_parsed               │ 61            │
│ train/p_hat_1                         │ 0.114754      │
│ train/p_ref                           │ 0.000000      │
│ train/parse_rate                      │ 0.976562      │
│ train/rate_var                        │ 0.003292      │
│ train/reward_pert1_trait0_count       │ 15            │
│ train/reward_pert1_trait0_mean        │ 0.013169      │
│ train/reward_pert1_trait1_count       │ 1             │
│ train/reward_pert1_trait1_mean        │ -0.101586     │
│ train/train/clock_cycle:unique        │ 106437.000000 │
│ train/train/loss:sum                  │ 576.206573    │
│ train/train/ppo_clipped_fraction:mean │ 0.216179      │
│ train/train/ppo_kl_div:mean           │ 0.845407      │
│ train/train/ppo_mean_ratio:mean       │ 0.825170      │
└───────────────────────────────────────┴───────────────┘
tinker_cookbook.utils.ml_log:192 [INFO] Wrote metrics to logs/sweep-kl-coef/llama-rlct-kl0.1/metrics.jsonl
tinker_cookbook.utils.ml_log:265 [INFO] 
                         Step 23                         
┏━━━━━━━━━━━━━━━━━━━━━━━━━━━━━━━━━━━━━━━┳━━━━━━━━━━━━━━━┓
┃ Metric                                ┃ Value         ┃
┡━━━━━━━━━━━━━━━━━━━━━━━━━━━━━━━━━━━━━━━╇━━━━━━━━━━━━━━━┩
│ optim/entropy                         │ 4.537591      │
│ optim/kl_sample_train_v1              │ 0.000594      │
│ optim/kl_sample_train_v2              │ 0.000613      │
│ train/advantage_abs_mean              │ 0.968246      │
│ train/anchor_reward_mean              │ 0.000000      │
│ train/anchor_reward_std               │ 0.000000      │
│ train/avg_response_length             │ 1033.375000   │
│ train/consistency_gap_1               │ 0.358927      │
│ train/consistency_reward_mean         │ 0.041047      │
│ train/consistency_reward_std          │ 0.173765      │
│ train/epoch                           │ 0             │
│ train/kl_policy_base                  │ 0.024338      │
│ train/n_anchor_rollouts               │ 0             │
│ train/n_consistency_rollouts          │ 16            │
│ train/n_ref_parsed                    │ 46            │
│ train/n_training_parsed               │ 47            │
│ train/p_hat_1                         │ 0.489362      │
│ train/p_ref                           │ 0.130435      │
│ train/parse_rate                      │ 0.726562      │
│ train/rate_var                        │ 0.032207      │
│ train/reward_pert1_trait0_count       │ 10            │
│ train/reward_pert1_trait0_mean        │ 0.175645      │
│ train/reward_pert1_trait1_count       │ 6             │
│ train/reward_pert1_trait1_mean        │ -0.183282     │
│ train/train/clock_cycle:unique        │ 106560.000000 │
│ train/train/loss:sum                  │ 1091.851135   │
│ train/train/ppo_clipped_fraction:mean │ 0.109068      │
│ train/train/ppo_kl_div:mean           │ 0.411172      │
│ train/train/ppo_mean_ratio:mean       │ 0.911593      │
└───────────────────────────────────────┴───────────────┘
tinker_cookbook.utils.ml_log:192 [INFO] Wrote metrics to logs/sweep-kl-coef/llama-rlct-kl0.1/metrics.jsonl
tinker_cookbook.utils.ml_log:265 [INFO] 
               Step 24               
┏━━━━━━━━━━━━━━━━━━━━━━━━━━━┳━━━━━━━┓
┃ Metric                    ┃ Value ┃
┡━━━━━━━━━━━━━━━━━━━━━━━━━━━╇━━━━━━━┩
│ train/skipped_empty_batch │ 1     │
└───────────────────────────┴───────┘
tinker_cookbook.utils.ml_log:192 [INFO] Wrote metrics to logs/sweep-kl-coef/llama-rlct-kl0.1/metrics.jsonl
tinker_cookbook.utils.ml_log:265 [INFO] 
                         Step 25                         
┏━━━━━━━━━━━━━━━━━━━━━━━━━━━━━━━━━━━━━━━┳━━━━━━━━━━━━━━━┓
┃ Metric                                ┃ Value         ┃
┡━━━━━━━━━━━━━━━━━━━━━━━━━━━━━━━━━━━━━━━╇━━━━━━━━━━━━━━━┩
│ optim/entropy                         │ 1.128305      │
│ optim/kl_sample_train_v1              │ 0.000471      │
│ optim/kl_sample_train_v2              │ 0.000670      │
│ train/advantage_abs_mean              │ 0.866025      │
│ train/anchor_reward_mean              │ 0.000000      │
│ train/anchor_reward_std               │ 0.000000      │
│ train/avg_response_length             │ 544.125000    │
│ train/consistency_gap_1               │ 0.223691      │
│ train/consistency_reward_mean         │ 0.023451      │
│ train/consistency_reward_std          │ 0.096861      │
│ train/epoch                           │ 0             │
│ train/kl_policy_base                  │ 0.024603      │
│ train/n_anchor_rollouts               │ 0             │
│ train/n_consistency_rollouts          │ 16            │
│ train/n_ref_parsed                    │ 61            │
│ train/n_training_parsed               │ 62            │
│ train/p_hat_1                         │ 0.354839      │
│ train/p_ref                           │ 0.131148      │
│ train/parse_rate                      │ 0.960938      │
│ train/rate_var                        │ 0.012509      │
│ train/reward_pert1_trait0_count       │ 12            │
│ train/reward_pert1_trait0_mean        │ 0.079374      │
│ train/reward_pert1_trait1_count       │ 4             │
│ train/reward_pert1_trait1_mean        │ -0.144317     │
│ train/train/clock_cycle:unique        │ 106702.000000 │
│ train/train/loss:sum                  │ 243.227905    │
│ train/train/ppo_clipped_fraction:mean │ 0.112570      │
│ train/train/ppo_kl_div:mean           │ 0.502737      │
│ train/train/ppo_mean_ratio:mean       │ 0.905581      │
└───────────────────────────────────────┴───────────────┘
tinker_cookbook.utils.ml_log:192 [INFO] Wrote metrics to logs/sweep-kl-coef/llama-rlct-kl0.1/metrics.jsonl
tinker_cookbook.utils.ml_log:265 [INFO] 
                         Step 26                         
┏━━━━━━━━━━━━━━━━━━━━━━━━━━━━━━━━━━━━━━━┳━━━━━━━━━━━━━━━┓
┃ Metric                                ┃ Value         ┃
┡━━━━━━━━━━━━━━━━━━━━━━━━━━━━━━━━━━━━━━━╇━━━━━━━━━━━━━━━┩
│ optim/entropy                         │ 0.856053      │
│ optim/kl_sample_train_v1              │ 0.000950      │
│ optim/kl_sample_train_v2              │ 0.000750      │
│ train/advantage_abs_mean              │ 1.000000      │
│ train/anchor_reward_mean              │ 0.000000      │
│ train/anchor_reward_std               │ 0.000000      │
│ train/avg_response_length             │ 637.375000    │
│ train/consistency_gap_1               │ 0.346364      │
│ train/consistency_reward_mean         │ -0.002935     │
│ train/consistency_reward_std          │ 0.173182      │
│ train/epoch                           │ 0             │
│ train/kl_policy_base                  │ 0.042254      │
│ train/n_anchor_rollouts               │ 0             │
│ train/n_consistency_rollouts          │ 16            │
│ train/n_ref_parsed                    │ 62            │
│ train/n_training_parsed               │ 59            │
│ train/p_hat_1                         │ 0.491525      │
│ train/p_ref                           │ 0.145161      │
│ train/parse_rate                      │ 0.945312      │
│ train/rate_var                        │ 0.029992      │
│ train/reward_pert1_trait0_count       │ 8             │
│ train/reward_pert1_trait0_mean        │ 0.170247      │
│ train/reward_pert1_trait1_count       │ 8             │
│ train/reward_pert1_trait1_mean        │ -0.176117     │
│ train/train/clock_cycle:unique        │ 106757.000000 │
│ train/train/loss:sum                  │ 872.827881    │
│ train/train/ppo_clipped_fraction:mean │ 0.102385      │
│ train/train/ppo_kl_div:mean           │ 0.432924      │
│ train/train/ppo_mean_ratio:mean       │ 0.913702      │
└───────────────────────────────────────┴───────────────┘
tinker_cookbook.utils.ml_log:192 [INFO] Wrote metrics to logs/sweep-kl-coef/llama-rlct-kl0.1/metrics.jsonl
tinker_cookbook.utils.ml_log:265 [INFO] 
                         Step 27                         
┏━━━━━━━━━━━━━━━━━━━━━━━━━━━━━━━━━━━━━━━┳━━━━━━━━━━━━━━━┓
┃ Metric                                ┃ Value         ┃
┡━━━━━━━━━━━━━━━━━━━━━━━━━━━━━━━━━━━━━━━╇━━━━━━━━━━━━━━━┩
│ optim/entropy                         │ 0.823761      │
│ optim/kl_sample_train_v1              │ 0.001005      │
│ optim/kl_sample_train_v2              │ 0.000675      │
│ train/advantage_abs_mean              │ 0.992157      │
│ train/anchor_reward_mean              │ 0.000000      │
│ train/anchor_reward_std               │ 0.000000      │
│ train/avg_response_length             │ 520.187500    │
│ train/consistency_gap_1               │ 0.468502      │
│ train/consistency_reward_mean         │ 0.021961      │
│ train/consistency_reward_std          │ 0.232414      │
│ train/epoch                           │ 0             │
│ train/kl_policy_base                  │ 0.049394      │
│ train/n_anchor_rollouts               │ 0             │
│ train/n_consistency_rollouts          │ 16            │
│ train/n_ref_parsed                    │ 63            │
│ train/n_training_parsed               │ 64            │
│ train/p_hat_1                         │ 0.484375      │
│ train/p_ref                           │ 0.015873      │
│ train/parse_rate                      │ 0.992188      │
│ train/rate_var                        │ 0.054874      │
│ train/reward_pert1_trait0_count       │ 9             │
│ train/reward_pert1_trait0_mean        │ 0.226931      │
│ train/reward_pert1_trait1_count       │ 7             │
│ train/reward_pert1_trait1_mean        │ -0.241571     │
│ train/train/clock_cycle:unique        │ 106798.000000 │
│ train/train/loss:sum                  │ 800.590942    │
│ train/train/ppo_clipped_fraction:mean │ 0.174337      │
│ train/train/ppo_kl_div:mean           │ 0.752001      │
│ train/train/ppo_mean_ratio:mean       │ 0.851565      │
└───────────────────────────────────────┴───────────────┘
tinker_cookbook.utils.ml_log:192 [INFO] Wrote metrics to logs/sweep-kl-coef/llama-rlct-kl0.1/metrics.jsonl
tinker_cookbook.utils.ml_log:265 [INFO] 
                         Step 28                         
┏━━━━━━━━━━━━━━━━━━━━━━━━━━━━━━━━━━━━━━━┳━━━━━━━━━━━━━━━┓
┃ Metric                                ┃ Value         ┃
┡━━━━━━━━━━━━━━━━━━━━━━━━━━━━━━━━━━━━━━━╇━━━━━━━━━━━━━━━┩
│ optim/entropy                         │ 0.764195      │
│ optim/kl_sample_train_v1              │ 0.000635      │
│ optim/kl_sample_train_v2              │ 0.000763      │
│ train/advantage_abs_mean              │ 0.484123      │
│ train/anchor_reward_mean              │ 0.000000      │
│ train/anchor_reward_std               │ 0.000000      │
│ train/avg_response_length             │ 662.625000    │
│ train/consistency_gap_1               │ -0.000248     │
│ train/consistency_reward_mean         │ 0.000012      │
│ train/consistency_reward_std          │ 0.000060      │
│ train/epoch                           │ 0             │
│ train/kl_policy_base                  │ 0.037002      │
│ train/n_anchor_rollouts               │ 0             │
│ train/n_consistency_rollouts          │ 16            │
│ train/n_ref_parsed                    │ 63            │
│ train/n_training_parsed               │ 64            │
│ train/p_hat_1                         │ 0.015625      │
│ train/p_ref                           │ 0.015873      │
│ train/parse_rate                      │ 0.992188      │
│ train/rate_var                        │ 0.000000      │
│ train/reward_pert1_trait0_count       │ 15            │
│ train/reward_pert1_trait0_mean        │ -0.000004     │
│ train/reward_pert1_trait1_count       │ 1             │
│ train/reward_pert1_trait1_mean        │ 0.000244      │
│ train/train/clock_cycle:unique        │ 106849.000000 │
│ train/train/loss:sum                  │ 258.733704    │
│ train/train/ppo_clipped_fraction:mean │ 0.193169      │
│ train/train/ppo_kl_div:mean           │ 0.667561      │
│ train/train/ppo_mean_ratio:mean       │ 0.845383      │
└───────────────────────────────────────┴───────────────┘
tinker_cookbook.utils.ml_log:192 [INFO] Wrote metrics to logs/sweep-kl-coef/llama-rlct-kl0.1/metrics.jsonl
tinker_cookbook.utils.ml_log:265 [INFO] 
               Step 29               
┏━━━━━━━━━━━━━━━━━━━━━━━━━━━┳━━━━━━━┓
┃ Metric                    ┃ Value ┃
┡━━━━━━━━━━━━━━━━━━━━━━━━━━━╇━━━━━━━┩
│ train/skipped_empty_batch │ 1     │
└───────────────────────────┴───────┘
tinker_cookbook.utils.ml_log:192 [INFO] Wrote metrics to logs/sweep-kl-coef/llama-rlct-kl0.1/metrics.jsonl
tinker_cookbook.utils.ml_log:265 [INFO] 
                         Step 30                         
┏━━━━━━━━━━━━━━━━━━━━━━━━━━━━━━━━━━━━━━━┳━━━━━━━━━━━━━━━┓
┃ Metric                                ┃ Value         ┃
┡━━━━━━━━━━━━━━━━━━━━━━━━━━━━━━━━━━━━━━━╇━━━━━━━━━━━━━━━┩
│ optim/entropy                         │ 0.681763      │
│ optim/kl_sample_train_v1              │ 0.000463      │
│ optim/kl_sample_train_v2              │ 0.000661      │
│ train/advantage_abs_mean              │ 0.661438      │
│ train/anchor_reward_mean              │ 0.000000      │
│ train/anchor_reward_std               │ 0.000000      │
│ train/avg_response_length             │ 373.250000    │
│ train/consistency_gap_1               │ 0.032242      │
│ train/consistency_reward_mean         │ -0.001983     │
│ train/consistency_reward_std          │ 0.010663      │
│ train/epoch                           │ 0             │
│ train/kl_policy_base                  │ 0.054854      │
│ train/n_anchor_rollouts               │ 0             │
│ train/n_consistency_rollouts          │ 16            │
│ train/n_ref_parsed                    │ 64            │
│ train/n_training_parsed               │ 63            │
│ train/p_hat_1                         │ 0.063492      │
│ train/p_ref                           │ 0.031250      │
│ train/parse_rate                      │ 0.992188      │
│ train/rate_var                        │ 0.000260      │
│ train/reward_pert1_trait0_count       │ 14            │
│ train/reward_pert1_trait0_mean        │ 0.002047      │
│ train/reward_pert1_trait1_count       │ 2             │
│ train/reward_pert1_trait1_mean        │ -0.030195     │
│ train/train/clock_cycle:unique        │ 106903.000000 │
│ train/train/loss:sum                  │ -65.664856    │
│ train/train/ppo_clipped_fraction:mean │ 0.232559      │
│ train/train/ppo_kl_div:mean           │ 0.944304      │
│ train/train/ppo_mean_ratio:mean       │ 0.804127      │
└───────────────────────────────────────┴───────────────┘
tinker_cookbook.utils.ml_log:192 [INFO] Wrote metrics to logs/sweep-kl-coef/llama-rlct-kl0.1/metrics.jsonl
tinker_cookbook.utils.ml_log:265 [INFO] 
               Step 31               
┏━━━━━━━━━━━━━━━━━━━━━━━━━━━┳━━━━━━━┓
┃ Metric                    ┃ Value ┃
┡━━━━━━━━━━━━━━━━━━━━━━━━━━━╇━━━━━━━┩
│ train/skipped_empty_batch │ 1     │
└───────────────────────────┴───────┘
tinker_cookbook.utils.ml_log:192 [INFO] Wrote metrics to logs/sweep-kl-coef/llama-rlct-kl0.1/metrics.jsonl
tinker_cookbook.utils.ml_log:265 [INFO] 
               Step 32               
┏━━━━━━━━━━━━━━━━━━━━━━━━━━━┳━━━━━━━┓
┃ Metric                    ┃ Value ┃
┡━━━━━━━━━━━━━━━━━━━━━━━━━━━╇━━━━━━━┩
│ train/skipped_empty_batch │ 1     │
└───────────────────────────┴───────┘
tinker_cookbook.utils.ml_log:192 [INFO] Wrote metrics to logs/sweep-kl-coef/llama-rlct-kl0.1/metrics.jsonl
tinker_cookbook.utils.ml_log:265 [INFO] 
                         Step 33                         
┏━━━━━━━━━━━━━━━━━━━━━━━━━━━━━━━━━━━━━━━┳━━━━━━━━━━━━━━━┓
┃ Metric                                ┃ Value         ┃
┡━━━━━━━━━━━━━━━━━━━━━━━━━━━━━━━━━━━━━━━╇━━━━━━━━━━━━━━━┩
│ optim/entropy                         │ 0.685631      │
│ optim/kl_sample_train_v1              │ 0.000839      │
│ optim/kl_sample_train_v2              │ 0.000716      │
│ train/advantage_abs_mean              │ 0.866025      │
│ train/anchor_reward_mean              │ 0.000000      │
│ train/anchor_reward_std               │ 0.000000      │
│ train/avg_response_length             │ 400.250000    │
│ train/consistency_gap_1               │ 0.041700      │
│ train/consistency_reward_mean         │ 0.006538      │
│ train/consistency_reward_std          │ 0.018057      │
│ train/epoch                           │ 0             │
│ train/kl_policy_base                  │ 0.050799      │
│ train/n_anchor_rollouts               │ 0             │
│ train/n_consistency_rollouts          │ 16            │
│ train/n_ref_parsed                    │ 63            │
│ train/n_training_parsed               │ 59            │
│ train/p_hat_1                         │ 0.406780      │
│ train/p_ref                           │ 0.365079      │
│ train/parse_rate                      │ 0.953125      │
│ train/rate_var                        │ 0.000435      │
│ train/reward_pert1_trait0_count       │ 12            │
│ train/reward_pert1_trait0_mean        │ 0.016963      │
│ train/reward_pert1_trait1_count       │ 4             │
│ train/reward_pert1_trait1_mean        │ -0.024737     │
│ train/train/clock_cycle:unique        │ 106970.000000 │
│ train/train/loss:sum                  │ 272.493866    │
│ train/train/ppo_clipped_fraction:mean │ 0.311996      │
│ train/train/ppo_kl_div:mean           │ 1.036421      │
│ train/train/ppo_mean_ratio:mean       │ 0.753397      │
└───────────────────────────────────────┴───────────────┘
tinker_cookbook.utils.ml_log:192 [INFO] Wrote metrics to logs/sweep-kl-coef/llama-rlct-kl0.1/metrics.jsonl
tinker_cookbook.utils.ml_log:265 [INFO] 
                         Step 34                         
┏━━━━━━━━━━━━━━━━━━━━━━━━━━━━━━━━━━━━━━━┳━━━━━━━━━━━━━━━┓
┃ Metric                                ┃ Value         ┃
┡━━━━━━━━━━━━━━━━━━━━━━━━━━━━━━━━━━━━━━━╇━━━━━━━━━━━━━━━┩
│ optim/entropy                         │ 1.706324      │
│ optim/kl_sample_train_v1              │ 0.001258      │
│ optim/kl_sample_train_v2              │ 0.000866      │
│ train/advantage_abs_mean              │ 0.968246      │
│ train/anchor_reward_mean              │ 0.000000      │
│ train/anchor_reward_std               │ 0.000000      │
│ train/avg_response_length             │ 747.500000    │
│ train/consistency_gap_1               │ -0.011404     │
│ train/consistency_reward_mean         │ 0.001806      │
│ train/consistency_reward_std          │ 0.005521      │
│ train/epoch                           │ 0             │
│ train/kl_policy_base                  │ 0.048616      │
│ train/n_anchor_rollouts               │ 0             │
│ train/n_consistency_rollouts          │ 16            │
│ train/n_ref_parsed                    │ 57            │
│ train/n_training_parsed               │ 60            │
│ train/p_hat_1                         │ 0.216667      │
│ train/p_ref                           │ 0.228070      │
│ train/parse_rate                      │ 0.914062      │
│ train/rate_var                        │ 0.000033      │
│ train/reward_pert1_trait0_count       │ 10            │
│ train/reward_pert1_trait0_mean        │ -0.002471     │
│ train/reward_pert1_trait1_count       │ 6             │
│ train/reward_pert1_trait1_mean        │ 0.008933      │
│ train/train/clock_cycle:unique        │ 107041.000000 │
│ train/train/loss:sum                  │ -2755.657166  │
│ train/train/ppo_clipped_fraction:mean │ 0.259506      │
│ train/train/ppo_kl_div:mean           │ 0.754785      │
│ train/train/ppo_mean_ratio:mean       │ 0.801776      │
└───────────────────────────────────────┴───────────────┘
tinker_cookbook.utils.ml_log:192 [INFO] Wrote metrics to logs/sweep-kl-coef/llama-rlct-kl0.1/metrics.jsonl
tinker_cookbook.utils.ml_log:265 [INFO] 
                         Step 35                         
┏━━━━━━━━━━━━━━━━━━━━━━━━━━━━━━━━━━━━━━━┳━━━━━━━━━━━━━━━┓
┃ Metric                                ┃ Value         ┃
┡━━━━━━━━━━━━━━━━━━━━━━━━━━━━━━━━━━━━━━━╇━━━━━━━━━━━━━━━┩
│ optim/entropy                         │ 1.031588      │
│ optim/kl_sample_train_v1              │ 0.000380      │
│ optim/kl_sample_train_v2              │ 0.000730      │
│ train/advantage_abs_mean              │ 0.927025      │
│ train/anchor_reward_mean              │ 0.000000      │
│ train/anchor_reward_std               │ 0.000000      │
│ train/avg_response_length             │ 467.125000    │
│ train/consistency_gap_1               │ 0.127049      │
│ train/consistency_reward_mean         │ 0.008201      │
│ train/consistency_reward_std          │ 0.058889      │
│ train/epoch                           │ 0             │
│ train/kl_policy_base                  │ 0.042079      │
│ train/n_anchor_rollouts               │ 0             │
│ train/n_consistency_rollouts          │ 16            │
│ train/n_ref_parsed                    │ 60            │
│ train/n_training_parsed               │ 61            │
│ train/p_hat_1                         │ 0.377049      │
│ train/p_ref                           │ 0.250000      │
│ train/parse_rate                      │ 0.945312      │
│ train/rate_var                        │ 0.004035      │
│ train/reward_pert1_trait0_count       │ 11            │
│ train/reward_pert1_trait0_mean        │ 0.047904      │
│ train/reward_pert1_trait1_count       │ 5             │
│ train/reward_pert1_trait1_mean        │ -0.079145     │
│ train/train/clock_cycle:unique        │ 107112.000000 │
│ train/train/loss:sum                  │ 1022.288452   │
│ train/train/ppo_clipped_fraction:mean │ 0.194028      │
│ train/train/ppo_kl_div:mean           │ 0.638175      │
│ train/train/ppo_mean_ratio:mean       │ 0.848701      │
└───────────────────────────────────────┴───────────────┘
tinker_cookbook.utils.ml_log:192 [INFO] Wrote metrics to logs/sweep-kl-coef/llama-rlct-kl0.1/metrics.jsonl
tinker_cookbook.utils.ml_log:265 [INFO] 
                         Step 36                         
┏━━━━━━━━━━━━━━━━━━━━━━━━━━━━━━━━━━━━━━━┳━━━━━━━━━━━━━━━┓
┃ Metric                                ┃ Value         ┃
┡━━━━━━━━━━━━━━━━━━━━━━━━━━━━━━━━━━━━━━━╇━━━━━━━━━━━━━━━┩
│ optim/entropy                         │ 1.278610      │
│ optim/kl_sample_train_v1              │ 0.001549      │
│ optim/kl_sample_train_v2              │ 0.000792      │
│ train/advantage_abs_mean              │ 0.780625      │
│ train/anchor_reward_mean              │ 0.000000      │
│ train/anchor_reward_std               │ 0.000000      │
│ train/avg_response_length             │ 345.812500    │
│ train/consistency_gap_1               │ 0.024765      │
│ train/consistency_reward_mean         │ -0.001041     │
│ train/consistency_reward_std          │ 0.009666      │
│ train/epoch                           │ 0             │
│ train/kl_policy_base                  │ 0.046600      │
│ train/n_anchor_rollouts               │ 0             │
│ train/n_consistency_rollouts          │ 16            │
│ train/n_ref_parsed                    │ 58            │
│ train/n_training_parsed               │ 55            │
│ train/p_hat_1                         │ 0.145455      │
│ train/p_ref                           │ 0.120690      │
│ train/parse_rate                      │ 0.882812      │
│ train/rate_var                        │ 0.000153      │
│ train/reward_pert1_trait0_count       │ 13            │
│ train/reward_pert1_trait0_mean        │ 0.003602      │
│ train/reward_pert1_trait1_count       │ 3             │
│ train/reward_pert1_trait1_mean        │ -0.021163     │
│ train/train/clock_cycle:unique        │ 107241.000000 │
│ train/train/loss:sum                  │ 314.336365    │
│ train/train/ppo_clipped_fraction:mean │ 0.356924      │
│ train/train/ppo_kl_div:mean           │ 1.137743      │
│ train/train/ppo_mean_ratio:mean       │ 0.709748      │
└───────────────────────────────────────┴───────────────┘
tinker_cookbook.utils.ml_log:192 [INFO] Wrote metrics to logs/sweep-kl-coef/llama-rlct-kl0.1/metrics.jsonl
tinker_cookbook.utils.ml_log:265 [INFO] 
                         Step 37                         
┏━━━━━━━━━━━━━━━━━━━━━━━━━━━━━━━━━━━━━━━┳━━━━━━━━━━━━━━━┓
┃ Metric                                ┃ Value         ┃
┡━━━━━━━━━━━━━━━━━━━━━━━━━━━━━━━━━━━━━━━╇━━━━━━━━━━━━━━━┩
│ optim/entropy                         │ 0.750324      │
│ optim/kl_sample_train_v1              │ -0.000028     │
│ optim/kl_sample_train_v2              │ 0.000651      │
│ train/advantage_abs_mean              │ 0.661438      │
│ train/anchor_reward_mean              │ 0.000000      │
│ train/anchor_reward_std               │ 0.000000      │
│ train/avg_response_length             │ 277.250000    │
│ train/consistency_gap_1               │ 0.169335      │
│ train/consistency_reward_mean         │ -0.019707     │
│ train/consistency_reward_std          │ 0.056002      │
│ train/epoch                           │ 0             │
│ train/kl_policy_base                  │ 0.050165      │
│ train/n_anchor_rollouts               │ 0             │
│ train/n_consistency_rollouts          │ 16            │
│ train/n_ref_parsed                    │ 56            │
│ train/n_training_parsed               │ 58            │
│ train/p_hat_1                         │ 0.758621      │
│ train/p_ref                           │ 0.589286      │
│ train/parse_rate                      │ 0.890625      │
│ train/rate_var                        │ 0.007169      │
│ train/reward_pert1_trait0_count       │ 2             │
│ train/reward_pert1_trait0_mean        │ 0.128461      │
│ train/reward_pert1_trait1_count       │ 14            │
│ train/reward_pert1_trait1_mean        │ -0.040874     │
│ train/train/clock_cycle:unique        │ 107291.000000 │
│ train/train/loss:sum                  │ 486.812683    │
│ train/train/ppo_clipped_fraction:mean │ 0.405449      │
│ train/train/ppo_kl_div:mean           │ 1.521240      │
│ train/train/ppo_mean_ratio:mean       │ 0.662632      │
└───────────────────────────────────────┴───────────────┘
tinker_cookbook.utils.ml_log:192 [INFO] Wrote metrics to logs/sweep-kl-coef/llama-rlct-kl0.1/metrics.jsonl
tinker_cookbook.utils.ml_log:265 [INFO] 
                         Step 38                         
┏━━━━━━━━━━━━━━━━━━━━━━━━━━━━━━━━━━━━━━━┳━━━━━━━━━━━━━━━┓
┃ Metric                                ┃ Value         ┃
┡━━━━━━━━━━━━━━━━━━━━━━━━━━━━━━━━━━━━━━━╇━━━━━━━━━━━━━━━┩
│ optim/entropy                         │ 6.252166      │
│ optim/kl_sample_train_v1              │ 0.000149      │
│ optim/kl_sample_train_v2              │ 0.000411      │
│ train/advantage_abs_mean              │ 0.780625      │
│ train/anchor_reward_mean              │ 0.000000      │
│ train/anchor_reward_std               │ 0.000000      │
│ train/avg_response_length             │ 892.500000    │
│ train/consistency_gap_1               │ 0.117647      │
│ train/consistency_reward_mean         │ -0.005911     │
│ train/consistency_reward_std          │ 0.045919      │
│ train/epoch                           │ 0             │
│ train/kl_policy_base                  │ 0.036394      │
│ train/n_anchor_rollouts               │ 0             │
│ train/n_consistency_rollouts          │ 16            │
│ train/n_ref_parsed                    │ 51            │
│ train/n_training_parsed               │ 51            │
│ train/p_hat_1                         │ 0.137255      │
│ train/p_ref                           │ 0.019608      │
│ train/parse_rate                      │ 0.796875      │
│ train/rate_var                        │ 0.003460      │
│ train/reward_pert1_trait0_count       │ 13            │
│ train/reward_pert1_trait0_mean        │ 0.016148      │
│ train/reward_pert1_trait1_count       │ 3             │
│ train/reward_pert1_trait1_mean        │ -0.101499     │
│ train/train/clock_cycle:unique        │ 107410.000000 │
│ train/train/loss:sum                  │ 9471.195374   │
│ train/train/ppo_clipped_fraction:mean │ 0.092224      │
│ train/train/ppo_kl_div:mean           │ 0.345882      │
│ train/train/ppo_mean_ratio:mean       │ 0.925425      │
└───────────────────────────────────────┴───────────────┘
tinker_cookbook.utils.ml_log:192 [INFO] Wrote metrics to logs/sweep-kl-coef/llama-rlct-kl0.1/metrics.jsonl
tinker_cookbook.utils.ml_log:265 [INFO] 
                         Step 39                         
┏━━━━━━━━━━━━━━━━━━━━━━━━━━━━━━━━━━━━━━━┳━━━━━━━━━━━━━━━┓
┃ Metric                                ┃ Value         ┃
┡━━━━━━━━━━━━━━━━━━━━━━━━━━━━━━━━━━━━━━━╇━━━━━━━━━━━━━━━┩
│ optim/entropy                         │ 6.269414      │
│ optim/kl_sample_train_v1              │ 0.001041      │
│ optim/kl_sample_train_v2              │ 0.000623      │
│ train/advantage_abs_mean              │ 0.992157      │
│ train/anchor_reward_mean              │ 0.000000      │
│ train/anchor_reward_std               │ 0.000000      │
│ train/avg_response_length             │ 1077.937500   │
│ train/consistency_gap_1               │ 0.214052      │
│ train/consistency_reward_mean         │ -0.018100     │
│ train/consistency_reward_std          │ 0.106187      │
│ train/epoch                           │ 0             │
│ train/kl_policy_base                  │ 0.033103      │
│ train/n_anchor_rollouts               │ 0             │
│ train/n_consistency_rollouts          │ 16            │
│ train/n_ref_parsed                    │ 36            │
│ train/n_training_parsed               │ 34            │
│ train/p_hat_1                         │ 0.352941      │
│ train/p_ref                           │ 0.138889      │
│ train/parse_rate                      │ 0.546875      │
│ train/rate_var                        │ 0.011455      │
│ train/reward_pert1_trait0_count       │ 9             │
│ train/reward_pert1_trait0_mean        │ 0.075548      │
│ train/reward_pert1_trait1_count       │ 7             │
│ train/reward_pert1_trait1_mean        │ -0.138504     │
│ train/train/clock_cycle:unique        │ 107567.000000 │
│ train/train/loss:sum                  │ -143.219505   │
│ train/train/ppo_clipped_fraction:mean │ 0.096768      │
│ train/train/ppo_kl_div:mean           │ 0.344692      │
│ train/train/ppo_mean_ratio:mean       │ 0.921665      │
└───────────────────────────────────────┴───────────────┘
tinker_cookbook.utils.ml_log:192 [INFO] Wrote metrics to logs/sweep-kl-coef/llama-rlct-kl0.1/metrics.jsonl
tinker_cookbook.utils.ml_log:265 [INFO] 
                         Step 40                         
┏━━━━━━━━━━━━━━━━━━━━━━━━━━━━━━━━━━━━━━━┳━━━━━━━━━━━━━━━┓
┃ Metric                                ┃ Value         ┃
┡━━━━━━━━━━━━━━━━━━━━━━━━━━━━━━━━━━━━━━━╇━━━━━━━━━━━━━━━┩
│ optim/entropy                         │ 3.376999      │
│ optim/kl_sample_train_v1              │ -0.000265     │
│ optim/kl_sample_train_v2              │ 0.000824      │
│ train/advantage_abs_mean              │ 0.968246      │
│ train/anchor_reward_mean              │ 0.000000      │
│ train/anchor_reward_std               │ 0.000000      │
│ train/avg_response_length             │ 447.812500    │
│ train/consistency_gap_1               │ 0.008036      │
│ train/consistency_reward_mean         │ 0.000474      │
│ train/consistency_reward_std          │ 0.003891      │
│ train/epoch                           │ 0             │
│ train/kl_policy_base                  │ 0.064467      │
│ train/n_anchor_rollouts               │ 0             │
│ train/n_consistency_rollouts          │ 16            │
│ train/n_ref_parsed                    │ 54            │
│ train/n_training_parsed               │ 53            │
│ train/p_hat_1                         │ 0.433962      │
│ train/p_ref                           │ 0.425926      │
│ train/parse_rate                      │ 0.835938      │
│ train/rate_var                        │ 0.000016      │
│ train/reward_pert1_trait0_count       │ 10            │
│ train/reward_pert1_trait0_mean        │ 0.003487      │
│ train/reward_pert1_trait1_count       │ 6             │
│ train/reward_pert1_trait1_mean        │ -0.004549     │
│ train/train/clock_cycle:unique        │ 107680.000000 │
│ train/train/loss:sum                  │ -1730.610962  │
│ train/train/ppo_clipped_fraction:mean │ 0.345521      │
│ train/train/ppo_kl_div:mean           │ 0.994649      │
│ train/train/ppo_mean_ratio:mean       │ 0.731687      │
└───────────────────────────────────────┴───────────────┘
tinker_cookbook.utils.ml_log:192 [INFO] Wrote metrics to logs/sweep-kl-coef/llama-rlct-kl0.1/metrics.jsonl
tinker_cookbook.utils.ml_log:265 [INFO] 
                         Step 41                         
┏━━━━━━━━━━━━━━━━━━━━━━━━━━━━━━━━━━━━━━━┳━━━━━━━━━━━━━━━┓
┃ Metric                                ┃ Value         ┃
┡━━━━━━━━━━━━━━━━━━━━━━━━━━━━━━━━━━━━━━━╇━━━━━━━━━━━━━━━┩
│ optim/entropy                         │ 2.814431      │
│ optim/kl_sample_train_v1              │ 0.000966      │
│ optim/kl_sample_train_v2              │ 0.000692      │
│ train/advantage_abs_mean              │ 0.968246      │
│ train/anchor_reward_mean              │ 0.000000      │
│ train/anchor_reward_std               │ 0.000000      │
│ train/avg_response_length             │ 293.062500    │
│ train/consistency_gap_1               │ -0.065015     │
│ train/consistency_reward_mean         │ 0.010358      │
│ train/consistency_reward_std          │ 0.031475      │
│ train/epoch                           │ 0             │
│ train/kl_policy_base                  │ 0.076450      │
│ train/n_anchor_rollouts               │ 0             │
│ train/n_consistency_rollouts          │ 16            │
│ train/n_ref_parsed                    │ 57            │
│ train/n_training_parsed               │ 51            │
│ train/p_hat_1                         │ 0.215686      │
│ train/p_ref                           │ 0.280702      │
│ train/parse_rate                      │ 0.843750      │
│ train/rate_var                        │ 0.001057      │
│ train/reward_pert1_trait0_count       │ 10            │
│ train/reward_pert1_trait0_mean        │ -0.014023     │
│ train/reward_pert1_trait1_count       │ 6             │
│ train/reward_pert1_trait1_mean        │ 0.050993      │
│ train/train/clock_cycle:unique        │ 107737.000000 │
│ train/train/loss:sum                  │ -950.311193   │
│ train/train/ppo_clipped_fraction:mean │ 0.443433      │
│ train/train/ppo_kl_div:mean           │ 1.373200      │
│ train/train/ppo_mean_ratio:mean       │ 0.643567      │
└───────────────────────────────────────┴───────────────┘
tinker_cookbook.utils.ml_log:192 [INFO] Wrote metrics to logs/sweep-kl-coef/llama-rlct-kl0.1/metrics.jsonl
tinker_cookbook.utils.ml_log:265 [INFO] 
                         Step 42                         
┏━━━━━━━━━━━━━━━━━━━━━━━━━━━━━━━━━━━━━━━┳━━━━━━━━━━━━━━━┓
┃ Metric                                ┃ Value         ┃
┡━━━━━━━━━━━━━━━━━━━━━━━━━━━━━━━━━━━━━━━╇━━━━━━━━━━━━━━━┩
│ optim/entropy                         │ 3.420338      │
│ optim/kl_sample_train_v1              │ 0.001377      │
│ optim/kl_sample_train_v2              │ 0.000572      │
│ train/advantage_abs_mean              │ 0.484123      │
│ train/anchor_reward_mean              │ 0.000000      │
│ train/anchor_reward_std               │ 0.000000      │
│ train/avg_response_length             │ 375.812500    │
│ train/consistency_gap_1               │ -0.069091     │
│ train/consistency_reward_mean         │ 0.001555      │
│ train/consistency_reward_std          │ 0.016724      │
│ train/epoch                           │ 0             │
│ train/kl_policy_base                  │ 0.051656      │
│ train/n_anchor_rollouts               │ 0             │
│ train/n_consistency_rollouts          │ 16            │
│ train/n_ref_parsed                    │ 55            │
│ train/n_training_parsed               │ 50            │
│ train/p_hat_1                         │ 0.040000      │
│ train/p_ref                           │ 0.109091      │
│ train/parse_rate                      │ 0.820312      │
│ train/rate_var                        │ 0.001193      │
│ train/reward_pert1_trait0_count       │ 15            │
│ train/reward_pert1_trait0_mean        │ -0.002764     │
│ train/reward_pert1_trait1_count       │ 1             │
│ train/reward_pert1_trait1_mean        │ 0.066327      │
│ train/train/clock_cycle:unique        │ 107830.000000 │
│ train/train/loss:sum                  │ 290.316284    │
│ train/train/ppo_clipped_fraction:mean │ 0.217019      │
│ train/train/ppo_kl_div:mean           │ 0.833943      │
│ train/train/ppo_mean_ratio:mean       │ 0.821306      │
└───────────────────────────────────────┴───────────────┘
tinker_cookbook.utils.ml_log:192 [INFO] Wrote metrics to logs/sweep-kl-coef/llama-rlct-kl0.1/metrics.jsonl
tinker_cookbook.utils.ml_log:265 [INFO] 
                         Step 43                         
┏━━━━━━━━━━━━━━━━━━━━━━━━━━━━━━━━━━━━━━━┳━━━━━━━━━━━━━━━┓
┃ Metric                                ┃ Value         ┃
┡━━━━━━━━━━━━━━━━━━━━━━━━━━━━━━━━━━━━━━━╇━━━━━━━━━━━━━━━┩
│ optim/entropy                         │ 1.296555      │
│ optim/kl_sample_train_v1              │ 0.000623      │
│ optim/kl_sample_train_v2              │ 0.000592      │
│ train/advantage_abs_mean              │ 0.780625      │
│ train/anchor_reward_mean              │ 0.000000      │
│ train/anchor_reward_std               │ 0.000000      │
│ train/avg_response_length             │ 221.312500    │
│ train/consistency_gap_1               │ 0.034450      │
│ train/consistency_reward_mean         │ -0.004646     │
│ train/consistency_reward_std          │ 0.013446      │
│ train/epoch                           │ 0             │
│ train/kl_policy_base                  │ 0.080404      │
│ train/n_anchor_rollouts               │ 0             │
│ train/n_consistency_rollouts          │ 16            │
│ train/n_ref_parsed                    │ 55            │
│ train/n_training_parsed               │ 57            │
│ train/p_hat_1                         │ 0.052632      │
│ train/p_ref                           │ 0.018182      │
│ train/parse_rate                      │ 0.875000      │
│ train/rate_var                        │ 0.000297      │
│ train/reward_pert1_trait0_count       │ 13            │
│ train/reward_pert1_trait0_mean        │ 0.001813      │
│ train/reward_pert1_trait1_count       │ 3             │
│ train/reward_pert1_trait1_mean        │ -0.032637     │
│ train/train/clock_cycle:unique        │ 107933.000000 │
│ train/train/loss:sum                  │ -15.819427    │
│ train/train/ppo_clipped_fraction:mean │ 0.303841      │
│ train/train/ppo_kl_div:mean           │ 1.258254      │
│ train/train/ppo_mean_ratio:mean       │ 0.745880      │
└───────────────────────────────────────┴───────────────┘
tinker_cookbook.utils.ml_log:192 [INFO] Wrote metrics to logs/sweep-kl-coef/llama-rlct-kl0.1/metrics.jsonl
tinker_cookbook.utils.ml_log:265 [INFO] 
               Step 44               
┏━━━━━━━━━━━━━━━━━━━━━━━━━━━┳━━━━━━━┓
┃ Metric                    ┃ Value ┃
┡━━━━━━━━━━━━━━━━━━━━━━━━━━━╇━━━━━━━┩
│ train/skipped_empty_batch │ 1     │
└───────────────────────────┴───────┘
tinker_cookbook.utils.ml_log:192 [INFO] Wrote metrics to logs/sweep-kl-coef/llama-rlct-kl0.1/metrics.jsonl
tinker_cookbook.utils.ml_log:265 [INFO] 
                         Step 45                         
┏━━━━━━━━━━━━━━━━━━━━━━━━━━━━━━━━━━━━━━━┳━━━━━━━━━━━━━━━┓
┃ Metric                                ┃ Value         ┃
┡━━━━━━━━━━━━━━━━━━━━━━━━━━━━━━━━━━━━━━━╇━━━━━━━━━━━━━━━┩
│ optim/entropy                         │ 1.605156      │
│ optim/kl_sample_train_v1              │ 0.001252      │
│ optim/kl_sample_train_v2              │ 0.000640      │
│ train/advantage_abs_mean              │ 0.484123      │
│ train/anchor_reward_mean              │ 0.000000      │
│ train/anchor_reward_std               │ 0.000000      │
│ train/avg_response_length             │ 305.875000    │
│ train/consistency_gap_1               │ -0.034461     │
│ train/consistency_reward_mean         │ 0.000923      │
│ train/consistency_reward_std          │ 0.008342      │
│ train/epoch                           │ 0             │
│ train/kl_policy_base                  │ 0.058142      │
│ train/n_anchor_rollouts               │ 0             │
│ train/n_consistency_rollouts          │ 16            │
│ train/n_ref_parsed                    │ 57            │
│ train/n_training_parsed               │ 56            │
│ train/p_hat_1                         │ 0.035714      │
│ train/p_ref                           │ 0.070175      │
│ train/parse_rate                      │ 0.882812      │
│ train/rate_var                        │ 0.000297      │
│ train/reward_pert1_trait0_count       │ 15            │
│ train/reward_pert1_trait0_mean        │ -0.001231     │
│ train/reward_pert1_trait1_count       │ 1             │
│ train/reward_pert1_trait1_mean        │ 0.033230      │
│ train/train/clock_cycle:unique        │ 108099.000000 │
│ train/train/loss:sum                  │ 53.556381     │
│ train/train/ppo_clipped_fraction:mean │ 0.360098      │
│ train/train/ppo_kl_div:mean           │ 1.153329      │
│ train/train/ppo_mean_ratio:mean       │ 0.711080      │
└───────────────────────────────────────┴───────────────┘
tinker_cookbook.utils.ml_log:192 [INFO] Wrote metrics to logs/sweep-kl-coef/llama-rlct-kl0.1/metrics.jsonl
tinker_cookbook.utils.ml_log:265 [INFO] 
                         Step 46                         
┏━━━━━━━━━━━━━━━━━━━━━━━━━━━━━━━━━━━━━━━┳━━━━━━━━━━━━━━━┓
┃ Metric                                ┃ Value         ┃
┡━━━━━━━━━━━━━━━━━━━━━━━━━━━━━━━━━━━━━━━╇━━━━━━━━━━━━━━━┩
│ optim/entropy                         │ 0.740856      │
│ optim/kl_sample_train_v1              │ 0.000005      │
│ optim/kl_sample_train_v2              │ 0.000475      │
│ train/advantage_abs_mean              │ 0.780625      │
│ train/anchor_reward_mean              │ 0.000000      │
│ train/anchor_reward_std               │ 0.000000      │
│ train/avg_response_length             │ 221.062500    │
│ train/consistency_gap_1               │ -0.033333     │
│ train/consistency_reward_mean         │ -0.000694     │
│ train/consistency_reward_std          │ 0.013010      │
│ train/epoch                           │ 0             │
│ train/kl_policy_base                  │ 0.042146      │
│ train/n_anchor_rollouts               │ 0             │
│ train/n_consistency_rollouts          │ 16            │
│ train/n_ref_parsed                    │ 60            │
│ train/n_training_parsed               │ 60            │
│ train/p_hat_1                         │ 0.833333      │
│ train/p_ref                           │ 0.866667      │
│ train/parse_rate                      │ 0.937500      │
│ train/rate_var                        │ 0.000278      │
│ train/reward_pert1_trait0_count       │ 3             │
│ train/reward_pert1_trait0_mean        │ -0.027778     │
│ train/reward_pert1_trait1_count       │ 13            │
│ train/reward_pert1_trait1_mean        │ 0.005556      │
│ train/train/clock_cycle:unique        │ 108147.000000 │
│ train/train/loss:sum                  │ 15.301895     │
│ train/train/ppo_clipped_fraction:mean │ 0.224671      │
│ train/train/ppo_kl_div:mean           │ 1.002582      │
│ train/train/ppo_mean_ratio:mean       │ 0.812418      │
└───────────────────────────────────────┴───────────────┘
tinker_cookbook.utils.ml_log:192 [INFO] Wrote metrics to logs/sweep-kl-coef/llama-rlct-kl0.1/metrics.jsonl
tinker_cookbook.utils.ml_log:265 [INFO] 
               Step 47               
┏━━━━━━━━━━━━━━━━━━━━━━━━━━━┳━━━━━━━┓
┃ Metric                    ┃ Value ┃
┡━━━━━━━━━━━━━━━━━━━━━━━━━━━╇━━━━━━━┩
│ train/skipped_empty_batch │ 1     │
└───────────────────────────┴───────┘
tinker_cookbook.utils.ml_log:192 [INFO] Wrote metrics to logs/sweep-kl-coef/llama-rlct-kl0.1/metrics.jsonl
tinker_cookbook.utils.ml_log:265 [INFO] 
               Step 48               
┏━━━━━━━━━━━━━━━━━━━━━━━━━━━┳━━━━━━━┓
┃ Metric                    ┃ Value ┃
┡━━━━━━━━━━━━━━━━━━━━━━━━━━━╇━━━━━━━┩
│ train/skipped_empty_batch │ 1     │
└───────────────────────────┴───────┘
tinker_cookbook.utils.ml_log:192 [INFO] Wrote metrics to logs/sweep-kl-coef/llama-rlct-kl0.1/metrics.jsonl
tinker_cookbook.utils.ml_log:265 [INFO] 
                         Step 49                         
┏━━━━━━━━━━━━━━━━━━━━━━━━━━━━━━━━━━━━━━━┳━━━━━━━━━━━━━━━┓
┃ Metric                                ┃ Value         ┃
┡━━━━━━━━━━━━━━━━━━━━━━━━━━━━━━━━━━━━━━━╇━━━━━━━━━━━━━━━┩
│ optim/entropy                         │ 0.758853      │
│ optim/kl_sample_train_v1              │ 0.000400      │
│ optim/kl_sample_train_v2              │ 0.000596      │
│ train/advantage_abs_mean              │ 0.484123      │
│ train/anchor_reward_mean              │ 0.000000      │
│ train/anchor_reward_std               │ 0.000000      │
│ train/avg_response_length             │ 277.875000    │
│ train/consistency_gap_1               │ 0.044570      │
│ train/consistency_reward_mean         │ 0.001393      │
│ train/consistency_reward_std          │ 0.010789      │
│ train/epoch                           │ 0             │
│ train/kl_policy_base                  │ 0.042683      │
│ train/n_anchor_rollouts               │ 0             │
│ train/n_consistency_rollouts          │ 16            │
│ train/n_ref_parsed                    │ 61            │
│ train/n_training_parsed               │ 64            │
│ train/p_hat_1                         │ 0.093750      │
│ train/p_ref                           │ 0.049180      │
│ train/parse_rate                      │ 0.976562      │
│ train/rate_var                        │ 0.000497      │
│ train/reward_pert1_trait0_count       │ 15            │
│ train/reward_pert1_trait0_mean        │ 0.004178      │
│ train/reward_pert1_trait1_count       │ 1             │
│ train/reward_pert1_trait1_mean        │ -0.040391     │
│ train/train/clock_cycle:unique        │ 108277.000000 │
│ train/train/loss:sum                  │ 315.503052    │
│ train/train/ppo_clipped_fraction:mean │ 0.230648      │
│ train/train/ppo_kl_div:mean           │ 1.027132      │
│ train/train/ppo_mean_ratio:mean       │ 0.802674      │
└───────────────────────────────────────┴───────────────┘
tinker_cookbook.utils.ml_log:192 [INFO] Wrote metrics to logs/sweep-kl-coef/llama-rlct-kl0.1/metrics.jsonl
tinker_cookbook.utils.ml_log:265 [INFO] 
                         Step 50                         
┏━━━━━━━━━━━━━━━━━━━━━━━━━━━━━━━━━━━━━━━┳━━━━━━━━━━━━━━━┓
┃ Metric                                ┃ Value         ┃
┡━━━━━━━━━━━━━━━━━━━━━━━━━━━━━━━━━━━━━━━╇━━━━━━━━━━━━━━━┩
│ optim/entropy                         │ 0.743287      │
│ optim/kl_sample_train_v1              │ 0.000920      │
│ optim/kl_sample_train_v2              │ 0.000524      │
│ train/advantage_abs_mean              │ 0.484123      │
│ train/anchor_reward_mean              │ 0.000000      │
│ train/anchor_reward_std               │ 0.000000      │
│ train/avg_response_length             │ 251.750000    │
│ train/consistency_gap_1               │ 0.018280      │
│ train/consistency_reward_mean         │ 0.000076      │
│ train/consistency_reward_std          │ 0.004425      │
│ train/epoch                           │ 0             │
│ train/kl_policy_base                  │ 0.056115      │
│ train/n_anchor_rollouts               │ 0             │
│ train/n_consistency_rollouts          │ 16            │
│ train/n_ref_parsed                    │ 62            │
│ train/n_training_parsed               │ 60            │
│ train/p_hat_1                         │ 0.066667      │
│ train/p_ref                           │ 0.048387      │
│ train/parse_rate                      │ 0.953125      │
│ train/rate_var                        │ 0.000084      │
│ train/reward_pert1_trait0_count       │ 15            │
│ train/reward_pert1_trait0_mean        │ 0.001219      │
│ train/reward_pert1_trait1_count       │ 1             │
│ train/reward_pert1_trait1_mean        │ -0.017061     │
│ train/train/clock_cycle:unique        │ 108333.000000 │
│ train/train/loss:sum                  │ -138.723465   │
│ train/train/ppo_clipped_fraction:mean │ 0.248212      │
│ train/train/ppo_kl_div:mean           │ 1.161162      │
│ train/train/ppo_mean_ratio:mean       │ 0.785766      │
└───────────────────────────────────────┴───────────────┘
tinker_cookbook.utils.ml_log:192 [INFO] Wrote metrics to logs/sweep-kl-coef/llama-rlct-kl0.1/metrics.jsonl
tinker_cookbook.utils.ml_log:265 [INFO] 
               Step 51               
┏━━━━━━━━━━━━━━━━━━━━━━━━━━━┳━━━━━━━┓
┃ Metric                    ┃ Value ┃
┡━━━━━━━━━━━━━━━━━━━━━━━━━━━╇━━━━━━━┩
│ train/skipped_empty_batch │ 1     │
└───────────────────────────┴───────┘
tinker_cookbook.utils.ml_log:192 [INFO] Wrote metrics to logs/sweep-kl-coef/llama-rlct-kl0.1/metrics.jsonl
tinker_cookbook.utils.ml_log:265 [INFO] 
                         Step 52                         
┏━━━━━━━━━━━━━━━━━━━━━━━━━━━━━━━━━━━━━━━┳━━━━━━━━━━━━━━━┓
┃ Metric                                ┃ Value         ┃
┡━━━━━━━━━━━━━━━━━━━━━━━━━━━━━━━━━━━━━━━╇━━━━━━━━━━━━━━━┩
│ optim/entropy                         │ 0.443897      │
│ optim/kl_sample_train_v1              │ -0.000339     │
│ optim/kl_sample_train_v2              │ 0.000434      │
│ train/advantage_abs_mean              │ 0.927025      │
│ train/anchor_reward_mean              │ 0.000000      │
│ train/anchor_reward_std               │ 0.000000      │
│ train/avg_response_length             │ 243.500000    │
│ train/consistency_gap_1               │ -0.085813     │
│ train/consistency_reward_mean         │ -0.016771     │
│ train/consistency_reward_std          │ 0.039776      │
│ train/epoch                           │ 0             │
│ train/kl_policy_base                  │ 0.047384      │
│ train/n_anchor_rollouts               │ 0             │
│ train/n_consistency_rollouts          │ 16            │
│ train/n_ref_parsed                    │ 64            │
│ train/n_training_parsed               │ 63            │
│ train/p_hat_1                         │ 0.507937      │
│ train/p_ref                           │ 0.593750      │
│ train/parse_rate                      │ 0.992188      │
│ train/rate_var                        │ 0.001841      │
│ train/reward_pert1_trait0_count       │ 11            │
│ train/reward_pert1_trait0_mean        │ -0.043588     │
│ train/reward_pert1_trait1_count       │ 5             │
│ train/reward_pert1_trait1_mean        │ 0.042226      │
│ train/train/clock_cycle:unique        │ 108375.000000 │
│ train/train/loss:sum                  │ 40.333656     │
│ train/train/ppo_clipped_fraction:mean │ 0.233576      │
│ train/train/ppo_kl_div:mean           │ 1.030371      │
│ train/train/ppo_mean_ratio:mean       │ 0.805271      │
└───────────────────────────────────────┴───────────────┘
tinker_cookbook.utils.ml_log:192 [INFO] Wrote metrics to logs/sweep-kl-coef/llama-rlct-kl0.1/metrics.jsonl
tinker_cookbook.utils.ml_log:265 [INFO] 
               Step 53               
┏━━━━━━━━━━━━━━━━━━━━━━━━━━━┳━━━━━━━┓
┃ Metric                    ┃ Value ┃
┡━━━━━━━━━━━━━━━━━━━━━━━━━━━╇━━━━━━━┩
│ train/skipped_empty_batch │ 1     │
└───────────────────────────┴───────┘
tinker_cookbook.utils.ml_log:192 [INFO] Wrote metrics to logs/sweep-kl-coef/llama-rlct-kl0.1/metrics.jsonl
tinker_cookbook.utils.ml_log:265 [INFO] 
                         Step 54                         
┏━━━━━━━━━━━━━━━━━━━━━━━━━━━━━━━━━━━━━━━┳━━━━━━━━━━━━━━━┓
┃ Metric                                ┃ Value         ┃
┡━━━━━━━━━━━━━━━━━━━━━━━━━━━━━━━━━━━━━━━╇━━━━━━━━━━━━━━━┩
│ optim/entropy                         │ 0.625385      │
│ optim/kl_sample_train_v1              │ 0.000215      │
│ optim/kl_sample_train_v2              │ 0.000476      │
│ train/advantage_abs_mean              │ 0.927025      │
│ train/anchor_reward_mean              │ 0.000000      │
│ train/anchor_reward_std               │ 0.000000      │
│ train/avg_response_length             │ 253.812500    │
│ train/consistency_gap_1               │ 0.134177      │
│ train/consistency_reward_mean         │ 0.031448      │
│ train/consistency_reward_std          │ 0.062193      │
│ train/epoch                           │ 0             │
│ train/kl_policy_base                  │ 0.053399      │
│ train/n_anchor_rollouts               │ 0             │
│ train/n_consistency_rollouts          │ 16            │
│ train/n_ref_parsed                    │ 63            │
│ train/n_training_parsed               │ 64            │
│ train/p_hat_1                         │ 0.546875      │
│ train/p_ref                           │ 0.412698      │
│ train/parse_rate                      │ 0.992188      │
│ train/rate_var                        │ 0.004501      │
│ train/reward_pert1_trait0_count       │ 11            │
│ train/reward_pert1_trait0_mean        │ 0.073378      │
│ train/reward_pert1_trait1_count       │ 5             │
│ train/reward_pert1_trait1_mean        │ -0.060799     │
│ train/train/clock_cycle:unique        │ 108418.000000 │
│ train/train/loss:sum                  │ 108.495581    │
│ train/train/ppo_clipped_fraction:mean │ 0.230330      │
│ train/train/ppo_kl_div:mean           │ 0.930557      │
│ train/train/ppo_mean_ratio:mean       │ 0.807696      │
└───────────────────────────────────────┴───────────────┘
tinker_cookbook.utils.ml_log:192 [INFO] Wrote metrics to logs/sweep-kl-coef/llama-rlct-kl0.1/metrics.jsonl
tinker_cookbook.utils.ml_log:265 [INFO] 
               Step 55               
┏━━━━━━━━━━━━━━━━━━━━━━━━━━━┳━━━━━━━┓
┃ Metric                    ┃ Value ┃
┡━━━━━━━━━━━━━━━━━━━━━━━━━━━╇━━━━━━━┩
│ train/skipped_empty_batch │ 1     │
└───────────────────────────┴───────┘
tinker_cookbook.utils.ml_log:192 [INFO] Wrote metrics to logs/sweep-kl-coef/llama-rlct-kl0.1/metrics.jsonl
tinker_cookbook.utils.ml_log:265 [INFO] 
               Step 56               
┏━━━━━━━━━━━━━━━━━━━━━━━━━━━┳━━━━━━━┓
┃ Metric                    ┃ Value ┃
┡━━━━━━━━━━━━━━━━━━━━━━━━━━━╇━━━━━━━┩
│ train/skipped_empty_batch │ 1     │
└───────────────────────────┴───────┘
tinker_cookbook.utils.ml_log:192 [INFO] Wrote metrics to logs/sweep-kl-coef/llama-rlct-kl0.1/metrics.jsonl
tinker_cookbook.utils.ml_log:265 [INFO] 
               Step 57               
┏━━━━━━━━━━━━━━━━━━━━━━━━━━━┳━━━━━━━┓
┃ Metric                    ┃ Value ┃
┡━━━━━━━━━━━━━━━━━━━━━━━━━━━╇━━━━━━━┩
│ train/skipped_empty_batch │ 1     │
└───────────────────────────┴───────┘
tinker_cookbook.utils.ml_log:192 [INFO] Wrote metrics to logs/sweep-kl-coef/llama-rlct-kl0.1/metrics.jsonl
tinker_cookbook.utils.ml_log:265 [INFO] 
               Step 58               
┏━━━━━━━━━━━━━━━━━━━━━━━━━━━┳━━━━━━━┓
┃ Metric                    ┃ Value ┃
┡━━━━━━━━━━━━━━━━━━━━━━━━━━━╇━━━━━━━┩
│ train/skipped_empty_batch │ 1     │
└───────────────────────────┴───────┘
tinker_cookbook.utils.ml_log:192 [INFO] Wrote metrics to logs/sweep-kl-coef/llama-rlct-kl0.1/metrics.jsonl
tinker_cookbook.utils.ml_log:265 [INFO] 
               Step 59               
┏━━━━━━━━━━━━━━━━━━━━━━━━━━━┳━━━━━━━┓
┃ Metric                    ┃ Value ┃
┡━━━━━━━━━━━━━━━━━━━━━━━━━━━╇━━━━━━━┩
│ train/skipped_empty_batch │ 1     │
└───────────────────────────┴───────┘
tinker_cookbook.utils.ml_log:192 [INFO] Wrote metrics to logs/sweep-kl-coef/llama-rlct-kl0.1/metrics.jsonl
tinker_cookbook.utils.ml_log:265 [INFO] 
               Step 60               
┏━━━━━━━━━━━━━━━━━━━━━━━━━━━┳━━━━━━━┓
┃ Metric                    ┃ Value ┃
┡━━━━━━━━━━━━━━━━━━━━━━━━━━━╇━━━━━━━┩
│ train/skipped_empty_batch │ 1     │
└───────────────────────────┴───────┘
tinker_cookbook.utils.ml_log:192 [INFO] Wrote metrics to logs/sweep-kl-coef/llama-rlct-kl0.1/metrics.jsonl
tinker_cookbook.utils.ml_log:265 [INFO] 
               Step 61               
┏━━━━━━━━━━━━━━━━━━━━━━━━━━━┳━━━━━━━┓
┃ Metric                    ┃ Value ┃
┡━━━━━━━━━━━━━━━━━━━━━━━━━━━╇━━━━━━━┩
│ train/skipped_empty_batch │ 1     │
└───────────────────────────┴───────┘
tinker_cookbook.utils.ml_log:192 [INFO] Wrote metrics to logs/sweep-kl-coef/llama-rlct-kl0.1/metrics.jsonl
tinker_cookbook.utils.ml_log:265 [INFO] 
               Step 62               
┏━━━━━━━━━━━━━━━━━━━━━━━━━━━┳━━━━━━━┓
┃ Metric                    ┃ Value ┃
┡━━━━━━━━━━━━━━━━━━━━━━━━━━━╇━━━━━━━┩
│ train/skipped_empty_batch │ 1     │
└───────────────────────────┴───────┘
tinker_cookbook.utils.ml_log:192 [INFO] Wrote metrics to logs/sweep-kl-coef/llama-rlct-kl0.1/metrics.jsonl
tinker_cookbook.utils.ml_log:265 [INFO] 
                         Step 63                         
┏━━━━━━━━━━━━━━━━━━━━━━━━━━━━━━━━━━━━━━━┳━━━━━━━━━━━━━━━┓
┃ Metric                                ┃ Value         ┃
┡━━━━━━━━━━━━━━━━━━━━━━━━━━━━━━━━━━━━━━━╇━━━━━━━━━━━━━━━┩
│ optim/entropy                         │ 0.567464      │
│ optim/kl_sample_train_v1              │ 0.000670      │
│ optim/kl_sample_train_v2              │ 0.000523      │
│ train/advantage_abs_mean              │ 0.866025      │
│ train/anchor_reward_mean              │ 0.000000      │
│ train/anchor_reward_std               │ 0.000000      │
│ train/avg_response_length             │ 227.750000    │
│ train/consistency_gap_1               │ 0.239335      │
│ train/consistency_reward_mean         │ 0.016146      │
│ train/consistency_reward_std          │ 0.103635      │
│ train/epoch                           │ 0             │
│ train/kl_policy_base                  │ 0.084404      │
│ train/n_anchor_rollouts               │ 0             │
│ train/n_consistency_rollouts          │ 16            │
│ train/n_ref_parsed                    │ 64            │
│ train/n_training_parsed               │ 63            │
│ train/p_hat_1                         │ 0.317460      │
│ train/p_ref                           │ 0.078125      │
│ train/parse_rate                      │ 0.992188      │
│ train/rate_var                        │ 0.014320      │
│ train/reward_pert1_trait0_count       │ 12            │
│ train/reward_pert1_trait0_mean        │ 0.075979      │
│ train/reward_pert1_trait1_count       │ 4             │
│ train/reward_pert1_trait1_mean        │ -0.163356     │
│ train/train/clock_cycle:unique        │ 108560.000000 │
│ train/train/loss:sum                  │ 180.245117    │
│ train/train/ppo_clipped_fraction:mean │ 0.266518      │
│ train/train/ppo_kl_div:mean           │ 1.028042      │
│ train/train/ppo_mean_ratio:mean       │ 0.782634      │
└───────────────────────────────────────┴───────────────┘
tinker_cookbook.utils.ml_log:192 [INFO] Wrote metrics to logs/sweep-kl-coef/llama-rlct-kl0.1/metrics.jsonl
tinker_cookbook.utils.ml_log:265 [INFO] 
                         Step 64                         
┏━━━━━━━━━━━━━━━━━━━━━━━━━━━━━━━━━━━━━━━┳━━━━━━━━━━━━━━━┓
┃ Metric                                ┃ Value         ┃
┡━━━━━━━━━━━━━━━━━━━━━━━━━━━━━━━━━━━━━━━╇━━━━━━━━━━━━━━━┩
│ optim/entropy                         │ 0.735780      │
│ optim/kl_sample_train_v1              │ 0.001046      │
│ optim/kl_sample_train_v2              │ 0.000587      │
│ train/advantage_abs_mean              │ 0.780625      │
│ train/anchor_reward_mean              │ 0.000000      │
│ train/anchor_reward_std               │ 0.000000      │
│ train/avg_response_length             │ 208.375000    │
│ train/consistency_gap_1               │ 0.041270      │
│ train/consistency_reward_mean         │ 0.001187      │
│ train/consistency_reward_std          │ 0.016108      │
│ train/epoch                           │ 0             │
│ train/kl_policy_base                  │ 0.091018      │
│ train/n_anchor_rollouts               │ 0             │
│ train/n_consistency_rollouts          │ 16            │
│ train/n_ref_parsed                    │ 60            │
│ train/n_training_parsed               │ 63            │
│ train/p_hat_1                         │ 0.841270      │
│ train/p_ref                           │ 0.800000      │
│ train/parse_rate                      │ 0.960938      │
│ train/rate_var                        │ 0.000426      │
│ train/reward_pert1_trait0_count       │ 3             │
│ train/reward_pert1_trait0_mean        │ 0.034719      │
│ train/reward_pert1_trait1_count       │ 13            │
│ train/reward_pert1_trait1_mean        │ -0.006551     │
│ train/train/clock_cycle:unique        │ 108594.000000 │
│ train/train/loss:sum                  │ -519.877892   │
│ train/train/ppo_clipped_fraction:mean │ 0.269288      │
│ train/train/ppo_kl_div:mean           │ 1.268928      │
│ train/train/ppo_mean_ratio:mean       │ 0.766042      │
└───────────────────────────────────────┴───────────────┘
tinker_cookbook.checkpoint_utils:461 [INFO] Saved checkpoints: {'sampler_path': 'tinker://e3953c43-667f-5854-a160-ccda5a50b082:train:0/sampler_weights/sweep-kl-coef_llama-rlct-kl0.1_step64'}
tinker_cookbook.utils.ml_log:192 [INFO] Wrote metrics to logs/sweep-kl-coef/llama-rlct-kl0.1/metrics.jsonl
tinker_cookbook.utils.ml_log:265 [INFO] 
                                    Step 64                                     
┏━━━━━━━━━━━━━━━━━━━━━━┳━━━━━━━━━━━━━━━━━━━━━━━━━━━━━━━━━━━━━━━━━━━━━━━━━━━━━━━┓
┃ Metric               ┃ Value                                                 ┃
┡━━━━━━━━━━━━━━━━━━━━━━╇━━━━━━━━━━━━━━━━━━━━━━━━━━━━━━━━━━━━━━━━━━━━━━━━━━━━━━━┩
│ checkpoint           │ tinker://e3953c43-667f-5854-a160-ccda5a50b082:train:… │
└──────────────────────┴───────────────────────────────────────────────────────┘
tinker_cookbook.utils.ml_log:192 [INFO] Wrote metrics to logs/sweep-kl-coef/llama-rlct-kl0.1/metrics.jsonl
tinker_cookbook.utils.ml_log:265 [INFO] 
               Step 65               
┏━━━━━━━━━━━━━━━━━━━━━━━━━━━┳━━━━━━━┓
┃ Metric                    ┃ Value ┃
┡━━━━━━━━━━━━━━━━━━━━━━━━━━━╇━━━━━━━┩
│ train/skipped_empty_batch │ 1     │
└───────────────────────────┴───────┘
tinker_cookbook.utils.ml_log:192 [INFO] Wrote metrics to logs/sweep-kl-coef/llama-rlct-kl0.1/metrics.jsonl
tinker_cookbook.utils.ml_log:265 [INFO] 
               Step 66               
┏━━━━━━━━━━━━━━━━━━━━━━━━━━━┳━━━━━━━┓
┃ Metric                    ┃ Value ┃
┡━━━━━━━━━━━━━━━━━━━━━━━━━━━╇━━━━━━━┩
│ train/skipped_empty_batch │ 1     │
└───────────────────────────┴───────┘
tinker_cookbook.utils.ml_log:192 [INFO] Wrote metrics to logs/sweep-kl-coef/llama-rlct-kl0.1/metrics.jsonl
tinker_cookbook.utils.ml_log:265 [INFO] 
                         Step 67                         
┏━━━━━━━━━━━━━━━━━━━━━━━━━━━━━━━━━━━━━━━┳━━━━━━━━━━━━━━━┓
┃ Metric                                ┃ Value         ┃
┡━━━━━━━━━━━━━━━━━━━━━━━━━━━━━━━━━━━━━━━╇━━━━━━━━━━━━━━━┩
│ optim/entropy                         │ 0.635896      │
│ optim/kl_sample_train_v1              │ 0.000767      │
│ optim/kl_sample_train_v2              │ 0.000531      │
│ train/advantage_abs_mean              │ 0.484123      │
│ train/anchor_reward_mean              │ 0.000000      │
│ train/anchor_reward_std               │ 0.000000      │
│ train/avg_response_length             │ 235.000000    │
│ train/consistency_gap_1               │ -0.125000     │
│ train/consistency_reward_mean         │ 0.000000      │
│ train/consistency_reward_std          │ 0.030258      │
│ train/epoch                           │ 0             │
│ train/kl_policy_base                  │ 0.116882      │
│ train/n_anchor_rollouts               │ 0             │
│ train/n_consistency_rollouts          │ 16            │
│ train/n_ref_parsed                    │ 64            │
│ train/n_training_parsed               │ 64            │
│ train/p_hat_1                         │ 0.062500      │
│ train/p_ref                           │ 0.187500      │
│ train/parse_rate                      │ 1.000000      │
│ train/rate_var                        │ 0.003906      │
│ train/reward_pert1_trait0_count       │ 15            │
│ train/reward_pert1_trait0_mean        │ -0.007812     │
│ train/reward_pert1_trait1_count       │ 1             │
│ train/reward_pert1_trait1_mean        │ 0.117188      │
│ train/train/clock_cycle:unique        │ 108659.000000 │
│ train/train/loss:sum                  │ -39.517876    │
│ train/train/ppo_clipped_fraction:mean │ 0.265017      │
│ train/train/ppo_kl_div:mean           │ 1.061222      │
│ train/train/ppo_mean_ratio:mean       │ 0.777314      │
└───────────────────────────────────────┴───────────────┘
tinker_cookbook.utils.ml_log:192 [INFO] Wrote metrics to logs/sweep-kl-coef/llama-rlct-kl0.1/metrics.jsonl
tinker_cookbook.utils.ml_log:265 [INFO] 
               Step 68               
┏━━━━━━━━━━━━━━━━━━━━━━━━━━━┳━━━━━━━┓
┃ Metric                    ┃ Value ┃
┡━━━━━━━━━━━━━━━━━━━━━━━━━━━╇━━━━━━━┩
│ train/skipped_empty_batch │ 1     │
└───────────────────────────┴───────┘
tinker_cookbook.utils.ml_log:192 [INFO] Wrote metrics to logs/sweep-kl-coef/llama-rlct-kl0.1/metrics.jsonl
tinker_cookbook.utils.ml_log:265 [INFO] 
                         Step 69                         
┏━━━━━━━━━━━━━━━━━━━━━━━━━━━━━━━━━━━━━━━┳━━━━━━━━━━━━━━━┓
┃ Metric                                ┃ Value         ┃
┡━━━━━━━━━━━━━━━━━━━━━━━━━━━━━━━━━━━━━━━╇━━━━━━━━━━━━━━━┩
│ optim/entropy                         │ 0.804312      │
│ optim/kl_sample_train_v1              │ 0.001011      │
│ optim/kl_sample_train_v2              │ 0.000617      │
│ train/advantage_abs_mean              │ 0.484123      │
│ train/anchor_reward_mean              │ 0.000000      │
│ train/anchor_reward_std               │ 0.000000      │
│ train/avg_response_length             │ 220.062500    │
│ train/consistency_gap_1               │ 0.046627      │
│ train/consistency_reward_mean         │ 0.000000      │
│ train/consistency_reward_std          │ 0.011287      │
│ train/epoch                           │ 0             │
│ train/kl_policy_base                  │ 0.077679      │
│ train/n_anchor_rollouts               │ 0             │
│ train/n_consistency_rollouts          │ 16            │
│ train/n_ref_parsed                    │ 63            │
│ train/n_training_parsed               │ 64            │
│ train/p_hat_1                         │ 0.062500      │
│ train/p_ref                           │ 0.015873      │
│ train/parse_rate                      │ 0.992188      │
│ train/rate_var                        │ 0.000544      │
│ train/reward_pert1_trait0_count       │ 15            │
│ train/reward_pert1_trait0_mean        │ 0.002914      │
│ train/reward_pert1_trait1_count       │ 1             │
│ train/reward_pert1_trait1_mean        │ -0.043713     │
│ train/train/clock_cycle:unique        │ 108697.000000 │
│ train/train/loss:sum                  │ 264.789207    │
│ train/train/ppo_clipped_fraction:mean │ 0.242591      │
│ train/train/ppo_kl_div:mean           │ 1.026797      │
│ train/train/ppo_mean_ratio:mean       │ 0.797741      │
└───────────────────────────────────────┴───────────────┘
tinker_cookbook.utils.ml_log:192 [INFO] Wrote metrics to logs/sweep-kl-coef/llama-rlct-kl0.1/metrics.jsonl
tinker_cookbook.utils.ml_log:265 [INFO] 
                         Step 70                         
┏━━━━━━━━━━━━━━━━━━━━━━━━━━━━━━━━━━━━━━━┳━━━━━━━━━━━━━━━┓
┃ Metric                                ┃ Value         ┃
┡━━━━━━━━━━━━━━━━━━━━━━━━━━━━━━━━━━━━━━━╇━━━━━━━━━━━━━━━┩
│ optim/entropy                         │ 0.777175      │
│ optim/kl_sample_train_v1              │ 0.000680      │
│ optim/kl_sample_train_v2              │ 0.000753      │
│ train/advantage_abs_mean              │ 0.992157      │
│ train/anchor_reward_mean              │ 0.000000      │
│ train/anchor_reward_std               │ 0.000000      │
│ train/avg_response_length             │ 271.687500    │
│ train/consistency_gap_1               │ 0.103431      │
│ train/consistency_reward_mean         │ 0.002565      │
│ train/consistency_reward_std          │ 0.051310      │
│ train/epoch                           │ 0             │
│ train/kl_policy_base                  │ 0.102600      │
│ train/n_anchor_rollouts               │ 0             │
│ train/n_consistency_rollouts          │ 16            │
│ train/n_ref_parsed                    │ 62            │
│ train/n_training_parsed               │ 63            │
│ train/p_hat_1                         │ 0.587302      │
│ train/p_ref                           │ 0.483871      │
│ train/parse_rate                      │ 0.976562      │
│ train/rate_var                        │ 0.002674      │
│ train/reward_pert1_trait0_count       │ 7             │
│ train/reward_pert1_trait0_mean        │ 0.060745      │
│ train/reward_pert1_trait1_count       │ 9             │
│ train/reward_pert1_trait1_mean        │ -0.042686     │
│ train/train/clock_cycle:unique        │ 108735.000000 │
│ train/train/loss:sum                  │ 269.435940    │
│ train/train/ppo_clipped_fraction:mean │ 0.376916      │
│ train/train/ppo_kl_div:mean           │ 1.100384      │
│ train/train/ppo_mean_ratio:mean       │ 0.705845      │
└───────────────────────────────────────┴───────────────┘
tinker_cookbook.utils.ml_log:192 [INFO] Wrote metrics to logs/sweep-kl-coef/llama-rlct-kl0.1/metrics.jsonl
tinker_cookbook.utils.ml_log:265 [INFO] 
                         Step 71                         
┏━━━━━━━━━━━━━━━━━━━━━━━━━━━━━━━━━━━━━━━┳━━━━━━━━━━━━━━━┓
┃ Metric                                ┃ Value         ┃
┡━━━━━━━━━━━━━━━━━━━━━━━━━━━━━━━━━━━━━━━╇━━━━━━━━━━━━━━━┩
│ optim/entropy                         │ 0.867431      │
│ optim/kl_sample_train_v1              │ 0.000335      │
│ optim/kl_sample_train_v2              │ 0.000583      │
│ train/advantage_abs_mean              │ 0.968246      │
│ train/anchor_reward_mean              │ 0.000000      │
│ train/anchor_reward_std               │ 0.000000      │
│ train/avg_response_length             │ 284.125000    │
│ train/consistency_gap_1               │ 0.250325      │
│ train/consistency_reward_mean         │ -0.002483     │
│ train/consistency_reward_std          │ 0.121188      │
│ train/epoch                           │ 0             │
│ train/kl_policy_base                  │ 0.097872      │
│ train/n_anchor_rollouts               │ 0             │
│ train/n_consistency_rollouts          │ 16            │
│ train/n_ref_parsed                    │ 61            │
│ train/n_training_parsed               │ 63            │
│ train/p_hat_1                         │ 0.365079      │
│ train/p_ref                           │ 0.114754      │
│ train/parse_rate                      │ 0.968750      │
│ train/rate_var                        │ 0.015666      │
│ train/reward_pert1_trait0_count       │ 10            │
│ train/reward_pert1_trait0_mean        │ 0.091389      │
│ train/reward_pert1_trait1_count       │ 6             │
│ train/reward_pert1_trait1_mean        │ -0.158937     │
│ train/train/clock_cycle:unique        │ 108773.000000 │
│ train/train/loss:sum                  │ 402.186546    │
│ train/train/ppo_clipped_fraction:mean │ 0.303776      │
│ train/train/ppo_kl_div:mean           │ 1.116932      │
│ train/train/ppo_mean_ratio:mean       │ 0.752797      │
└───────────────────────────────────────┴───────────────┘
tinker_cookbook.utils.ml_log:192 [INFO] Wrote metrics to logs/sweep-kl-coef/llama-rlct-kl0.1/metrics.jsonl
tinker_cookbook.utils.ml_log:265 [INFO] 
               Step 72               
┏━━━━━━━━━━━━━━━━━━━━━━━━━━━┳━━━━━━━┓
┃ Metric                    ┃ Value ┃
┡━━━━━━━━━━━━━━━━━━━━━━━━━━━╇━━━━━━━┩
│ train/skipped_empty_batch │ 1     │
└───────────────────────────┴───────┘
tinker_cookbook.utils.ml_log:192 [INFO] Wrote metrics to logs/sweep-kl-coef/llama-rlct-kl0.1/metrics.jsonl
tinker_cookbook.utils.ml_log:265 [INFO] 
                         Step 73                         
┏━━━━━━━━━━━━━━━━━━━━━━━━━━━━━━━━━━━━━━━┳━━━━━━━━━━━━━━━┓
┃ Metric                                ┃ Value         ┃
┡━━━━━━━━━━━━━━━━━━━━━━━━━━━━━━━━━━━━━━━╇━━━━━━━━━━━━━━━┩
│ optim/entropy                         │ 1.250589      │
│ optim/kl_sample_train_v1              │ 0.000234      │
│ optim/kl_sample_train_v2              │ 0.000517      │
│ train/advantage_abs_mean              │ 0.484123      │
│ train/anchor_reward_mean              │ 0.000000      │
│ train/anchor_reward_std               │ 0.000000      │
│ train/avg_response_length             │ 390.250000    │
│ train/consistency_gap_1               │ -0.045917     │
│ train/consistency_reward_mean         │ -0.000470     │
│ train/consistency_reward_std          │ 0.011115      │
│ train/epoch                           │ 0             │
│ train/kl_policy_base                  │ 0.041563      │
│ train/n_anchor_rollouts               │ 0             │
│ train/n_consistency_rollouts          │ 16            │
│ train/n_ref_parsed                    │ 59            │
│ train/n_training_parsed               │ 55            │
│ train/p_hat_1                         │ 0.072727      │
│ train/p_ref                           │ 0.118644      │
│ train/parse_rate                      │ 0.890625      │
│ train/rate_var                        │ 0.000527      │
│ train/reward_pert1_trait0_count       │ 15            │
│ train/reward_pert1_trait0_mean        │ -0.003339     │
│ train/reward_pert1_trait1_count       │ 1             │
│ train/reward_pert1_trait1_mean        │ 0.042577      │
│ train/train/clock_cycle:unique        │ 108890.000000 │
│ train/train/loss:sum                  │ -529.030426   │
│ train/train/ppo_clipped_fraction:mean │ 0.167473      │
│ train/train/ppo_kl_div:mean           │ 0.644476      │
│ train/train/ppo_mean_ratio:mean       │ 0.864184      │
└───────────────────────────────────────┴───────────────┘
tinker_cookbook.utils.ml_log:192 [INFO] Wrote metrics to logs/sweep-kl-coef/llama-rlct-kl0.1/metrics.jsonl
tinker_cookbook.utils.ml_log:265 [INFO] 
               Step 74               
┏━━━━━━━━━━━━━━━━━━━━━━━━━━━┳━━━━━━━┓
┃ Metric                    ┃ Value ┃
┡━━━━━━━━━━━━━━━━━━━━━━━━━━━╇━━━━━━━┩
│ train/skipped_empty_batch │ 1     │
└───────────────────────────┴───────┘
tinker_cookbook.utils.ml_log:192 [INFO] Wrote metrics to logs/sweep-kl-coef/llama-rlct-kl0.1/metrics.jsonl
tinker_cookbook.utils.ml_log:265 [INFO] 
               Step 75               
┏━━━━━━━━━━━━━━━━━━━━━━━━━━━┳━━━━━━━┓
┃ Metric                    ┃ Value ┃
┡━━━━━━━━━━━━━━━━━━━━━━━━━━━╇━━━━━━━┩
│ train/skipped_empty_batch │ 1     │
└───────────────────────────┴───────┘
tinker_cookbook.utils.ml_log:192 [INFO] Wrote metrics to logs/sweep-kl-coef/llama-rlct-kl0.1/metrics.jsonl
tinker_cookbook.utils.ml_log:265 [INFO] 
                         Step 76                         
┏━━━━━━━━━━━━━━━━━━━━━━━━━━━━━━━━━━━━━━━┳━━━━━━━━━━━━━━━┓
┃ Metric                                ┃ Value         ┃
┡━━━━━━━━━━━━━━━━━━━━━━━━━━━━━━━━━━━━━━━╇━━━━━━━━━━━━━━━┩
│ optim/entropy                         │ 1.475219      │
│ optim/kl_sample_train_v1              │ 0.000492      │
│ optim/kl_sample_train_v2              │ 0.000644      │
│ train/advantage_abs_mean              │ 0.992157      │
│ train/anchor_reward_mean              │ 0.000000      │
│ train/anchor_reward_std               │ 0.000000      │
│ train/avg_response_length             │ 270.062500    │
│ train/consistency_gap_1               │ 0.119039      │
│ train/consistency_reward_mean         │ -0.010957     │
│ train/consistency_reward_std          │ 0.059053      │
│ train/epoch                           │ 0             │
│ train/kl_policy_base                  │ 0.099300      │
│ train/n_anchor_rollouts               │ 0             │
│ train/n_consistency_rollouts          │ 16            │
│ train/n_ref_parsed                    │ 53            │
│ train/n_training_parsed               │ 55            │
│ train/p_hat_1                         │ 0.345455      │
│ train/p_ref                           │ 0.226415      │
│ train/parse_rate                      │ 0.843750      │
│ train/rate_var                        │ 0.003543      │
│ train/reward_pert1_trait0_count       │ 9             │
│ train/reward_pert1_trait0_mean        │ 0.041123      │
│ train/reward_pert1_trait1_count       │ 7             │
│ train/reward_pert1_trait1_mean        │ -0.077917     │
│ train/train/clock_cycle:unique        │ 108950.000000 │
│ train/train/loss:sum                  │ -174.116180   │
│ train/train/ppo_clipped_fraction:mean │ 0.215059      │
│ train/train/ppo_kl_div:mean           │ 1.012816      │
│ train/train/ppo_mean_ratio:mean       │ 0.813926      │
└───────────────────────────────────────┴───────────────┘
tinker_cookbook.utils.ml_log:192 [INFO] Wrote metrics to logs/sweep-kl-coef/llama-rlct-kl0.1/metrics.jsonl
tinker_cookbook.utils.ml_log:265 [INFO] 
               Step 77               
┏━━━━━━━━━━━━━━━━━━━━━━━━━━━┳━━━━━━━┓
┃ Metric                    ┃ Value ┃
┡━━━━━━━━━━━━━━━━━━━━━━━━━━━╇━━━━━━━┩
│ train/skipped_empty_batch │ 1     │
└───────────────────────────┴───────┘
tinker_cookbook.utils.ml_log:192 [INFO] Wrote metrics to logs/sweep-kl-coef/llama-rlct-kl0.1/metrics.jsonl
tinker_cookbook.utils.ml_log:265 [INFO] 
                         Step 78                         
┏━━━━━━━━━━━━━━━━━━━━━━━━━━━━━━━━━━━━━━━┳━━━━━━━━━━━━━━━┓
┃ Metric                                ┃ Value         ┃
┡━━━━━━━━━━━━━━━━━━━━━━━━━━━━━━━━━━━━━━━╇━━━━━━━━━━━━━━━┩
│ optim/entropy                         │ 1.073275      │
│ optim/kl_sample_train_v1              │ 0.000935      │
│ optim/kl_sample_train_v2              │ 0.000690      │
│ train/advantage_abs_mean              │ 0.866025      │
│ train/anchor_reward_mean              │ 0.000000      │
│ train/anchor_reward_std               │ 0.000000      │
│ train/avg_response_length             │ 212.125000    │
│ train/consistency_gap_1               │ -0.052334     │
│ train/consistency_reward_mean         │ 0.013527      │
│ train/consistency_reward_std          │ 0.022661      │
│ train/epoch                           │ 0             │
│ train/kl_policy_base                  │ 0.113954      │
│ train/n_anchor_rollouts               │ 0             │
│ train/n_consistency_rollouts          │ 16            │
│ train/n_ref_parsed                    │ 57            │
│ train/n_training_parsed               │ 59            │
│ train/p_hat_1                         │ 0.491525      │
│ train/p_ref                           │ 0.543860      │
│ train/parse_rate                      │ 0.906250      │
│ train/rate_var                        │ 0.000685      │
│ train/reward_pert1_trait0_count       │ 4             │
│ train/reward_pert1_trait0_mean        │ -0.025724     │
│ train/reward_pert1_trait1_count       │ 12            │
│ train/reward_pert1_trait1_mean        │ 0.026611      │
│ train/train/clock_cycle:unique        │ 109002.000000 │
│ train/train/loss:sum                  │ 35.113434     │
│ train/train/ppo_clipped_fraction:mean │ 0.266524      │
│ train/train/ppo_kl_div:mean           │ 1.204172      │
│ train/train/ppo_mean_ratio:mean       │ 0.768087      │
└───────────────────────────────────────┴───────────────┘
tinker_cookbook.utils.ml_log:192 [INFO] Wrote metrics to logs/sweep-kl-coef/llama-rlct-kl0.1/metrics.jsonl
tinker_cookbook.utils.ml_log:265 [INFO] 
                         Step 79                         
┏━━━━━━━━━━━━━━━━━━━━━━━━━━━━━━━━━━━━━━━┳━━━━━━━━━━━━━━━┓
┃ Metric                                ┃ Value         ┃
┡━━━━━━━━━━━━━━━━━━━━━━━━━━━━━━━━━━━━━━━╇━━━━━━━━━━━━━━━┩
│ optim/entropy                         │ 1.071928      │
│ optim/kl_sample_train_v1              │ 0.000866      │
│ optim/kl_sample_train_v2              │ 0.000616      │
│ train/advantage_abs_mean              │ 0.780625      │
│ train/anchor_reward_mean              │ 0.000000      │
│ train/anchor_reward_std               │ 0.000000      │
│ train/avg_response_length             │ 527.437500    │
│ train/consistency_gap_1               │ -0.027542     │
│ train/consistency_reward_mean         │ 0.001721      │
│ train/consistency_reward_std          │ 0.010750      │
│ train/epoch                           │ 0             │
│ train/kl_policy_base                  │ 0.040248      │
│ train/n_anchor_rollouts               │ 0             │
│ train/n_consistency_rollouts          │ 16            │
│ train/n_ref_parsed                    │ 59            │
│ train/n_training_parsed               │ 56            │
│ train/p_hat_1                         │ 0.125000      │
│ train/p_ref                           │ 0.152542      │
│ train/parse_rate                      │ 0.898438      │
│ train/rate_var                        │ 0.000190      │
│ train/reward_pert1_trait0_count       │ 13            │
│ train/reward_pert1_trait0_mean        │ -0.003443     │
│ train/reward_pert1_trait1_count       │ 3             │
│ train/reward_pert1_trait1_mean        │ 0.024100      │
│ train/train/clock_cycle:unique        │ 109129.000000 │
│ train/train/loss:sum                  │ 617.465866    │
│ train/train/ppo_clipped_fraction:mean │ 0.187564      │
│ train/train/ppo_kl_div:mean           │ 0.668053      │
│ train/train/ppo_mean_ratio:mean       │ 0.849537      │
└───────────────────────────────────────┴───────────────┘
tinker_cookbook.utils.ml_log:192 [INFO] Wrote metrics to logs/sweep-kl-coef/llama-rlct-kl0.1/metrics.jsonl
tinker_cookbook.utils.ml_log:265 [INFO] 
                         Step 80                         
┏━━━━━━━━━━━━━━━━━━━━━━━━━━━━━━━━━━━━━━━┳━━━━━━━━━━━━━━━┓
┃ Metric                                ┃ Value         ┃
┡━━━━━━━━━━━━━━━━━━━━━━━━━━━━━━━━━━━━━━━╇━━━━━━━━━━━━━━━┩
│ optim/entropy                         │ 0.572228      │
│ optim/kl_sample_train_v1              │ 0.000338      │
│ optim/kl_sample_train_v2              │ 0.000475      │
│ train/advantage_abs_mean              │ 0.780625      │
│ train/anchor_reward_mean              │ 0.000000      │
│ train/anchor_reward_std               │ 0.000000      │
│ train/avg_response_length             │ 326.812500    │
│ train/consistency_gap_1               │ 0.167070      │
│ train/consistency_reward_mean         │ 0.016409      │
│ train/consistency_reward_std          │ 0.065210      │
│ train/epoch                           │ 0             │
│ train/kl_policy_base                  │ 0.050770      │
│ train/n_anchor_rollouts               │ 0             │
│ train/n_consistency_rollouts          │ 16            │
│ train/n_ref_parsed                    │ 59            │
│ train/n_training_parsed               │ 56            │
│ train/p_hat_1                         │ 0.285714      │
│ train/p_ref                           │ 0.118644      │
│ train/parse_rate                      │ 0.898438      │
│ train/rate_var                        │ 0.006978      │
│ train/reward_pert1_trait0_count       │ 13            │
│ train/reward_pert1_trait0_mean        │ 0.047734      │
│ train/reward_pert1_trait1_count       │ 3             │
│ train/reward_pert1_trait1_mean        │ -0.119336     │
│ train/train/clock_cycle:unique        │ 109184.000000 │
│ train/train/loss:sum                  │ -214.330658   │
│ train/train/ppo_clipped_fraction:mean │ 0.182110      │
│ train/train/ppo_kl_div:mean           │ 0.681677      │
│ train/train/ppo_mean_ratio:mean       │ 0.849589      │
└───────────────────────────────────────┴───────────────┘
tinker_cookbook.utils.ml_log:192 [INFO] Wrote metrics to logs/sweep-kl-coef/llama-rlct-kl0.1/metrics.jsonl
tinker_cookbook.utils.ml_log:265 [INFO] 
                         Step 81                         
┏━━━━━━━━━━━━━━━━━━━━━━━━━━━━━━━━━━━━━━━┳━━━━━━━━━━━━━━━┓
┃ Metric                                ┃ Value         ┃
┡━━━━━━━━━━━━━━━━━━━━━━━━━━━━━━━━━━━━━━━╇━━━━━━━━━━━━━━━┩
│ optim/entropy                         │ 1.046786      │
│ optim/kl_sample_train_v1              │ 0.000153      │
│ optim/kl_sample_train_v2              │ 0.000695      │
│ train/advantage_abs_mean              │ 0.484123      │
│ train/anchor_reward_mean              │ 0.000000      │
│ train/anchor_reward_std               │ 0.000000      │
│ train/avg_response_length             │ 285.937500    │
│ train/consistency_gap_1               │ 0.016949      │
│ train/consistency_reward_mean         │ -0.000772     │
│ train/consistency_reward_std          │ 0.004103      │
│ train/epoch                           │ 0             │
│ train/kl_policy_base                  │ 0.127084      │
│ train/n_anchor_rollouts               │ 0             │
│ train/n_consistency_rollouts          │ 16            │
│ train/n_ref_parsed                    │ 60            │
│ train/n_training_parsed               │ 59            │
│ train/p_hat_1                         │ 0.016949      │
│ train/p_ref                           │ 0.000000      │
│ train/parse_rate                      │ 0.929688      │
│ train/rate_var                        │ 0.000072      │
│ train/reward_pert1_trait0_count       │ 15            │
│ train/reward_pert1_trait0_mean        │ 0.000287      │
│ train/reward_pert1_trait1_count       │ 1             │
│ train/reward_pert1_trait1_mean        │ -0.016662     │
│ train/train/clock_cycle:unique        │ 109221.000000 │
│ train/train/loss:sum                  │ 915.228455    │
│ train/train/ppo_clipped_fraction:mean │ 0.189201      │
│ train/train/ppo_kl_div:mean           │ 0.957224      │
│ train/train/ppo_mean_ratio:mean       │ 0.830992      │
└───────────────────────────────────────┴───────────────┘
tinker_cookbook.utils.ml_log:192 [INFO] Wrote metrics to logs/sweep-kl-coef/llama-rlct-kl0.1/metrics.jsonl
tinker_cookbook.utils.ml_log:265 [INFO] 
               Step 82               
┏━━━━━━━━━━━━━━━━━━━━━━━━━━━┳━━━━━━━┓
┃ Metric                    ┃ Value ┃
┡━━━━━━━━━━━━━━━━━━━━━━━━━━━╇━━━━━━━┩
│ train/skipped_empty_batch │ 1     │
└───────────────────────────┴───────┘
tinker_cookbook.utils.ml_log:192 [INFO] Wrote metrics to logs/sweep-kl-coef/llama-rlct-kl0.1/metrics.jsonl
tinker_cookbook.utils.ml_log:265 [INFO] 
                         Step 83                         
┏━━━━━━━━━━━━━━━━━━━━━━━━━━━━━━━━━━━━━━━┳━━━━━━━━━━━━━━━┓
┃ Metric                                ┃ Value         ┃
┡━━━━━━━━━━━━━━━━━━━━━━━━━━━━━━━━━━━━━━━╇━━━━━━━━━━━━━━━┩
│ optim/entropy                         │ 0.998004      │
│ optim/kl_sample_train_v1              │ 0.001080      │
│ optim/kl_sample_train_v2              │ 0.000681      │
│ train/advantage_abs_mean              │ 0.661438      │
│ train/anchor_reward_mean              │ 0.000000      │
│ train/anchor_reward_std               │ 0.000000      │
│ train/avg_response_length             │ 657.562500    │
│ train/consistency_gap_1               │ -0.006137     │
│ train/consistency_reward_mean         │ -0.001417     │
│ train/consistency_reward_std          │ 0.002030      │
│ train/epoch                           │ 0             │
│ train/kl_policy_base                  │ 0.034703      │
│ train/n_anchor_rollouts               │ 0             │
│ train/n_consistency_rollouts          │ 16            │
│ train/n_ref_parsed                    │ 58            │
│ train/n_training_parsed               │ 59            │
│ train/p_hat_1                         │ 0.355932      │
│ train/p_ref                           │ 0.362069      │
│ train/parse_rate                      │ 0.914062      │
│ train/rate_var                        │ 0.000009      │
│ train/reward_pert1_trait0_count       │ 14            │
│ train/reward_pert1_trait0_mean        │ -0.002184     │
│ train/reward_pert1_trait1_count       │ 2             │
│ train/reward_pert1_trait1_mean        │ 0.003952      │
│ train/train/clock_cycle:unique        │ 109301.000000 │
│ train/train/loss:sum                  │ 914.970215    │
│ train/train/ppo_clipped_fraction:mean │ 0.124222      │
│ train/train/ppo_kl_div:mean           │ 0.456376      │
│ train/train/ppo_mean_ratio:mean       │ 0.899004      │
└───────────────────────────────────────┴───────────────┘
tinker_cookbook.utils.ml_log:192 [INFO] Wrote metrics to logs/sweep-kl-coef/llama-rlct-kl0.1/metrics.jsonl
tinker_cookbook.utils.ml_log:265 [INFO] 
               Step 84               
┏━━━━━━━━━━━━━━━━━━━━━━━━━━━┳━━━━━━━┓
┃ Metric                    ┃ Value ┃
┡━━━━━━━━━━━━━━━━━━━━━━━━━━━╇━━━━━━━┩
│ train/skipped_empty_batch │ 1     │
└───────────────────────────┴───────┘
tinker_cookbook.utils.ml_log:192 [INFO] Wrote metrics to logs/sweep-kl-coef/llama-rlct-kl0.1/metrics.jsonl
tinker_cookbook.utils.ml_log:265 [INFO] 
                         Step 85                         
┏━━━━━━━━━━━━━━━━━━━━━━━━━━━━━━━━━━━━━━━┳━━━━━━━━━━━━━━━┓
┃ Metric                                ┃ Value         ┃
┡━━━━━━━━━━━━━━━━━━━━━━━━━━━━━━━━━━━━━━━╇━━━━━━━━━━━━━━━┩
│ optim/entropy                         │ 1.046450      │
│ optim/kl_sample_train_v1              │ 0.001605      │
│ optim/kl_sample_train_v2              │ 0.000645      │
│ train/advantage_abs_mean              │ 0.968246      │
│ train/anchor_reward_mean              │ 0.000000      │
│ train/anchor_reward_std               │ 0.000000      │
│ train/avg_response_length             │ 279.625000    │
│ train/consistency_gap_1               │ 0.046875      │
│ train/consistency_reward_mean         │ -0.005127     │
│ train/consistency_reward_std          │ 0.022693      │
│ train/epoch                           │ 0             │
│ train/kl_policy_base                  │ 0.047638      │
│ train/n_anchor_rollouts               │ 0             │
│ train/n_consistency_rollouts          │ 16            │
│ train/n_ref_parsed                    │ 64            │
│ train/n_training_parsed               │ 64            │
│ train/p_hat_1                         │ 0.265625      │
│ train/p_ref                           │ 0.218750      │
│ train/parse_rate                      │ 1.000000      │
│ train/rate_var                        │ 0.000549      │
│ train/reward_pert1_trait0_count       │ 10            │
│ train/reward_pert1_trait0_mean        │ 0.012451      │
│ train/reward_pert1_trait1_count       │ 6             │
│ train/reward_pert1_trait1_mean        │ -0.034424     │
│ train/train/clock_cycle:unique        │ 109364.000000 │
│ train/train/loss:sum                  │ -485.626038   │
│ train/train/ppo_clipped_fraction:mean │ 0.227495      │
│ train/train/ppo_kl_div:mean           │ 0.906988      │
│ train/train/ppo_mean_ratio:mean       │ 0.808945      │
└───────────────────────────────────────┴───────────────┘
tinker_cookbook.utils.ml_log:192 [INFO] Wrote metrics to logs/sweep-kl-coef/llama-rlct-kl0.1/metrics.jsonl
tinker_cookbook.utils.ml_log:265 [INFO] 
                         Step 86                         
┏━━━━━━━━━━━━━━━━━━━━━━━━━━━━━━━━━━━━━━━┳━━━━━━━━━━━━━━━┓
┃ Metric                                ┃ Value         ┃
┡━━━━━━━━━━━━━━━━━━━━━━━━━━━━━━━━━━━━━━━╇━━━━━━━━━━━━━━━┩
│ optim/entropy                         │ 0.535691      │
│ optim/kl_sample_train_v1              │ 0.000379      │
│ optim/kl_sample_train_v2              │ 0.000380      │
│ train/advantage_abs_mean              │ 0.661438      │
│ train/anchor_reward_mean              │ 0.000000      │
│ train/anchor_reward_std               │ 0.000000      │
│ train/avg_response_length             │ 297.125000    │
│ train/consistency_gap_1               │ -0.078125     │
│ train/consistency_reward_mean         │ 0.003662      │
│ train/consistency_reward_std          │ 0.025837      │
│ train/epoch                           │ 0             │
│ train/kl_policy_base                  │ 0.026735      │
│ train/n_anchor_rollouts               │ 0             │
│ train/n_consistency_rollouts          │ 16            │
│ train/n_ref_parsed                    │ 64            │
│ train/n_training_parsed               │ 64            │
│ train/p_hat_1                         │ 0.828125      │
│ train/p_ref                           │ 0.906250      │
│ train/parse_rate                      │ 1.000000      │
│ train/rate_var                        │ 0.001526      │
│ train/reward_pert1_trait0_count       │ 2             │
│ train/reward_pert1_trait0_mean        │ -0.064697     │
│ train/reward_pert1_trait1_count       │ 14            │
│ train/reward_pert1_trait1_mean        │ 0.013428      │
│ train/train/clock_cycle:unique        │ 109423.000000 │
│ train/train/loss:sum                  │ -320.598038   │
│ train/train/ppo_clipped_fraction:mean │ 0.180470      │
│ train/train/ppo_kl_div:mean           │ 0.693013      │
│ train/train/ppo_mean_ratio:mean       │ 0.852308      │
└───────────────────────────────────────┴───────────────┘
tinker_cookbook.utils.ml_log:192 [INFO] Wrote metrics to logs/sweep-kl-coef/llama-rlct-kl0.1/metrics.jsonl
tinker_cookbook.utils.ml_log:265 [INFO] 
                         Step 87                         
┏━━━━━━━━━━━━━━━━━━━━━━━━━━━━━━━━━━━━━━━┳━━━━━━━━━━━━━━━┓
┃ Metric                                ┃ Value         ┃
┡━━━━━━━━━━━━━━━━━━━━━━━━━━━━━━━━━━━━━━━╇━━━━━━━━━━━━━━━┩
│ optim/entropy                         │ 0.995877      │
│ optim/kl_sample_train_v1              │ 0.000043      │
│ optim/kl_sample_train_v2              │ 0.000633      │
│ train/advantage_abs_mean              │ 0.484123      │
│ train/anchor_reward_mean              │ 0.000000      │
│ train/anchor_reward_std               │ 0.000000      │
│ train/avg_response_length             │ 372.500000    │
│ train/consistency_gap_1               │ 0.001587      │
│ train/consistency_reward_mean         │ -0.000046     │
│ train/consistency_reward_std          │ 0.000384      │
│ train/epoch                           │ 0             │
│ train/kl_policy_base                  │ 0.062149      │
│ train/n_anchor_rollouts               │ 0             │
│ train/n_consistency_rollouts          │ 16            │
│ train/n_ref_parsed                    │ 63            │
│ train/n_training_parsed               │ 60            │
│ train/p_hat_1                         │ 0.033333      │
│ train/p_ref                           │ 0.031746      │
│ train/parse_rate                      │ 0.960938      │
│ train/rate_var                        │ 0.000001      │
│ train/reward_pert1_trait0_count       │ 15            │
│ train/reward_pert1_trait0_mean        │ 0.000053      │
│ train/reward_pert1_trait1_count       │ 1             │
│ train/reward_pert1_trait1_mean        │ -0.001534     │
│ train/train/clock_cycle:unique        │ 109488.000000 │
│ train/train/loss:sum                  │ 304.093262    │
│ train/train/ppo_clipped_fraction:mean │ 0.163202      │
│ train/train/ppo_kl_div:mean           │ 0.688519      │
│ train/train/ppo_mean_ratio:mean       │ 0.866400      │
└───────────────────────────────────────┴───────────────┘
tinker_cookbook.utils.ml_log:192 [INFO] Wrote metrics to logs/sweep-kl-coef/llama-rlct-kl0.1/metrics.jsonl
tinker_cookbook.utils.ml_log:265 [INFO] 
               Step 88               
┏━━━━━━━━━━━━━━━━━━━━━━━━━━━┳━━━━━━━┓
┃ Metric                    ┃ Value ┃
┡━━━━━━━━━━━━━━━━━━━━━━━━━━━╇━━━━━━━┩
│ train/skipped_empty_batch │ 1     │
└───────────────────────────┴───────┘
tinker_cookbook.utils.ml_log:192 [INFO] Wrote metrics to logs/sweep-kl-coef/llama-rlct-kl0.1/metrics.jsonl
tinker_cookbook.utils.ml_log:265 [INFO] 
                         Step 89                         
┏━━━━━━━━━━━━━━━━━━━━━━━━━━━━━━━━━━━━━━━┳━━━━━━━━━━━━━━━┓
┃ Metric                                ┃ Value         ┃
┡━━━━━━━━━━━━━━━━━━━━━━━━━━━━━━━━━━━━━━━╇━━━━━━━━━━━━━━━┩
│ optim/entropy                         │ 1.115904      │
│ optim/kl_sample_train_v1              │ 0.001548      │
│ optim/kl_sample_train_v2              │ 0.000658      │
│ train/advantage_abs_mean              │ 0.484123      │
│ train/anchor_reward_mean              │ 0.000000      │
│ train/anchor_reward_std               │ 0.000000      │
│ train/avg_response_length             │ 616.937500    │
│ train/consistency_gap_1               │ -0.032240     │
│ train/consistency_reward_mean         │ 0.000940      │
│ train/consistency_reward_std          │ 0.007804      │
│ train/epoch                           │ 0             │
│ train/kl_policy_base                  │ 0.043985      │
│ train/n_anchor_rollouts               │ 0             │
│ train/n_consistency_rollouts          │ 16            │
│ train/n_ref_parsed                    │ 61            │
│ train/n_training_parsed               │ 60            │
│ train/p_hat_1                         │ 0.033333      │
│ train/p_ref                           │ 0.065574      │
│ train/parse_rate                      │ 0.945312      │
│ train/rate_var                        │ 0.000260      │
│ train/reward_pert1_trait0_count       │ 15            │
│ train/reward_pert1_trait0_mean        │ -0.001075     │
│ train/reward_pert1_trait1_count       │ 1             │
│ train/reward_pert1_trait1_mean        │ 0.031166      │
│ train/train/clock_cycle:unique        │ 109595.000000 │
│ train/train/loss:sum                  │ -160.000443   │
│ train/train/ppo_clipped_fraction:mean │ 0.123847      │
│ train/train/ppo_kl_div:mean           │ 0.501611      │
│ train/train/ppo_mean_ratio:mean       │ 0.895731      │
└───────────────────────────────────────┴───────────────┘
tinker_cookbook.utils.ml_log:192 [INFO] Wrote metrics to logs/sweep-kl-coef/llama-rlct-kl0.1/metrics.jsonl
tinker_cookbook.utils.ml_log:265 [INFO] 
               Step 90               
┏━━━━━━━━━━━━━━━━━━━━━━━━━━━┳━━━━━━━┓
┃ Metric                    ┃ Value ┃
┡━━━━━━━━━━━━━━━━━━━━━━━━━━━╇━━━━━━━┩
│ train/skipped_empty_batch │ 1     │
└───────────────────────────┴───────┘
tinker_cookbook.utils.ml_log:192 [INFO] Wrote metrics to logs/sweep-kl-coef/llama-rlct-kl0.1/metrics.jsonl
tinker_cookbook.utils.ml_log:265 [INFO] 
                         Step 91                         
┏━━━━━━━━━━━━━━━━━━━━━━━━━━━━━━━━━━━━━━━┳━━━━━━━━━━━━━━━┓
┃ Metric                                ┃ Value         ┃
┡━━━━━━━━━━━━━━━━━━━━━━━━━━━━━━━━━━━━━━━╇━━━━━━━━━━━━━━━┩
│ optim/entropy                         │ 0.718991      │
│ optim/kl_sample_train_v1              │ 0.000258      │
│ optim/kl_sample_train_v2              │ 0.000706      │
│ train/advantage_abs_mean              │ 1.000000      │
│ train/anchor_reward_mean              │ 0.000000      │
│ train/anchor_reward_std               │ 0.000000      │
│ train/avg_response_length             │ 306.937500    │
│ train/consistency_gap_1               │ 0.031250      │
│ train/consistency_reward_mean         │ -0.000977     │
│ train/consistency_reward_std          │ 0.015625      │
│ train/epoch                           │ 0             │
│ train/kl_policy_base                  │ 0.091907      │
│ train/n_anchor_rollouts               │ 0             │
│ train/n_consistency_rollouts          │ 16            │
│ train/n_ref_parsed                    │ 64            │
│ train/n_training_parsed               │ 64            │
│ train/p_hat_1                         │ 0.468750      │
│ train/p_ref                           │ 0.437500      │
│ train/parse_rate                      │ 1.000000      │
│ train/rate_var                        │ 0.000244      │
│ train/reward_pert1_trait0_count       │ 8             │
│ train/reward_pert1_trait0_mean        │ 0.014648      │
│ train/reward_pert1_trait1_count       │ 8             │
│ train/reward_pert1_trait1_mean        │ -0.016602     │
│ train/train/clock_cycle:unique        │ 109666.000000 │
│ train/train/loss:sum                  │ -1126.300323  │
│ train/train/ppo_clipped_fraction:mean │ 0.390009      │
│ train/train/ppo_kl_div:mean           │ 1.123930      │
│ train/train/ppo_mean_ratio:mean       │ 0.701845      │
└───────────────────────────────────────┴───────────────┘
tinker_cookbook.utils.ml_log:192 [INFO] Wrote metrics to logs/sweep-kl-coef/llama-rlct-kl0.1/metrics.jsonl
tinker_cookbook.utils.ml_log:265 [INFO] 
                         Step 92                         
┏━━━━━━━━━━━━━━━━━━━━━━━━━━━━━━━━━━━━━━━┳━━━━━━━━━━━━━━━┓
┃ Metric                                ┃ Value         ┃
┡━━━━━━━━━━━━━━━━━━━━━━━━━━━━━━━━━━━━━━━╇━━━━━━━━━━━━━━━┩
│ optim/entropy                         │ 1.178016      │
│ optim/kl_sample_train_v1              │ 0.000150      │
│ optim/kl_sample_train_v2              │ 0.000679      │
│ train/advantage_abs_mean              │ 0.780625      │
│ train/anchor_reward_mean              │ 0.000000      │
│ train/anchor_reward_std               │ 0.000000      │
│ train/avg_response_length             │ 320.187500    │
│ train/consistency_gap_1               │ 0.097926      │
│ train/consistency_reward_mean         │ -0.000874     │
│ train/consistency_reward_std          │ 0.038222      │
│ train/epoch                           │ 0             │
│ train/kl_policy_base                  │ 0.074322      │
│ train/n_anchor_rollouts               │ 0             │
│ train/n_consistency_rollouts          │ 16            │
│ train/n_ref_parsed                    │ 62            │
│ train/n_training_parsed               │ 56            │
│ train/p_hat_1                         │ 0.178571      │
│ train/p_ref                           │ 0.080645      │
│ train/parse_rate                      │ 0.921875      │
│ train/rate_var                        │ 0.002397      │
│ train/reward_pert1_trait0_count       │ 13            │
│ train/reward_pert1_trait0_mean        │ 0.017487      │
│ train/reward_pert1_trait1_count       │ 3             │
│ train/reward_pert1_trait1_mean        │ -0.080439     │
│ train/train/clock_cycle:unique        │ 109754.000000 │
│ train/train/loss:sum                  │ 360.790619    │
│ train/train/ppo_clipped_fraction:mean │ 0.184248      │
│ train/train/ppo_kl_div:mean           │ 0.830318      │
│ train/train/ppo_mean_ratio:mean       │ 0.844163      │
└───────────────────────────────────────┴───────────────┘
tinker_cookbook.utils.ml_log:192 [INFO] Wrote metrics to logs/sweep-kl-coef/llama-rlct-kl0.1/metrics.jsonl
tinker_cookbook.utils.ml_log:265 [INFO] 
                         Step 93                         
┏━━━━━━━━━━━━━━━━━━━━━━━━━━━━━━━━━━━━━━━┳━━━━━━━━━━━━━━━┓
┃ Metric                                ┃ Value         ┃
┡━━━━━━━━━━━━━━━━━━━━━━━━━━━━━━━━━━━━━━━╇━━━━━━━━━━━━━━━┩
│ optim/entropy                         │ 0.902108      │
│ optim/kl_sample_train_v1              │ 0.000561      │
│ optim/kl_sample_train_v2              │ 0.000613      │
│ train/advantage_abs_mean              │ 0.484123      │
│ train/anchor_reward_mean              │ 0.000000      │
│ train/anchor_reward_std               │ 0.000000      │
│ train/avg_response_length             │ 297.000000    │
│ train/consistency_gap_1               │ 0.046875      │
│ train/consistency_reward_mean         │ -0.000732     │
│ train/consistency_reward_std          │ 0.011347      │
│ train/epoch                           │ 0             │
│ train/kl_policy_base                  │ 0.074874      │
│ train/n_anchor_rollouts               │ 0             │
│ train/n_consistency_rollouts          │ 16            │
│ train/n_ref_parsed                    │ 64            │
│ train/n_training_parsed               │ 64            │
│ train/p_hat_1                         │ 0.921875      │
│ train/p_ref                           │ 0.875000      │
│ train/parse_rate                      │ 1.000000      │
│ train/rate_var                        │ 0.000549      │
│ train/reward_pert1_trait0_count       │ 1             │
│ train/reward_pert1_trait0_mean        │ 0.043213      │
│ train/reward_pert1_trait1_count       │ 15            │
│ train/reward_pert1_trait1_mean        │ -0.003662     │
│ train/train/clock_cycle:unique        │ 109799.000000 │
│ train/train/loss:sum                  │ -252.409027   │
│ train/train/ppo_clipped_fraction:mean │ 0.185924      │
│ train/train/ppo_kl_div:mean           │ 0.900157      │
│ train/train/ppo_mean_ratio:mean       │ 0.844609      │
└───────────────────────────────────────┴───────────────┘
tinker_cookbook.utils.ml_log:192 [INFO] Wrote metrics to logs/sweep-kl-coef/llama-rlct-kl0.1/metrics.jsonl
tinker_cookbook.utils.ml_log:265 [INFO] 
                         Step 94                         
┏━━━━━━━━━━━━━━━━━━━━━━━━━━━━━━━━━━━━━━━┳━━━━━━━━━━━━━━━┓
┃ Metric                                ┃ Value         ┃
┡━━━━━━━━━━━━━━━━━━━━━━━━━━━━━━━━━━━━━━━╇━━━━━━━━━━━━━━━┩
│ optim/entropy                         │ 0.985386      │
│ optim/kl_sample_train_v1              │ -0.000015     │
│ optim/kl_sample_train_v2              │ 0.000524      │
│ train/advantage_abs_mean              │ 0.927025      │
│ train/anchor_reward_mean              │ 0.000000      │
│ train/anchor_reward_std               │ 0.000000      │
│ train/avg_response_length             │ 508.875000    │
│ train/consistency_gap_1               │ -0.021505     │
│ train/consistency_reward_mean         │ -0.003136     │
│ train/consistency_reward_std          │ 0.009968      │
│ train/epoch                           │ 0             │
│ train/kl_policy_base                  │ 0.046891      │
│ train/n_anchor_rollouts               │ 0             │
│ train/n_consistency_rollouts          │ 16            │
│ train/n_ref_parsed                    │ 62            │
│ train/n_training_parsed               │ 60            │
│ train/p_hat_1                         │ 0.833333      │
│ train/p_ref                           │ 0.854839      │
│ train/parse_rate                      │ 0.953125      │
│ train/rate_var                        │ 0.000116      │
│ train/reward_pert1_trait0_count       │ 5             │
│ train/reward_pert1_trait0_mean        │ -0.017921     │
│ train/reward_pert1_trait1_count       │ 11            │
│ train/reward_pert1_trait1_mean        │ 0.003584      │
│ train/train/clock_cycle:unique        │ 109872.000000 │
│ train/train/loss:sum                  │ 646.214081    │
│ train/train/ppo_clipped_fraction:mean │ 0.126711      │
│ train/train/ppo_kl_div:mean           │ 0.545447      │
│ train/train/ppo_mean_ratio:mean       │ 0.892949      │
└───────────────────────────────────────┴───────────────┘
tinker_cookbook.utils.ml_log:192 [INFO] Wrote metrics to logs/sweep-kl-coef/llama-rlct-kl0.1/metrics.jsonl
tinker_cookbook.utils.ml_log:265 [INFO] 
                         Step 95                         
┏━━━━━━━━━━━━━━━━━━━━━━━━━━━━━━━━━━━━━━━┳━━━━━━━━━━━━━━━┓
┃ Metric                                ┃ Value         ┃
┡━━━━━━━━━━━━━━━━━━━━━━━━━━━━━━━━━━━━━━━╇━━━━━━━━━━━━━━━┩
│ optim/entropy                         │ 1.121215      │
│ optim/kl_sample_train_v1              │ 0.000547      │
│ optim/kl_sample_train_v2              │ 0.000753      │
│ train/advantage_abs_mean              │ 0.484123      │
│ train/anchor_reward_mean              │ 0.000000      │
│ train/anchor_reward_std               │ 0.000000      │
│ train/avg_response_length             │ 402.562500    │
│ train/consistency_gap_1               │ 0.000496      │
│ train/consistency_reward_mean         │ -0.000015     │
│ train/consistency_reward_std          │ 0.000120      │
│ train/epoch                           │ 0             │
│ train/kl_policy_base                  │ 0.076429      │
│ train/n_anchor_rollouts               │ 0             │
│ train/n_consistency_rollouts          │ 16            │
│ train/n_ref_parsed                    │ 64            │
│ train/n_training_parsed               │ 63            │
│ train/p_hat_1                         │ 0.031746      │
│ train/p_ref                           │ 0.031250      │
│ train/parse_rate                      │ 0.992188      │
│ train/rate_var                        │ 0.000000      │
│ train/reward_pert1_trait0_count       │ 15            │
│ train/reward_pert1_trait0_mean        │ 0.000016      │
│ train/reward_pert1_trait1_count       │ 1             │
│ train/reward_pert1_trait1_mean        │ -0.000480     │
│ train/train/clock_cycle:unique        │ 109920.000000 │
│ train/train/loss:sum                  │ 568.719452    │
│ train/train/ppo_clipped_fraction:mean │ 0.199060      │
│ train/train/ppo_kl_div:mean           │ 0.833453      │
│ train/train/ppo_mean_ratio:mean       │ 0.832659      │
└───────────────────────────────────────┴───────────────┘
tinker_cookbook.utils.ml_log:192 [INFO] Wrote metrics to logs/sweep-kl-coef/llama-rlct-kl0.1/metrics.jsonl
tinker_cookbook.utils.ml_log:265 [INFO] 
               Step 96               
┏━━━━━━━━━━━━━━━━━━━━━━━━━━━┳━━━━━━━┓
┃ Metric                    ┃ Value ┃
┡━━━━━━━━━━━━━━━━━━━━━━━━━━━╇━━━━━━━┩
│ train/skipped_empty_batch │ 1     │
└───────────────────────────┴───────┘
tinker_cookbook.utils.ml_log:192 [INFO] Wrote metrics to logs/sweep-kl-coef/llama-rlct-kl0.1/metrics.jsonl
tinker_cookbook.utils.ml_log:265 [INFO] 
               Step 97               
┏━━━━━━━━━━━━━━━━━━━━━━━━━━━┳━━━━━━━┓
┃ Metric                    ┃ Value ┃
┡━━━━━━━━━━━━━━━━━━━━━━━━━━━╇━━━━━━━┩
│ train/skipped_empty_batch │ 1     │
└───────────────────────────┴───────┘
tinker_cookbook.utils.ml_log:192 [INFO] Wrote metrics to logs/sweep-kl-coef/llama-rlct-kl0.1/metrics.jsonl
tinker_cookbook.utils.ml_log:265 [INFO] 
               Step 98               
┏━━━━━━━━━━━━━━━━━━━━━━━━━━━┳━━━━━━━┓
┃ Metric                    ┃ Value ┃
┡━━━━━━━━━━━━━━━━━━━━━━━━━━━╇━━━━━━━┩
│ train/skipped_empty_batch │ 1     │
└───────────────────────────┴───────┘
tinker_cookbook.utils.ml_log:192 [INFO] Wrote metrics to logs/sweep-kl-coef/llama-rlct-kl0.1/metrics.jsonl
tinker_cookbook.utils.ml_log:265 [INFO] 
               Step 99               
┏━━━━━━━━━━━━━━━━━━━━━━━━━━━┳━━━━━━━┓
┃ Metric                    ┃ Value ┃
┡━━━━━━━━━━━━━━━━━━━━━━━━━━━╇━━━━━━━┩
│ train/skipped_empty_batch │ 1     │
└───────────────────────────┴───────┘
tinker_cookbook.utils.ml_log:192 [INFO] Wrote metrics to logs/sweep-kl-coef/llama-rlct-kl0.1/metrics.jsonl
tinker_cookbook.utils.ml_log:265 [INFO] 
              Step 100               
┏━━━━━━━━━━━━━━━━━━━━━━━━━━━┳━━━━━━━┓
┃ Metric                    ┃ Value ┃
┡━━━━━━━━━━━━━━━━━━━━━━━━━━━╇━━━━━━━┩
│ train/skipped_empty_batch │ 1     │
└───────────────────────────┴───────┘
tinker_cookbook.utils.ml_log:192 [INFO] Wrote metrics to logs/sweep-kl-coef/llama-rlct-kl0.1/metrics.jsonl
tinker_cookbook.utils.ml_log:265 [INFO] 
              Step 101               
┏━━━━━━━━━━━━━━━━━━━━━━━━━━━┳━━━━━━━┓
┃ Metric                    ┃ Value ┃
┡━━━━━━━━━━━━━━━━━━━━━━━━━━━╇━━━━━━━┩
│ train/skipped_empty_batch │ 1     │
└───────────────────────────┴───────┘
tinker_cookbook.utils.ml_log:192 [INFO] Wrote metrics to logs/sweep-kl-coef/llama-rlct-kl0.1/metrics.jsonl
tinker_cookbook.utils.ml_log:265 [INFO] 
                        Step 102                         
┏━━━━━━━━━━━━━━━━━━━━━━━━━━━━━━━━━━━━━━━┳━━━━━━━━━━━━━━━┓
┃ Metric                                ┃ Value         ┃
┡━━━━━━━━━━━━━━━━━━━━━━━━━━━━━━━━━━━━━━━╇━━━━━━━━━━━━━━━┩
│ optim/entropy                         │ 1.095534      │
│ optim/kl_sample_train_v1              │ 0.000857      │
│ optim/kl_sample_train_v2              │ 0.000696      │
│ train/advantage_abs_mean              │ 0.484123      │
│ train/anchor_reward_mean              │ 0.000000      │
│ train/anchor_reward_std               │ 0.000000      │
│ train/avg_response_length             │ 411.562500    │
│ train/consistency_gap_1               │ 0.016633      │
│ train/consistency_reward_mean         │ -0.000503     │
│ train/consistency_reward_std          │ 0.004026      │
│ train/epoch                           │ 0             │
│ train/kl_policy_base                  │ 0.076258      │
│ train/n_anchor_rollouts               │ 0             │
│ train/n_consistency_rollouts          │ 16            │
│ train/n_ref_parsed                    │ 64            │
│ train/n_training_parsed               │ 62            │
│ train/p_hat_1                         │ 0.032258      │
│ train/p_ref                           │ 0.015625      │
│ train/parse_rate                      │ 0.984375      │
│ train/rate_var                        │ 0.000069      │
│ train/reward_pert1_trait0_count       │ 15            │
│ train/reward_pert1_trait0_mean        │ 0.000537      │
│ train/reward_pert1_trait1_count       │ 1             │
│ train/reward_pert1_trait1_mean        │ -0.016097     │
│ train/train/clock_cycle:unique        │ 110301.000000 │
│ train/train/loss:sum                  │ -383.850922   │
│ train/train/ppo_clipped_fraction:mean │ 0.186564      │
│ train/train/ppo_kl_div:mean           │ 0.810360      │
│ train/train/ppo_mean_ratio:mean       │ 0.842665      │
└───────────────────────────────────────┴───────────────┘
tinker_cookbook.utils.ml_log:192 [INFO] Wrote metrics to logs/sweep-kl-coef/llama-rlct-kl0.1/metrics.jsonl
tinker_cookbook.utils.ml_log:265 [INFO] 
                        Step 103                         
┏━━━━━━━━━━━━━━━━━━━━━━━━━━━━━━━━━━━━━━━┳━━━━━━━━━━━━━━━┓
┃ Metric                                ┃ Value         ┃
┡━━━━━━━━━━━━━━━━━━━━━━━━━━━━━━━━━━━━━━━╇━━━━━━━━━━━━━━━┩
│ optim/entropy                         │ 5.219094      │
│ optim/kl_sample_train_v1              │ 0.000716      │
│ optim/kl_sample_train_v2              │ 0.000935      │
│ train/advantage_abs_mean              │ 0.992157      │
│ train/anchor_reward_mean              │ 0.000000      │
│ train/anchor_reward_std               │ 0.000000      │
│ train/avg_response_length             │ 1671.187500   │
│ train/consistency_gap_1               │ 0.011905      │
│ train/consistency_reward_mean         │ 0.000248      │
│ train/consistency_reward_std          │ 0.005906      │
│ train/epoch                           │ 0             │
│ train/kl_policy_base                  │ 0.090588      │
│ train/n_anchor_rollouts               │ 0             │
│ train/n_consistency_rollouts          │ 16            │
│ train/n_ref_parsed                    │ 56            │
│ train/n_training_parsed               │ 48            │
│ train/p_hat_1                         │ 0.458333      │
│ train/p_ref                           │ 0.446429      │
│ train/parse_rate                      │ 0.812500      │
│ train/rate_var                        │ 0.000035      │
│ train/reward_pert1_trait0_count       │ 9             │
│ train/reward_pert1_trait0_mean        │ 0.005456      │
│ train/reward_pert1_trait1_count       │ 7             │
│ train/reward_pert1_trait1_mean        │ -0.006448     │
│ train/train/clock_cycle:unique        │ 110470.000000 │
│ train/train/loss:sum                  │ -439.426971   │
│ train/train/ppo_clipped_fraction:mean │ 0.116433      │
│ train/train/ppo_kl_div:mean           │ 0.336847      │
│ train/train/ppo_mean_ratio:mean       │ 0.913167      │
└───────────────────────────────────────┴───────────────┘
tinker_cookbook.utils.ml_log:192 [INFO] Wrote metrics to logs/sweep-kl-coef/llama-rlct-kl0.1/metrics.jsonl
tinker_cookbook.utils.ml_log:265 [INFO] 
              Step 104               
┏━━━━━━━━━━━━━━━━━━━━━━━━━━━┳━━━━━━━┓
┃ Metric                    ┃ Value ┃
┡━━━━━━━━━━━━━━━━━━━━━━━━━━━╇━━━━━━━┩
│ train/skipped_empty_batch │ 1     │
└───────────────────────────┴───────┘
tinker_cookbook.utils.ml_log:192 [INFO] Wrote metrics to logs/sweep-kl-coef/llama-rlct-kl0.1/metrics.jsonl
tinker_cookbook.utils.ml_log:265 [INFO] 
                        Step 105                         
┏━━━━━━━━━━━━━━━━━━━━━━━━━━━━━━━━━━━━━━━┳━━━━━━━━━━━━━━━┓
┃ Metric                                ┃ Value         ┃
┡━━━━━━━━━━━━━━━━━━━━━━━━━━━━━━━━━━━━━━━╇━━━━━━━━━━━━━━━┩
│ optim/entropy                         │ 2.377171      │
│ optim/kl_sample_train_v1              │ 0.000376      │
│ optim/kl_sample_train_v2              │ 0.000610      │
│ train/advantage_abs_mean              │ 0.780625      │
│ train/anchor_reward_mean              │ 0.000000      │
│ train/anchor_reward_std               │ 0.000000      │
│ train/avg_response_length             │ 561.375000    │
│ train/consistency_gap_1               │ 0.042063      │
│ train/consistency_reward_mean         │ 0.001227      │
│ train/consistency_reward_std          │ 0.016418      │
│ train/epoch                           │ 0             │
│ train/kl_policy_base                  │ 0.074697      │
│ train/n_anchor_rollouts               │ 0             │
│ train/n_consistency_rollouts          │ 16            │
│ train/n_ref_parsed                    │ 63            │
│ train/n_training_parsed               │ 60            │
│ train/p_hat_1                         │ 0.216667      │
│ train/p_ref                           │ 0.174603      │
│ train/parse_rate                      │ 0.960938      │
│ train/rate_var                        │ 0.000442      │
│ train/reward_pert1_trait0_count       │ 13            │
│ train/reward_pert1_trait0_mean        │ 0.009114      │
│ train/reward_pert1_trait1_count       │ 3             │
│ train/reward_pert1_trait1_mean        │ -0.032950     │
│ train/train/clock_cycle:unique        │ 110703.000000 │
│ train/train/loss:sum                  │ -1407.035004  │
│ train/train/ppo_clipped_fraction:mean │ 0.162535      │
│ train/train/ppo_kl_div:mean           │ 0.645794      │
│ train/train/ppo_mean_ratio:mean       │ 0.865254      │
└───────────────────────────────────────┴───────────────┘
tinker_cookbook.utils.ml_log:192 [INFO] Wrote metrics to logs/sweep-kl-coef/llama-rlct-kl0.1/metrics.jsonl
tinker_cookbook.utils.ml_log:265 [INFO] 
                        Step 106                         
┏━━━━━━━━━━━━━━━━━━━━━━━━━━━━━━━━━━━━━━━┳━━━━━━━━━━━━━━━┓
┃ Metric                                ┃ Value         ┃
┡━━━━━━━━━━━━━━━━━━━━━━━━━━━━━━━━━━━━━━━╇━━━━━━━━━━━━━━━┩
│ optim/entropy                         │ 1.202275      │
│ optim/kl_sample_train_v1              │ 0.001666      │
│ optim/kl_sample_train_v2              │ 0.000603      │
│ train/advantage_abs_mean              │ 0.866025      │
│ train/anchor_reward_mean              │ 0.000000      │
│ train/anchor_reward_std               │ 0.000000      │
│ train/avg_response_length             │ 405.312500    │
│ train/consistency_gap_1               │ 0.062500      │
│ train/consistency_reward_mean         │ 0.001953      │
│ train/consistency_reward_std          │ 0.027063      │
│ train/epoch                           │ 0             │
│ train/kl_policy_base                  │ 0.059226      │
│ train/n_anchor_rollouts               │ 0             │
│ train/n_consistency_rollouts          │ 16            │
│ train/n_ref_parsed                    │ 64            │
│ train/n_training_parsed               │ 64            │
│ train/p_hat_1                         │ 0.281250      │
│ train/p_ref                           │ 0.218750      │
│ train/parse_rate                      │ 1.000000      │
│ train/rate_var                        │ 0.000977      │
│ train/reward_pert1_trait0_count       │ 12            │
│ train/reward_pert1_trait0_mean        │ 0.017578      │
│ train/reward_pert1_trait1_count       │ 4             │
│ train/reward_pert1_trait1_mean        │ -0.044922     │
│ train/train/clock_cycle:unique        │ 110796.000000 │
│ train/train/loss:sum                  │ -638.512199   │
│ train/train/ppo_clipped_fraction:mean │ 0.220542      │
│ train/train/ppo_kl_div:mean           │ 0.949617      │
│ train/train/ppo_mean_ratio:mean       │ 0.808376      │
└───────────────────────────────────────┴───────────────┘
tinker_cookbook.utils.ml_log:192 [INFO] Wrote metrics to logs/sweep-kl-coef/llama-rlct-kl0.1/metrics.jsonl
tinker_cookbook.utils.ml_log:265 [INFO] 
                        Step 107                         
┏━━━━━━━━━━━━━━━━━━━━━━━━━━━━━━━━━━━━━━━┳━━━━━━━━━━━━━━━┓
┃ Metric                                ┃ Value         ┃
┡━━━━━━━━━━━━━━━━━━━━━━━━━━━━━━━━━━━━━━━╇━━━━━━━━━━━━━━━┩
│ optim/entropy                         │ 7.173198      │
│ optim/kl_sample_train_v1              │ 0.000209      │
│ optim/kl_sample_train_v2              │ 0.000490      │
│ train/advantage_abs_mean              │ 0.780625      │
│ train/anchor_reward_mean              │ 0.000000      │
│ train/anchor_reward_std               │ 0.000000      │
│ train/avg_response_length             │ 1157.187500   │
│ train/consistency_gap_1               │ 0.047414      │
│ train/consistency_reward_mean         │ -0.000715     │
│ train/consistency_reward_std          │ 0.018506      │
│ train/epoch                           │ 0             │
│ train/kl_policy_base                  │ 0.050156      │
│ train/n_anchor_rollouts               │ 0             │
│ train/n_consistency_rollouts          │ 16            │
│ train/n_ref_parsed                    │ 56            │
│ train/n_training_parsed               │ 58            │
│ train/p_hat_1                         │ 0.172414      │
│ train/p_ref                           │ 0.125000      │
│ train/parse_rate                      │ 0.890625      │
│ train/rate_var                        │ 0.000562      │
│ train/reward_pert1_trait0_count       │ 13            │
│ train/reward_pert1_trait0_mean        │ 0.008175      │
│ train/reward_pert1_trait1_count       │ 3             │
│ train/reward_pert1_trait1_mean        │ -0.039239     │
│ train/train/clock_cycle:unique        │ 110927.000000 │
│ train/train/loss:sum                  │ -5987.709320  │
│ train/train/ppo_clipped_fraction:mean │ 0.105038      │
│ train/train/ppo_kl_div:mean           │ 0.469333      │
│ train/train/ppo_mean_ratio:mean       │ 0.909717      │
└───────────────────────────────────────┴───────────────┘
tinker_cookbook.utils.ml_log:192 [INFO] Wrote metrics to logs/sweep-kl-coef/llama-rlct-kl0.1/metrics.jsonl
tinker_cookbook.utils.ml_log:265 [INFO] 
              Step 108               
┏━━━━━━━━━━━━━━━━━━━━━━━━━━━┳━━━━━━━┓
┃ Metric                    ┃ Value ┃
┡━━━━━━━━━━━━━━━━━━━━━━━━━━━╇━━━━━━━┩
│ train/skipped_empty_batch │ 1     │
└───────────────────────────┴───────┘
tinker_cookbook.utils.ml_log:192 [INFO] Wrote metrics to logs/sweep-kl-coef/llama-rlct-kl0.1/metrics.jsonl
tinker_cookbook.utils.ml_log:265 [INFO] 
              Step 109               
┏━━━━━━━━━━━━━━━━━━━━━━━━━━━┳━━━━━━━┓
┃ Metric                    ┃ Value ┃
┡━━━━━━━━━━━━━━━━━━━━━━━━━━━╇━━━━━━━┩
│ train/skipped_empty_batch │ 1     │
└───────────────────────────┴───────┘
tinker_cookbook.utils.ml_log:192 [INFO] Wrote metrics to logs/sweep-kl-coef/llama-rlct-kl0.1/metrics.jsonl
tinker_cookbook.utils.ml_log:265 [INFO] 
              Step 110               
┏━━━━━━━━━━━━━━━━━━━━━━━━━━━┳━━━━━━━┓
┃ Metric                    ┃ Value ┃
┡━━━━━━━━━━━━━━━━━━━━━━━━━━━╇━━━━━━━┩
│ train/skipped_empty_batch │ 1     │
└───────────────────────────┴───────┘
tinker_cookbook.utils.ml_log:192 [INFO] Wrote metrics to logs/sweep-kl-coef/llama-rlct-kl0.1/metrics.jsonl
tinker_cookbook.utils.ml_log:265 [INFO] 
                        Step 111                         
┏━━━━━━━━━━━━━━━━━━━━━━━━━━━━━━━━━━━━━━━┳━━━━━━━━━━━━━━━┓
┃ Metric                                ┃ Value         ┃
┡━━━━━━━━━━━━━━━━━━━━━━━━━━━━━━━━━━━━━━━╇━━━━━━━━━━━━━━━┩
│ optim/entropy                         │ 0.813594      │
│ optim/kl_sample_train_v1              │ 0.001282      │
│ optim/kl_sample_train_v2              │ 0.000658      │
│ train/advantage_abs_mean              │ 0.968246      │
│ train/anchor_reward_mean              │ 0.000000      │
│ train/anchor_reward_std               │ 0.000000      │
│ train/avg_response_length             │ 268.250000    │
│ train/consistency_gap_1               │ -0.156250     │
│ train/consistency_reward_mean         │ 0.009766      │
│ train/consistency_reward_std          │ 0.075644      │
│ train/epoch                           │ 0             │
│ train/kl_policy_base                  │ 0.100016      │
│ train/n_anchor_rollouts               │ 0             │
│ train/n_consistency_rollouts          │ 16            │
│ train/n_ref_parsed                    │ 64            │
│ train/n_training_parsed               │ 64            │
│ train/p_hat_1                         │ 0.312500      │
│ train/p_ref                           │ 0.468750      │
│ train/parse_rate                      │ 1.000000      │
│ train/rate_var                        │ 0.006104      │
│ train/reward_pert1_trait0_count       │ 10            │
│ train/reward_pert1_trait0_mean        │ -0.048828     │
│ train/reward_pert1_trait1_count       │ 6             │
│ train/reward_pert1_trait1_mean        │ 0.107422      │
│ train/train/clock_cycle:unique        │ 111213.000000 │
│ train/train/loss:sum                  │ -193.210220   │
│ train/train/ppo_clipped_fraction:mean │ 0.197063      │
│ train/train/ppo_kl_div:mean           │ 0.945250      │
│ train/train/ppo_mean_ratio:mean       │ 0.829316      │
└───────────────────────────────────────┴───────────────┘
tinker_cookbook.utils.ml_log:192 [INFO] Wrote metrics to logs/sweep-kl-coef/llama-rlct-kl0.1/metrics.jsonl
tinker_cookbook.utils.ml_log:265 [INFO] 
              Step 112               
┏━━━━━━━━━━━━━━━━━━━━━━━━━━━┳━━━━━━━┓
┃ Metric                    ┃ Value ┃
┡━━━━━━━━━━━━━━━━━━━━━━━━━━━╇━━━━━━━┩
│ train/skipped_empty_batch │ 1     │
└───────────────────────────┴───────┘
tinker_cookbook.utils.ml_log:192 [INFO] Wrote metrics to logs/sweep-kl-coef/llama-rlct-kl0.1/metrics.jsonl
tinker_cookbook.utils.ml_log:265 [INFO] 
              Step 113               
┏━━━━━━━━━━━━━━━━━━━━━━━━━━━┳━━━━━━━┓
┃ Metric                    ┃ Value ┃
┡━━━━━━━━━━━━━━━━━━━━━━━━━━━╇━━━━━━━┩
│ train/skipped_empty_batch │ 1     │
└───────────────────────────┴───────┘
tinker_cookbook.utils.ml_log:192 [INFO] Wrote metrics to logs/sweep-kl-coef/llama-rlct-kl0.1/metrics.jsonl
tinker_cookbook.utils.ml_log:265 [INFO] 
                        Step 114                         
┏━━━━━━━━━━━━━━━━━━━━━━━━━━━━━━━━━━━━━━━┳━━━━━━━━━━━━━━━┓
┃ Metric                                ┃ Value         ┃
┡━━━━━━━━━━━━━━━━━━━━━━━━━━━━━━━━━━━━━━━╇━━━━━━━━━━━━━━━┩
│ optim/entropy                         │ 7.306675      │
│ optim/kl_sample_train_v1              │ 0.000338      │
│ optim/kl_sample_train_v2              │ 0.000539      │
│ train/advantage_abs_mean              │ 0.661438      │
│ train/anchor_reward_mean              │ 0.000000      │
│ train/anchor_reward_std               │ 0.000000      │
│ train/avg_response_length             │ 1332.562500   │
│ train/consistency_gap_1               │ 0.029477      │
│ train/consistency_reward_mean         │ 0.002414      │
│ train/consistency_reward_std          │ 0.009749      │
│ train/epoch                           │ 0             │
│ train/kl_policy_base                  │ 0.039259      │
│ train/n_anchor_rollouts               │ 0             │
│ train/n_consistency_rollouts          │ 16            │
│ train/n_ref_parsed                    │ 62            │
│ train/n_training_parsed               │ 58            │
│ train/p_hat_1                         │ 0.206897      │
│ train/p_ref                           │ 0.177419      │
│ train/parse_rate                      │ 0.937500      │
│ train/rate_var                        │ 0.000217      │
│ train/reward_pert1_trait0_count       │ 14            │
│ train/reward_pert1_trait0_mean        │ 0.006099      │
│ train/reward_pert1_trait1_count       │ 2             │
│ train/reward_pert1_trait1_mean        │ -0.023378     │
│ train/train/clock_cycle:unique        │ 111644.000000 │
│ train/train/loss:sum                  │ 10473.411926  │
│ train/train/ppo_clipped_fraction:mean │ 0.104651      │
│ train/train/ppo_kl_div:mean           │ 0.417369      │
│ train/train/ppo_mean_ratio:mean       │ 0.913325      │
└───────────────────────────────────────┴───────────────┘
tinker_cookbook.utils.ml_log:192 [INFO] Wrote metrics to logs/sweep-kl-coef/llama-rlct-kl0.1/metrics.jsonl
tinker_cookbook.utils.ml_log:265 [INFO] 
                        Step 115                         
┏━━━━━━━━━━━━━━━━━━━━━━━━━━━━━━━━━━━━━━━┳━━━━━━━━━━━━━━━┓
┃ Metric                                ┃ Value         ┃
┡━━━━━━━━━━━━━━━━━━━━━━━━━━━━━━━━━━━━━━━╇━━━━━━━━━━━━━━━┩
│ optim/entropy                         │ 5.137542      │
│ optim/kl_sample_train_v1              │ 0.001080      │
│ optim/kl_sample_train_v2              │ 0.000574      │
│ train/advantage_abs_mean              │ 0.484123      │
│ train/anchor_reward_mean              │ 0.000000      │
│ train/anchor_reward_std               │ 0.000000      │
│ train/avg_response_length             │ 663.125000    │
│ train/consistency_gap_1               │ 0.000282      │
│ train/consistency_reward_mean         │ -0.000013     │
│ train/consistency_reward_std          │ 0.000068      │
│ train/epoch                           │ 0             │
│ train/kl_policy_base                  │ 0.053003      │
│ train/n_anchor_rollouts               │ 0             │
│ train/n_consistency_rollouts          │ 16            │
│ train/n_ref_parsed                    │ 60            │
│ train/n_training_parsed               │ 59            │
│ train/p_hat_1                         │ 0.016949      │
│ train/p_ref                           │ 0.016667      │
│ train/parse_rate                      │ 0.929688      │
│ train/rate_var                        │ 0.000000      │
│ train/reward_pert1_trait0_count       │ 15            │
│ train/reward_pert1_trait0_mean        │ 0.000005      │
│ train/reward_pert1_trait1_count       │ 1             │
│ train/reward_pert1_trait1_mean        │ -0.000278     │
│ train/train/clock_cycle:unique        │ 111653.000000 │
│ train/train/loss:sum                  │ -1150.809479  │
│ train/train/ppo_clipped_fraction:mean │ 0.429437      │
│ train/train/ppo_kl_div:mean           │ 1.426801      │
│ train/train/ppo_mean_ratio:mean       │ 0.650651      │
└───────────────────────────────────────┴───────────────┘
tinker_cookbook.utils.ml_log:192 [INFO] Wrote metrics to logs/sweep-kl-coef/llama-rlct-kl0.1/metrics.jsonl
tinker_cookbook.utils.ml_log:265 [INFO] 
              Step 116               
┏━━━━━━━━━━━━━━━━━━━━━━━━━━━┳━━━━━━━┓
┃ Metric                    ┃ Value ┃
┡━━━━━━━━━━━━━━━━━━━━━━━━━━━╇━━━━━━━┩
│ train/skipped_empty_batch │ 1     │
└───────────────────────────┴───────┘
tinker_cookbook.utils.ml_log:192 [INFO] Wrote metrics to logs/sweep-kl-coef/llama-rlct-kl0.1/metrics.jsonl
tinker_cookbook.utils.ml_log:265 [INFO] 
                        Step 117                         
┏━━━━━━━━━━━━━━━━━━━━━━━━━━━━━━━━━━━━━━━┳━━━━━━━━━━━━━━━┓
┃ Metric                                ┃ Value         ┃
┡━━━━━━━━━━━━━━━━━━━━━━━━━━━━━━━━━━━━━━━╇━━━━━━━━━━━━━━━┩
│ optim/entropy                         │ 8.595880      │
│ optim/kl_sample_train_v1              │ 0.000208      │
│ optim/kl_sample_train_v2              │ 0.000314      │
│ train/advantage_abs_mean              │ 0.992157      │
│ train/anchor_reward_mean              │ 0.000000      │
│ train/anchor_reward_std               │ 0.000000      │
│ train/avg_response_length             │ 2166.125000   │
│ train/consistency_gap_1               │ -0.239268     │
│ train/consistency_reward_mean         │ 0.021668      │
│ train/consistency_reward_std          │ 0.118696      │
│ train/epoch                           │ 0             │
│ train/kl_policy_base                  │ 0.037689      │
│ train/n_anchor_rollouts               │ 0             │
│ train/n_consistency_rollouts          │ 16            │
│ train/n_ref_parsed                    │ 58            │
│ train/n_training_parsed               │ 49            │
│ train/p_hat_1                         │ 0.346939      │
│ train/p_ref                           │ 0.586207      │
│ train/parse_rate                      │ 0.835938      │
│ train/rate_var                        │ 0.014312      │
│ train/reward_pert1_trait0_count       │ 9             │
│ train/reward_pert1_trait0_mean        │ -0.083011     │
│ train/reward_pert1_trait1_count       │ 7             │
│ train/reward_pert1_trait1_mean        │ 0.156257      │
│ train/train/clock_cycle:unique        │ 111659.000000 │
│ train/train/loss:sum                  │ -7637.808716  │
│ train/train/ppo_clipped_fraction:mean │ 0.037006      │
│ train/train/ppo_kl_div:mean           │ 0.141784      │
│ train/train/ppo_mean_ratio:mean       │ 0.970031      │
└───────────────────────────────────────┴───────────────┘
tinker_cookbook.utils.ml_log:192 [INFO] Wrote metrics to logs/sweep-kl-coef/llama-rlct-kl0.1/metrics.jsonl
tinker_cookbook.utils.ml_log:265 [INFO] 
              Step 118               
┏━━━━━━━━━━━━━━━━━━━━━━━━━━━┳━━━━━━━┓
┃ Metric                    ┃ Value ┃
┡━━━━━━━━━━━━━━━━━━━━━━━━━━━╇━━━━━━━┩
│ train/skipped_empty_batch │ 1     │
└───────────────────────────┴───────┘
tinker_cookbook.utils.ml_log:192 [INFO] Wrote metrics to logs/sweep-kl-coef/llama-rlct-kl0.1/metrics.jsonl
tinker_cookbook.utils.ml_log:265 [INFO] 
                        Step 119                         
┏━━━━━━━━━━━━━━━━━━━━━━━━━━━━━━━━━━━━━━━┳━━━━━━━━━━━━━━━┓
┃ Metric                                ┃ Value         ┃
┡━━━━━━━━━━━━━━━━━━━━━━━━━━━━━━━━━━━━━━━╇━━━━━━━━━━━━━━━┩
│ optim/entropy                         │ 8.182598      │
│ optim/kl_sample_train_v1              │ 0.000330      │
│ optim/kl_sample_train_v2              │ 0.000458      │
│ train/advantage_abs_mean              │ 0.661438      │
│ train/anchor_reward_mean              │ 0.000000      │
│ train/anchor_reward_std               │ 0.000000      │
│ train/avg_response_length             │ 1539.125000   │
│ train/consistency_gap_1               │ 0.031421      │
│ train/consistency_reward_mean         │ -0.000322     │
│ train/consistency_reward_std          │ 0.010391      │
│ train/epoch                           │ 0             │
│ train/kl_policy_base                  │ 0.038350      │
│ train/n_anchor_rollouts               │ 0             │
│ train/n_consistency_rollouts          │ 16            │
│ train/n_ref_parsed                    │ 60            │
│ train/n_training_parsed               │ 61            │
│ train/p_hat_1                         │ 0.114754      │
│ train/p_ref                           │ 0.083333      │
│ train/parse_rate                      │ 0.945312      │
│ train/rate_var                        │ 0.000247      │
│ train/reward_pert1_trait0_count       │ 14            │
│ train/reward_pert1_trait0_mean        │ 0.003606      │
│ train/reward_pert1_trait1_count       │ 2             │
│ train/reward_pert1_trait1_mean        │ -0.027815     │
│ train/train/clock_cycle:unique        │ 111690.000000 │
│ train/train/loss:sum                  │ 32616.370361  │
│ train/train/ppo_clipped_fraction:mean │ 0.064039      │
│ train/train/ppo_kl_div:mean           │ 0.282298      │
│ train/train/ppo_mean_ratio:mean       │ 0.946843      │
└───────────────────────────────────────┴───────────────┘
tinker_cookbook.utils.ml_log:192 [INFO] Wrote metrics to logs/sweep-kl-coef/llama-rlct-kl0.1/metrics.jsonl
tinker_cookbook.utils.ml_log:265 [INFO] 
              Step 120               
┏━━━━━━━━━━━━━━━━━━━━━━━━━━━┳━━━━━━━┓
┃ Metric                    ┃ Value ┃
┡━━━━━━━━━━━━━━━━━━━━━━━━━━━╇━━━━━━━┩
│ train/skipped_empty_batch │ 1     │
└───────────────────────────┴───────┘
root:654 [INFO] Command line invocation: scripts/tinker_training/train_rl.py --model meta-llama/Llama-3.1-8B-Instruct --experiment-name sweep-kl-coef --run-name llama-rlct-kl0.1 --bias-types suggested_answer --datasets mmlu --n-datapoints 128 --lora-rank 8 --kl-coef 0.1 --anchor-weight 0.0 --loss-fn ppo --n-ref-rollouts 64 --n-train-rollouts 64 --n-consistency-rollouts 16 --batch-size 1 --refresh-every 1 --checkpoint-every 64 -y
tinker_cookbook.utils.ml_log:592 [INFO] Logging to: logs/sweep-kl-coef/llama-rlct-kl0.1
tinker_cookbook.utils.ml_log:265 [INFO] 
Configuration:
  git: {'git_sha': '96370379d5ccd054f534da1e2989f8229d8fef58', 'git_branch': 
'reasoning-history-last-fix', 'git_dirty': True, 'git_dirt ... : "black",\n+    
"training_biases": [\n+        "suggested_answer"\n+      ]\n     }\n   }\n 
}\n\\ No newline at end of file'}
tinker_cookbook.utils.ml_log:265 [INFO] 
Configuration:
  n_datapoints: 128
  total_steps: 128
  n_perturbations: 2
  base_lr: 0.0002856415043086949
tinker_cookbook.utils.ml_log:192 [INFO] Wrote metrics to logs/sweep-kl-coef/llama-rlct-kl0.1/metrics.jsonl
tinker_cookbook.utils.ml_log:265 [INFO] 
               Step 1                
┏━━━━━━━━━━━━━━━━━━━━━━━━━━━┳━━━━━━━┓
┃ Metric                    ┃ Value ┃
┡━━━━━━━━━━━━━━━━━━━━━━━━━━━╇━━━━━━━┩
│ train/skipped_empty_batch │ 1     │
└───────────────────────────┴───────┘
tinker_cookbook.utils.ml_log:192 [INFO] Wrote metrics to logs/sweep-kl-coef/llama-rlct-kl0.1/metrics.jsonl
tinker_cookbook.utils.ml_log:265 [INFO] 
                         Step 2                          
┏━━━━━━━━━━━━━━━━━━━━━━━━━━━━━━━━━━━━━━━┳━━━━━━━━━━━━━━━┓
┃ Metric                                ┃ Value         ┃
┡━━━━━━━━━━━━━━━━━━━━━━━━━━━━━━━━━━━━━━━╇━━━━━━━━━━━━━━━┩
│ optim/entropy                         │ 0.946727      │
│ optim/kl_sample_train_v1              │ 0.000171      │
│ optim/kl_sample_train_v2              │ 0.000777      │
│ train/advantage_abs_mean              │ 0.927025      │
│ train/anchor_reward_mean              │ 0.000000      │
│ train/anchor_reward_std               │ 0.000000      │
│ train/avg_response_length             │ 390.687500    │
│ train/consistency_gap_1               │ 0.115684      │
│ train/consistency_reward_mean         │ -0.002244     │
│ train/consistency_reward_std          │ 0.053621      │
│ train/epoch                           │ 0             │
│ train/kl_policy_base                  │ -0.000133     │
│ train/n_anchor_rollouts               │ 0             │
│ train/n_consistency_rollouts          │ 16            │
│ train/n_ref_parsed                    │ 62            │
│ train/n_training_parsed               │ 58            │
│ train/p_hat_1                         │ 0.293103      │
│ train/p_ref                           │ 0.177419      │
│ train/parse_rate                      │ 0.937500      │
│ train/rate_var                        │ 0.003346      │
│ train/reward_pert1_trait0_count       │ 11            │
│ train/reward_pert1_trait0_mean        │ 0.033907      │
│ train/reward_pert1_trait1_count       │ 5             │
│ train/reward_pert1_trait1_mean        │ -0.081777     │
│ train/train/clock_cycle:unique        │ 125930.000000 │
│ train/train/loss:sum                  │ -325.000900   │
│ train/train/ppo_clipped_fraction:mean │ 0.364019      │
│ train/train/ppo_kl_div:mean           │ 1.007673      │
│ train/train/ppo_mean_ratio:mean       │ 0.725342      │
└───────────────────────────────────────┴───────────────┘
tinker_cookbook.utils.ml_log:192 [INFO] Wrote metrics to logs/sweep-kl-coef/llama-rlct-kl0.1/metrics.jsonl
tinker_cookbook.utils.ml_log:265 [INFO] 
                         Step 3                          
┏━━━━━━━━━━━━━━━━━━━━━━━━━━━━━━━━━━━━━━━┳━━━━━━━━━━━━━━━┓
┃ Metric                                ┃ Value         ┃
┡━━━━━━━━━━━━━━━━━━━━━━━━━━━━━━━━━━━━━━━╇━━━━━━━━━━━━━━━┩
│ optim/entropy                         │ 5.000461      │
│ optim/kl_sample_train_v1              │ 0.000471      │
│ optim/kl_sample_train_v2              │ 0.000489      │
│ train/advantage_abs_mean              │ 0.866025      │
│ train/anchor_reward_mean              │ 0.000000      │
│ train/anchor_reward_std               │ 0.000000      │
│ train/avg_response_length             │ 1220.625000   │
│ train/consistency_gap_1               │ 0.166050      │
│ train/consistency_reward_mean         │ 0.018548      │
│ train/consistency_reward_std          │ 0.071902      │
│ train/epoch                           │ 0             │
│ train/kl_policy_base                  │ 0.000586      │
│ train/n_anchor_rollouts               │ 0             │
│ train/n_consistency_rollouts          │ 16            │
│ train/n_ref_parsed                    │ 46            │
│ train/n_training_parsed               │ 47            │
│ train/p_hat_1                         │ 0.361702      │
│ train/p_ref                           │ 0.195652      │
│ train/parse_rate                      │ 0.726562      │
│ train/rate_var                        │ 0.006893      │
│ train/reward_pert1_trait0_count       │ 12            │
│ train/reward_pert1_trait0_mean        │ 0.060061      │
│ train/reward_pert1_trait1_count       │ 4             │
│ train/reward_pert1_trait1_mean        │ -0.105989     │
│ train/train/clock_cycle:unique        │ 126076.000000 │
│ train/train/loss:sum                  │ 2596.416595   │
│ train/train/ppo_clipped_fraction:mean │ 0.108163      │
│ train/train/ppo_kl_div:mean           │ 0.370606      │
│ train/train/ppo_mean_ratio:mean       │ 0.912801      │
└───────────────────────────────────────┴───────────────┘
tinker_cookbook.utils.ml_log:192 [INFO] Wrote metrics to logs/sweep-kl-coef/llama-rlct-kl0.1/metrics.jsonl
tinker_cookbook.utils.ml_log:265 [INFO] 
               Step 4                
┏━━━━━━━━━━━━━━━━━━━━━━━━━━━┳━━━━━━━┓
┃ Metric                    ┃ Value ┃
┡━━━━━━━━━━━━━━━━━━━━━━━━━━━╇━━━━━━━┩
│ train/skipped_empty_batch │ 1     │
└───────────────────────────┴───────┘
tinker_cookbook.utils.ml_log:192 [INFO] Wrote metrics to logs/sweep-kl-coef/llama-rlct-kl0.1/metrics.jsonl
tinker_cookbook.utils.ml_log:265 [INFO] 
               Step 5                
┏━━━━━━━━━━━━━━━━━━━━━━━━━━━┳━━━━━━━┓
┃ Metric                    ┃ Value ┃
┡━━━━━━━━━━━━━━━━━━━━━━━━━━━╇━━━━━━━┩
│ train/skipped_empty_batch │ 1     │
└───────────────────────────┴───────┘
tinker_cookbook.utils.ml_log:192 [INFO] Wrote metrics to logs/sweep-kl-coef/llama-rlct-kl0.1/metrics.jsonl
tinker_cookbook.utils.ml_log:265 [INFO] 
                         Step 6                          
┏━━━━━━━━━━━━━━━━━━━━━━━━━━━━━━━━━━━━━━━┳━━━━━━━━━━━━━━━┓
┃ Metric                                ┃ Value         ┃
┡━━━━━━━━━━━━━━━━━━━━━━━━━━━━━━━━━━━━━━━╇━━━━━━━━━━━━━━━┩
│ optim/entropy                         │ 0.760215      │
│ optim/kl_sample_train_v1              │ 0.000027      │
│ optim/kl_sample_train_v2              │ 0.000695      │
│ train/advantage_abs_mean              │ 0.992157      │
│ train/anchor_reward_mean              │ 0.000000      │
│ train/anchor_reward_std               │ 0.000000      │
│ train/avg_response_length             │ 308.875000    │
│ train/consistency_gap_1               │ 0.187040      │
│ train/consistency_reward_mean         │ -0.017724     │
│ train/consistency_reward_std          │ 0.092787      │
│ train/epoch                           │ 0             │
│ train/kl_policy_base                  │ 0.012502      │
│ train/n_anchor_rollouts               │ 0             │
│ train/n_consistency_rollouts          │ 16            │
│ train/n_ref_parsed                    │ 57            │
│ train/n_training_parsed               │ 62            │
│ train/p_hat_1                         │ 0.467742      │
│ train/p_ref                           │ 0.280702      │
│ train/parse_rate                      │ 0.929688      │
│ train/rate_var                        │ 0.008746      │
│ train/reward_pert1_trait0_count       │ 7             │
│ train/reward_pert1_trait0_mean        │ 0.087487      │
│ train/reward_pert1_trait1_count       │ 9             │
│ train/reward_pert1_trait1_mean        │ -0.099554     │
│ train/train/clock_cycle:unique        │ 126218.000000 │
│ train/train/loss:sum                  │ 118.565765    │
│ train/train/ppo_clipped_fraction:mean │ 0.361287      │
│ train/train/ppo_kl_div:mean           │ 1.182023      │
│ train/train/ppo_mean_ratio:mean       │ 0.715448      │
└───────────────────────────────────────┴───────────────┘
tinker_cookbook.utils.ml_log:192 [INFO] Wrote metrics to logs/sweep-kl-coef/llama-rlct-kl0.1/metrics.jsonl
tinker_cookbook.utils.ml_log:265 [INFO] 
               Step 7                
┏━━━━━━━━━━━━━━━━━━━━━━━━━━━┳━━━━━━━┓
┃ Metric                    ┃ Value ┃
┡━━━━━━━━━━━━━━━━━━━━━━━━━━━╇━━━━━━━┩
│ train/skipped_empty_batch │ 1     │
└───────────────────────────┴───────┘
tinker_cookbook.utils.ml_log:192 [INFO] Wrote metrics to logs/sweep-kl-coef/llama-rlct-kl0.1/metrics.jsonl
tinker_cookbook.utils.ml_log:265 [INFO] 
               Step 8                
┏━━━━━━━━━━━━━━━━━━━━━━━━━━━┳━━━━━━━┓
┃ Metric                    ┃ Value ┃
┡━━━━━━━━━━━━━━━━━━━━━━━━━━━╇━━━━━━━┩
│ train/skipped_empty_batch │ 1     │
└───────────────────────────┴───────┘
tinker_cookbook.utils.ml_log:192 [INFO] Wrote metrics to logs/sweep-kl-coef/llama-rlct-kl0.1/metrics.jsonl
tinker_cookbook.utils.ml_log:265 [INFO] 
                         Step 9                          
┏━━━━━━━━━━━━━━━━━━━━━━━━━━━━━━━━━━━━━━━┳━━━━━━━━━━━━━━━┓
┃ Metric                                ┃ Value         ┃
┡━━━━━━━━━━━━━━━━━━━━━━━━━━━━━━━━━━━━━━━╇━━━━━━━━━━━━━━━┩
│ optim/entropy                         │ 0.702995      │
│ optim/kl_sample_train_v1              │ 0.001856      │
│ optim/kl_sample_train_v2              │ 0.000645      │
│ train/advantage_abs_mean              │ 0.866025      │
│ train/anchor_reward_mean              │ 0.000000      │
│ train/anchor_reward_std               │ 0.000000      │
│ train/avg_response_length             │ 306.750000    │
│ train/consistency_gap_1               │ 0.707827      │
│ train/consistency_reward_mean         │ 0.095731      │
│ train/consistency_reward_std          │ 0.306498      │
│ train/epoch                           │ 0             │
│ train/kl_policy_base                  │ 0.013244      │
│ train/n_anchor_rollouts               │ 0             │
│ train/n_consistency_rollouts          │ 16            │
│ train/n_ref_parsed                    │ 62            │
│ train/n_training_parsed               │ 61            │
│ train/p_hat_1                         │ 0.885246      │
│ train/p_ref                           │ 0.177419      │
│ train/parse_rate                      │ 0.960938      │
│ train/rate_var                        │ 0.125255      │
│ train/reward_pert1_trait0_count       │ 4             │
│ train/reward_pert1_trait0_mean        │ 0.626601      │
│ train/reward_pert1_trait1_count       │ 12            │
│ train/reward_pert1_trait1_mean        │ -0.081226     │
│ train/train/clock_cycle:unique        │ 126272.000000 │
│ train/train/loss:sum                  │ -551.534180   │
│ train/train/ppo_clipped_fraction:mean │ 0.372513      │
│ train/train/ppo_kl_div:mean           │ 1.497811      │
│ train/train/ppo_mean_ratio:mean       │ 0.683698      │
└───────────────────────────────────────┴───────────────┘
tinker_cookbook.utils.ml_log:192 [INFO] Wrote metrics to logs/sweep-kl-coef/llama-rlct-kl0.1/metrics.jsonl
tinker_cookbook.utils.ml_log:265 [INFO] 
                         Step 10                         
┏━━━━━━━━━━━━━━━━━━━━━━━━━━━━━━━━━━━━━━━┳━━━━━━━━━━━━━━━┓
┃ Metric                                ┃ Value         ┃
┡━━━━━━━━━━━━━━━━━━━━━━━━━━━━━━━━━━━━━━━╇━━━━━━━━━━━━━━━┩
│ optim/entropy                         │ 0.759036      │
│ optim/kl_sample_train_v1              │ 0.000597      │
│ optim/kl_sample_train_v2              │ 0.000629      │
│ train/advantage_abs_mean              │ 0.992157      │
│ train/anchor_reward_mean              │ 0.000000      │
│ train/anchor_reward_std               │ 0.000000      │
│ train/avg_response_length             │ 351.062500    │
│ train/consistency_gap_1               │ 0.222222      │
│ train/consistency_reward_mean         │ -0.047840     │
│ train/consistency_reward_std          │ 0.110240      │
│ train/epoch                           │ 0             │
│ train/kl_policy_base                  │ 0.010509      │
│ train/n_anchor_rollouts               │ 0             │
│ train/n_consistency_rollouts          │ 16            │
│ train/n_ref_parsed                    │ 63            │
│ train/n_training_parsed               │ 63            │
│ train/p_hat_1                         │ 0.222222      │
│ train/p_ref                           │ 0.000000      │
│ train/parse_rate                      │ 0.984375      │
│ train/rate_var                        │ 0.012346      │
│ train/reward_pert1_trait0_count       │ 9             │
│ train/reward_pert1_trait0_mean        │ 0.049383      │
│ train/reward_pert1_trait1_count       │ 7             │
│ train/reward_pert1_trait1_mean        │ -0.172840     │
│ train/train/clock_cycle:unique        │ 126312.000000 │
│ train/train/loss:sum                  │ 17.765917     │
│ train/train/ppo_clipped_fraction:mean │ 0.229513      │
│ train/train/ppo_kl_div:mean           │ 0.929210      │
│ train/train/ppo_mean_ratio:mean       │ 0.808345      │
└───────────────────────────────────────┴───────────────┘
tinker_cookbook.utils.ml_log:192 [INFO] Wrote metrics to logs/sweep-kl-coef/llama-rlct-kl0.1/metrics.jsonl
tinker_cookbook.utils.ml_log:265 [INFO] 
                         Step 11                         
┏━━━━━━━━━━━━━━━━━━━━━━━━━━━━━━━━━━━━━━━┳━━━━━━━━━━━━━━━┓
┃ Metric                                ┃ Value         ┃
┡━━━━━━━━━━━━━━━━━━━━━━━━━━━━━━━━━━━━━━━╇━━━━━━━━━━━━━━━┩
│ optim/entropy                         │ 0.880998      │
│ optim/kl_sample_train_v1              │ 0.001714      │
│ optim/kl_sample_train_v2              │ 0.000593      │
│ train/advantage_abs_mean              │ 0.484123      │
│ train/anchor_reward_mean              │ 0.000000      │
│ train/anchor_reward_std               │ 0.000000      │
│ train/avg_response_length             │ 276.375000    │
│ train/consistency_gap_1               │ 0.444232      │
│ train/consistency_reward_mean         │ -0.040000     │
│ train/consistency_reward_std          │ 0.107531      │
│ train/epoch                           │ 0             │
│ train/kl_policy_base                  │ 0.011932      │
│ train/n_anchor_rollouts               │ 0             │
│ train/n_consistency_rollouts          │ 16            │
│ train/n_ref_parsed                    │ 62            │
│ train/n_training_parsed               │ 59            │
│ train/p_hat_1                         │ 0.847458      │
│ train/p_ref                           │ 0.403226      │
│ train/parse_rate                      │ 0.945312      │
│ train/rate_var                        │ 0.049335      │
│ train/reward_pert1_trait0_count       │ 1             │
│ train/reward_pert1_trait0_mean        │ 0.376468      │
│ train/reward_pert1_trait1_count       │ 15            │
│ train/reward_pert1_trait1_mean        │ -0.067764     │
│ train/train/clock_cycle:unique        │ 126373.000000 │
│ train/train/loss:sum                  │ -58.751465    │
│ train/train/ppo_clipped_fraction:mean │ 0.252827      │
│ train/train/ppo_kl_div:mean           │ 1.148309      │
│ train/train/ppo_mean_ratio:mean       │ 0.780939      │
└───────────────────────────────────────┴───────────────┘
tinker_cookbook.utils.ml_log:192 [INFO] Wrote metrics to logs/sweep-kl-coef/llama-rlct-kl0.1/metrics.jsonl
tinker_cookbook.utils.ml_log:265 [INFO] 
                         Step 12                         
┏━━━━━━━━━━━━━━━━━━━━━━━━━━━━━━━━━━━━━━━┳━━━━━━━━━━━━━━━┓
┃ Metric                                ┃ Value         ┃
┡━━━━━━━━━━━━━━━━━━━━━━━━━━━━━━━━━━━━━━━╇━━━━━━━━━━━━━━━┩
│ optim/entropy                         │ 4.499128      │
│ optim/kl_sample_train_v1              │ 0.000508      │
│ optim/kl_sample_train_v2              │ 0.000683      │
│ train/advantage_abs_mean              │ 0.780625      │
│ train/anchor_reward_mean              │ 0.000000      │
│ train/anchor_reward_std               │ 0.000000      │
│ train/avg_response_length             │ 755.187500    │
│ train/consistency_gap_1               │ 0.266776      │
│ train/consistency_reward_mean         │ -0.032064     │
│ train/consistency_reward_std          │ 0.104126      │
│ train/epoch                           │ 0             │
│ train/kl_policy_base                  │ 0.015832      │
│ train/n_anchor_rollouts               │ 0             │
│ train/n_consistency_rollouts          │ 16            │
│ train/n_ref_parsed                    │ 47            │
│ train/n_training_parsed               │ 52            │
│ train/p_hat_1                         │ 0.692308      │
│ train/p_ref                           │ 0.425532      │
│ train/parse_rate                      │ 0.773438      │
│ train/rate_var                        │ 0.017792      │
│ train/reward_pert1_trait0_count       │ 3             │
│ train/reward_pert1_trait0_mean        │ 0.184691      │
│ train/reward_pert1_trait1_count       │ 13            │
│ train/reward_pert1_trait1_mean        │ -0.082085     │
│ train/train/clock_cycle:unique        │ 126552.000000 │
│ train/train/loss:sum                  │ 2180.111816   │
│ train/train/ppo_clipped_fraction:mean │ 0.216689      │
│ train/train/ppo_kl_div:mean           │ 0.662901      │
│ train/train/ppo_mean_ratio:mean       │ 0.831308      │
└───────────────────────────────────────┴───────────────┘
tinker_cookbook.utils.ml_log:192 [INFO] Wrote metrics to logs/sweep-kl-coef/llama-rlct-kl0.1/metrics.jsonl
tinker_cookbook.utils.ml_log:265 [INFO] 
               Step 13               
┏━━━━━━━━━━━━━━━━━━━━━━━━━━━┳━━━━━━━┓
┃ Metric                    ┃ Value ┃
┡━━━━━━━━━━━━━━━━━━━━━━━━━━━╇━━━━━━━┩
│ train/skipped_empty_batch │ 1     │
└───────────────────────────┴───────┘
tinker_cookbook.utils.ml_log:192 [INFO] Wrote metrics to logs/sweep-kl-coef/llama-rlct-kl0.1/metrics.jsonl
tinker_cookbook.utils.ml_log:265 [INFO] 
                         Step 14                         
┏━━━━━━━━━━━━━━━━━━━━━━━━━━━━━━━━━━━━━━━┳━━━━━━━━━━━━━━━┓
┃ Metric                                ┃ Value         ┃
┡━━━━━━━━━━━━━━━━━━━━━━━━━━━━━━━━━━━━━━━╇━━━━━━━━━━━━━━━┩
│ optim/entropy                         │ 7.334437      │
│ optim/kl_sample_train_v1              │ 0.000663      │
│ optim/kl_sample_train_v2              │ 0.000632      │
│ train/advantage_abs_mean              │ 0.927025      │
│ train/anchor_reward_mean              │ 0.000000      │
│ train/anchor_reward_std               │ 0.000000      │
│ train/avg_response_length             │ 1997.937500   │
│ train/consistency_gap_1               │ 0.043529      │
│ train/consistency_reward_mean         │ -0.004026     │
│ train/consistency_reward_std          │ 0.020176      │
│ train/epoch                           │ 0             │
│ train/kl_policy_base                  │ 0.010048      │
│ train/n_anchor_rollouts               │ 0             │
│ train/n_consistency_rollouts          │ 16            │
│ train/n_ref_parsed                    │ 51            │
│ train/n_training_parsed               │ 50            │
│ train/p_hat_1                         │ 0.220000      │
│ train/p_ref                           │ 0.176471      │
│ train/parse_rate                      │ 0.789062      │
│ train/rate_var                        │ 0.000474      │
│ train/reward_pert1_trait0_count       │ 11            │
│ train/reward_pert1_trait0_mean        │ 0.009576      │
│ train/reward_pert1_trait1_count       │ 5             │
│ train/reward_pert1_trait1_mean        │ -0.033953     │
│ train/train/clock_cycle:unique        │ 126787.000000 │
│ train/train/loss:sum                  │ 10839.745361  │
│ train/train/ppo_clipped_fraction:mean │ 0.048805      │
│ train/train/ppo_kl_div:mean           │ 0.170647      │
│ train/train/ppo_mean_ratio:mean       │ 0.962539      │
└───────────────────────────────────────┴───────────────┘
tinker_cookbook.utils.ml_log:192 [INFO] Wrote metrics to logs/sweep-kl-coef/llama-rlct-kl0.1/metrics.jsonl
tinker_cookbook.utils.ml_log:265 [INFO] 
                         Step 15                         
┏━━━━━━━━━━━━━━━━━━━━━━━━━━━━━━━━━━━━━━━┳━━━━━━━━━━━━━━━┓
┃ Metric                                ┃ Value         ┃
┡━━━━━━━━━━━━━━━━━━━━━━━━━━━━━━━━━━━━━━━╇━━━━━━━━━━━━━━━┩
│ optim/entropy                         │ 0.689108      │
│ optim/kl_sample_train_v1              │ 0.000642      │
│ optim/kl_sample_train_v2              │ 0.000525      │
│ train/advantage_abs_mean              │ 0.484123      │
│ train/anchor_reward_mean              │ 0.000000      │
│ train/anchor_reward_std               │ 0.000000      │
│ train/avg_response_length             │ 236.500000    │
│ train/consistency_gap_1               │ 0.001240      │
│ train/consistency_reward_mean         │ -0.000019     │
│ train/consistency_reward_std          │ 0.000300      │
│ train/epoch                           │ 0             │
│ train/kl_policy_base                  │ 0.014441      │
│ train/n_anchor_rollouts               │ 0             │
│ train/n_consistency_rollouts          │ 16            │
│ train/n_ref_parsed                    │ 63            │
│ train/n_training_parsed               │ 64            │
│ train/p_hat_1                         │ 0.921875      │
│ train/p_ref                           │ 0.920635      │
│ train/parse_rate                      │ 0.992188      │
│ train/rate_var                        │ 0.000000      │
│ train/reward_pert1_trait0_count       │ 1             │
│ train/reward_pert1_trait0_mean        │ 0.001143      │
│ train/reward_pert1_trait1_count       │ 15            │
│ train/reward_pert1_trait1_mean        │ -0.000097     │
│ train/train/clock_cycle:unique        │ 126817.000000 │
│ train/train/loss:sum                  │ -158.605560   │
│ train/train/ppo_clipped_fraction:mean │ 0.241879      │
│ train/train/ppo_kl_div:mean           │ 1.107535      │
│ train/train/ppo_mean_ratio:mean       │ 0.793178      │
└───────────────────────────────────────┴───────────────┘
tinker_cookbook.utils.ml_log:192 [INFO] Wrote metrics to logs/sweep-kl-coef/llama-rlct-kl0.1/metrics.jsonl
tinker_cookbook.utils.ml_log:265 [INFO] 
               Step 16               
┏━━━━━━━━━━━━━━━━━━━━━━━━━━━┳━━━━━━━┓
┃ Metric                    ┃ Value ┃
┡━━━━━━━━━━━━━━━━━━━━━━━━━━━╇━━━━━━━┩
│ train/skipped_empty_batch │ 1     │
└───────────────────────────┴───────┘
tinker_cookbook.utils.ml_log:192 [INFO] Wrote metrics to logs/sweep-kl-coef/llama-rlct-kl0.1/metrics.jsonl
tinker_cookbook.utils.ml_log:265 [INFO] 
                         Step 17                         
┏━━━━━━━━━━━━━━━━━━━━━━━━━━━━━━━━━━━━━━━┳━━━━━━━━━━━━━━━┓
┃ Metric                                ┃ Value         ┃
┡━━━━━━━━━━━━━━━━━━━━━━━━━━━━━━━━━━━━━━━╇━━━━━━━━━━━━━━━┩
│ optim/entropy                         │ 0.802961      │
│ optim/kl_sample_train_v1              │ -0.000159     │
│ optim/kl_sample_train_v2              │ 0.000558      │
│ train/advantage_abs_mean              │ 0.968246      │
│ train/anchor_reward_mean              │ 0.000000      │
│ train/anchor_reward_std               │ 0.000000      │
│ train/avg_response_length             │ 344.187500    │
│ train/consistency_gap_1               │ 0.226310      │
│ train/consistency_reward_mean         │ 0.024753      │
│ train/consistency_reward_std          │ 0.109562      │
│ train/epoch                           │ 0             │
│ train/kl_policy_base                  │ 0.016714      │
│ train/n_anchor_rollouts               │ 0             │
│ train/n_consistency_rollouts          │ 16            │
│ train/n_ref_parsed                    │ 62            │
│ train/n_training_parsed               │ 64            │
│ train/p_hat_1                         │ 0.484375      │
│ train/p_ref                           │ 0.258065      │
│ train/parse_rate                      │ 0.984375      │
│ train/rate_var                        │ 0.012804      │
│ train/reward_pert1_trait0_count       │ 10            │
│ train/reward_pert1_trait0_mean        │ 0.109619      │
│ train/reward_pert1_trait1_count       │ 6             │
│ train/reward_pert1_trait1_mean        │ -0.116691     │
│ train/train/clock_cycle:unique        │ 126875.000000 │
│ train/train/loss:sum                  │ 680.229462    │
│ train/train/ppo_clipped_fraction:mean │ 0.195930      │
│ train/train/ppo_kl_div:mean           │ 0.707850      │
│ train/train/ppo_mean_ratio:mean       │ 0.844697      │
└───────────────────────────────────────┴───────────────┘
tinker_cookbook.utils.ml_log:192 [INFO] Wrote metrics to logs/sweep-kl-coef/llama-rlct-kl0.1/metrics.jsonl
tinker_cookbook.utils.ml_log:265 [INFO] 
               Step 18               
┏━━━━━━━━━━━━━━━━━━━━━━━━━━━┳━━━━━━━┓
┃ Metric                    ┃ Value ┃
┡━━━━━━━━━━━━━━━━━━━━━━━━━━━╇━━━━━━━┩
│ train/skipped_empty_batch │ 1     │
└───────────────────────────┴───────┘
tinker_cookbook.utils.ml_log:192 [INFO] Wrote metrics to logs/sweep-kl-coef/llama-rlct-kl0.1/metrics.jsonl
tinker_cookbook.utils.ml_log:265 [INFO] 
               Step 19               
┏━━━━━━━━━━━━━━━━━━━━━━━━━━━┳━━━━━━━┓
┃ Metric                    ┃ Value ┃
┡━━━━━━━━━━━━━━━━━━━━━━━━━━━╇━━━━━━━┩
│ train/skipped_empty_batch │ 1     │
└───────────────────────────┴───────┘
tinker_cookbook.utils.ml_log:192 [INFO] Wrote metrics to logs/sweep-kl-coef/llama-rlct-kl0.1/metrics.jsonl
tinker_cookbook.utils.ml_log:265 [INFO] 
               Step 20               
┏━━━━━━━━━━━━━━━━━━━━━━━━━━━┳━━━━━━━┓
┃ Metric                    ┃ Value ┃
┡━━━━━━━━━━━━━━━━━━━━━━━━━━━╇━━━━━━━┩
│ train/skipped_empty_batch │ 1     │
└───────────────────────────┴───────┘
tinker_cookbook.utils.ml_log:192 [INFO] Wrote metrics to logs/sweep-kl-coef/llama-rlct-kl0.1/metrics.jsonl
tinker_cookbook.utils.ml_log:265 [INFO] 
               Step 21               
┏━━━━━━━━━━━━━━━━━━━━━━━━━━━┳━━━━━━━┓
┃ Metric                    ┃ Value ┃
┡━━━━━━━━━━━━━━━━━━━━━━━━━━━╇━━━━━━━┩
│ train/skipped_empty_batch │ 1     │
└───────────────────────────┴───────┘
tinker_cookbook.utils.ml_log:192 [INFO] Wrote metrics to logs/sweep-kl-coef/llama-rlct-kl0.1/metrics.jsonl
tinker_cookbook.utils.ml_log:265 [INFO] 
               Step 22               
┏━━━━━━━━━━━━━━━━━━━━━━━━━━━┳━━━━━━━┓
┃ Metric                    ┃ Value ┃
┡━━━━━━━━━━━━━━━━━━━━━━━━━━━╇━━━━━━━┩
│ train/skipped_empty_batch │ 1     │
└───────────────────────────┴───────┘
tinker_cookbook.utils.ml_log:192 [INFO] Wrote metrics to logs/sweep-kl-coef/llama-rlct-kl0.1/metrics.jsonl
tinker_cookbook.utils.ml_log:265 [INFO] 
                         Step 23                         
┏━━━━━━━━━━━━━━━━━━━━━━━━━━━━━━━━━━━━━━━┳━━━━━━━━━━━━━━━┓
┃ Metric                                ┃ Value         ┃
┡━━━━━━━━━━━━━━━━━━━━━━━━━━━━━━━━━━━━━━━╇━━━━━━━━━━━━━━━┩
│ optim/entropy                         │ 0.671549      │
│ optim/kl_sample_train_v1              │ 0.000845      │
│ optim/kl_sample_train_v2              │ 0.000528      │
│ train/advantage_abs_mean              │ 0.927025      │
│ train/anchor_reward_mean              │ 0.000000      │
│ train/anchor_reward_std               │ 0.000000      │
│ train/avg_response_length             │ 299.125000    │
│ train/consistency_gap_1               │ 0.171875      │
│ train/consistency_reward_mean         │ -0.021484     │
│ train/consistency_reward_std          │ 0.079666      │
│ train/epoch                           │ 0             │
│ train/kl_policy_base                  │ 0.019211      │
│ train/n_anchor_rollouts               │ 0             │
│ train/n_consistency_rollouts          │ 16            │
│ train/n_ref_parsed                    │ 64            │
│ train/n_training_parsed               │ 64            │
│ train/p_hat_1                         │ 0.187500      │
│ train/p_ref                           │ 0.015625      │
│ train/parse_rate                      │ 1.000000      │
│ train/rate_var                        │ 0.007385      │
│ train/reward_pert1_trait0_count       │ 11            │
│ train/reward_pert1_trait0_mean        │ 0.032227      │
│ train/reward_pert1_trait1_count       │ 5             │
│ train/reward_pert1_trait1_mean        │ -0.139648     │
│ train/train/clock_cycle:unique        │ 126996.000000 │
│ train/train/loss:sum                  │ 228.079025    │
│ train/train/ppo_clipped_fraction:mean │ 0.221290      │
│ train/train/ppo_kl_div:mean           │ 0.822789      │
│ train/train/ppo_mean_ratio:mean       │ 0.822128      │
└───────────────────────────────────────┴───────────────┘
tinker_cookbook.utils.ml_log:192 [INFO] Wrote metrics to logs/sweep-kl-coef/llama-rlct-kl0.1/metrics.jsonl
tinker_cookbook.utils.ml_log:265 [INFO] 
               Step 24               
┏━━━━━━━━━━━━━━━━━━━━━━━━━━━┳━━━━━━━┓
┃ Metric                    ┃ Value ┃
┡━━━━━━━━━━━━━━━━━━━━━━━━━━━╇━━━━━━━┩
│ train/skipped_empty_batch │ 1     │
└───────────────────────────┴───────┘
tinker_cookbook.utils.ml_log:192 [INFO] Wrote metrics to logs/sweep-kl-coef/llama-rlct-kl0.1/metrics.jsonl
tinker_cookbook.utils.ml_log:265 [INFO] 
               Step 25               
┏━━━━━━━━━━━━━━━━━━━━━━━━━━━┳━━━━━━━┓
┃ Metric                    ┃ Value ┃
┡━━━━━━━━━━━━━━━━━━━━━━━━━━━╇━━━━━━━┩
│ train/skipped_empty_batch │ 1     │
└───────────────────────────┴───────┘
tinker_cookbook.utils.ml_log:192 [INFO] Wrote metrics to logs/sweep-kl-coef/llama-rlct-kl0.1/metrics.jsonl
tinker_cookbook.utils.ml_log:265 [INFO] 
                         Step 26                         
┏━━━━━━━━━━━━━━━━━━━━━━━━━━━━━━━━━━━━━━━┳━━━━━━━━━━━━━━━┓
┃ Metric                                ┃ Value         ┃
┡━━━━━━━━━━━━━━━━━━━━━━━━━━━━━━━━━━━━━━━╇━━━━━━━━━━━━━━━┩
│ optim/entropy                         │ 0.762484      │
│ optim/kl_sample_train_v1              │ 0.000788      │
│ optim/kl_sample_train_v2              │ 0.000647      │
│ train/advantage_abs_mean              │ 0.866025      │
│ train/anchor_reward_mean              │ 0.000000      │
│ train/anchor_reward_std               │ 0.000000      │
│ train/avg_response_length             │ 225.125000    │
│ train/consistency_gap_1               │ 0.440524      │
│ train/consistency_reward_mean         │ -0.067500     │
│ train/consistency_reward_std          │ 0.190753      │
│ train/epoch                           │ 0             │
│ train/kl_policy_base                  │ 0.025779      │
│ train/n_anchor_rollouts               │ 0             │
│ train/n_consistency_rollouts          │ 16            │
│ train/n_ref_parsed                    │ 64            │
│ train/n_training_parsed               │ 62            │
│ train/p_hat_1                         │ 0.596774      │
│ train/p_ref                           │ 0.156250      │
│ train/parse_rate                      │ 0.984375      │
│ train/rate_var                        │ 0.048515      │
│ train/reward_pert1_trait0_count       │ 4             │
│ train/reward_pert1_trait0_mean        │ 0.262893      │
│ train/reward_pert1_trait1_count       │ 12            │
│ train/reward_pert1_trait1_mean        │ -0.177631     │
│ train/train/clock_cycle:unique        │ 127050.000000 │
│ train/train/loss:sum                  │ 45.771881     │
│ train/train/ppo_clipped_fraction:mean │ 0.302027      │
│ train/train/ppo_kl_div:mean           │ 1.313604      │
│ train/train/ppo_mean_ratio:mean       │ 0.744588      │
└───────────────────────────────────────┴───────────────┘
tinker_cookbook.utils.ml_log:192 [INFO] Wrote metrics to logs/sweep-kl-coef/llama-rlct-kl0.1/metrics.jsonl
tinker_cookbook.utils.ml_log:265 [INFO] 
               Step 27               
┏━━━━━━━━━━━━━━━━━━━━━━━━━━━┳━━━━━━━┓
┃ Metric                    ┃ Value ┃
┡━━━━━━━━━━━━━━━━━━━━━━━━━━━╇━━━━━━━┩
│ train/skipped_empty_batch │ 1     │
└───────────────────────────┴───────┘
tinker_cookbook.utils.ml_log:192 [INFO] Wrote metrics to logs/sweep-kl-coef/llama-rlct-kl0.1/metrics.jsonl
tinker_cookbook.utils.ml_log:265 [INFO] 
                         Step 28                         
┏━━━━━━━━━━━━━━━━━━━━━━━━━━━━━━━━━━━━━━━┳━━━━━━━━━━━━━━━┓
┃ Metric                                ┃ Value         ┃
┡━━━━━━━━━━━━━━━━━━━━━━━━━━━━━━━━━━━━━━━╇━━━━━━━━━━━━━━━┩
│ optim/entropy                         │ 0.958730      │
│ optim/kl_sample_train_v1              │ 0.000916      │
│ optim/kl_sample_train_v2              │ 0.000732      │
│ train/advantage_abs_mean              │ 0.484123      │
│ train/anchor_reward_mean              │ 0.000000      │
│ train/anchor_reward_std               │ 0.000000      │
│ train/avg_response_length             │ 418.625000    │
│ train/consistency_gap_1               │ 0.107359      │
│ train/consistency_reward_mean         │ 0.011742      │
│ train/consistency_reward_std          │ 0.025987      │
│ train/epoch                           │ 0             │
│ train/kl_policy_base                  │ 0.040176      │
│ train/n_anchor_rollouts               │ 0             │
│ train/n_consistency_rollouts          │ 16            │
│ train/n_ref_parsed                    │ 62            │
│ train/n_training_parsed               │ 64            │
│ train/p_hat_1                         │ 0.171875      │
│ train/p_ref                           │ 0.064516      │
│ train/parse_rate                      │ 0.984375      │
│ train/rate_var                        │ 0.002881      │
│ train/reward_pert1_trait0_count       │ 15            │
│ train/reward_pert1_trait0_mean        │ 0.018452      │
│ train/reward_pert1_trait1_count       │ 1             │
│ train/reward_pert1_trait1_mean        │ -0.088907     │
│ train/train/clock_cycle:unique        │ 127102.000000 │
│ train/train/loss:sum                  │ -572.877640   │
│ train/train/ppo_clipped_fraction:mean │ 0.245003      │
│ train/train/ppo_kl_div:mean           │ 0.865266      │
│ train/train/ppo_mean_ratio:mean       │ 0.807332      │
└───────────────────────────────────────┴───────────────┘
tinker_cookbook.utils.ml_log:192 [INFO] Wrote metrics to logs/sweep-kl-coef/llama-rlct-kl0.1/metrics.jsonl
tinker_cookbook.utils.ml_log:265 [INFO] 
               Step 29               
┏━━━━━━━━━━━━━━━━━━━━━━━━━━━┳━━━━━━━┓
┃ Metric                    ┃ Value ┃
┡━━━━━━━━━━━━━━━━━━━━━━━━━━━╇━━━━━━━┩
│ train/skipped_empty_batch │ 1     │
└───────────────────────────┴───────┘
tinker_cookbook.utils.ml_log:192 [INFO] Wrote metrics to logs/sweep-kl-coef/llama-rlct-kl0.1/metrics.jsonl
tinker_cookbook.utils.ml_log:265 [INFO] 
               Step 30               
┏━━━━━━━━━━━━━━━━━━━━━━━━━━━┳━━━━━━━┓
┃ Metric                    ┃ Value ┃
┡━━━━━━━━━━━━━━━━━━━━━━━━━━━╇━━━━━━━┩
│ train/skipped_empty_batch │ 1     │
└───────────────────────────┴───────┘
tinker_cookbook.utils.ml_log:192 [INFO] Wrote metrics to logs/sweep-kl-coef/llama-rlct-kl0.1/metrics.jsonl
tinker_cookbook.utils.ml_log:265 [INFO] 
                         Step 31                         
┏━━━━━━━━━━━━━━━━━━━━━━━━━━━━━━━━━━━━━━━┳━━━━━━━━━━━━━━━┓
┃ Metric                                ┃ Value         ┃
┡━━━━━━━━━━━━━━━━━━━━━━━━━━━━━━━━━━━━━━━╇━━━━━━━━━━━━━━━┩
│ optim/entropy                         │ 0.845952      │
│ optim/kl_sample_train_v1              │ 0.001107      │
│ optim/kl_sample_train_v2              │ 0.000721      │
│ train/advantage_abs_mean              │ 0.484123      │
│ train/anchor_reward_mean              │ 0.000000      │
│ train/anchor_reward_std               │ 0.000000      │
│ train/avg_response_length             │ 371.750000    │
│ train/consistency_gap_1               │ -0.218254     │
│ train/consistency_reward_mean         │ 0.006712      │
│ train/consistency_reward_std          │ 0.052831      │
│ train/epoch                           │ 0             │
│ train/kl_policy_base                  │ 0.043622      │
│ train/n_anchor_rollouts               │ 0             │
│ train/n_consistency_rollouts          │ 16            │
│ train/n_ref_parsed                    │ 64            │
│ train/n_training_parsed               │ 63            │
│ train/p_hat_1                         │ 0.031746      │
│ train/p_ref                           │ 0.250000      │
│ train/parse_rate                      │ 0.992188      │
│ train/rate_var                        │ 0.011909      │
│ train/reward_pert1_trait0_count       │ 15            │
│ train/reward_pert1_trait0_mean        │ -0.006929     │
│ train/reward_pert1_trait1_count       │ 1             │
│ train/reward_pert1_trait1_mean        │ 0.211325      │
│ train/train/clock_cycle:unique        │ 127182.000000 │
│ train/train/loss:sum                  │ 68.570984     │
│ train/train/ppo_clipped_fraction:mean │ 0.389589      │
│ train/train/ppo_kl_div:mean           │ 1.201481      │
│ train/train/ppo_mean_ratio:mean       │ 0.692281      │
└───────────────────────────────────────┴───────────────┘
tinker_cookbook.utils.ml_log:192 [INFO] Wrote metrics to logs/sweep-kl-coef/llama-rlct-kl0.1/metrics.jsonl
tinker_cookbook.utils.ml_log:265 [INFO] 
                         Step 32                         
┏━━━━━━━━━━━━━━━━━━━━━━━━━━━━━━━━━━━━━━━┳━━━━━━━━━━━━━━━┓
┃ Metric                                ┃ Value         ┃
┡━━━━━━━━━━━━━━━━━━━━━━━━━━━━━━━━━━━━━━━╇━━━━━━━━━━━━━━━┩
│ optim/entropy                         │ 2.785964      │
│ optim/kl_sample_train_v1              │ 0.000791      │
│ optim/kl_sample_train_v2              │ 0.000602      │
│ train/advantage_abs_mean              │ 0.866025      │
│ train/anchor_reward_mean              │ 0.000000      │
│ train/anchor_reward_std               │ 0.000000      │
│ train/avg_response_length             │ 1063.312500   │
│ train/consistency_gap_1               │ -0.047794     │
│ train/consistency_reward_mean         │ 0.002987      │
│ train/consistency_reward_std          │ 0.020695      │
│ train/epoch                           │ 0             │
│ train/kl_policy_base                  │ 0.026782      │
│ train/n_anchor_rollouts               │ 0             │
│ train/n_consistency_rollouts          │ 16            │
│ train/n_ref_parsed                    │ 51            │
│ train/n_training_parsed               │ 48            │
│ train/p_hat_1                         │ 0.187500      │
│ train/p_ref                           │ 0.235294      │
│ train/parse_rate                      │ 0.773438      │
│ train/rate_var                        │ 0.000571      │
│ train/reward_pert1_trait0_count       │ 12            │
│ train/reward_pert1_trait0_mean        │ -0.008961     │
│ train/reward_pert1_trait1_count       │ 4             │
│ train/reward_pert1_trait1_mean        │ 0.038833      │
│ train/train/clock_cycle:unique        │ 127306.000000 │
│ train/train/loss:sum                  │ -4813.236267  │
│ train/train/ppo_clipped_fraction:mean │ 0.085396      │
│ train/train/ppo_kl_div:mean           │ 0.299801      │
│ train/train/ppo_mean_ratio:mean       │ 0.932499      │
└───────────────────────────────────────┴───────────────┘
tinker_cookbook.utils.ml_log:192 [INFO] Wrote metrics to logs/sweep-kl-coef/llama-rlct-kl0.1/metrics.jsonl
tinker_cookbook.utils.ml_log:265 [INFO] 
                         Step 33                         
┏━━━━━━━━━━━━━━━━━━━━━━━━━━━━━━━━━━━━━━━┳━━━━━━━━━━━━━━━┓
┃ Metric                                ┃ Value         ┃
┡━━━━━━━━━━━━━━━━━━━━━━━━━━━━━━━━━━━━━━━╇━━━━━━━━━━━━━━━┩
│ optim/entropy                         │ 3.763937      │
│ optim/kl_sample_train_v1              │ 0.000450      │
│ optim/kl_sample_train_v2              │ 0.000598      │
│ train/advantage_abs_mean              │ 0.780625      │
│ train/anchor_reward_mean              │ 0.000000      │
│ train/anchor_reward_std               │ 0.000000      │
│ train/avg_response_length             │ 785.500000    │
│ train/consistency_gap_1               │ 0.016073      │
│ train/consistency_reward_mean         │ -0.000632     │
│ train/consistency_reward_std          │ 0.006273      │
│ train/epoch                           │ 0             │
│ train/kl_policy_base                  │ 0.021339      │
│ train/n_anchor_rollouts               │ 0             │
│ train/n_consistency_rollouts          │ 16            │
│ train/n_ref_parsed                    │ 53            │
│ train/n_training_parsed               │ 54            │
│ train/p_hat_1                         │ 0.148148      │
│ train/p_ref                           │ 0.132075      │
│ train/parse_rate                      │ 0.835938      │
│ train/rate_var                        │ 0.000065      │
│ train/reward_pert1_trait0_count       │ 13            │
│ train/reward_pert1_trait0_mean        │ 0.002381      │
│ train/reward_pert1_trait1_count       │ 3             │
│ train/reward_pert1_trait1_mean        │ -0.013692     │
│ train/train/clock_cycle:unique        │ 127357.000000 │
│ train/train/loss:sum                  │ -2551.571960  │
│ train/train/ppo_clipped_fraction:mean │ 0.105000      │
│ train/train/ppo_kl_div:mean           │ 0.406916      │
│ train/train/ppo_mean_ratio:mean       │ 0.916145      │
└───────────────────────────────────────┴───────────────┘
tinker_cookbook.utils.ml_log:192 [INFO] Wrote metrics to logs/sweep-kl-coef/llama-rlct-kl0.1/metrics.jsonl
tinker_cookbook.utils.ml_log:265 [INFO] 
                         Step 34                         
┏━━━━━━━━━━━━━━━━━━━━━━━━━━━━━━━━━━━━━━━┳━━━━━━━━━━━━━━━┓
┃ Metric                                ┃ Value         ┃
┡━━━━━━━━━━━━━━━━━━━━━━━━━━━━━━━━━━━━━━━╇━━━━━━━━━━━━━━━┩
│ optim/entropy                         │ 0.880563      │
│ optim/kl_sample_train_v1              │ 0.001300      │
│ optim/kl_sample_train_v2              │ 0.000637      │
│ train/advantage_abs_mean              │ 0.866025      │
│ train/anchor_reward_mean              │ 0.000000      │
│ train/anchor_reward_std               │ 0.000000      │
│ train/avg_response_length             │ 368.125000    │
│ train/consistency_gap_1               │ -0.183333     │
│ train/consistency_reward_mean         │ 0.009167      │
│ train/consistency_reward_std          │ 0.079386      │
│ train/epoch                           │ 0             │
│ train/kl_policy_base                  │ 0.040208      │
│ train/n_anchor_rollouts               │ 0             │
│ train/n_consistency_rollouts          │ 16            │
│ train/n_ref_parsed                    │ 60            │
│ train/n_training_parsed               │ 60            │
│ train/p_hat_1                         │ 0.200000      │
│ train/p_ref                           │ 0.383333      │
│ train/parse_rate                      │ 0.937500      │
│ train/rate_var                        │ 0.008403      │
│ train/reward_pert1_trait0_count       │ 12            │
│ train/reward_pert1_trait0_mean        │ -0.036667     │
│ train/reward_pert1_trait1_count       │ 4             │
│ train/reward_pert1_trait1_mean        │ 0.146667      │
│ train/train/clock_cycle:unique        │ 127417.000000 │
│ train/train/loss:sum                  │ -309.567451   │
│ train/train/ppo_clipped_fraction:mean │ 0.173101      │
│ train/train/ppo_kl_div:mean           │ 0.637696      │
│ train/train/ppo_mean_ratio:mean       │ 0.860524      │
└───────────────────────────────────────┴───────────────┘
tinker_cookbook.utils.ml_log:192 [INFO] Wrote metrics to logs/sweep-kl-coef/llama-rlct-kl0.1/metrics.jsonl
tinker_cookbook.utils.ml_log:265 [INFO] 
                         Step 35                         
┏━━━━━━━━━━━━━━━━━━━━━━━━━━━━━━━━━━━━━━━┳━━━━━━━━━━━━━━━┓
┃ Metric                                ┃ Value         ┃
┡━━━━━━━━━━━━━━━━━━━━━━━━━━━━━━━━━━━━━━━╇━━━━━━━━━━━━━━━┩
│ optim/entropy                         │ 2.280983      │
│ optim/kl_sample_train_v1              │ 0.001116      │
│ optim/kl_sample_train_v2              │ 0.000571      │
│ train/advantage_abs_mean              │ 0.661438      │
│ train/anchor_reward_mean              │ 0.000000      │
│ train/anchor_reward_std               │ 0.000000      │
│ train/avg_response_length             │ 279.562500    │
│ train/consistency_gap_1               │ -0.066012     │
│ train/consistency_reward_mean         │ 0.004777      │
│ train/consistency_reward_std          │ 0.021832      │
│ train/epoch                           │ 0             │
│ train/kl_policy_base                  │ 0.029697      │
│ train/n_anchor_rollouts               │ 0             │
│ train/n_consistency_rollouts          │ 16            │
│ train/n_ref_parsed                    │ 59            │
│ train/n_training_parsed               │ 57            │
│ train/p_hat_1                         │ 0.052632      │
│ train/p_ref                           │ 0.118644      │
│ train/parse_rate                      │ 0.906250      │
│ train/rate_var                        │ 0.001089      │
│ train/reward_pert1_trait0_count       │ 14            │
│ train/reward_pert1_trait0_mean        │ -0.003474     │
│ train/reward_pert1_trait1_count       │ 2             │
│ train/reward_pert1_trait1_mean        │ 0.062538      │
│ train/train/clock_cycle:unique        │ 127461.000000 │
│ train/train/loss:sum                  │ 2.676643      │
│ train/train/ppo_clipped_fraction:mean │ 0.218523      │
│ train/train/ppo_kl_div:mean           │ 0.888464      │
│ train/train/ppo_mean_ratio:mean       │ 0.816135      │
└───────────────────────────────────────┴───────────────┘
tinker_cookbook.utils.ml_log:192 [INFO] Wrote metrics to logs/sweep-kl-coef/llama-rlct-kl0.1/metrics.jsonl
tinker_cookbook.utils.ml_log:265 [INFO] 
                         Step 36                         
┏━━━━━━━━━━━━━━━━━━━━━━━━━━━━━━━━━━━━━━━┳━━━━━━━━━━━━━━━┓
┃ Metric                                ┃ Value         ┃
┡━━━━━━━━━━━━━━━━━━━━━━━━━━━━━━━━━━━━━━━╇━━━━━━━━━━━━━━━┩
│ optim/entropy                         │ 0.909838      │
│ optim/kl_sample_train_v1              │ 0.000132      │
│ optim/kl_sample_train_v2              │ 0.000607      │
│ train/advantage_abs_mean              │ 0.484123      │
│ train/anchor_reward_mean              │ 0.000000      │
│ train/anchor_reward_std               │ 0.000000      │
│ train/avg_response_length             │ 350.437500    │
│ train/consistency_gap_1               │ 0.050000      │
│ train/consistency_reward_mean         │ -0.000625     │
│ train/consistency_reward_std          │ 0.012103      │
│ train/epoch                           │ 0             │
│ train/kl_policy_base                  │ 0.032864      │
│ train/n_anchor_rollouts               │ 0             │
│ train/n_consistency_rollouts          │ 16            │
│ train/n_ref_parsed                    │ 61            │
│ train/n_training_parsed               │ 60            │
│ train/p_hat_1                         │ 0.050000      │
│ train/p_ref                           │ 0.000000      │
│ train/parse_rate                      │ 0.945312      │
│ train/rate_var                        │ 0.000625      │
│ train/reward_pert1_trait0_count       │ 15            │
│ train/reward_pert1_trait0_mean        │ 0.002500      │
│ train/reward_pert1_trait1_count       │ 1             │
│ train/reward_pert1_trait1_mean        │ -0.047500     │
│ train/train/clock_cycle:unique        │ 127520.000000 │
│ train/train/loss:sum                  │ 346.347626    │
│ train/train/ppo_clipped_fraction:mean │ 0.161505      │
│ train/train/ppo_kl_div:mean           │ 0.695454      │
│ train/train/ppo_mean_ratio:mean       │ 0.866017      │
└───────────────────────────────────────┴───────────────┘
tinker_cookbook.utils.ml_log:192 [INFO] Wrote metrics to logs/sweep-kl-coef/llama-rlct-kl0.1/metrics.jsonl
tinker_cookbook.utils.ml_log:265 [INFO] 
                         Step 37                         
┏━━━━━━━━━━━━━━━━━━━━━━━━━━━━━━━━━━━━━━━┳━━━━━━━━━━━━━━━┓
┃ Metric                                ┃ Value         ┃
┡━━━━━━━━━━━━━━━━━━━━━━━━━━━━━━━━━━━━━━━╇━━━━━━━━━━━━━━━┩
│ optim/entropy                         │ 1.361664      │
│ optim/kl_sample_train_v1              │ 0.000447      │
│ optim/kl_sample_train_v2              │ 0.000448      │
│ train/advantage_abs_mean              │ 0.866025      │
│ train/anchor_reward_mean              │ 0.000000      │
│ train/anchor_reward_std               │ 0.000000      │
│ train/avg_response_length             │ 501.125000    │
│ train/consistency_gap_1               │ 0.035088      │
│ train/consistency_reward_mean         │ -0.001385     │
│ train/consistency_reward_std          │ 0.015193      │
│ train/epoch                           │ 0             │
│ train/kl_policy_base                  │ 0.035580      │
│ train/n_anchor_rollouts               │ 0             │
│ train/n_consistency_rollouts          │ 16            │
│ train/n_ref_parsed                    │ 57            │
│ train/n_training_parsed               │ 57            │
│ train/p_hat_1                         │ 0.210526      │
│ train/p_ref                           │ 0.175439      │
│ train/parse_rate                      │ 0.890625      │
│ train/rate_var                        │ 0.000308      │
│ train/reward_pert1_trait0_count       │ 12            │
│ train/reward_pert1_trait0_mean        │ 0.007387      │
│ train/reward_pert1_trait1_count       │ 4             │
│ train/reward_pert1_trait1_mean        │ -0.027701     │
│ train/train/clock_cycle:unique        │ 127648.000000 │
│ train/train/loss:sum                  │ -408.417267   │
│ train/train/ppo_clipped_fraction:mean │ 0.149082      │
│ train/train/ppo_kl_div:mean           │ 0.511925      │
│ train/train/ppo_mean_ratio:mean       │ 0.881212      │
└───────────────────────────────────────┴───────────────┘
tinker_cookbook.utils.ml_log:192 [INFO] Wrote metrics to logs/sweep-kl-coef/llama-rlct-kl0.1/metrics.jsonl
tinker_cookbook.utils.ml_log:265 [INFO] 
                         Step 38                         
┏━━━━━━━━━━━━━━━━━━━━━━━━━━━━━━━━━━━━━━━┳━━━━━━━━━━━━━━━┓
┃ Metric                                ┃ Value         ┃
┡━━━━━━━━━━━━━━━━━━━━━━━━━━━━━━━━━━━━━━━╇━━━━━━━━━━━━━━━┩
│ optim/entropy                         │ 5.880184      │
│ optim/kl_sample_train_v1              │ 0.000344      │
│ optim/kl_sample_train_v2              │ 0.000541      │
│ train/advantage_abs_mean              │ 0.927025      │
│ train/anchor_reward_mean              │ 0.000000      │
│ train/anchor_reward_std               │ 0.000000      │
│ train/avg_response_length             │ 787.375000    │
│ train/consistency_gap_1               │ 0.063815      │
│ train/consistency_reward_mean         │ -0.003832     │
│ train/consistency_reward_std          │ 0.029579      │
│ train/epoch                           │ 0             │
│ train/kl_policy_base                  │ 0.030221      │
│ train/n_anchor_rollouts               │ 0             │
│ train/n_consistency_rollouts          │ 16            │
│ train/n_ref_parsed                    │ 55            │
│ train/n_training_parsed               │ 51            │
│ train/p_hat_1                         │ 0.627451      │
│ train/p_ref                           │ 0.563636      │
│ train/parse_rate                      │ 0.828125      │
│ train/rate_var                        │ 0.001018      │
│ train/reward_pert1_trait0_count       │ 5             │
│ train/reward_pert1_trait0_mean        │ 0.040041      │
│ train/reward_pert1_trait1_count       │ 11            │
│ train/reward_pert1_trait1_mean        │ -0.023774     │
│ train/train/clock_cycle:unique        │ 127803.000000 │
│ train/train/loss:sum                  │ 5013.435089   │
│ train/train/ppo_clipped_fraction:mean │ 0.135432      │
│ train/train/ppo_kl_div:mean           │ 0.546808      │
│ train/train/ppo_mean_ratio:mean       │ 0.887352      │
└───────────────────────────────────────┴───────────────┘
tinker_cookbook.utils.ml_log:192 [INFO] Wrote metrics to logs/sweep-kl-coef/llama-rlct-kl0.1/metrics.jsonl
tinker_cookbook.utils.ml_log:265 [INFO] 
                         Step 39                         
┏━━━━━━━━━━━━━━━━━━━━━━━━━━━━━━━━━━━━━━━┳━━━━━━━━━━━━━━━┓
┃ Metric                                ┃ Value         ┃
┡━━━━━━━━━━━━━━━━━━━━━━━━━━━━━━━━━━━━━━━╇━━━━━━━━━━━━━━━┩
│ optim/entropy                         │ 1.419991      │
│ optim/kl_sample_train_v1              │ 0.000522      │
│ optim/kl_sample_train_v2              │ 0.000616      │
│ train/advantage_abs_mean              │ 0.992157      │
│ train/anchor_reward_mean              │ 0.000000      │
│ train/anchor_reward_std               │ 0.000000      │
│ train/avg_response_length             │ 364.625000    │
│ train/consistency_gap_1               │ -0.071173     │
│ train/consistency_reward_mean         │ 0.001765      │
│ train/consistency_reward_std          │ 0.035307      │
│ train/epoch                           │ 0             │
│ train/kl_policy_base                  │ 0.052018      │
│ train/n_anchor_rollouts               │ 0             │
│ train/n_consistency_rollouts          │ 16            │
│ train/n_ref_parsed                    │ 62            │
│ train/n_training_parsed               │ 63            │
│ train/p_hat_1                         │ 0.412698      │
│ train/p_ref                           │ 0.483871      │
│ train/parse_rate                      │ 0.976562      │
│ train/rate_var                        │ 0.001266      │
│ train/reward_pert1_trait0_count       │ 9             │
│ train/reward_pert1_trait0_mean        │ -0.029373     │
│ train/reward_pert1_trait1_count       │ 7             │
│ train/reward_pert1_trait1_mean        │ 0.041800      │
│ train/train/clock_cycle:unique        │ 127900.000000 │
│ train/train/loss:sum                  │ -335.360703   │
│ train/train/ppo_clipped_fraction:mean │ 0.193666      │
│ train/train/ppo_kl_div:mean           │ 0.774268      │
│ train/train/ppo_mean_ratio:mean       │ 0.841198      │
└───────────────────────────────────────┴───────────────┘
tinker_cookbook.utils.ml_log:192 [INFO] Wrote metrics to logs/sweep-kl-coef/llama-rlct-kl0.1/metrics.jsonl
tinker_cookbook.utils.ml_log:265 [INFO] 
                         Step 40                         
┏━━━━━━━━━━━━━━━━━━━━━━━━━━━━━━━━━━━━━━━┳━━━━━━━━━━━━━━━┓
┃ Metric                                ┃ Value         ┃
┡━━━━━━━━━━━━━━━━━━━━━━━━━━━━━━━━━━━━━━━╇━━━━━━━━━━━━━━━┩
│ optim/entropy                         │ 7.833322      │
│ optim/kl_sample_train_v1              │ 0.000477      │
│ optim/kl_sample_train_v2              │ 0.000502      │
│ train/advantage_abs_mean              │ 0.992157      │
│ train/anchor_reward_mean              │ 0.000000      │
│ train/anchor_reward_std               │ 0.000000      │
│ train/avg_response_length             │ 1705.437500   │
│ train/consistency_gap_1               │ 0.016382      │
│ train/consistency_reward_mean         │ 0.000079      │
│ train/consistency_reward_std          │ 0.008127      │
│ train/epoch                           │ 0             │
│ train/kl_policy_base                  │ 0.019963      │
│ train/n_anchor_rollouts               │ 0             │
│ train/n_consistency_rollouts          │ 16            │
│ train/n_ref_parsed                    │ 54            │
│ train/n_training_parsed               │ 52            │
│ train/p_hat_1                         │ 0.442308      │
│ train/p_ref                           │ 0.425926      │
│ train/parse_rate                      │ 0.828125      │
│ train/rate_var                        │ 0.000067      │
│ train/reward_pert1_trait0_count       │ 9             │
│ train/reward_pert1_trait0_mean        │ 0.007246      │
│ train/reward_pert1_trait1_count       │ 7             │
│ train/reward_pert1_trait1_mean        │ -0.009136     │
│ train/train/clock_cycle:unique        │ 128020.000000 │
│ train/train/loss:sum                  │ -1587.744385  │
│ train/train/ppo_clipped_fraction:mean │ 0.086931      │
│ train/train/ppo_kl_div:mean           │ 0.262907      │
│ train/train/ppo_mean_ratio:mean       │ 0.932162      │
└───────────────────────────────────────┴───────────────┘
tinker_cookbook.utils.ml_log:192 [INFO] Wrote metrics to logs/sweep-kl-coef/llama-rlct-kl0.1/metrics.jsonl
tinker_cookbook.utils.ml_log:265 [INFO] 
               Step 41               
┏━━━━━━━━━━━━━━━━━━━━━━━━━━━┳━━━━━━━┓
┃ Metric                    ┃ Value ┃
┡━━━━━━━━━━━━━━━━━━━━━━━━━━━╇━━━━━━━┩
│ train/skipped_empty_batch │ 1     │
└───────────────────────────┴───────┘
tinker_cookbook.utils.ml_log:192 [INFO] Wrote metrics to logs/sweep-kl-coef/llama-rlct-kl0.1/metrics.jsonl
tinker_cookbook.utils.ml_log:265 [INFO] 
                         Step 42                         
┏━━━━━━━━━━━━━━━━━━━━━━━━━━━━━━━━━━━━━━━┳━━━━━━━━━━━━━━━┓
┃ Metric                                ┃ Value         ┃
┡━━━━━━━━━━━━━━━━━━━━━━━━━━━━━━━━━━━━━━━╇━━━━━━━━━━━━━━━┩
│ optim/entropy                         │ 1.164473      │
│ optim/kl_sample_train_v1              │ 0.000743      │
│ optim/kl_sample_train_v2              │ 0.000631      │
│ train/advantage_abs_mean              │ 0.661438      │
│ train/anchor_reward_mean              │ 0.000000      │
│ train/anchor_reward_std               │ 0.000000      │
│ train/avg_response_length             │ 349.375000    │
│ train/consistency_gap_1               │ 0.147721      │
│ train/consistency_reward_mean         │ -0.004983     │
│ train/consistency_reward_std          │ 0.048854      │
│ train/epoch                           │ 0             │
│ train/kl_policy_base                  │ 0.036448      │
│ train/n_anchor_rollouts               │ 0             │
│ train/n_consistency_rollouts          │ 16            │
│ train/n_ref_parsed                    │ 62            │
│ train/n_training_parsed               │ 63            │
│ train/p_hat_1                         │ 0.841270      │
│ train/p_ref                           │ 0.693548      │
│ train/parse_rate                      │ 0.976562      │
│ train/rate_var                        │ 0.005455      │
│ train/reward_pert1_trait0_count       │ 2             │
│ train/reward_pert1_trait0_mean        │ 0.124274      │
│ train/reward_pert1_trait1_count       │ 14            │
│ train/reward_pert1_trait1_mean        │ -0.023448     │
│ train/train/clock_cycle:unique        │ 128159.000000 │
│ train/train/loss:sum                  │ 85.878906     │
│ train/train/ppo_clipped_fraction:mean │ 0.153765      │
│ train/train/ppo_kl_div:mean           │ 0.719260      │
│ train/train/ppo_mean_ratio:mean       │ 0.870955      │
└───────────────────────────────────────┴───────────────┘
tinker_cookbook.utils.ml_log:192 [INFO] Wrote metrics to logs/sweep-kl-coef/llama-rlct-kl0.1/metrics.jsonl
tinker_cookbook.utils.ml_log:265 [INFO] 
                         Step 43                         
┏━━━━━━━━━━━━━━━━━━━━━━━━━━━━━━━━━━━━━━━┳━━━━━━━━━━━━━━━┓
┃ Metric                                ┃ Value         ┃
┡━━━━━━━━━━━━━━━━━━━━━━━━━━━━━━━━━━━━━━━╇━━━━━━━━━━━━━━━┩
│ optim/entropy                         │ 6.591330      │
│ optim/kl_sample_train_v1              │ 0.000734      │
│ optim/kl_sample_train_v2              │ 0.000441      │
│ train/advantage_abs_mean              │ 0.661438      │
│ train/anchor_reward_mean              │ 0.000000      │
│ train/anchor_reward_std               │ 0.000000      │
│ train/avg_response_length             │ 1308.000000   │
│ train/consistency_gap_1               │ -0.145323     │
│ train/consistency_reward_mean         │ -0.006466     │
│ train/consistency_reward_std          │ 0.048061      │
│ train/epoch                           │ 0             │
│ train/kl_policy_base                  │ 0.013695      │
│ train/n_anchor_rollouts               │ 0             │
│ train/n_consistency_rollouts          │ 16            │
│ train/n_ref_parsed                    │ 54            │
│ train/n_training_parsed               │ 59            │
│ train/p_hat_1                         │ 0.169492      │
│ train/p_ref                           │ 0.314815      │
│ train/parse_rate                      │ 0.882812      │
│ train/rate_var                        │ 0.005280      │
│ train/reward_pert1_trait0_count       │ 14            │
│ train/reward_pert1_trait0_mean        │ -0.024631     │
│ train/reward_pert1_trait1_count       │ 2             │
│ train/reward_pert1_trait1_mean        │ 0.120692      │
│ train/train/clock_cycle:unique        │ 128286.000000 │
│ train/train/loss:sum                  │ -6807.281860  │
│ train/train/ppo_clipped_fraction:mean │ 0.056913      │
│ train/train/ppo_kl_div:mean           │ 0.210061      │
│ train/train/ppo_mean_ratio:mean       │ 0.953514      │
└───────────────────────────────────────┴───────────────┘
tinker_cookbook.utils.ml_log:192 [INFO] Wrote metrics to logs/sweep-kl-coef/llama-rlct-kl0.1/metrics.jsonl
tinker_cookbook.utils.ml_log:265 [INFO] 
                         Step 44                         
┏━━━━━━━━━━━━━━━━━━━━━━━━━━━━━━━━━━━━━━━┳━━━━━━━━━━━━━━━┓
┃ Metric                                ┃ Value         ┃
┡━━━━━━━━━━━━━━━━━━━━━━━━━━━━━━━━━━━━━━━╇━━━━━━━━━━━━━━━┩
│ optim/entropy                         │ 7.218818      │
│ optim/kl_sample_train_v1              │ 0.000478      │
│ optim/kl_sample_train_v2              │ 0.000425      │
│ train/advantage_abs_mean              │ 0.661438      │
│ train/anchor_reward_mean              │ 0.000000      │
│ train/anchor_reward_std               │ 0.000000      │
│ train/avg_response_length             │ 997.687500    │
│ train/consistency_gap_1               │ 0.103314      │
│ train/consistency_reward_mean         │ 0.001586      │
│ train/consistency_reward_std          │ 0.034168      │
│ train/epoch                           │ 0             │
│ train/kl_policy_base                  │ 0.015158      │
│ train/n_anchor_rollouts               │ 0             │
│ train/n_consistency_rollouts          │ 16            │
│ train/n_ref_parsed                    │ 54            │
│ train/n_training_parsed               │ 57            │
│ train/p_hat_1                         │ 0.140351      │
│ train/p_ref                           │ 0.037037      │
│ train/parse_rate                      │ 0.867188      │
│ train/rate_var                        │ 0.002668      │
│ train/reward_pert1_trait0_count       │ 14            │
│ train/reward_pert1_trait0_mean        │ 0.014500      │
│ train/reward_pert1_trait1_count       │ 2             │
│ train/reward_pert1_trait1_mean        │ -0.088814     │
│ train/train/clock_cycle:unique        │ 128376.000000 │
│ train/train/loss:sum                  │ 5914.511999   │
│ train/train/ppo_clipped_fraction:mean │ 0.101103      │
│ train/train/ppo_kl_div:mean           │ 0.432068      │
│ train/train/ppo_mean_ratio:mean       │ 0.915028      │
└───────────────────────────────────────┴───────────────┘
tinker_cookbook.utils.ml_log:192 [INFO] Wrote metrics to logs/sweep-kl-coef/llama-rlct-kl0.1/metrics.jsonl
tinker_cookbook.utils.ml_log:265 [INFO] 
               Step 45               
┏━━━━━━━━━━━━━━━━━━━━━━━━━━━┳━━━━━━━┓
┃ Metric                    ┃ Value ┃
┡━━━━━━━━━━━━━━━━━━━━━━━━━━━╇━━━━━━━┩
│ train/skipped_empty_batch │ 1     │
└───────────────────────────┴───────┘
tinker_cookbook.utils.ml_log:192 [INFO] Wrote metrics to logs/sweep-kl-coef/llama-rlct-kl0.1/metrics.jsonl
tinker_cookbook.utils.ml_log:265 [INFO] 
               Step 46               
┏━━━━━━━━━━━━━━━━━━━━━━━━━━━┳━━━━━━━┓
┃ Metric                    ┃ Value ┃
┡━━━━━━━━━━━━━━━━━━━━━━━━━━━╇━━━━━━━┩
│ train/skipped_empty_batch │ 1     │
└───────────────────────────┴───────┘
tinker_cookbook.utils.ml_log:192 [INFO] Wrote metrics to logs/sweep-kl-coef/llama-rlct-kl0.1/metrics.jsonl
tinker_cookbook.utils.ml_log:265 [INFO] 
               Step 47               
┏━━━━━━━━━━━━━━━━━━━━━━━━━━━┳━━━━━━━┓
┃ Metric                    ┃ Value ┃
┡━━━━━━━━━━━━━━━━━━━━━━━━━━━╇━━━━━━━┩
│ train/skipped_empty_batch │ 1     │
└───────────────────────────┴───────┘
tinker_cookbook.utils.ml_log:192 [INFO] Wrote metrics to logs/sweep-kl-coef/llama-rlct-kl0.1/metrics.jsonl
tinker_cookbook.utils.ml_log:265 [INFO] 
                         Step 48                         
┏━━━━━━━━━━━━━━━━━━━━━━━━━━━━━━━━━━━━━━━┳━━━━━━━━━━━━━━━┓
┃ Metric                                ┃ Value         ┃
┡━━━━━━━━━━━━━━━━━━━━━━━━━━━━━━━━━━━━━━━╇━━━━━━━━━━━━━━━┩
│ optim/entropy                         │ 3.186862      │
│ optim/kl_sample_train_v1              │ 0.000021      │
│ optim/kl_sample_train_v2              │ 0.000425      │
│ train/advantage_abs_mean              │ 0.661438      │
│ train/anchor_reward_mean              │ 0.000000      │
│ train/anchor_reward_std               │ 0.000000      │
│ train/avg_response_length             │ 449.312500    │
│ train/consistency_gap_1               │ -0.003074     │
│ train/consistency_reward_mean         │ -0.000183     │
│ train/consistency_reward_std          │ 0.001017      │
│ train/epoch                           │ 0             │
│ train/kl_policy_base                  │ 0.020012      │
│ train/n_anchor_rollouts               │ 0             │
│ train/n_consistency_rollouts          │ 16            │
│ train/n_ref_parsed                    │ 64            │
│ train/n_training_parsed               │ 61            │
│ train/p_hat_1                         │ 0.934426      │
│ train/p_ref                           │ 0.937500      │
│ train/parse_rate                      │ 0.976562      │
│ train/rate_var                        │ 0.000002      │
│ train/reward_pert1_trait0_count       │ 2             │
│ train/reward_pert1_trait0_mean        │ -0.002872     │
│ train/reward_pert1_trait1_count       │ 14            │
│ train/reward_pert1_trait1_mean        │ 0.000202      │
│ train/train/clock_cycle:unique        │ 128712.000000 │
│ train/train/loss:sum                  │ 4987.807434   │
│ train/train/ppo_clipped_fraction:mean │ 0.141163      │
│ train/train/ppo_kl_div:mean           │ 0.551805      │
│ train/train/ppo_mean_ratio:mean       │ 0.887821      │
└───────────────────────────────────────┴───────────────┘
tinker_cookbook.utils.ml_log:192 [INFO] Wrote metrics to logs/sweep-kl-coef/llama-rlct-kl0.1/metrics.jsonl
tinker_cookbook.utils.ml_log:265 [INFO] 
               Step 49               
┏━━━━━━━━━━━━━━━━━━━━━━━━━━━┳━━━━━━━┓
┃ Metric                    ┃ Value ┃
┡━━━━━━━━━━━━━━━━━━━━━━━━━━━╇━━━━━━━┩
│ train/skipped_empty_batch │ 1     │
└───────────────────────────┴───────┘
tinker_cookbook.utils.ml_log:192 [INFO] Wrote metrics to logs/sweep-kl-coef/llama-rlct-kl0.1/metrics.jsonl
tinker_cookbook.utils.ml_log:265 [INFO] 
                         Step 50                         
┏━━━━━━━━━━━━━━━━━━━━━━━━━━━━━━━━━━━━━━━┳━━━━━━━━━━━━━━━┓
┃ Metric                                ┃ Value         ┃
┡━━━━━━━━━━━━━━━━━━━━━━━━━━━━━━━━━━━━━━━╇━━━━━━━━━━━━━━━┩
│ optim/entropy                         │ 6.045238      │
│ optim/kl_sample_train_v1              │ 0.000689      │
│ optim/kl_sample_train_v2              │ 0.000448      │
│ train/advantage_abs_mean              │ 0.661438      │
│ train/anchor_reward_mean              │ 0.000000      │
│ train/anchor_reward_std               │ 0.000000      │
│ train/avg_response_length             │ 842.062500    │
│ train/consistency_gap_1               │ -0.033521     │
│ train/consistency_reward_mean         │ 0.001197      │
│ train/consistency_reward_std          │ 0.011086      │
│ train/epoch                           │ 0             │
│ train/kl_policy_base                  │ 0.024992      │
│ train/n_anchor_rollouts               │ 0             │
│ train/n_consistency_rollouts          │ 16            │
│ train/n_ref_parsed                    │ 57            │
│ train/n_training_parsed               │ 56            │
│ train/p_hat_1                         │ 0.089286      │
│ train/p_ref                           │ 0.122807      │
│ train/parse_rate                      │ 0.882812      │
│ train/rate_var                        │ 0.000281      │
│ train/reward_pert1_trait0_count       │ 14            │
│ train/reward_pert1_trait0_mean        │ -0.002993     │
│ train/reward_pert1_trait1_count       │ 2             │
│ train/reward_pert1_trait1_mean        │ 0.030528      │
│ train/train/clock_cycle:unique        │ 128950.000000 │
│ train/train/loss:sum                  │ 3446.039917   │
│ train/train/ppo_clipped_fraction:mean │ 0.107082      │
│ train/train/ppo_kl_div:mean           │ 0.438035      │
│ train/train/ppo_mean_ratio:mean       │ 0.908136      │
└───────────────────────────────────────┴───────────────┘
tinker_cookbook.utils.ml_log:192 [INFO] Wrote metrics to logs/sweep-kl-coef/llama-rlct-kl0.1/metrics.jsonl
tinker_cookbook.utils.ml_log:265 [INFO] 
               Step 51               
┏━━━━━━━━━━━━━━━━━━━━━━━━━━━┳━━━━━━━┓
┃ Metric                    ┃ Value ┃
┡━━━━━━━━━━━━━━━━━━━━━━━━━━━╇━━━━━━━┩
│ train/skipped_empty_batch │ 1     │
└───────────────────────────┴───────┘
tinker_cookbook.utils.ml_log:192 [INFO] Wrote metrics to logs/sweep-kl-coef/llama-rlct-kl0.1/metrics.jsonl
tinker_cookbook.utils.ml_log:265 [INFO] 
               Step 52               
┏━━━━━━━━━━━━━━━━━━━━━━━━━━━┳━━━━━━━┓
┃ Metric                    ┃ Value ┃
┡━━━━━━━━━━━━━━━━━━━━━━━━━━━╇━━━━━━━┩
│ train/skipped_empty_batch │ 1     │
└───────────────────────────┴───────┘
tinker_cookbook.utils.ml_log:192 [INFO] Wrote metrics to logs/sweep-kl-coef/llama-rlct-kl0.1/metrics.jsonl
tinker_cookbook.utils.ml_log:265 [INFO] 
                         Step 53                         
┏━━━━━━━━━━━━━━━━━━━━━━━━━━━━━━━━━━━━━━━┳━━━━━━━━━━━━━━━┓
┃ Metric                                ┃ Value         ┃
┡━━━━━━━━━━━━━━━━━━━━━━━━━━━━━━━━━━━━━━━╇━━━━━━━━━━━━━━━┩
│ optim/entropy                         │ 0.725346      │
│ optim/kl_sample_train_v1              │ 0.001026      │
│ optim/kl_sample_train_v2              │ 0.000640      │
│ train/advantage_abs_mean              │ 0.484123      │
│ train/anchor_reward_mean              │ 0.000000      │
│ train/anchor_reward_std               │ 0.000000      │
│ train/avg_response_length             │ 289.375000    │
│ train/consistency_gap_1               │ -0.060268     │
│ train/consistency_reward_mean         │ -0.004843     │
│ train/consistency_reward_std          │ 0.014589      │
│ train/epoch                           │ 0             │
│ train/kl_policy_base                  │ 0.045919      │
│ train/n_anchor_rollouts               │ 0             │
│ train/n_consistency_rollouts          │ 16            │
│ train/n_ref_parsed                    │ 64            │
│ train/n_training_parsed               │ 63            │
│ train/p_hat_1                         │ 0.142857      │
│ train/p_ref                           │ 0.203125      │
│ train/parse_rate                      │ 0.992188      │
│ train/rate_var                        │ 0.000908      │
│ train/reward_pert1_trait0_count       │ 15            │
│ train/reward_pert1_trait0_mean        │ -0.008610     │
│ train/reward_pert1_trait1_count       │ 1             │
│ train/reward_pert1_trait1_mean        │ 0.051658      │
│ train/train/clock_cycle:unique        │ 129031.000000 │
│ train/train/loss:sum                  │ 26.797455     │
│ train/train/ppo_clipped_fraction:mean │ 0.222767      │
│ train/train/ppo_kl_div:mean           │ 0.919212      │
│ train/train/ppo_mean_ratio:mean       │ 0.817042      │
└───────────────────────────────────────┴───────────────┘
tinker_cookbook.utils.ml_log:192 [INFO] Wrote metrics to logs/sweep-kl-coef/llama-rlct-kl0.1/metrics.jsonl
tinker_cookbook.utils.ml_log:265 [INFO] 
                         Step 54                         
┏━━━━━━━━━━━━━━━━━━━━━━━━━━━━━━━━━━━━━━━┳━━━━━━━━━━━━━━━┓
┃ Metric                                ┃ Value         ┃
┡━━━━━━━━━━━━━━━━━━━━━━━━━━━━━━━━━━━━━━━╇━━━━━━━━━━━━━━━┩
│ optim/entropy                         │ 2.257336      │
│ optim/kl_sample_train_v1              │ 0.000576      │
│ optim/kl_sample_train_v2              │ 0.000701      │
│ train/advantage_abs_mean              │ 0.927025      │
│ train/anchor_reward_mean              │ 0.000000      │
│ train/anchor_reward_std               │ 0.000000      │
│ train/avg_response_length             │ 497.625000    │
│ train/consistency_gap_1               │ 0.051639      │
│ train/consistency_reward_mean         │ -0.008391     │
│ train/consistency_reward_std          │ 0.023935      │
│ train/epoch                           │ 0             │
│ train/kl_policy_base                  │ 0.071220      │
│ train/n_anchor_rollouts               │ 0             │
│ train/n_consistency_rollouts          │ 16            │
│ train/n_ref_parsed                    │ 61            │
│ train/n_training_parsed               │ 60            │
│ train/p_hat_1                         │ 0.150000      │
│ train/p_ref                           │ 0.098361      │
│ train/parse_rate                      │ 0.945312      │
│ train/rate_var                        │ 0.000667      │
│ train/reward_pert1_trait0_count       │ 11            │
│ train/reward_pert1_trait0_mean        │ 0.007746      │
│ train/reward_pert1_trait1_count       │ 5             │
│ train/reward_pert1_trait1_mean        │ -0.043893     │
│ train/train/clock_cycle:unique        │ 129115.000000 │
│ train/train/loss:sum                  │ -771.475618   │
│ train/train/ppo_clipped_fraction:mean │ 0.270184      │
│ train/train/ppo_kl_div:mean           │ 0.832226      │
│ train/train/ppo_mean_ratio:mean       │ 0.786936      │
└───────────────────────────────────────┴───────────────┘
tinker_cookbook.utils.ml_log:192 [INFO] Wrote metrics to logs/sweep-kl-coef/llama-rlct-kl0.1/metrics.jsonl
tinker_cookbook.utils.ml_log:265 [INFO] 
               Step 55               
┏━━━━━━━━━━━━━━━━━━━━━━━━━━━┳━━━━━━━┓
┃ Metric                    ┃ Value ┃
┡━━━━━━━━━━━━━━━━━━━━━━━━━━━╇━━━━━━━┩
│ train/skipped_empty_batch │ 1     │
└───────────────────────────┴───────┘
tinker_cookbook.utils.ml_log:192 [INFO] Wrote metrics to logs/sweep-kl-coef/llama-rlct-kl0.1/metrics.jsonl
tinker_cookbook.utils.ml_log:265 [INFO] 
               Step 56               
┏━━━━━━━━━━━━━━━━━━━━━━━━━━━┳━━━━━━━┓
┃ Metric                    ┃ Value ┃
┡━━━━━━━━━━━━━━━━━━━━━━━━━━━╇━━━━━━━┩
│ train/skipped_empty_batch │ 1     │
└───────────────────────────┴───────┘
tinker_cookbook.utils.ml_log:192 [INFO] Wrote metrics to logs/sweep-kl-coef/llama-rlct-kl0.1/metrics.jsonl
tinker_cookbook.utils.ml_log:265 [INFO] 
               Step 57               
┏━━━━━━━━━━━━━━━━━━━━━━━━━━━┳━━━━━━━┓
┃ Metric                    ┃ Value ┃
┡━━━━━━━━━━━━━━━━━━━━━━━━━━━╇━━━━━━━┩
│ train/skipped_empty_batch │ 1     │
└───────────────────────────┴───────┘
tinker_cookbook.utils.ml_log:192 [INFO] Wrote metrics to logs/sweep-kl-coef/llama-rlct-kl0.1/metrics.jsonl
tinker_cookbook.utils.ml_log:265 [INFO] 
               Step 58               
┏━━━━━━━━━━━━━━━━━━━━━━━━━━━┳━━━━━━━┓
┃ Metric                    ┃ Value ┃
┡━━━━━━━━━━━━━━━━━━━━━━━━━━━╇━━━━━━━┩
│ train/skipped_empty_batch │ 1     │
└───────────────────────────┴───────┘
tinker_cookbook.utils.ml_log:192 [INFO] Wrote metrics to logs/sweep-kl-coef/llama-rlct-kl0.1/metrics.jsonl
tinker_cookbook.utils.ml_log:265 [INFO] 
               Step 59               
┏━━━━━━━━━━━━━━━━━━━━━━━━━━━┳━━━━━━━┓
┃ Metric                    ┃ Value ┃
┡━━━━━━━━━━━━━━━━━━━━━━━━━━━╇━━━━━━━┩
│ train/skipped_empty_batch │ 1     │
└───────────────────────────┴───────┘
tinker_cookbook.utils.ml_log:192 [INFO] Wrote metrics to logs/sweep-kl-coef/llama-rlct-kl0.1/metrics.jsonl
tinker_cookbook.utils.ml_log:265 [INFO] 
                         Step 60                         
┏━━━━━━━━━━━━━━━━━━━━━━━━━━━━━━━━━━━━━━━┳━━━━━━━━━━━━━━━┓
┃ Metric                                ┃ Value         ┃
┡━━━━━━━━━━━━━━━━━━━━━━━━━━━━━━━━━━━━━━━╇━━━━━━━━━━━━━━━┩
│ optim/entropy                         │ 1.089254      │
│ optim/kl_sample_train_v1              │ -0.000121     │
│ optim/kl_sample_train_v2              │ 0.000628      │
│ train/advantage_abs_mean              │ 0.484123      │
│ train/anchor_reward_mean              │ 0.000000      │
│ train/anchor_reward_std               │ 0.000000      │
│ train/avg_response_length             │ 228.187500    │
│ train/consistency_gap_1               │ -0.001736     │
│ train/consistency_reward_mean         │ -0.000081     │
│ train/consistency_reward_std          │ 0.000420      │
│ train/epoch                           │ 0             │
│ train/kl_policy_base                  │ 0.047478      │
│ train/n_anchor_rollouts               │ 0             │
│ train/n_consistency_rollouts          │ 16            │
│ train/n_ref_parsed                    │ 63            │
│ train/n_training_parsed               │ 64            │
│ train/p_hat_1                         │ 0.109375      │
│ train/p_ref                           │ 0.111111      │
│ train/parse_rate                      │ 0.992188      │
│ train/rate_var                        │ 0.000001      │
│ train/reward_pert1_trait0_count       │ 15            │
│ train/reward_pert1_trait0_mean        │ -0.000190     │
│ train/reward_pert1_trait1_count       │ 1             │
│ train/reward_pert1_trait1_mean        │ 0.001546      │
│ train/train/clock_cycle:unique        │ 129226.000000 │
│ train/train/loss:sum                  │ 214.640427    │
│ train/train/ppo_clipped_fraction:mean │ 0.242117      │
│ train/train/ppo_kl_div:mean           │ 1.093712      │
│ train/train/ppo_mean_ratio:mean       │ 0.789883      │
└───────────────────────────────────────┴───────────────┘
tinker_cookbook.utils.ml_log:192 [INFO] Wrote metrics to logs/sweep-kl-coef/llama-rlct-kl0.1/metrics.jsonl
tinker_cookbook.utils.ml_log:265 [INFO] 
                         Step 61                         
┏━━━━━━━━━━━━━━━━━━━━━━━━━━━━━━━━━━━━━━━┳━━━━━━━━━━━━━━━┓
┃ Metric                                ┃ Value         ┃
┡━━━━━━━━━━━━━━━━━━━━━━━━━━━━━━━━━━━━━━━╇━━━━━━━━━━━━━━━┩
│ optim/entropy                         │ 0.612994      │
│ optim/kl_sample_train_v1              │ -0.000092     │
│ optim/kl_sample_train_v2              │ 0.000453      │
│ train/advantage_abs_mean              │ 0.780625      │
│ train/anchor_reward_mean              │ 0.000000      │
│ train/anchor_reward_std               │ 0.000000      │
│ train/avg_response_length             │ 300.562500    │
│ train/consistency_gap_1               │ -0.211310     │
│ train/consistency_reward_mean         │ -0.061003     │
│ train/consistency_reward_std          │ 0.082477      │
│ train/epoch                           │ 0             │
│ train/kl_policy_base                  │ 0.028547      │
│ train/n_anchor_rollouts               │ 0             │
│ train/n_consistency_rollouts          │ 16            │
│ train/n_ref_parsed                    │ 64            │
│ train/n_training_parsed               │ 63            │
│ train/p_hat_1                         │ 0.476190      │
│ train/p_ref                           │ 0.687500      │
│ train/parse_rate                      │ 0.992188      │
│ train/rate_var                        │ 0.011163      │
│ train/reward_pert1_trait0_count       │ 13            │
│ train/reward_pert1_trait0_mean        │ -0.100624     │
│ train/reward_pert1_trait1_count       │ 3             │
│ train/reward_pert1_trait1_mean        │ 0.110686      │
│ train/train/clock_cycle:unique        │ 129246.000000 │
│ train/train/loss:sum                  │ 844.832069    │
│ train/train/ppo_clipped_fraction:mean │ 0.205503      │
│ train/train/ppo_kl_div:mean           │ 0.903516      │
│ train/train/ppo_mean_ratio:mean       │ 0.821720      │
└───────────────────────────────────────┴───────────────┘
tinker_cookbook.utils.ml_log:192 [INFO] Wrote metrics to logs/sweep-kl-coef/llama-rlct-kl0.1/metrics.jsonl
tinker_cookbook.utils.ml_log:265 [INFO] 
                         Step 62                         
┏━━━━━━━━━━━━━━━━━━━━━━━━━━━━━━━━━━━━━━━┳━━━━━━━━━━━━━━━┓
┃ Metric                                ┃ Value         ┃
┡━━━━━━━━━━━━━━━━━━━━━━━━━━━━━━━━━━━━━━━╇━━━━━━━━━━━━━━━┩
│ optim/entropy                         │ 0.599840      │
│ optim/kl_sample_train_v1              │ 0.000144      │
│ optim/kl_sample_train_v2              │ 0.000550      │
│ train/advantage_abs_mean              │ 0.780625      │
│ train/anchor_reward_mean              │ 0.000000      │
│ train/anchor_reward_std               │ 0.000000      │
│ train/avg_response_length             │ 256.625000    │
│ train/consistency_gap_1               │ 0.093750      │
│ train/consistency_reward_mean         │ 0.004395      │
│ train/consistency_reward_std          │ 0.036592      │
│ train/epoch                           │ 0             │
│ train/kl_policy_base                  │ 0.027266      │
│ train/n_anchor_rollouts               │ 0             │
│ train/n_consistency_rollouts          │ 16            │
│ train/n_ref_parsed                    │ 64            │
│ train/n_training_parsed               │ 64            │
│ train/p_hat_1                         │ 0.859375      │
│ train/p_ref                           │ 0.765625      │
│ train/parse_rate                      │ 1.000000      │
│ train/rate_var                        │ 0.002197      │
│ train/reward_pert1_trait0_count       │ 3             │
│ train/reward_pert1_trait0_mean        │ 0.080566      │
│ train/reward_pert1_trait1_count       │ 13            │
│ train/reward_pert1_trait1_mean        │ -0.013184     │
│ train/train/clock_cycle:unique        │ 129289.000000 │
│ train/train/loss:sum                  │ -393.171654   │
│ train/train/ppo_clipped_fraction:mean │ 0.412461      │
│ train/train/ppo_kl_div:mean           │ 1.535029      │
│ train/train/ppo_mean_ratio:mean       │ 0.656752      │
└───────────────────────────────────────┴───────────────┘
tinker_cookbook.utils.ml_log:192 [INFO] Wrote metrics to logs/sweep-kl-coef/llama-rlct-kl0.1/metrics.jsonl
tinker_cookbook.utils.ml_log:265 [INFO] 
                         Step 63                         
┏━━━━━━━━━━━━━━━━━━━━━━━━━━━━━━━━━━━━━━━┳━━━━━━━━━━━━━━━┓
┃ Metric                                ┃ Value         ┃
┡━━━━━━━━━━━━━━━━━━━━━━━━━━━━━━━━━━━━━━━╇━━━━━━━━━━━━━━━┩
│ optim/entropy                         │ 0.754271      │
│ optim/kl_sample_train_v1              │ 0.000669      │
│ optim/kl_sample_train_v2              │ 0.000534      │
│ train/advantage_abs_mean              │ 0.927025      │
│ train/anchor_reward_mean              │ 0.000000      │
│ train/anchor_reward_std               │ 0.000000      │
│ train/avg_response_length             │ 251.812500    │
│ train/consistency_gap_1               │ 0.148065      │
│ train/consistency_reward_mean         │ 0.024237      │
│ train/consistency_reward_std          │ 0.068630      │
│ train/epoch                           │ 0             │
│ train/kl_policy_base                  │ 0.039533      │
│ train/n_anchor_rollouts               │ 0             │
│ train/n_consistency_rollouts          │ 16            │
│ train/n_ref_parsed                    │ 64            │
│ train/n_training_parsed               │ 63            │
│ train/p_hat_1                         │ 0.476190      │
│ train/p_ref                           │ 0.328125      │
│ train/parse_rate                      │ 0.992188      │
│ train/rate_var                        │ 0.005481      │
│ train/reward_pert1_trait0_count       │ 11            │
│ train/reward_pert1_trait0_mean        │ 0.070507      │
│ train/reward_pert1_trait1_count       │ 5             │
│ train/reward_pert1_trait1_mean        │ -0.077558     │
│ train/train/clock_cycle:unique        │ 129312.000000 │
│ train/train/loss:sum                  │ 201.739891    │
│ train/train/ppo_clipped_fraction:mean │ 0.201004      │
│ train/train/ppo_kl_div:mean           │ 0.905915      │
│ train/train/ppo_mean_ratio:mean       │ 0.823519      │
└───────────────────────────────────────┴───────────────┘
tinker_cookbook.utils.ml_log:192 [INFO] Wrote metrics to logs/sweep-kl-coef/llama-rlct-kl0.1/metrics.jsonl
tinker_cookbook.utils.ml_log:265 [INFO] 
               Step 64               
┏━━━━━━━━━━━━━━━━━━━━━━━━━━━┳━━━━━━━┓
┃ Metric                    ┃ Value ┃
┡━━━━━━━━━━━━━━━━━━━━━━━━━━━╇━━━━━━━┩
│ train/skipped_empty_batch │ 1     │
└───────────────────────────┴───────┘
tinker_cookbook.checkpoint_utils:461 [INFO] Saved checkpoints: {'sampler_path': 'tinker://618ce851-0ef3-57f2-b344-1d9131b03816:train:0/sampler_weights/sweep-kl-coef_llama-rlct-kl0.1_step64'}
tinker_cookbook.utils.ml_log:192 [INFO] Wrote metrics to logs/sweep-kl-coef/llama-rlct-kl0.1/metrics.jsonl
tinker_cookbook.utils.ml_log:265 [INFO] 
                                    Step 64                                     
┏━━━━━━━━━━━━━━━━━━━━━━┳━━━━━━━━━━━━━━━━━━━━━━━━━━━━━━━━━━━━━━━━━━━━━━━━━━━━━━━┓
┃ Metric               ┃ Value                                                 ┃
┡━━━━━━━━━━━━━━━━━━━━━━╇━━━━━━━━━━━━━━━━━━━━━━━━━━━━━━━━━━━━━━━━━━━━━━━━━━━━━━━┩
│ checkpoint           │ tinker://618ce851-0ef3-57f2-b344-1d9131b03816:train:… │
└──────────────────────┴───────────────────────────────────────────────────────┘
tinker_cookbook.utils.ml_log:192 [INFO] Wrote metrics to logs/sweep-kl-coef/llama-rlct-kl0.1/metrics.jsonl
tinker_cookbook.utils.ml_log:265 [INFO] 
                         Step 65                         
┏━━━━━━━━━━━━━━━━━━━━━━━━━━━━━━━━━━━━━━━┳━━━━━━━━━━━━━━━┓
┃ Metric                                ┃ Value         ┃
┡━━━━━━━━━━━━━━━━━━━━━━━━━━━━━━━━━━━━━━━╇━━━━━━━━━━━━━━━┩
│ optim/entropy                         │ 0.503143      │
│ optim/kl_sample_train_v1              │ 0.000552      │
│ optim/kl_sample_train_v2              │ 0.000374      │
│ train/advantage_abs_mean              │ 0.484123      │
│ train/anchor_reward_mean              │ 0.000000      │
│ train/anchor_reward_std               │ 0.000000      │
│ train/avg_response_length             │ 306.625000    │
│ train/consistency_gap_1               │ 0.015625      │
│ train/consistency_reward_mean         │ -0.000732     │
│ train/consistency_reward_std          │ 0.003782      │
│ train/epoch                           │ 0             │
│ train/kl_policy_base                  │ 0.039187      │
│ train/n_anchor_rollouts               │ 0             │
│ train/n_consistency_rollouts          │ 16            │
│ train/n_ref_parsed                    │ 64            │
│ train/n_training_parsed               │ 64            │
│ train/p_hat_1                         │ 0.015625      │
│ train/p_ref                           │ 0.000000      │
│ train/parse_rate                      │ 1.000000      │
│ train/rate_var                        │ 0.000061      │
│ train/reward_pert1_trait0_count       │ 15            │
│ train/reward_pert1_trait0_mean        │ 0.000244      │
│ train/reward_pert1_trait1_count       │ 1             │
│ train/reward_pert1_trait1_mean        │ -0.015381     │
│ train/train/clock_cycle:unique        │ 129328.000000 │
│ train/train/loss:sum                  │ 310.445900    │
│ train/train/ppo_clipped_fraction:mean │ 0.192803      │
│ train/train/ppo_kl_div:mean           │ 0.812437      │
│ train/train/ppo_mean_ratio:mean       │ 0.840129      │
└───────────────────────────────────────┴───────────────┘
tinker_cookbook.utils.ml_log:192 [INFO] Wrote metrics to logs/sweep-kl-coef/llama-rlct-kl0.1/metrics.jsonl
tinker_cookbook.utils.ml_log:265 [INFO] 
                         Step 66                         
┏━━━━━━━━━━━━━━━━━━━━━━━━━━━━━━━━━━━━━━━┳━━━━━━━━━━━━━━━┓
┃ Metric                                ┃ Value         ┃
┡━━━━━━━━━━━━━━━━━━━━━━━━━━━━━━━━━━━━━━━╇━━━━━━━━━━━━━━━┩
│ optim/entropy                         │ 0.513161      │
│ optim/kl_sample_train_v1              │ 0.000288      │
│ optim/kl_sample_train_v2              │ 0.000413      │
│ train/advantage_abs_mean              │ 0.661438      │
│ train/anchor_reward_mean              │ 0.000000      │
│ train/anchor_reward_std               │ 0.000000      │
│ train/avg_response_length             │ 368.625000    │
│ train/consistency_gap_1               │ 0.197619      │
│ train/consistency_reward_mean         │ -0.011528     │
│ train/consistency_reward_std          │ 0.065356      │
│ train/epoch                           │ 0             │
│ train/kl_policy_base                  │ 0.031798      │
│ train/n_anchor_rollouts               │ 0             │
│ train/n_consistency_rollouts          │ 16            │
│ train/n_ref_parsed                    │ 63            │
│ train/n_training_parsed               │ 60            │
│ train/p_hat_1                         │ 0.816667      │
│ train/p_ref                           │ 0.619048      │
│ train/parse_rate                      │ 0.960938      │
│ train/rate_var                        │ 0.009763      │
│ train/reward_pert1_trait0_count       │ 2             │
│ train/reward_pert1_trait0_mean        │ 0.161389      │
│ train/reward_pert1_trait1_count       │ 14            │
│ train/reward_pert1_trait1_mean        │ -0.036230     │
│ train/train/clock_cycle:unique        │ 129337.000000 │
│ train/train/loss:sum                  │ 515.662300    │
│ train/train/ppo_clipped_fraction:mean │ 0.172188      │
│ train/train/ppo_kl_div:mean           │ 0.720066      │
│ train/train/ppo_mean_ratio:mean       │ 0.857437      │
└───────────────────────────────────────┴───────────────┘
tinker_cookbook.utils.ml_log:192 [INFO] Wrote metrics to logs/sweep-kl-coef/llama-rlct-kl0.1/metrics.jsonl
tinker_cookbook.utils.ml_log:265 [INFO] 
               Step 67               
┏━━━━━━━━━━━━━━━━━━━━━━━━━━━┳━━━━━━━┓
┃ Metric                    ┃ Value ┃
┡━━━━━━━━━━━━━━━━━━━━━━━━━━━╇━━━━━━━┩
│ train/skipped_empty_batch │ 1     │
└───────────────────────────┴───────┘
tinker_cookbook.utils.ml_log:192 [INFO] Wrote metrics to logs/sweep-kl-coef/llama-rlct-kl0.1/metrics.jsonl
tinker_cookbook.utils.ml_log:265 [INFO] 
                         Step 68                         
┏━━━━━━━━━━━━━━━━━━━━━━━━━━━━━━━━━━━━━━━┳━━━━━━━━━━━━━━━┓
┃ Metric                                ┃ Value         ┃
┡━━━━━━━━━━━━━━━━━━━━━━━━━━━━━━━━━━━━━━━╇━━━━━━━━━━━━━━━┩
│ optim/entropy                         │ 2.552806      │
│ optim/kl_sample_train_v1              │ -0.000090     │
│ optim/kl_sample_train_v2              │ 0.000405      │
│ train/advantage_abs_mean              │ 0.484123      │
│ train/anchor_reward_mean              │ 0.000000      │
│ train/anchor_reward_std               │ 0.000000      │
│ train/avg_response_length             │ 384.125000    │
│ train/consistency_gap_1               │ 0.016393      │
│ train/consistency_reward_mean         │ -0.000756     │
│ train/consistency_reward_std          │ 0.003968      │
│ train/epoch                           │ 0             │
│ train/kl_policy_base                  │ 0.021106      │
│ train/n_anchor_rollouts               │ 0             │
│ train/n_consistency_rollouts          │ 16            │
│ train/n_ref_parsed                    │ 59            │
│ train/n_training_parsed               │ 61            │
│ train/p_hat_1                         │ 0.016393      │
│ train/p_ref                           │ 0.000000      │
│ train/parse_rate                      │ 0.937500      │
│ train/rate_var                        │ 0.000067      │
│ train/reward_pert1_trait0_count       │ 15            │
│ train/reward_pert1_trait0_mean        │ 0.000269      │
│ train/reward_pert1_trait1_count       │ 1             │
│ train/reward_pert1_trait1_mean        │ -0.016125     │
│ train/train/clock_cycle:unique        │ 129394.000000 │
│ train/train/loss:sum                  │ 161.972214    │
│ train/train/ppo_clipped_fraction:mean │ 0.180750      │
│ train/train/ppo_kl_div:mean           │ 0.693074      │
│ train/train/ppo_mean_ratio:mean       │ 0.857073      │
└───────────────────────────────────────┴───────────────┘
tinker_cookbook.utils.ml_log:192 [INFO] Wrote metrics to logs/sweep-kl-coef/llama-rlct-kl0.1/metrics.jsonl
tinker_cookbook.utils.ml_log:265 [INFO] 
               Step 69               
┏━━━━━━━━━━━━━━━━━━━━━━━━━━━┳━━━━━━━┓
┃ Metric                    ┃ Value ┃
┡━━━━━━━━━━━━━━━━━━━━━━━━━━━╇━━━━━━━┩
│ train/skipped_empty_batch │ 1     │
└───────────────────────────┴───────┘
tinker_cookbook.utils.ml_log:192 [INFO] Wrote metrics to logs/sweep-kl-coef/llama-rlct-kl0.1/metrics.jsonl
tinker_cookbook.utils.ml_log:265 [INFO] 
               Step 70               
┏━━━━━━━━━━━━━━━━━━━━━━━━━━━┳━━━━━━━┓
┃ Metric                    ┃ Value ┃
┡━━━━━━━━━━━━━━━━━━━━━━━━━━━╇━━━━━━━┩
│ train/skipped_empty_batch │ 1     │
└───────────────────────────┴───────┘
tinker_cookbook.utils.ml_log:192 [INFO] Wrote metrics to logs/sweep-kl-coef/llama-rlct-kl0.1/metrics.jsonl
tinker_cookbook.utils.ml_log:265 [INFO] 
                         Step 71                         
┏━━━━━━━━━━━━━━━━━━━━━━━━━━━━━━━━━━━━━━━┳━━━━━━━━━━━━━━━┓
┃ Metric                                ┃ Value         ┃
┡━━━━━━━━━━━━━━━━━━━━━━━━━━━━━━━━━━━━━━━╇━━━━━━━━━━━━━━━┩
│ optim/entropy                         │ 0.750673      │
│ optim/kl_sample_train_v1              │ 0.000237      │
│ optim/kl_sample_train_v2              │ 0.000628      │
│ train/advantage_abs_mean              │ 0.484123      │
│ train/anchor_reward_mean              │ 0.000000      │
│ train/anchor_reward_std               │ 0.000000      │
│ train/avg_response_length             │ 278.187500    │
│ train/consistency_gap_1               │ -0.031002     │
│ train/consistency_reward_mean         │ 0.001446      │
│ train/consistency_reward_std          │ 0.007504      │
│ train/epoch                           │ 0             │
│ train/kl_policy_base                  │ 0.064002      │
│ train/n_anchor_rollouts               │ 0             │
│ train/n_consistency_rollouts          │ 16            │
│ train/n_ref_parsed                    │ 64            │
│ train/n_training_parsed               │ 63            │
│ train/p_hat_1                         │ 0.015873      │
│ train/p_ref                           │ 0.046875      │
│ train/parse_rate                      │ 0.992188      │
│ train/rate_var                        │ 0.000240      │
│ train/reward_pert1_trait0_count       │ 15            │
│ train/reward_pert1_trait0_mean        │ -0.000492     │
│ train/reward_pert1_trait1_count       │ 1             │
│ train/reward_pert1_trait1_mean        │ 0.030510      │
│ train/train/clock_cycle:unique        │ 129442.000000 │
│ train/train/loss:sum                  │ -668.485931   │
│ train/train/ppo_clipped_fraction:mean │ 0.295153      │
│ train/train/ppo_kl_div:mean           │ 1.212580      │
│ train/train/ppo_mean_ratio:mean       │ 0.751728      │
└───────────────────────────────────────┴───────────────┘
tinker_cookbook.utils.ml_log:192 [INFO] Wrote metrics to logs/sweep-kl-coef/llama-rlct-kl0.1/metrics.jsonl
tinker_cookbook.utils.ml_log:265 [INFO] 
               Step 72               
┏━━━━━━━━━━━━━━━━━━━━━━━━━━━┳━━━━━━━┓
┃ Metric                    ┃ Value ┃
┡━━━━━━━━━━━━━━━━━━━━━━━━━━━╇━━━━━━━┩
│ train/skipped_empty_batch │ 1     │
└───────────────────────────┴───────┘
tinker_cookbook.utils.ml_log:192 [INFO] Wrote metrics to logs/sweep-kl-coef/llama-rlct-kl0.1/metrics.jsonl
tinker_cookbook.utils.ml_log:265 [INFO] 
                         Step 73                         
┏━━━━━━━━━━━━━━━━━━━━━━━━━━━━━━━━━━━━━━━┳━━━━━━━━━━━━━━━┓
┃ Metric                                ┃ Value         ┃
┡━━━━━━━━━━━━━━━━━━━━━━━━━━━━━━━━━━━━━━━╇━━━━━━━━━━━━━━━┩
│ optim/entropy                         │ 0.729797      │
│ optim/kl_sample_train_v1              │ 0.000196      │
│ optim/kl_sample_train_v2              │ 0.000553      │
│ train/advantage_abs_mean              │ 0.780625      │
│ train/anchor_reward_mean              │ 0.000000      │
│ train/anchor_reward_std               │ 0.000000      │
│ train/avg_response_length             │ 294.062500    │
│ train/consistency_gap_1               │ -0.045606     │
│ train/consistency_reward_mean         │ 0.000885      │
│ train/consistency_reward_std          │ 0.017801      │
│ train/epoch                           │ 0             │
│ train/kl_policy_base                  │ 0.041421      │
│ train/n_anchor_rollouts               │ 0             │
│ train/n_consistency_rollouts          │ 16            │
│ train/n_ref_parsed                    │ 62            │
│ train/n_training_parsed               │ 58            │
│ train/p_hat_1                         │ 0.793103      │
│ train/p_ref                           │ 0.838710      │
│ train/parse_rate                      │ 0.937500      │
│ train/rate_var                        │ 0.000520      │
│ train/reward_pert1_trait0_count       │ 3             │
│ train/reward_pert1_trait0_mean        │ -0.036170     │
│ train/reward_pert1_trait1_count       │ 13            │
│ train/reward_pert1_trait1_mean        │ 0.009436      │
│ train/train/clock_cycle:unique        │ 129499.000000 │
│ train/train/loss:sum                  │ 320.260605    │
│ train/train/ppo_clipped_fraction:mean │ 0.302323      │
│ train/train/ppo_kl_div:mean           │ 1.246464      │
│ train/train/ppo_mean_ratio:mean       │ 0.747356      │
└───────────────────────────────────────┴───────────────┘
tinker_cookbook.utils.ml_log:192 [INFO] Wrote metrics to logs/sweep-kl-coef/llama-rlct-kl0.1/metrics.jsonl
tinker_cookbook.utils.ml_log:265 [INFO] 
               Step 74               
┏━━━━━━━━━━━━━━━━━━━━━━━━━━━┳━━━━━━━┓
┃ Metric                    ┃ Value ┃
┡━━━━━━━━━━━━━━━━━━━━━━━━━━━╇━━━━━━━┩
│ train/skipped_empty_batch │ 1     │
└───────────────────────────┴───────┘
tinker_cookbook.utils.ml_log:192 [INFO] Wrote metrics to logs/sweep-kl-coef/llama-rlct-kl0.1/metrics.jsonl
tinker_cookbook.utils.ml_log:265 [INFO] 
                         Step 75                         
┏━━━━━━━━━━━━━━━━━━━━━━━━━━━━━━━━━━━━━━━┳━━━━━━━━━━━━━━━┓
┃ Metric                                ┃ Value         ┃
┡━━━━━━━━━━━━━━━━━━━━━━━━━━━━━━━━━━━━━━━╇━━━━━━━━━━━━━━━┩
│ optim/entropy                         │ 0.422791      │
│ optim/kl_sample_train_v1              │ 0.000205      │
│ optim/kl_sample_train_v2              │ 0.000371      │
│ train/advantage_abs_mean              │ 1.000000      │
│ train/anchor_reward_mean              │ 0.000000      │
│ train/anchor_reward_std               │ 0.000000      │
│ train/avg_response_length             │ 472.312500    │
│ train/consistency_gap_1               │ 0.109091      │
│ train/consistency_reward_mean         │ -0.016860     │
│ train/consistency_reward_std          │ 0.054545      │
│ train/epoch                           │ 0             │
│ train/kl_policy_base                  │ 0.021143      │
│ train/n_anchor_rollouts               │ 0             │
│ train/n_consistency_rollouts          │ 16            │
│ train/n_ref_parsed                    │ 55            │
│ train/n_training_parsed               │ 55            │
│ train/p_hat_1                         │ 0.345455      │
│ train/p_ref                           │ 0.236364      │
│ train/parse_rate                      │ 0.859375      │
│ train/rate_var                        │ 0.002975      │
│ train/reward_pert1_trait0_count       │ 8             │
│ train/reward_pert1_trait0_mean        │ 0.037686      │
│ train/reward_pert1_trait1_count       │ 8             │
│ train/reward_pert1_trait1_mean        │ -0.071405     │
│ train/train/clock_cycle:unique        │ 129556.000000 │
│ train/train/loss:sum                  │ 297.415550    │
│ train/train/ppo_clipped_fraction:mean │ 0.149052      │
│ train/train/ppo_kl_div:mean           │ 0.533257      │
│ train/train/ppo_mean_ratio:mean       │ 0.876812      │
└───────────────────────────────────────┴───────────────┘
tinker_cookbook.utils.ml_log:192 [INFO] Wrote metrics to logs/sweep-kl-coef/llama-rlct-kl0.1/metrics.jsonl
tinker_cookbook.utils.ml_log:265 [INFO] 
               Step 76               
┏━━━━━━━━━━━━━━━━━━━━━━━━━━━┳━━━━━━━┓
┃ Metric                    ┃ Value ┃
┡━━━━━━━━━━━━━━━━━━━━━━━━━━━╇━━━━━━━┩
│ train/skipped_empty_batch │ 1     │
└───────────────────────────┴───────┘
tinker_cookbook.utils.ml_log:192 [INFO] Wrote metrics to logs/sweep-kl-coef/llama-rlct-kl0.1/metrics.jsonl
tinker_cookbook.utils.ml_log:265 [INFO] 
               Step 77               
┏━━━━━━━━━━━━━━━━━━━━━━━━━━━┳━━━━━━━┓
┃ Metric                    ┃ Value ┃
┡━━━━━━━━━━━━━━━━━━━━━━━━━━━╇━━━━━━━┩
│ train/skipped_empty_batch │ 1     │
└───────────────────────────┴───────┘
tinker_cookbook.utils.ml_log:192 [INFO] Wrote metrics to logs/sweep-kl-coef/llama-rlct-kl0.1/metrics.jsonl
tinker_cookbook.utils.ml_log:265 [INFO] 
                         Step 78                         
┏━━━━━━━━━━━━━━━━━━━━━━━━━━━━━━━━━━━━━━━┳━━━━━━━━━━━━━━━┓
┃ Metric                                ┃ Value         ┃
┡━━━━━━━━━━━━━━━━━━━━━━━━━━━━━━━━━━━━━━━╇━━━━━━━━━━━━━━━┩
│ optim/entropy                         │ 1.247213      │
│ optim/kl_sample_train_v1              │ 0.000466      │
│ optim/kl_sample_train_v2              │ 0.000794      │
│ train/advantage_abs_mean              │ 1.000000      │
│ train/anchor_reward_mean              │ 0.000000      │
│ train/anchor_reward_std               │ 0.000000      │
│ train/avg_response_length             │ 336.812500    │
│ train/consistency_gap_1               │ 0.264815      │
│ train/consistency_reward_mean         │ -0.004904     │
│ train/consistency_reward_std          │ 0.132407      │
│ train/epoch                           │ 0             │
│ train/kl_policy_base                  │ 0.039860      │
│ train/n_anchor_rollouts               │ 0             │
│ train/n_consistency_rollouts          │ 16            │
│ train/n_ref_parsed                    │ 60            │
│ train/n_training_parsed               │ 27            │
│ train/p_hat_1                         │ 0.481481      │
│ train/p_ref                           │ 0.216667      │
│ train/parse_rate                      │ 0.679688      │
│ train/rate_var                        │ 0.017532      │
│ train/reward_pert1_trait0_count       │ 8             │
│ train/reward_pert1_trait0_mean        │ 0.127503      │
│ train/reward_pert1_trait1_count       │ 8             │
│ train/reward_pert1_trait1_mean        │ -0.137311     │
│ train/train/clock_cycle:unique        │ 129642.000000 │
│ train/train/loss:sum                  │ 90.061188     │
│ train/train/ppo_clipped_fraction:mean │ 0.379559      │
│ train/train/ppo_kl_div:mean           │ 1.168579      │
│ train/train/ppo_mean_ratio:mean       │ 0.696923      │
└───────────────────────────────────────┴───────────────┘
tinker_cookbook.utils.ml_log:192 [INFO] Wrote metrics to logs/sweep-kl-coef/llama-rlct-kl0.1/metrics.jsonl
tinker_cookbook.utils.ml_log:265 [INFO] 
                         Step 79                         
┏━━━━━━━━━━━━━━━━━━━━━━━━━━━━━━━━━━━━━━━┳━━━━━━━━━━━━━━━┓
┃ Metric                                ┃ Value         ┃
┡━━━━━━━━━━━━━━━━━━━━━━━━━━━━━━━━━━━━━━━╇━━━━━━━━━━━━━━━┩
│ optim/entropy                         │ 2.665158      │
│ optim/kl_sample_train_v1              │ -0.000106     │
│ optim/kl_sample_train_v2              │ 0.000522      │
│ train/advantage_abs_mean              │ 0.780625      │
│ train/anchor_reward_mean              │ 0.000000      │
│ train/anchor_reward_std               │ 0.000000      │
│ train/avg_response_length             │ 383.125000    │
│ train/consistency_gap_1               │ 0.080601      │
│ train/consistency_reward_mean         │ -0.001899     │
│ train/consistency_reward_std          │ 0.031460      │
│ train/epoch                           │ 0             │
│ train/kl_policy_base                  │ 0.027391      │
│ train/n_anchor_rollouts               │ 0             │
│ train/n_consistency_rollouts          │ 16            │
│ train/n_ref_parsed                    │ 60            │
│ train/n_training_parsed               │ 61            │
│ train/p_hat_1                         │ 0.163934      │
│ train/p_ref                           │ 0.083333      │
│ train/parse_rate                      │ 0.945312      │
│ train/rate_var                        │ 0.001624      │
│ train/reward_pert1_trait0_count       │ 13            │
│ train/reward_pert1_trait0_mean        │ 0.013213      │
│ train/reward_pert1_trait1_count       │ 3             │
│ train/reward_pert1_trait1_mean        │ -0.067388     │
│ train/train/clock_cycle:unique        │ 129722.000000 │
│ train/train/loss:sum                  │ -714.000595   │
│ train/train/ppo_clipped_fraction:mean │ 0.207571      │
│ train/train/ppo_kl_div:mean           │ 0.804465      │
│ train/train/ppo_mean_ratio:mean       │ 0.829279      │
└───────────────────────────────────────┴───────────────┘
tinker_cookbook.utils.ml_log:192 [INFO] Wrote metrics to logs/sweep-kl-coef/llama-rlct-kl0.1/metrics.jsonl
tinker_cookbook.utils.ml_log:265 [INFO] 
                         Step 80                         
┏━━━━━━━━━━━━━━━━━━━━━━━━━━━━━━━━━━━━━━━┳━━━━━━━━━━━━━━━┓
┃ Metric                                ┃ Value         ┃
┡━━━━━━━━━━━━━━━━━━━━━━━━━━━━━━━━━━━━━━━╇━━━━━━━━━━━━━━━┩
│ optim/entropy                         │ 3.925981      │
│ optim/kl_sample_train_v1              │ 0.000286      │
│ optim/kl_sample_train_v2              │ 0.000690      │
│ train/advantage_abs_mean              │ 0.927025      │
│ train/anchor_reward_mean              │ 0.000000      │
│ train/anchor_reward_std               │ 0.000000      │
│ train/avg_response_length             │ 1191.312500   │
│ train/consistency_gap_1               │ 0.192657      │
│ train/consistency_reward_mean         │ 0.002846      │
│ train/consistency_reward_std          │ 0.089299      │
│ train/epoch                           │ 0             │
│ train/kl_policy_base                  │ 0.021829      │
│ train/n_anchor_rollouts               │ 0             │
│ train/n_consistency_rollouts          │ 16            │
│ train/n_ref_parsed                    │ 52            │
│ train/n_training_parsed               │ 55            │
│ train/p_hat_1                         │ 0.327273      │
│ train/p_ref                           │ 0.134615      │
│ train/parse_rate                      │ 0.835938      │
│ train/rate_var                        │ 0.009279      │
│ train/reward_pert1_trait0_count       │ 11            │
│ train/reward_pert1_trait0_mean        │ 0.063051      │
│ train/reward_pert1_trait1_count       │ 5             │
│ train/reward_pert1_trait1_mean        │ -0.129606     │
│ train/train/clock_cycle:unique        │ 129775.000000 │
│ train/train/loss:sum                  │ -7503.934448  │
│ train/train/ppo_clipped_fraction:mean │ 0.081590      │
│ train/train/ppo_kl_div:mean           │ 0.261696      │
│ train/train/ppo_mean_ratio:mean       │ 0.938163      │
└───────────────────────────────────────┴───────────────┘
tinker_cookbook.utils.ml_log:192 [INFO] Wrote metrics to logs/sweep-kl-coef/llama-rlct-kl0.1/metrics.jsonl
tinker_cookbook.utils.ml_log:265 [INFO] 
                         Step 81                         
┏━━━━━━━━━━━━━━━━━━━━━━━━━━━━━━━━━━━━━━━┳━━━━━━━━━━━━━━━┓
┃ Metric                                ┃ Value         ┃
┡━━━━━━━━━━━━━━━━━━━━━━━━━━━━━━━━━━━━━━━╇━━━━━━━━━━━━━━━┩
│ optim/entropy                         │ 1.447264      │
│ optim/kl_sample_train_v1              │ 0.000762      │
│ optim/kl_sample_train_v2              │ 0.000627      │
│ train/advantage_abs_mean              │ 0.661438      │
│ train/anchor_reward_mean              │ 0.000000      │
│ train/anchor_reward_std               │ 0.000000      │
│ train/avg_response_length             │ 340.750000    │
│ train/consistency_gap_1               │ 0.055195      │
│ train/consistency_reward_mean         │ -0.001882     │
│ train/consistency_reward_std          │ 0.018254      │
│ train/epoch                           │ 0             │
│ train/kl_policy_base                  │ 0.061207      │
│ train/n_anchor_rollouts               │ 0             │
│ train/n_consistency_rollouts          │ 16            │
│ train/n_ref_parsed                    │ 56            │
│ train/n_training_parsed               │ 55            │
│ train/p_hat_1                         │ 0.090909      │
│ train/p_ref                           │ 0.035714      │
│ train/parse_rate                      │ 0.867188      │
│ train/rate_var                        │ 0.000762      │
│ train/reward_pert1_trait0_count       │ 14            │
│ train/reward_pert1_trait0_mean        │ 0.005018      │
│ train/reward_pert1_trait1_count       │ 2             │
│ train/reward_pert1_trait1_mean        │ -0.050177     │
│ train/train/clock_cycle:unique        │ 129920.000000 │
│ train/train/loss:sum                  │ 129.340416    │
│ train/train/ppo_clipped_fraction:mean │ 0.201393      │
│ train/train/ppo_kl_div:mean           │ 0.846351      │
│ train/train/ppo_mean_ratio:mean       │ 0.827442      │
└───────────────────────────────────────┴───────────────┘
tinker_cookbook.utils.ml_log:192 [INFO] Wrote metrics to logs/sweep-kl-coef/llama-rlct-kl0.1/metrics.jsonl
tinker_cookbook.utils.ml_log:265 [INFO] 
               Step 82               
┏━━━━━━━━━━━━━━━━━━━━━━━━━━━┳━━━━━━━┓
┃ Metric                    ┃ Value ┃
┡━━━━━━━━━━━━━━━━━━━━━━━━━━━╇━━━━━━━┩
│ train/skipped_empty_batch │ 1     │
└───────────────────────────┴───────┘
tinker_cookbook.utils.ml_log:192 [INFO] Wrote metrics to logs/sweep-kl-coef/llama-rlct-kl0.1/metrics.jsonl
tinker_cookbook.utils.ml_log:265 [INFO] 
               Step 83               
┏━━━━━━━━━━━━━━━━━━━━━━━━━━━┳━━━━━━━┓
┃ Metric                    ┃ Value ┃
┡━━━━━━━━━━━━━━━━━━━━━━━━━━━╇━━━━━━━┩
│ train/skipped_empty_batch │ 1     │
└───────────────────────────┴───────┘
tinker_cookbook.utils.ml_log:192 [INFO] Wrote metrics to logs/sweep-kl-coef/llama-rlct-kl0.1/metrics.jsonl
tinker_cookbook.utils.ml_log:265 [INFO] 
                         Step 84                         
┏━━━━━━━━━━━━━━━━━━━━━━━━━━━━━━━━━━━━━━━┳━━━━━━━━━━━━━━━┓
┃ Metric                                ┃ Value         ┃
┡━━━━━━━━━━━━━━━━━━━━━━━━━━━━━━━━━━━━━━━╇━━━━━━━━━━━━━━━┩
│ optim/entropy                         │ 1.772353      │
│ optim/kl_sample_train_v1              │ 0.000841      │
│ optim/kl_sample_train_v2              │ 0.000697      │
│ train/advantage_abs_mean              │ 0.484123      │
│ train/anchor_reward_mean              │ 0.000000      │
│ train/anchor_reward_std               │ 0.000000      │
│ train/avg_response_length             │ 457.187500    │
│ train/consistency_gap_1               │ -0.013609     │
│ train/consistency_reward_mean         │ -0.000027     │
│ train/consistency_reward_std          │ 0.003294      │
│ train/epoch                           │ 0             │
│ train/kl_policy_base                  │ 0.072108      │
│ train/n_anchor_rollouts               │ 0             │
│ train/n_consistency_rollouts          │ 16            │
│ train/n_ref_parsed                    │ 64            │
│ train/n_training_parsed               │ 62            │
│ train/p_hat_1                         │ 0.064516      │
│ train/p_ref                           │ 0.078125      │
│ train/parse_rate                      │ 0.984375      │
│ train/rate_var                        │ 0.000046      │
│ train/reward_pert1_trait0_count       │ 15            │
│ train/reward_pert1_trait0_mean        │ -0.000878     │
│ train/reward_pert1_trait1_count       │ 1             │
│ train/reward_pert1_trait1_mean        │ 0.012731      │
│ train/train/clock_cycle:unique        │ 130084.000000 │
│ train/train/loss:sum                  │ -149.151566   │
│ train/train/ppo_clipped_fraction:mean │ 0.196941      │
│ train/train/ppo_kl_div:mean           │ 0.739987      │
│ train/train/ppo_mean_ratio:mean       │ 0.837420      │
└───────────────────────────────────────┴───────────────┘
tinker_cookbook.utils.ml_log:192 [INFO] Wrote metrics to logs/sweep-kl-coef/llama-rlct-kl0.1/metrics.jsonl
tinker_cookbook.utils.ml_log:265 [INFO] 
                         Step 85                         
┏━━━━━━━━━━━━━━━━━━━━━━━━━━━━━━━━━━━━━━━┳━━━━━━━━━━━━━━━┓
┃ Metric                                ┃ Value         ┃
┡━━━━━━━━━━━━━━━━━━━━━━━━━━━━━━━━━━━━━━━╇━━━━━━━━━━━━━━━┩
│ optim/entropy                         │ 1.094996      │
│ optim/kl_sample_train_v1              │ 0.000871      │
│ optim/kl_sample_train_v2              │ 0.000672      │
│ train/advantage_abs_mean              │ 0.968246      │
│ train/anchor_reward_mean              │ 0.000000      │
│ train/anchor_reward_std               │ 0.000000      │
│ train/avg_response_length             │ 353.687500    │
│ train/consistency_gap_1               │ -0.170690     │
│ train/consistency_reward_mean         │ -0.000736     │
│ train/consistency_reward_std          │ 0.082635      │
│ train/epoch                           │ 0             │
│ train/kl_policy_base                  │ 0.054554      │
│ train/n_anchor_rollouts               │ 0             │
│ train/n_consistency_rollouts          │ 16            │
│ train/n_ref_parsed                    │ 60            │
│ train/n_training_parsed               │ 58            │
│ train/p_hat_1                         │ 0.379310      │
│ train/p_ref                           │ 0.550000      │
│ train/parse_rate                      │ 0.921875      │
│ train/rate_var                        │ 0.007284      │
│ train/reward_pert1_trait0_count       │ 10            │
│ train/reward_pert1_trait0_mean        │ -0.064744     │
│ train/reward_pert1_trait1_count       │ 6             │
│ train/reward_pert1_trait1_mean        │ 0.105945      │
│ train/train/clock_cycle:unique        │ 130125.000000 │
│ train/train/loss:sum                  │ 420.750294    │
│ train/train/ppo_clipped_fraction:mean │ 0.237441      │
│ train/train/ppo_kl_div:mean           │ 0.975983      │
│ train/train/ppo_mean_ratio:mean       │ 0.803156      │
└───────────────────────────────────────┴───────────────┘
tinker_cookbook.utils.ml_log:192 [INFO] Wrote metrics to logs/sweep-kl-coef/llama-rlct-kl0.1/metrics.jsonl
tinker_cookbook.utils.ml_log:265 [INFO] 
               Step 86               
┏━━━━━━━━━━━━━━━━━━━━━━━━━━━┳━━━━━━━┓
┃ Metric                    ┃ Value ┃
┡━━━━━━━━━━━━━━━━━━━━━━━━━━━╇━━━━━━━┩
│ train/skipped_empty_batch │ 1     │
└───────────────────────────┴───────┘
tinker_cookbook.utils.ml_log:192 [INFO] Wrote metrics to logs/sweep-kl-coef/llama-rlct-kl0.1/metrics.jsonl
tinker_cookbook.utils.ml_log:265 [INFO] 
                         Step 87                         
┏━━━━━━━━━━━━━━━━━━━━━━━━━━━━━━━━━━━━━━━┳━━━━━━━━━━━━━━━┓
┃ Metric                                ┃ Value         ┃
┡━━━━━━━━━━━━━━━━━━━━━━━━━━━━━━━━━━━━━━━╇━━━━━━━━━━━━━━━┩
│ optim/entropy                         │ 3.933639      │
│ optim/kl_sample_train_v1              │ 0.000850      │
│ optim/kl_sample_train_v2              │ 0.000490      │
│ train/advantage_abs_mean              │ 0.866025      │
│ train/anchor_reward_mean              │ 0.000000      │
│ train/anchor_reward_std               │ 0.000000      │
│ train/avg_response_length             │ 397.562500    │
│ train/consistency_gap_1               │ -0.054070     │
│ train/consistency_reward_mean         │ 0.004032      │
│ train/consistency_reward_std          │ 0.023413      │
│ train/epoch                           │ 0             │
│ train/kl_policy_base                  │ 0.047731      │
│ train/n_anchor_rollouts               │ 0             │
│ train/n_consistency_rollouts          │ 16            │
│ train/n_ref_parsed                    │ 61            │
│ train/n_training_parsed               │ 57            │
│ train/p_hat_1                         │ 0.175439      │
│ train/p_ref                           │ 0.229508      │
│ train/parse_rate                      │ 0.921875      │
│ train/rate_var                        │ 0.000731      │
│ train/reward_pert1_trait0_count       │ 12            │
│ train/reward_pert1_trait0_mean        │ -0.009486     │
│ train/reward_pert1_trait1_count       │ 4             │
│ train/reward_pert1_trait1_mean        │ 0.044584      │
│ train/train/clock_cycle:unique        │ 130301.000000 │
│ train/train/loss:sum                  │ -4015.674347  │
│ train/train/ppo_clipped_fraction:mean │ 0.171505      │
│ train/train/ppo_kl_div:mean           │ 0.748095      │
│ train/train/ppo_mean_ratio:mean       │ 0.851456      │
└───────────────────────────────────────┴───────────────┘
tinker_cookbook.utils.ml_log:192 [INFO] Wrote metrics to logs/sweep-kl-coef/llama-rlct-kl0.1/metrics.jsonl
tinker_cookbook.utils.ml_log:265 [INFO] 
               Step 88               
┏━━━━━━━━━━━━━━━━━━━━━━━━━━━┳━━━━━━━┓
┃ Metric                    ┃ Value ┃
┡━━━━━━━━━━━━━━━━━━━━━━━━━━━╇━━━━━━━┩
│ train/skipped_empty_batch │ 1     │
└───────────────────────────┴───────┘
tinker_cookbook.utils.ml_log:192 [INFO] Wrote metrics to logs/sweep-kl-coef/llama-rlct-kl0.1/metrics.jsonl
tinker_cookbook.utils.ml_log:265 [INFO] 
                         Step 89                         
┏━━━━━━━━━━━━━━━━━━━━━━━━━━━━━━━━━━━━━━━┳━━━━━━━━━━━━━━━┓
┃ Metric                                ┃ Value         ┃
┡━━━━━━━━━━━━━━━━━━━━━━━━━━━━━━━━━━━━━━━╇━━━━━━━━━━━━━━━┩
│ optim/entropy                         │ 3.791811      │
│ optim/kl_sample_train_v1              │ 0.000796      │
│ optim/kl_sample_train_v2              │ 0.000527      │
│ train/advantage_abs_mean              │ 0.484123      │
│ train/anchor_reward_mean              │ 0.000000      │
│ train/anchor_reward_std               │ 0.000000      │
│ train/avg_response_length             │ 474.875000    │
│ train/consistency_gap_1               │ -0.032258     │
│ train/consistency_reward_mean         │ -0.000976     │
│ train/consistency_reward_std          │ 0.007808      │
│ train/epoch                           │ 0             │
│ train/kl_policy_base                  │ 0.041365      │
│ train/n_anchor_rollouts               │ 0             │
│ train/n_consistency_rollouts          │ 16            │
│ train/n_ref_parsed                    │ 61            │
│ train/n_training_parsed               │ 62            │
│ train/p_hat_1                         │ 0.967742      │
│ train/p_ref                           │ 1.000000      │
│ train/parse_rate                      │ 0.960938      │
│ train/rate_var                        │ 0.000260      │
│ train/reward_pert1_trait0_count       │ 1             │
│ train/reward_pert1_trait0_mean        │ -0.031217     │
│ train/reward_pert1_trait1_count       │ 15            │
│ train/reward_pert1_trait1_mean        │ 0.001041      │
│ train/train/clock_cycle:unique        │ 130479.000000 │
│ train/train/loss:sum                  │ -1317.578247  │
│ train/train/ppo_clipped_fraction:mean │ 0.131673      │
│ train/train/ppo_kl_div:mean           │ 0.592002      │
│ train/train/ppo_mean_ratio:mean       │ 0.882729      │
└───────────────────────────────────────┴───────────────┘
tinker_cookbook.utils.ml_log:192 [INFO] Wrote metrics to logs/sweep-kl-coef/llama-rlct-kl0.1/metrics.jsonl
tinker_cookbook.utils.ml_log:265 [INFO] 
                         Step 90                         
┏━━━━━━━━━━━━━━━━━━━━━━━━━━━━━━━━━━━━━━━┳━━━━━━━━━━━━━━━┓
┃ Metric                                ┃ Value         ┃
┡━━━━━━━━━━━━━━━━━━━━━━━━━━━━━━━━━━━━━━━╇━━━━━━━━━━━━━━━┩
│ optim/entropy                         │ 3.451528      │
│ optim/kl_sample_train_v1              │ 0.000501      │
│ optim/kl_sample_train_v2              │ 0.000533      │
│ train/advantage_abs_mean              │ 0.992157      │
│ train/anchor_reward_mean              │ 0.000000      │
│ train/anchor_reward_std               │ 0.000000      │
│ train/avg_response_length             │ 352.812500    │
│ train/consistency_gap_1               │ 0.009977      │
│ train/consistency_reward_mean         │ 0.000596      │
│ train/consistency_reward_std          │ 0.004950      │
│ train/epoch                           │ 0             │
│ train/kl_policy_base                  │ 0.069521      │
│ train/n_anchor_rollouts               │ 0             │
│ train/n_consistency_rollouts          │ 16            │
│ train/n_ref_parsed                    │ 49            │
│ train/n_training_parsed               │ 45            │
│ train/p_hat_1                         │ 0.622222      │
│ train/p_ref                           │ 0.612245      │
│ train/parse_rate                      │ 0.734375      │
│ train/rate_var                        │ 0.000025      │
│ train/reward_pert1_trait0_count       │ 7             │
│ train/reward_pert1_trait0_mean        │ 0.006208      │
│ train/reward_pert1_trait1_count       │ 9             │
│ train/reward_pert1_trait1_mean        │ -0.003769     │
│ train/train/clock_cycle:unique        │ 130542.000000 │
│ train/train/loss:sum                  │ -1535.966774  │
│ train/train/ppo_clipped_fraction:mean │ 0.224359      │
│ train/train/ppo_kl_div:mean           │ 0.910949      │
│ train/train/ppo_mean_ratio:mean       │ 0.811389      │
└───────────────────────────────────────┴───────────────┘
tinker_cookbook.utils.ml_log:192 [INFO] Wrote metrics to logs/sweep-kl-coef/llama-rlct-kl0.1/metrics.jsonl
tinker_cookbook.utils.ml_log:265 [INFO] 
                         Step 91                         
┏━━━━━━━━━━━━━━━━━━━━━━━━━━━━━━━━━━━━━━━┳━━━━━━━━━━━━━━━┓
┃ Metric                                ┃ Value         ┃
┡━━━━━━━━━━━━━━━━━━━━━━━━━━━━━━━━━━━━━━━╇━━━━━━━━━━━━━━━┩
│ optim/entropy                         │ 6.704276      │
│ optim/kl_sample_train_v1              │ 0.000856      │
│ optim/kl_sample_train_v2              │ 0.000478      │
│ train/advantage_abs_mean              │ 0.992157      │
│ train/anchor_reward_mean              │ 0.000000      │
│ train/anchor_reward_std               │ 0.000000      │
│ train/avg_response_length             │ 1219.375000   │
│ train/consistency_gap_1               │ 0.172143      │
│ train/consistency_reward_mean         │ 0.000430      │
│ train/consistency_reward_std          │ 0.085396      │
│ train/epoch                           │ 0             │
│ train/kl_policy_base                  │ 0.030091      │
│ train/n_anchor_rollouts               │ 0             │
│ train/n_consistency_rollouts          │ 16            │
│ train/n_ref_parsed                    │ 56            │
│ train/n_training_parsed               │ 50            │
│ train/p_hat_1                         │ 0.440000      │
│ train/p_ref                           │ 0.267857      │
│ train/parse_rate                      │ 0.828125      │
│ train/rate_var                        │ 0.007408      │
│ train/reward_pert1_trait0_count       │ 9             │
│ train/reward_pert1_trait0_mean        │ 0.075743      │
│ train/reward_pert1_trait1_count       │ 7             │
│ train/reward_pert1_trait1_mean        │ -0.096400     │
│ train/train/clock_cycle:unique        │ 130667.000000 │
│ train/train/loss:sum                  │ 4664.632324   │
│ train/train/ppo_clipped_fraction:mean │ 0.093487      │
│ train/train/ppo_kl_div:mean           │ 0.332615      │
│ train/train/ppo_mean_ratio:mean       │ 0.924531      │
└───────────────────────────────────────┴───────────────┘
tinker_cookbook.utils.ml_log:192 [INFO] Wrote metrics to logs/sweep-kl-coef/llama-rlct-kl0.1/metrics.jsonl
tinker_cookbook.utils.ml_log:265 [INFO] 
                         Step 92                         
┏━━━━━━━━━━━━━━━━━━━━━━━━━━━━━━━━━━━━━━━┳━━━━━━━━━━━━━━━┓
┃ Metric                                ┃ Value         ┃
┡━━━━━━━━━━━━━━━━━━━━━━━━━━━━━━━━━━━━━━━╇━━━━━━━━━━━━━━━┩
│ optim/entropy                         │ 3.977731      │
│ optim/kl_sample_train_v1              │ 0.000267      │
│ optim/kl_sample_train_v2              │ 0.000457      │
│ train/advantage_abs_mean              │ 0.661438      │
│ train/anchor_reward_mean              │ 0.000000      │
│ train/anchor_reward_std               │ 0.000000      │
│ train/avg_response_length             │ 503.187500    │
│ train/consistency_gap_1               │ 0.130385      │
│ train/consistency_reward_mean         │ 0.036920      │
│ train/consistency_reward_std          │ 0.043121      │
│ train/epoch                           │ 0             │
│ train/kl_policy_base                  │ 0.042543      │
│ train/n_anchor_rollouts               │ 0             │
│ train/n_consistency_rollouts          │ 16            │
│ train/n_ref_parsed                    │ 54            │
│ train/n_training_parsed               │ 49            │
│ train/p_hat_1                         │ 0.408163      │
│ train/p_ref                           │ 0.277778      │
│ train/parse_rate                      │ 0.804688      │
│ train/rate_var                        │ 0.004250      │
│ train/reward_pert1_trait0_count       │ 14            │
│ train/reward_pert1_trait0_mean        │ 0.053219      │
│ train/reward_pert1_trait1_count       │ 2             │
│ train/reward_pert1_trait1_mean        │ -0.077167     │
│ train/train/clock_cycle:unique        │ 130792.000000 │
│ train/train/loss:sum                  │ -975.068993   │
│ train/train/ppo_clipped_fraction:mean │ 0.216139      │
│ train/train/ppo_kl_div:mean           │ 0.876827      │
│ train/train/ppo_mean_ratio:mean       │ 0.812666      │
└───────────────────────────────────────┴───────────────┘
tinker_cookbook.utils.ml_log:192 [INFO] Wrote metrics to logs/sweep-kl-coef/llama-rlct-kl0.1/metrics.jsonl
tinker_cookbook.utils.ml_log:265 [INFO] 
               Step 93               
┏━━━━━━━━━━━━━━━━━━━━━━━━━━━┳━━━━━━━┓
┃ Metric                    ┃ Value ┃
┡━━━━━━━━━━━━━━━━━━━━━━━━━━━╇━━━━━━━┩
│ train/skipped_empty_batch │ 1     │
└───────────────────────────┴───────┘
tinker_cookbook.utils.ml_log:192 [INFO] Wrote metrics to logs/sweep-kl-coef/llama-rlct-kl0.1/metrics.jsonl
tinker_cookbook.utils.ml_log:265 [INFO] 
               Step 94               
┏━━━━━━━━━━━━━━━━━━━━━━━━━━━┳━━━━━━━┓
┃ Metric                    ┃ Value ┃
┡━━━━━━━━━━━━━━━━━━━━━━━━━━━╇━━━━━━━┩
│ train/skipped_empty_batch │ 1     │
└───────────────────────────┴───────┘
tinker_cookbook.utils.ml_log:192 [INFO] Wrote metrics to logs/sweep-kl-coef/llama-rlct-kl0.1/metrics.jsonl
tinker_cookbook.utils.ml_log:265 [INFO] 
                         Step 95                         
┏━━━━━━━━━━━━━━━━━━━━━━━━━━━━━━━━━━━━━━━┳━━━━━━━━━━━━━━━┓
┃ Metric                                ┃ Value         ┃
┡━━━━━━━━━━━━━━━━━━━━━━━━━━━━━━━━━━━━━━━╇━━━━━━━━━━━━━━━┩
│ optim/entropy                         │ 4.387083      │
│ optim/kl_sample_train_v1              │ 0.000596      │
│ optim/kl_sample_train_v2              │ 0.000478      │
│ train/advantage_abs_mean              │ 0.780625      │
│ train/anchor_reward_mean              │ 0.000000      │
│ train/anchor_reward_std               │ 0.000000      │
│ train/avg_response_length             │ 686.437500    │
│ train/consistency_gap_1               │ 0.072055      │
│ train/consistency_reward_mean         │ -0.005790     │
│ train/consistency_reward_std          │ 0.028124      │
│ train/epoch                           │ 0             │
│ train/kl_policy_base                  │ 0.043833      │
│ train/n_anchor_rollouts               │ 0             │
│ train/n_consistency_rollouts          │ 16            │
│ train/n_ref_parsed                    │ 57            │
│ train/n_training_parsed               │ 56            │
│ train/p_hat_1                         │ 0.107143      │
│ train/p_ref                           │ 0.035088      │
│ train/parse_rate                      │ 0.882812      │
│ train/rate_var                        │ 0.001298      │
│ train/reward_pert1_trait0_count       │ 13            │
│ train/reward_pert1_trait0_mean        │ 0.007720      │
│ train/reward_pert1_trait1_count       │ 3             │
│ train/reward_pert1_trait1_mean        │ -0.064335     │
│ train/train/clock_cycle:unique        │ 131079.000000 │
│ train/train/loss:sum                  │ -1437.187378  │
│ train/train/ppo_clipped_fraction:mean │ 0.124935      │
│ train/train/ppo_kl_div:mean           │ 0.488171      │
│ train/train/ppo_mean_ratio:mean       │ 0.897142      │
└───────────────────────────────────────┴───────────────┘
tinker_cookbook.utils.ml_log:192 [INFO] Wrote metrics to logs/sweep-kl-coef/llama-rlct-kl0.1/metrics.jsonl
tinker_cookbook.utils.ml_log:265 [INFO] 
                         Step 96                         
┏━━━━━━━━━━━━━━━━━━━━━━━━━━━━━━━━━━━━━━━┳━━━━━━━━━━━━━━━┓
┃ Metric                                ┃ Value         ┃
┡━━━━━━━━━━━━━━━━━━━━━━━━━━━━━━━━━━━━━━━╇━━━━━━━━━━━━━━━┩
│ optim/entropy                         │ 4.332880      │
│ optim/kl_sample_train_v1              │ 0.000567      │
│ optim/kl_sample_train_v2              │ 0.000594      │
│ train/advantage_abs_mean              │ 0.661438      │
│ train/anchor_reward_mean              │ 0.000000      │
│ train/anchor_reward_std               │ 0.000000      │
│ train/avg_response_length             │ 686.125000    │
│ train/consistency_gap_1               │ 0.018589      │
│ train/consistency_reward_mean         │ -0.001378     │
│ train/consistency_reward_std          │ 0.006148      │
│ train/epoch                           │ 0             │
│ train/kl_policy_base                  │ 0.035229      │
│ train/n_anchor_rollouts               │ 0             │
│ train/n_consistency_rollouts          │ 16            │
│ train/n_ref_parsed                    │ 62            │
│ train/n_training_parsed               │ 59            │
│ train/p_hat_1                         │ 0.050847      │
│ train/p_ref                           │ 0.032258      │
│ train/parse_rate                      │ 0.945312      │
│ train/rate_var                        │ 0.000086      │
│ train/reward_pert1_trait0_count       │ 14            │
│ train/reward_pert1_trait0_mean        │ 0.000945      │
│ train/reward_pert1_trait1_count       │ 2             │
│ train/reward_pert1_trait1_mean        │ -0.017644     │
│ train/train/clock_cycle:unique        │ 131311.000000 │
│ train/train/loss:sum                  │ -1203.585205  │
│ train/train/ppo_clipped_fraction:mean │ 0.345154      │
│ train/train/ppo_kl_div:mean           │ 1.244191      │
│ train/train/ppo_mean_ratio:mean       │ 0.711242      │
└───────────────────────────────────────┴───────────────┘
tinker_cookbook.utils.ml_log:192 [INFO] Wrote metrics to logs/sweep-kl-coef/llama-rlct-kl0.1/metrics.jsonl
tinker_cookbook.utils.ml_log:265 [INFO] 
                         Step 97                         
┏━━━━━━━━━━━━━━━━━━━━━━━━━━━━━━━━━━━━━━━┳━━━━━━━━━━━━━━━┓
┃ Metric                                ┃ Value         ┃
┡━━━━━━━━━━━━━━━━━━━━━━━━━━━━━━━━━━━━━━━╇━━━━━━━━━━━━━━━┩
│ optim/entropy                         │ 6.480496      │
│ optim/kl_sample_train_v1              │ 0.000445      │
│ optim/kl_sample_train_v2              │ 0.000321      │
│ train/advantage_abs_mean              │ 0.968246      │
│ train/anchor_reward_mean              │ 0.000000      │
│ train/anchor_reward_std               │ 0.000000      │
│ train/avg_response_length             │ 612.500000    │
│ train/consistency_gap_1               │ 0.097980      │
│ train/consistency_reward_mean         │ 0.008239      │
│ train/consistency_reward_std          │ 0.047434      │
│ train/epoch                           │ 0             │
│ train/kl_policy_base                  │ 0.029847      │
│ train/n_anchor_rollouts               │ 0             │
│ train/n_consistency_rollouts          │ 16            │
│ train/n_ref_parsed                    │ 54            │
│ train/n_training_parsed               │ 55            │
│ train/p_hat_1                         │ 0.709091      │
│ train/p_ref                           │ 0.611111      │
│ train/parse_rate                      │ 0.851562      │
│ train/rate_var                        │ 0.002400      │
│ train/reward_pert1_trait0_count       │ 6             │
│ train/reward_pert1_trait0_mean        │ 0.069477      │
│ train/reward_pert1_trait1_count       │ 10            │
│ train/reward_pert1_trait1_mean        │ -0.028503     │
│ train/train/clock_cycle:unique        │ 131439.000000 │
│ train/train/loss:sum                  │ -1608.480896  │
│ train/train/ppo_clipped_fraction:mean │ 0.115194      │
│ train/train/ppo_kl_div:mean           │ 0.525262      │
│ train/train/ppo_mean_ratio:mean       │ 0.901196      │
└───────────────────────────────────────┴───────────────┘
tinker_cookbook.utils.ml_log:192 [INFO] Wrote metrics to logs/sweep-kl-coef/llama-rlct-kl0.1/metrics.jsonl
tinker_cookbook.utils.ml_log:265 [INFO] 
                         Step 98                         
┏━━━━━━━━━━━━━━━━━━━━━━━━━━━━━━━━━━━━━━━┳━━━━━━━━━━━━━━━┓
┃ Metric                                ┃ Value         ┃
┡━━━━━━━━━━━━━━━━━━━━━━━━━━━━━━━━━━━━━━━╇━━━━━━━━━━━━━━━┩
│ optim/entropy                         │ 1.091784      │
│ optim/kl_sample_train_v1              │ 0.000426      │
│ optim/kl_sample_train_v2              │ 0.000714      │
│ train/advantage_abs_mean              │ 0.780625      │
│ train/anchor_reward_mean              │ 0.000000      │
│ train/anchor_reward_std               │ 0.000000      │
│ train/avg_response_length             │ 320.125000    │
│ train/consistency_gap_1               │ 0.048864      │
│ train/consistency_reward_mean         │ 0.002388      │
│ train/consistency_reward_std          │ 0.019072      │
│ train/epoch                           │ 0             │
│ train/kl_policy_base                  │ 0.081669      │
│ train/n_anchor_rollouts               │ 0             │
│ train/n_consistency_rollouts          │ 16            │
│ train/n_ref_parsed                    │ 64            │
│ train/n_training_parsed               │ 55            │
│ train/p_hat_1                         │ 0.236364      │
│ train/p_ref                           │ 0.187500      │
│ train/parse_rate                      │ 0.929688      │
│ train/rate_var                        │ 0.000597      │
│ train/reward_pert1_trait0_count       │ 13            │
│ train/reward_pert1_trait0_mean        │ 0.011550      │
│ train/reward_pert1_trait1_count       │ 3             │
│ train/reward_pert1_trait1_mean        │ -0.037314     │
│ train/train/clock_cycle:unique        │ 131565.000000 │
│ train/train/loss:sum                  │ -120.435425   │
│ train/train/ppo_clipped_fraction:mean │ 0.263034      │
│ train/train/ppo_kl_div:mean           │ 1.007237      │
│ train/train/ppo_mean_ratio:mean       │ 0.779874      │
└───────────────────────────────────────┴───────────────┘
tinker_cookbook.utils.ml_log:192 [INFO] Wrote metrics to logs/sweep-kl-coef/llama-rlct-kl0.1/metrics.jsonl
tinker_cookbook.utils.ml_log:265 [INFO] 
               Step 99               
┏━━━━━━━━━━━━━━━━━━━━━━━━━━━┳━━━━━━━┓
┃ Metric                    ┃ Value ┃
┡━━━━━━━━━━━━━━━━━━━━━━━━━━━╇━━━━━━━┩
│ train/skipped_empty_batch │ 1     │
└───────────────────────────┴───────┘
tinker_cookbook.utils.ml_log:192 [INFO] Wrote metrics to logs/sweep-kl-coef/llama-rlct-kl0.1/metrics.jsonl
tinker_cookbook.utils.ml_log:265 [INFO] 
                        Step 100                         
┏━━━━━━━━━━━━━━━━━━━━━━━━━━━━━━━━━━━━━━━┳━━━━━━━━━━━━━━━┓
┃ Metric                                ┃ Value         ┃
┡━━━━━━━━━━━━━━━━━━━━━━━━━━━━━━━━━━━━━━━╇━━━━━━━━━━━━━━━┩
│ optim/entropy                         │ 5.863097      │
│ optim/kl_sample_train_v1              │ 0.000513      │
│ optim/kl_sample_train_v2              │ 0.000403      │
│ train/advantage_abs_mean              │ 0.780625      │
│ train/anchor_reward_mean              │ 0.000000      │
│ train/anchor_reward_std               │ 0.000000      │
│ train/avg_response_length             │ 940.750000    │
│ train/consistency_gap_1               │ 0.226156      │
│ train/consistency_reward_mean         │ 0.021078      │
│ train/consistency_reward_std          │ 0.088272      │
│ train/epoch                           │ 0             │
│ train/kl_policy_base                  │ 0.033485      │
│ train/n_anchor_rollouts               │ 0             │
│ train/n_consistency_rollouts          │ 16            │
│ train/n_ref_parsed                    │ 55            │
│ train/n_training_parsed               │ 57            │
│ train/p_hat_1                         │ 0.280702      │
│ train/p_ref                           │ 0.054545      │
│ train/parse_rate                      │ 0.875000      │
│ train/rate_var                        │ 0.012787      │
│ train/reward_pert1_trait0_count       │ 13            │
│ train/reward_pert1_trait0_mean        │ 0.063482      │
│ train/reward_pert1_trait1_count       │ 3             │
│ train/reward_pert1_trait1_mean        │ -0.162674     │
│ train/train/clock_cycle:unique        │ 131915.000000 │
│ train/train/loss:sum                  │ 9140.357681   │
│ train/train/ppo_clipped_fraction:mean │ 0.101422      │
│ train/train/ppo_kl_div:mean           │ 0.382351      │
│ train/train/ppo_mean_ratio:mean       │ 0.916071      │
└───────────────────────────────────────┴───────────────┘
tinker_cookbook.utils.ml_log:192 [INFO] Wrote metrics to logs/sweep-kl-coef/llama-rlct-kl0.1/metrics.jsonl
tinker_cookbook.utils.ml_log:265 [INFO] 
              Step 101               
┏━━━━━━━━━━━━━━━━━━━━━━━━━━━┳━━━━━━━┓
┃ Metric                    ┃ Value ┃
┡━━━━━━━━━━━━━━━━━━━━━━━━━━━╇━━━━━━━┩
│ train/skipped_empty_batch │ 1     │
└───────────────────────────┴───────┘
tinker_cookbook.utils.ml_log:192 [INFO] Wrote metrics to logs/sweep-kl-coef/llama-rlct-kl0.1/metrics.jsonl
tinker_cookbook.utils.ml_log:265 [INFO] 
              Step 102               
┏━━━━━━━━━━━━━━━━━━━━━━━━━━━┳━━━━━━━┓
┃ Metric                    ┃ Value ┃
┡━━━━━━━━━━━━━━━━━━━━━━━━━━━╇━━━━━━━┩
│ train/skipped_empty_batch │ 1     │
└───────────────────────────┴───────┘
tinker_cookbook.utils.ml_log:192 [INFO] Wrote metrics to logs/sweep-kl-coef/llama-rlct-kl0.1/metrics.jsonl
tinker_cookbook.utils.ml_log:265 [INFO] 
                        Step 103                         
┏━━━━━━━━━━━━━━━━━━━━━━━━━━━━━━━━━━━━━━━┳━━━━━━━━━━━━━━━┓
┃ Metric                                ┃ Value         ┃
┡━━━━━━━━━━━━━━━━━━━━━━━━━━━━━━━━━━━━━━━╇━━━━━━━━━━━━━━━┩
│ optim/entropy                         │ 7.360581      │
│ optim/kl_sample_train_v1              │ 0.000377      │
│ optim/kl_sample_train_v2              │ 0.000528      │
│ train/advantage_abs_mean              │ 0.866025      │
│ train/anchor_reward_mean              │ 0.000000      │
│ train/anchor_reward_std               │ 0.000000      │
│ train/avg_response_length             │ 1876.500000   │
│ train/consistency_gap_1               │ -0.042128     │
│ train/consistency_reward_mean         │ -0.002017     │
│ train/consistency_reward_std          │ 0.018242      │
│ train/epoch                           │ 0             │
│ train/kl_policy_base                  │ 0.026666      │
│ train/n_anchor_rollouts               │ 0             │
│ train/n_consistency_rollouts          │ 16            │
│ train/n_ref_parsed                    │ 50            │
│ train/n_training_parsed               │ 47            │
│ train/p_hat_1                         │ 0.297872      │
│ train/p_ref                           │ 0.340000      │
│ train/parse_rate                      │ 0.757812      │
│ train/rate_var                        │ 0.000444      │
│ train/reward_pert1_trait0_count       │ 12            │
│ train/reward_pert1_trait0_mean        │ -0.012549     │
│ train/reward_pert1_trait1_count       │ 4             │
│ train/reward_pert1_trait1_mean        │ 0.029579      │
│ train/train/clock_cycle:unique        │ 132394.000000 │
│ train/train/loss:sum                  │ -8248.799896  │
│ train/train/ppo_clipped_fraction:mean │ 0.053950      │
│ train/train/ppo_kl_div:mean           │ 0.194390      │
│ train/train/ppo_mean_ratio:mean       │ 0.957961      │
└───────────────────────────────────────┴───────────────┘
tinker_cookbook.utils.ml_log:192 [INFO] Wrote metrics to logs/sweep-kl-coef/llama-rlct-kl0.1/metrics.jsonl
tinker_cookbook.utils.ml_log:265 [INFO] 
              Step 104               
┏━━━━━━━━━━━━━━━━━━━━━━━━━━━┳━━━━━━━┓
┃ Metric                    ┃ Value ┃
┡━━━━━━━━━━━━━━━━━━━━━━━━━━━╇━━━━━━━┩
│ train/skipped_empty_batch │ 1     │
└───────────────────────────┴───────┘
tinker_cookbook.utils.ml_log:192 [INFO] Wrote metrics to logs/sweep-kl-coef/llama-rlct-kl0.1/metrics.jsonl
tinker_cookbook.utils.ml_log:265 [INFO] 
                        Step 105                         
┏━━━━━━━━━━━━━━━━━━━━━━━━━━━━━━━━━━━━━━━┳━━━━━━━━━━━━━━━┓
┃ Metric                                ┃ Value         ┃
┡━━━━━━━━━━━━━━━━━━━━━━━━━━━━━━━━━━━━━━━╇━━━━━━━━━━━━━━━┩
│ optim/entropy                         │ 2.617827      │
│ optim/kl_sample_train_v1              │ 0.000544      │
│ optim/kl_sample_train_v2              │ 0.000637      │
│ train/advantage_abs_mean              │ 0.484123      │
│ train/anchor_reward_mean              │ 0.000000      │
│ train/anchor_reward_std               │ 0.000000      │
│ train/avg_response_length             │ 630.125000    │
│ train/consistency_gap_1               │ 0.000302      │
│ train/consistency_reward_mean         │ -0.000014     │
│ train/consistency_reward_std          │ 0.000073      │
│ train/epoch                           │ 0             │
│ train/kl_policy_base                  │ 0.048910      │
│ train/n_anchor_rollouts               │ 0             │
│ train/n_consistency_rollouts          │ 16            │
│ train/n_ref_parsed                    │ 58            │
│ train/n_training_parsed               │ 57            │
│ train/p_hat_1                         │ 0.017544      │
│ train/p_ref                           │ 0.017241      │
│ train/parse_rate                      │ 0.898438      │
│ train/rate_var                        │ 0.000000      │
│ train/reward_pert1_trait0_count       │ 15            │
│ train/reward_pert1_trait0_mean        │ 0.000005      │
│ train/reward_pert1_trait1_count       │ 1             │
│ train/reward_pert1_trait1_mean        │ -0.000297     │
│ train/train/clock_cycle:unique        │ 132777.000000 │
│ train/train/loss:sum                  │ -356.815140   │
│ train/train/ppo_clipped_fraction:mean │ 0.204840      │
│ train/train/ppo_kl_div:mean           │ 0.657038      │
│ train/train/ppo_mean_ratio:mean       │ 0.832931      │
└───────────────────────────────────────┴───────────────┘
tinker_cookbook.utils.ml_log:192 [INFO] Wrote metrics to logs/sweep-kl-coef/llama-rlct-kl0.1/metrics.jsonl
tinker_cookbook.utils.ml_log:265 [INFO] 
              Step 106               
┏━━━━━━━━━━━━━━━━━━━━━━━━━━━┳━━━━━━━┓
┃ Metric                    ┃ Value ┃
┡━━━━━━━━━━━━━━━━━━━━━━━━━━━╇━━━━━━━┩
│ train/skipped_empty_batch │ 1     │
└───────────────────────────┴───────┘
tinker_cookbook.utils.ml_log:192 [INFO] Wrote metrics to logs/sweep-kl-coef/llama-rlct-kl0.1/metrics.jsonl
tinker_cookbook.utils.ml_log:265 [INFO] 
                        Step 107                         
┏━━━━━━━━━━━━━━━━━━━━━━━━━━━━━━━━━━━━━━━┳━━━━━━━━━━━━━━━┓
┃ Metric                                ┃ Value         ┃
┡━━━━━━━━━━━━━━━━━━━━━━━━━━━━━━━━━━━━━━━╇━━━━━━━━━━━━━━━┩
│ optim/entropy                         │ 5.058229      │
│ optim/kl_sample_train_v1              │ 0.000263      │
│ optim/kl_sample_train_v2              │ 0.000335      │
│ train/advantage_abs_mean              │ 0.661438      │
│ train/anchor_reward_mean              │ 0.000000      │
│ train/anchor_reward_std               │ 0.000000      │
│ train/avg_response_length             │ 500.187500    │
│ train/consistency_gap_1               │ 0.050514      │
│ train/consistency_reward_mean         │ -0.000218     │
│ train/consistency_reward_std          │ 0.016706      │
│ train/epoch                           │ 0             │
│ train/kl_policy_base                  │ 0.037185      │
│ train/n_anchor_rollouts               │ 0             │
│ train/n_consistency_rollouts          │ 16            │
│ train/n_ref_parsed                    │ 57            │
│ train/n_training_parsed               │ 58            │
│ train/p_hat_1                         │ 0.120690      │
│ train/p_ref                           │ 0.070175      │
│ train/parse_rate                      │ 0.898438      │
│ train/rate_var                        │ 0.000638      │
│ train/reward_pert1_trait0_count       │ 14            │
│ train/reward_pert1_trait0_mean        │ 0.006097      │
│ train/reward_pert1_trait1_count       │ 2             │
│ train/reward_pert1_trait1_mean        │ -0.044418     │
│ train/train/clock_cycle:unique        │ 132983.000000 │
│ train/train/loss:sum                  │ 9781.951263   │
│ train/train/ppo_clipped_fraction:mean │ 0.142114      │
│ train/train/ppo_kl_div:mean           │ 0.601046      │
│ train/train/ppo_mean_ratio:mean       │ 0.876938      │
└───────────────────────────────────────┴───────────────┘
tinker_cookbook.utils.ml_log:192 [INFO] Wrote metrics to logs/sweep-kl-coef/llama-rlct-kl0.1/metrics.jsonl
tinker_cookbook.utils.ml_log:265 [INFO] 
              Step 108               
┏━━━━━━━━━━━━━━━━━━━━━━━━━━━┳━━━━━━━┓
┃ Metric                    ┃ Value ┃
┡━━━━━━━━━━━━━━━━━━━━━━━━━━━╇━━━━━━━┩
│ train/skipped_empty_batch │ 1     │
└───────────────────────────┴───────┘
tinker_cookbook.utils.ml_log:192 [INFO] Wrote metrics to logs/sweep-kl-coef/llama-rlct-kl0.1/metrics.jsonl
tinker_cookbook.utils.ml_log:265 [INFO] 
                        Step 109                         
┏━━━━━━━━━━━━━━━━━━━━━━━━━━━━━━━━━━━━━━━┳━━━━━━━━━━━━━━━┓
┃ Metric                                ┃ Value         ┃
┡━━━━━━━━━━━━━━━━━━━━━━━━━━━━━━━━━━━━━━━╇━━━━━━━━━━━━━━━┩
│ optim/entropy                         │ 0.732808      │
│ optim/kl_sample_train_v1              │ 0.001151      │
│ optim/kl_sample_train_v2              │ 0.000689      │
│ train/advantage_abs_mean              │ 0.866025      │
│ train/anchor_reward_mean              │ 0.000000      │
│ train/anchor_reward_std               │ 0.000000      │
│ train/avg_response_length             │ 486.000000    │
│ train/consistency_gap_1               │ 0.029112      │
│ train/consistency_reward_mean         │ 0.000251      │
│ train/consistency_reward_std          │ 0.012606      │
│ train/epoch                           │ 0             │
│ train/kl_policy_base                  │ 0.080475      │
│ train/n_anchor_rollouts               │ 0             │
│ train/n_consistency_rollouts          │ 16            │
│ train/n_ref_parsed                    │ 61            │
│ train/n_training_parsed               │ 58            │
│ train/p_hat_1                         │ 0.258621      │
│ train/p_ref                           │ 0.229508      │
│ train/parse_rate                      │ 0.929688      │
│ train/rate_var                        │ 0.000212      │
│ train/reward_pert1_trait0_count       │ 12            │
│ train/reward_pert1_trait0_mean        │ 0.007529      │
│ train/reward_pert1_trait1_count       │ 4             │
│ train/reward_pert1_trait1_mean        │ -0.021583     │
│ train/train/clock_cycle:unique        │ 133011.000000 │
│ train/train/loss:sum                  │ 39.749374     │
│ train/train/ppo_clipped_fraction:mean │ 0.283069      │
│ train/train/ppo_kl_div:mean           │ 0.779171      │
│ train/train/ppo_mean_ratio:mean       │ 0.779131      │
└───────────────────────────────────────┴───────────────┘
tinker_cookbook.utils.ml_log:192 [INFO] Wrote metrics to logs/sweep-kl-coef/llama-rlct-kl0.1/metrics.jsonl
tinker_cookbook.utils.ml_log:265 [INFO] 
              Step 110               
┏━━━━━━━━━━━━━━━━━━━━━━━━━━━┳━━━━━━━┓
┃ Metric                    ┃ Value ┃
┡━━━━━━━━━━━━━━━━━━━━━━━━━━━╇━━━━━━━┩
│ train/skipped_empty_batch │ 1     │
└───────────────────────────┴───────┘
tinker_cookbook.utils.ml_log:192 [INFO] Wrote metrics to logs/sweep-kl-coef/llama-rlct-kl0.1/metrics.jsonl
tinker_cookbook.utils.ml_log:265 [INFO] 
              Step 111               
┏━━━━━━━━━━━━━━━━━━━━━━━━━━━┳━━━━━━━┓
┃ Metric                    ┃ Value ┃
┡━━━━━━━━━━━━━━━━━━━━━━━━━━━╇━━━━━━━┩
│ train/skipped_empty_batch │ 1     │
└───────────────────────────┴───────┘
tinker_cookbook.utils.ml_log:192 [INFO] Wrote metrics to logs/sweep-kl-coef/llama-rlct-kl0.1/metrics.jsonl
tinker_cookbook.utils.ml_log:265 [INFO] 
                        Step 112                         
┏━━━━━━━━━━━━━━━━━━━━━━━━━━━━━━━━━━━━━━━┳━━━━━━━━━━━━━━━┓
┃ Metric                                ┃ Value         ┃
┡━━━━━━━━━━━━━━━━━━━━━━━━━━━━━━━━━━━━━━━╇━━━━━━━━━━━━━━━┩
│ optim/entropy                         │ 1.810379      │
│ optim/kl_sample_train_v1              │ 0.001007      │
│ optim/kl_sample_train_v2              │ 0.000613      │
│ train/advantage_abs_mean              │ 0.866025      │
│ train/anchor_reward_mean              │ 0.000000      │
│ train/anchor_reward_std               │ 0.000000      │
│ train/avg_response_length             │ 547.937500    │
│ train/consistency_gap_1               │ -0.192831     │
│ train/consistency_reward_mean         │ 0.025330      │
│ train/consistency_reward_std          │ 0.083498      │
│ train/epoch                           │ 0             │
│ train/kl_policy_base                  │ 0.086197      │
│ train/n_anchor_rollouts               │ 0             │
│ train/n_consistency_rollouts          │ 16            │
│ train/n_ref_parsed                    │ 61            │
│ train/n_training_parsed               │ 59            │
│ train/p_hat_1                         │ 0.118644      │
│ train/p_ref                           │ 0.311475      │
│ train/parse_rate                      │ 0.937500      │
│ train/rate_var                        │ 0.009296      │
│ train/reward_pert1_trait0_count       │ 12            │
│ train/reward_pert1_trait0_mean        │ -0.022878     │
│ train/reward_pert1_trait1_count       │ 4             │
│ train/reward_pert1_trait1_mean        │ 0.169953      │
│ train/train/clock_cycle:unique        │ 133014.000000 │
│ train/train/loss:sum                  │ -1080.478607  │
│ train/train/ppo_clipped_fraction:mean │ 0.301430      │
│ train/train/ppo_kl_div:mean           │ 0.899339      │
│ train/train/ppo_mean_ratio:mean       │ 0.764184      │
└───────────────────────────────────────┴───────────────┘
tinker_cookbook.utils.ml_log:192 [INFO] Wrote metrics to logs/sweep-kl-coef/llama-rlct-kl0.1/metrics.jsonl
tinker_cookbook.utils.ml_log:265 [INFO] 
              Step 113               
┏━━━━━━━━━━━━━━━━━━━━━━━━━━━┳━━━━━━━┓
┃ Metric                    ┃ Value ┃
┡━━━━━━━━━━━━━━━━━━━━━━━━━━━╇━━━━━━━┩
│ train/skipped_empty_batch │ 1     │
└───────────────────────────┴───────┘
tinker_cookbook.utils.ml_log:192 [INFO] Wrote metrics to logs/sweep-kl-coef/llama-rlct-kl0.1/metrics.jsonl
tinker_cookbook.utils.ml_log:265 [INFO] 
              Step 114               
┏━━━━━━━━━━━━━━━━━━━━━━━━━━━┳━━━━━━━┓
┃ Metric                    ┃ Value ┃
┡━━━━━━━━━━━━━━━━━━━━━━━━━━━╇━━━━━━━┩
│ train/skipped_empty_batch │ 1     │
└───────────────────────────┴───────┘
tinker_cookbook.utils.ml_log:192 [INFO] Wrote metrics to logs/sweep-kl-coef/llama-rlct-kl0.1/metrics.jsonl
tinker_cookbook.utils.ml_log:265 [INFO] 
                        Step 115                         
┏━━━━━━━━━━━━━━━━━━━━━━━━━━━━━━━━━━━━━━━┳━━━━━━━━━━━━━━━┓
┃ Metric                                ┃ Value         ┃
┡━━━━━━━━━━━━━━━━━━━━━━━━━━━━━━━━━━━━━━━╇━━━━━━━━━━━━━━━┩
│ optim/entropy                         │ 0.709644      │
│ optim/kl_sample_train_v1              │ 0.000674      │
│ optim/kl_sample_train_v2              │ 0.000745      │
│ train/advantage_abs_mean              │ 0.484123      │
│ train/anchor_reward_mean              │ 0.000000      │
│ train/anchor_reward_std               │ 0.000000      │
│ train/avg_response_length             │ 426.312500    │
│ train/consistency_gap_1               │ 0.048363      │
│ train/consistency_reward_mean         │ 0.001583      │
│ train/consistency_reward_std          │ 0.011707      │
│ train/epoch                           │ 0             │
│ train/kl_policy_base                  │ 0.101329      │
│ train/n_anchor_rollouts               │ 0             │
│ train/n_consistency_rollouts          │ 16            │
│ train/n_ref_parsed                    │ 64            │
│ train/n_training_parsed               │ 63            │
│ train/p_hat_1                         │ 0.095238      │
│ train/p_ref                           │ 0.046875      │
│ train/parse_rate                      │ 0.992188      │
│ train/rate_var                        │ 0.000585      │
│ train/reward_pert1_trait0_count       │ 15            │
│ train/reward_pert1_trait0_mean        │ 0.004606      │
│ train/reward_pert1_trait1_count       │ 1             │
│ train/reward_pert1_trait1_mean        │ -0.043757     │
│ train/train/clock_cycle:unique        │ 133020.000000 │
│ train/train/loss:sum                  │ 47.357582     │
│ train/train/ppo_clipped_fraction:mean │ 0.357811      │
│ train/train/ppo_kl_div:mean           │ 1.025512      │
│ train/train/ppo_mean_ratio:mean       │ 0.728318      │
└───────────────────────────────────────┴───────────────┘
tinker_cookbook.utils.ml_log:192 [INFO] Wrote metrics to logs/sweep-kl-coef/llama-rlct-kl0.1/metrics.jsonl
tinker_cookbook.utils.ml_log:265 [INFO] 
                        Step 116                         
┏━━━━━━━━━━━━━━━━━━━━━━━━━━━━━━━━━━━━━━━┳━━━━━━━━━━━━━━━┓
┃ Metric                                ┃ Value         ┃
┡━━━━━━━━━━━━━━━━━━━━━━━━━━━━━━━━━━━━━━━╇━━━━━━━━━━━━━━━┩
│ optim/entropy                         │ 0.497572      │
│ optim/kl_sample_train_v1              │ -0.000127     │
│ optim/kl_sample_train_v2              │ 0.000517      │
│ train/advantage_abs_mean              │ 1.000000      │
│ train/anchor_reward_mean              │ 0.000000      │
│ train/anchor_reward_std               │ 0.000000      │
│ train/avg_response_length             │ 338.437500    │
│ train/consistency_gap_1               │ 0.109375      │
│ train/consistency_reward_mean         │ -0.017090     │
│ train/consistency_reward_std          │ 0.054688      │
│ train/epoch                           │ 0             │
│ train/kl_policy_base                  │ 0.073088      │
│ train/n_anchor_rollouts               │ 0             │
│ train/n_consistency_rollouts          │ 16            │
│ train/n_ref_parsed                    │ 64            │
│ train/n_training_parsed               │ 64            │
│ train/p_hat_1                         │ 0.343750      │
│ train/p_ref                           │ 0.234375      │
│ train/parse_rate                      │ 1.000000      │
│ train/rate_var                        │ 0.002991      │
│ train/reward_pert1_trait0_count       │ 8             │
│ train/reward_pert1_trait0_mean        │ 0.037598      │
│ train/reward_pert1_trait1_count       │ 8             │
│ train/reward_pert1_trait1_mean        │ -0.071777     │
│ train/train/clock_cycle:unique        │ 133023.000000 │
│ train/train/loss:sum                  │ 402.618103    │
│ train/train/ppo_clipped_fraction:mean │ 0.240910      │
│ train/train/ppo_kl_div:mean           │ 0.825717      │
│ train/train/ppo_mean_ratio:mean       │ 0.804327      │
└───────────────────────────────────────┴───────────────┘
tinker_cookbook.utils.ml_log:192 [INFO] Wrote metrics to logs/sweep-kl-coef/llama-rlct-kl0.1/metrics.jsonl
tinker_cookbook.utils.ml_log:265 [INFO] 
              Step 117               
┏━━━━━━━━━━━━━━━━━━━━━━━━━━━┳━━━━━━━┓
┃ Metric                    ┃ Value ┃
┡━━━━━━━━━━━━━━━━━━━━━━━━━━━╇━━━━━━━┩
│ train/skipped_empty_batch │ 1     │
└───────────────────────────┴───────┘
tinker_cookbook.utils.ml_log:192 [INFO] Wrote metrics to logs/sweep-kl-coef/llama-rlct-kl0.1/metrics.jsonl
tinker_cookbook.utils.ml_log:265 [INFO] 
              Step 118               
┏━━━━━━━━━━━━━━━━━━━━━━━━━━━┳━━━━━━━┓
┃ Metric                    ┃ Value ┃
┡━━━━━━━━━━━━━━━━━━━━━━━━━━━╇━━━━━━━┩
│ train/skipped_empty_batch │ 1     │
└───────────────────────────┴───────┘
tinker_cookbook.utils.ml_log:192 [INFO] Wrote metrics to logs/sweep-kl-coef/llama-rlct-kl0.1/metrics.jsonl
tinker_cookbook.utils.ml_log:265 [INFO] 
              Step 119               
┏━━━━━━━━━━━━━━━━━━━━━━━━━━━┳━━━━━━━┓
┃ Metric                    ┃ Value ┃
┡━━━━━━━━━━━━━━━━━━━━━━━━━━━╇━━━━━━━┩
│ train/skipped_empty_batch │ 1     │
└───────────────────────────┴───────┘
tinker_cookbook.utils.ml_log:192 [INFO] Wrote metrics to logs/sweep-kl-coef/llama-rlct-kl0.1/metrics.jsonl
tinker_cookbook.utils.ml_log:265 [INFO] 
                        Step 120                         
┏━━━━━━━━━━━━━━━━━━━━━━━━━━━━━━━━━━━━━━━┳━━━━━━━━━━━━━━━┓
┃ Metric                                ┃ Value         ┃
┡━━━━━━━━━━━━━━━━━━━━━━━━━━━━━━━━━━━━━━━╇━━━━━━━━━━━━━━━┩
│ optim/entropy                         │ 0.623122      │
│ optim/kl_sample_train_v1              │ 0.000662      │
│ optim/kl_sample_train_v2              │ 0.000432      │
│ train/advantage_abs_mean              │ 0.780625      │
│ train/anchor_reward_mean              │ 0.000000      │
│ train/anchor_reward_std               │ 0.000000      │
│ train/avg_response_length             │ 317.562500    │
│ train/consistency_gap_1               │ 0.142857      │
│ train/consistency_reward_mean         │ -0.000425     │
│ train/consistency_reward_std          │ 0.055759      │
│ train/epoch                           │ 0             │
│ train/kl_policy_base                  │ 0.040993      │
│ train/n_anchor_rollouts               │ 0             │
│ train/n_consistency_rollouts          │ 16            │
│ train/n_ref_parsed                    │ 63            │
│ train/n_training_parsed               │ 63            │
│ train/p_hat_1                         │ 0.809524      │
│ train/p_ref                           │ 0.666667      │
│ train/parse_rate                      │ 0.984375      │
│ train/rate_var                        │ 0.005102      │
│ train/reward_pert1_trait0_count       │ 3             │
│ train/reward_pert1_trait0_mean        │ 0.115646      │
│ train/reward_pert1_trait1_count       │ 13            │
│ train/reward_pert1_trait1_mean        │ -0.027211     │
│ train/train/clock_cycle:unique        │ 133026.000000 │
│ train/train/loss:sum                  │ -172.735947   │
│ train/train/ppo_clipped_fraction:mean │ 0.182088      │
│ train/train/ppo_kl_div:mean           │ 0.645757      │
│ train/train/ppo_mean_ratio:mean       │ 0.853040      │
└───────────────────────────────────────┴───────────────┘
tinker_cookbook.utils.ml_log:192 [INFO] Wrote metrics to logs/sweep-kl-coef/llama-rlct-kl0.1/metrics.jsonl
tinker_cookbook.utils.ml_log:265 [INFO] 
                        Step 121                         
┏━━━━━━━━━━━━━━━━━━━━━━━━━━━━━━━━━━━━━━━┳━━━━━━━━━━━━━━━┓
┃ Metric                                ┃ Value         ┃
┡━━━━━━━━━━━━━━━━━━━━━━━━━━━━━━━━━━━━━━━╇━━━━━━━━━━━━━━━┩
│ optim/entropy                         │ 0.586085      │
│ optim/kl_sample_train_v1              │ -0.000277     │
│ optim/kl_sample_train_v2              │ 0.000588      │
│ train/advantage_abs_mean              │ 0.780625      │
│ train/anchor_reward_mean              │ 0.000000      │
│ train/anchor_reward_std               │ 0.000000      │
│ train/avg_response_length             │ 288.312500    │
│ train/consistency_gap_1               │ 0.133952      │
│ train/consistency_reward_mean         │ -0.002021     │
│ train/consistency_reward_std          │ 0.052283      │
│ train/epoch                           │ 0             │
│ train/kl_policy_base                  │ 0.066733      │
│ train/n_anchor_rollouts               │ 0             │
│ train/n_consistency_rollouts          │ 16            │
│ train/n_ref_parsed                    │ 52            │
│ train/n_training_parsed               │ 58            │
│ train/p_hat_1                         │ 0.172414      │
│ train/p_ref                           │ 0.038462      │
│ train/parse_rate                      │ 0.859375      │
│ train/rate_var                        │ 0.004486      │
│ train/reward_pert1_trait0_count       │ 13            │
│ train/reward_pert1_trait0_mean        │ 0.023095      │
│ train/reward_pert1_trait1_count       │ 3             │
│ train/reward_pert1_trait1_mean        │ -0.110857     │
│ train/train/clock_cycle:unique        │ 133029.000000 │
│ train/train/loss:sum                  │ 818.846710    │
│ train/train/ppo_clipped_fraction:mean │ 0.226618      │
│ train/train/ppo_kl_div:mean           │ 0.820523      │
│ train/train/ppo_mean_ratio:mean       │ 0.813586      │
└───────────────────────────────────────┴───────────────┘
tinker_cookbook.utils.ml_log:192 [INFO] Wrote metrics to logs/sweep-kl-coef/llama-rlct-kl0.1/metrics.jsonl
tinker_cookbook.utils.ml_log:265 [INFO] 
              Step 122               
┏━━━━━━━━━━━━━━━━━━━━━━━━━━━┳━━━━━━━┓
┃ Metric                    ┃ Value ┃
┡━━━━━━━━━━━━━━━━━━━━━━━━━━━╇━━━━━━━┩
│ train/skipped_empty_batch │ 1     │
└───────────────────────────┴───────┘
tinker_cookbook.utils.ml_log:192 [INFO] Wrote metrics to logs/sweep-kl-coef/llama-rlct-kl0.1/metrics.jsonl
tinker_cookbook.utils.ml_log:265 [INFO] 
                        Step 123                         
┏━━━━━━━━━━━━━━━━━━━━━━━━━━━━━━━━━━━━━━━┳━━━━━━━━━━━━━━━┓
┃ Metric                                ┃ Value         ┃
┡━━━━━━━━━━━━━━━━━━━━━━━━━━━━━━━━━━━━━━━╇━━━━━━━━━━━━━━━┩
│ optim/entropy                         │ 0.730649      │
│ optim/kl_sample_train_v1              │ 0.001512      │
│ optim/kl_sample_train_v2              │ 0.000655      │
│ train/advantage_abs_mean              │ 0.968246      │
│ train/anchor_reward_mean              │ 0.000000      │
│ train/anchor_reward_std               │ 0.000000      │
│ train/avg_response_length             │ 342.500000    │
│ train/consistency_gap_1               │ 0.062500      │
│ train/consistency_reward_mean         │ -0.001953     │
│ train/consistency_reward_std          │ 0.030258      │
│ train/epoch                           │ 0             │
│ train/kl_policy_base                  │ 0.097137      │
│ train/n_anchor_rollouts               │ 0             │
│ train/n_consistency_rollouts          │ 16            │
│ train/n_ref_parsed                    │ 64            │
│ train/n_training_parsed               │ 64            │
│ train/p_hat_1                         │ 0.593750      │
│ train/p_ref                           │ 0.531250      │
│ train/parse_rate                      │ 1.000000      │
│ train/rate_var                        │ 0.000977      │
│ train/reward_pert1_trait0_count       │ 6             │
│ train/reward_pert1_trait0_mean        │ 0.037109      │
│ train/reward_pert1_trait1_count       │ 10            │
│ train/reward_pert1_trait1_mean        │ -0.025391     │
│ train/train/clock_cycle:unique        │ 133032.000000 │
│ train/train/loss:sum                  │ -121.063583   │
│ train/train/ppo_clipped_fraction:mean │ 0.208275      │
│ train/train/ppo_kl_div:mean           │ 0.743639      │
│ train/train/ppo_mean_ratio:mean       │ 0.829651      │
└───────────────────────────────────────┴───────────────┘
tinker_cookbook.utils.ml_log:192 [INFO] Wrote metrics to logs/sweep-kl-coef/llama-rlct-kl0.1/metrics.jsonl
tinker_cookbook.utils.ml_log:265 [INFO] 
                        Step 124                         
┏━━━━━━━━━━━━━━━━━━━━━━━━━━━━━━━━━━━━━━━┳━━━━━━━━━━━━━━━┓
┃ Metric                                ┃ Value         ┃
┡━━━━━━━━━━━━━━━━━━━━━━━━━━━━━━━━━━━━━━━╇━━━━━━━━━━━━━━━┩
│ optim/entropy                         │ 0.781208      │
│ optim/kl_sample_train_v1              │ -0.000056     │
│ optim/kl_sample_train_v2              │ 0.000472      │
│ train/advantage_abs_mean              │ 0.780625      │
│ train/anchor_reward_mean              │ 0.000000      │
│ train/anchor_reward_std               │ 0.000000      │
│ train/avg_response_length             │ 290.937500    │
│ train/consistency_gap_1               │ 0.015071      │
│ train/consistency_reward_mean         │ -0.001610     │
│ train/consistency_reward_std          │ 0.005883      │
│ train/epoch                           │ 0             │
│ train/kl_policy_base                  │ 0.068910      │
│ train/n_anchor_rollouts               │ 0             │
│ train/n_consistency_rollouts          │ 16            │
│ train/n_ref_parsed                    │ 61            │
│ train/n_training_parsed               │ 62            │
│ train/p_hat_1                         │ 0.080645      │
│ train/p_ref                           │ 0.065574      │
│ train/parse_rate                      │ 0.960938      │
│ train/rate_var                        │ 0.000057      │
│ train/reward_pert1_trait0_count       │ 13            │
│ train/reward_pert1_trait0_mean        │ 0.001215      │
│ train/reward_pert1_trait1_count       │ 3             │
│ train/reward_pert1_trait1_mean        │ -0.013856     │
│ train/train/clock_cycle:unique        │ 133035.000000 │
│ train/train/loss:sum                  │ 404.864830    │
│ train/train/ppo_clipped_fraction:mean │ 0.202711      │
│ train/train/ppo_kl_div:mean           │ 0.922368      │
│ train/train/ppo_mean_ratio:mean       │ 0.822406      │
└───────────────────────────────────────┴───────────────┘
tinker_cookbook.utils.ml_log:192 [INFO] Wrote metrics to logs/sweep-kl-coef/llama-rlct-kl0.1/metrics.jsonl
tinker_cookbook.utils.ml_log:265 [INFO] 
                        Step 125                         
┏━━━━━━━━━━━━━━━━━━━━━━━━━━━━━━━━━━━━━━━┳━━━━━━━━━━━━━━━┓
┃ Metric                                ┃ Value         ┃
┡━━━━━━━━━━━━━━━━━━━━━━━━━━━━━━━━━━━━━━━╇━━━━━━━━━━━━━━━┩
│ optim/entropy                         │ 0.891317      │
│ optim/kl_sample_train_v1              │ 0.000938      │
│ optim/kl_sample_train_v2              │ 0.000537      │
│ train/advantage_abs_mean              │ 0.927025      │
│ train/anchor_reward_mean              │ 0.000000      │
│ train/anchor_reward_std               │ 0.000000      │
│ train/avg_response_length             │ 301.375000    │
│ train/consistency_gap_1               │ 0.301163      │
│ train/consistency_reward_mean         │ -0.004629     │
│ train/consistency_reward_std          │ 0.139593      │
│ train/epoch                           │ 0             │
│ train/kl_policy_base                  │ 0.066485      │
│ train/n_anchor_rollouts               │ 0             │
│ train/n_consistency_rollouts          │ 16            │
│ train/n_ref_parsed                    │ 62            │
│ train/n_training_parsed               │ 61            │
│ train/p_hat_1                         │ 0.672131      │
│ train/p_ref                           │ 0.370968      │
│ train/parse_rate                      │ 0.960938      │
│ train/rate_var                        │ 0.022675      │
│ train/reward_pert1_trait0_count       │ 5             │
│ train/reward_pert1_trait0_mean        │ 0.202421      │
│ train/reward_pert1_trait1_count       │ 11            │
│ train/reward_pert1_trait1_mean        │ -0.098742     │
│ train/train/clock_cycle:unique        │ 133038.000000 │
│ train/train/loss:sum                  │ -374.262253   │
│ train/train/ppo_clipped_fraction:mean │ 0.248085      │
│ train/train/ppo_kl_div:mean           │ 1.073431      │
│ train/train/ppo_mean_ratio:mean       │ 0.783770      │
└───────────────────────────────────────┴───────────────┘
tinker_cookbook.utils.ml_log:192 [INFO] Wrote metrics to logs/sweep-kl-coef/llama-rlct-kl0.1/metrics.jsonl
tinker_cookbook.utils.ml_log:265 [INFO] 
                        Step 126                         
┏━━━━━━━━━━━━━━━━━━━━━━━━━━━━━━━━━━━━━━━┳━━━━━━━━━━━━━━━┓
┃ Metric                                ┃ Value         ┃
┡━━━━━━━━━━━━━━━━━━━━━━━━━━━━━━━━━━━━━━━╇━━━━━━━━━━━━━━━┩
│ optim/entropy                         │ 0.907235      │
│ optim/kl_sample_train_v1              │ -0.000177     │
│ optim/kl_sample_train_v2              │ 0.000562      │
│ train/advantage_abs_mean              │ 0.992157      │
│ train/anchor_reward_mean              │ 0.000000      │
│ train/anchor_reward_std               │ 0.000000      │
│ train/avg_response_length             │ 359.875000    │
│ train/consistency_gap_1               │ 0.202359      │
│ train/consistency_reward_mean         │ -0.019625     │
│ train/consistency_reward_std          │ 0.100386      │
│ train/epoch                           │ 0             │
│ train/kl_policy_base                  │ 0.083825      │
│ train/n_anchor_rollouts               │ 0             │
│ train/n_consistency_rollouts          │ 16            │
│ train/n_ref_parsed                    │ 57            │
│ train/n_training_parsed               │ 58            │
│ train/p_hat_1                         │ 0.465517      │
│ train/p_ref                           │ 0.263158      │
│ train/parse_rate                      │ 0.898438      │
│ train/rate_var                        │ 0.010237      │
│ train/reward_pert1_trait0_count       │ 7             │
│ train/reward_pert1_trait0_mean        │ 0.094202      │
│ train/reward_pert1_trait1_count       │ 9             │
│ train/reward_pert1_trait1_mean        │ -0.108158     │
│ train/train/clock_cycle:unique        │ 133042.000000 │
│ train/train/loss:sum                  │ 515.124863    │
│ train/train/ppo_clipped_fraction:mean │ 0.171471      │
│ train/train/ppo_kl_div:mean           │ 0.717305      │
│ train/train/ppo_mean_ratio:mean       │ 0.855954      │
└───────────────────────────────────────┴───────────────┘
tinker_cookbook.utils.ml_log:192 [INFO] Wrote metrics to logs/sweep-kl-coef/llama-rlct-kl0.1/metrics.jsonl
tinker_cookbook.utils.ml_log:265 [INFO] 
              Step 127               
┏━━━━━━━━━━━━━━━━━━━━━━━━━━━┳━━━━━━━┓
┃ Metric                    ┃ Value ┃
┡━━━━━━━━━━━━━━━━━━━━━━━━━━━╇━━━━━━━┩
│ train/skipped_empty_batch │ 1     │
└───────────────────────────┴───────┘
tinker_cookbook.utils.ml_log:192 [INFO] Wrote metrics to logs/sweep-kl-coef/llama-rlct-kl0.1/metrics.jsonl
tinker_cookbook.utils.ml_log:265 [INFO] 
                        Step 128                         
┏━━━━━━━━━━━━━━━━━━━━━━━━━━━━━━━━━━━━━━━┳━━━━━━━━━━━━━━━┓
┃ Metric                                ┃ Value         ┃
┡━━━━━━━━━━━━━━━━━━━━━━━━━━━━━━━━━━━━━━━╇━━━━━━━━━━━━━━━┩
│ optim/entropy                         │ 1.108675      │
│ optim/kl_sample_train_v1              │ 0.001301      │
│ optim/kl_sample_train_v2              │ 0.000598      │
│ train/advantage_abs_mean              │ 0.780625      │
│ train/anchor_reward_mean              │ 0.000000      │
│ train/anchor_reward_std               │ 0.000000      │
│ train/avg_response_length             │ 321.687500    │
│ train/consistency_gap_1               │ 0.038710      │
│ train/consistency_reward_mean         │ 0.000484      │
│ train/consistency_reward_std          │ 0.015109      │
│ train/epoch                           │ 0             │
│ train/kl_policy_base                  │ 0.080409      │
│ train/n_anchor_rollouts               │ 0             │
│ train/n_consistency_rollouts          │ 16            │
│ train/n_ref_parsed                    │ 62            │
│ train/n_training_parsed               │ 60            │
│ train/p_hat_1                         │ 0.200000      │
│ train/p_ref                           │ 0.161290      │
│ train/parse_rate                      │ 0.953125      │
│ train/rate_var                        │ 0.000375      │
│ train/reward_pert1_trait0_count       │ 13            │
│ train/reward_pert1_trait0_mean        │ 0.007742      │
│ train/reward_pert1_trait1_count       │ 3             │
│ train/reward_pert1_trait1_mean        │ -0.030968     │
│ train/train/clock_cycle:unique        │ 133063.000000 │
│ train/train/loss:sum                  │ -582.422546   │
│ train/train/ppo_clipped_fraction:mean │ 0.253368      │
│ train/train/ppo_kl_div:mean           │ 0.930397      │
│ train/train/ppo_mean_ratio:mean       │ 0.792021      │
└───────────────────────────────────────┴───────────────┘
tinker_cookbook.checkpoint_utils:461 [INFO] Saved checkpoints: {'sampler_path': 'tinker://618ce851-0ef3-57f2-b344-1d9131b03816:train:0/sampler_weights/sweep-kl-coef_llama-rlct-kl0.1'}
tinker_cookbook.utils.ml_log:192 [INFO] Wrote metrics to logs/sweep-kl-coef/llama-rlct-kl0.1/metrics.jsonl
tinker_cookbook.utils.ml_log:265 [INFO] 
                                    Step 128                                    
┏━━━━━━━━━━━━━━━━━━━━━━┳━━━━━━━━━━━━━━━━━━━━━━━━━━━━━━━━━━━━━━━━━━━━━━━━━━━━━━━┓
┃ Metric               ┃ Value                                                 ┃
┡━━━━━━━━━━━━━━━━━━━━━━╇━━━━━━━━━━━━━━━━━━━━━━━━━━━━━━━━━━━━━━━━━━━━━━━━━━━━━━━┩
│ final_checkpoint     │ tinker://618ce851-0ef3-57f2-b344-1d9131b03816:train:… │
└──────────────────────┴───────────────────────────────────────────────────────┘
tinker_cookbook.utils.ml_log:265 [INFO] 
Configuration:
  final_checkpoint: 
'tinker://618ce851-0ef3-57f2-b344-1d9131b03816:train:0/sampler_weights/sweep-kl-
coef_llama-rlct-kl0.1'
  all_checkpoints: 
['tinker://618ce851-0ef3-57f2-b344-1d9131b03816:train:0/sampler_weights/sweep-kl
-coef_llama-rlct-kl0.1_step64', 
'tinker://618ce851-0ef3-57f2-b344-1d9131b03816:train:0/sampler_weights/sweep-kl-
coef_llama-rlct-kl0.1']
