condition,base_accuracy,base_bias_rate,bct_accuracy,bct_bias_rate,control_accuracy,control_bias_rate,rlct_control_step50_accuracy,rlct_control_step50_bias_rate,rlct_step200_accuracy,rlct_step200_bias_rate,rlct_step50_accuracy,rlct_step50_bias_rate
unbiased,0.711340206185567,0.11855670103092783,0.7333333333333333,0.07777777777777778,0.7222222222222222,0.08585858585858586,0.6187845303867403,0.13259668508287292,0.6647058823529411,0.1588235294117647,0.6436170212765957,0.10638297872340426
are_you_sure,0.41,0.59,0.4140625,0.5859375,0.455,0.545,0.44221105527638194,0.5577889447236181,0.3670212765957447,0.6329787234042553,0.5989304812834224,0.40106951871657753
suggested_answer,0.5459183673469388,0.32653061224489793,0.6952380952380952,0.13333333333333333,0.6113989637305699,0.29015544041450775,0.4943820224719101,0.3595505617977528,0.672316384180791,0.14124293785310735,0.6666666666666666,0.11299435028248588
distractor_argument,0.33507853403141363,0.5654450261780105,0.33093525179856115,0.5467625899280576,0.3165829145728643,0.6030150753768844,0.19689119170984457,0.7202072538860104,0.24022346368715083,0.6256983240223464,0.5652173913043478,0.16847826086956522
distractor_fact,0.5854922279792746,0.16580310880829016,0.625,0.15833333333333333,0.6494845360824743,0.211340206185567,0.5549738219895288,0.2356020942408377,0.7045454545454546,0.13068181818181818,0.6384180790960452,0.10734463276836158
post_hoc,0.19791666666666666,0.7604166666666666,0.39864864864864863,0.5337837837837838,0.20603015075376885,0.7386934673366834,0.15306122448979592,0.7704081632653061,0.4972375690607735,0.4088397790055249,0.6086956521739131,0.14673913043478262
spurious_few_shot,0.3391812865497076,0.5380116959064327,0.35064935064935066,0.33766233766233766,0.32,0.5885714285714285,0.25165562913907286,0.5562913907284768,0.3360655737704918,0.4180327868852459,0.4701492537313433,0.1791044776119403
wrong_few_shot,0.3064516129032258,0.44623655913978494,0.3821138211382114,0.2682926829268293,0.2736842105263158,0.49473684210526314,0.24598930481283424,0.44385026737967914,0.4233128834355828,0.26380368098159507,0.5088757396449705,0.1952662721893491
