root:654 [INFO] Command line invocation: scripts/tinker_training/train_rl.py --model meta-llama/Llama-3.1-8B-Instruct --experiment-name sweep-rollouts --run-name llama-rlct-nr128-ctrl --bias-types suggested_answer --datasets mmlu --n-datapoints 100 --lora-rank 8 --kl-coef 0.05 --anchor-weight 0.5 --loss-fn ppo --n-ref-rollouts 128 --n-train-rollouts 128 --n-consistency-rollouts 16 --refresh-every 1 --checkpoint-every 25 --control -y
tinker_cookbook.utils.ml_log:592 [INFO] Logging to: logs/sweep-rollouts/llama-rlct-nr128-ctrl
tinker_cookbook.utils.ml_log:265 [INFO] 
Configuration:
  git: {'git_sha': 'b296646255c456fc21b4109249e3c7019974d5cf', 'git_branch': 
'tinker-rl-consistency', 'git_dirty': True, 'git_dirty_fil ... y countries focus
on different types of new technology.\\n\\n(C) Medical advances are not 
important in some c\n... (truncated)'}
tinker_cookbook.utils.ml_log:265 [INFO] 
Configuration:
  n_datapoints: 100
  total_steps: 100
  n_perturbations: 2
  base_lr: 0.0002856415043086949
tinker_cookbook.utils.ml_log:192 [INFO] Wrote metrics to logs/sweep-rollouts/llama-rlct-nr128-ctrl/metrics.jsonl
tinker_cookbook.utils.ml_log:265 [INFO] 
                          Step 1                          
┏━━━━━━━━━━━━━━━━━━━━━━━━━━━━━━━━━━━━━━━┳━━━━━━━━━━━━━━━━┓
┃ Metric                                ┃ Value          ┃
┡━━━━━━━━━━━━━━━━━━━━━━━━━━━━━━━━━━━━━━━╇━━━━━━━━━━━━━━━━┩
│ optim/entropy                         │ 5.116645       │
│ optim/kl_sample_train_v1              │ 0.000616       │
│ optim/kl_sample_train_v2              │ 0.000683       │
│ train/advantage_abs_mean              │ 0.065630       │
│ train/anchor_reward_mean              │ 0.000000       │
│ train/anchor_reward_std               │ 0.000000       │
│ train/avg_response_length             │ 1643.601770    │
│ train/consistency_gap_1               │ -0.022946      │
│ train/consistency_reward_mean         │ 0.002730       │
│ train/consistency_reward_std          │ 0.010636       │
│ train/epoch                           │ 0              │
│ train/kl_policy_base                  │ 0.000208       │
│ train/n_anchor_rollouts               │ 97             │
│ train/n_consistency_rollouts          │ 16             │
│ train/n_ref_parsed                    │ 97             │
│ train/n_training_parsed               │ 93             │
│ train/p_hat_1                         │ 0.193548       │
│ train/p_ref                           │ 0.216495       │
│ train/p_ref_drift                     │ 0.000000       │
│ train/p_ref_init                      │ 0.216495       │
│ train/parse_rate                      │ 0.742188       │
│ train/rate_var                        │ 0.000132       │
│ train/reward_pert0_trait0_count       │ 76             │
│ train/reward_pert0_trait0_mean        │ 0.000000       │
│ train/reward_pert0_trait1_count       │ 21             │
│ train/reward_pert0_trait1_mean        │ 0.000000       │
│ train/reward_pert1_trait0_count       │ 11             │
│ train/reward_pert1_trait0_mean        │ -0.004441      │
│ train/reward_pert1_trait1_count       │ 5              │
│ train/reward_pert1_trait1_mean        │ 0.018505       │
│ train/train/clock_cycle:unique        │ 1512634.000000 │
│ train/train/clock_cycle:unique_1      │ 1512635.000000 │
│ train/train/loss:sum                  │ 2988.800114    │
│ train/train/ppo_clipped_fraction:mean │ 0.077027       │
│ train/train/ppo_kl_div:mean           │ 0.243882       │
│ train/train/ppo_mean_ratio:mean       │ 0.941131       │
└───────────────────────────────────────┴────────────────┘
tinker_cookbook.utils.ml_log:192 [INFO] Wrote metrics to logs/sweep-rollouts/llama-rlct-nr128-ctrl/metrics.jsonl
tinker_cookbook.utils.ml_log:265 [INFO] 
                          Step 2                          
┏━━━━━━━━━━━━━━━━━━━━━━━━━━━━━━━━━━━━━━━┳━━━━━━━━━━━━━━━━┓
┃ Metric                                ┃ Value          ┃
┡━━━━━━━━━━━━━━━━━━━━━━━━━━━━━━━━━━━━━━━╇━━━━━━━━━━━━━━━━┩
│ optim/entropy                         │ 4.057737       │
│ optim/kl_sample_train_v1              │ 0.000388       │
│ optim/kl_sample_train_v2              │ 0.000441       │
│ train/advantage_abs_mean              │ 0.327440       │
│ train/anchor_reward_mean              │ 0.000000       │
│ train/anchor_reward_std               │ 0.022747       │
│ train/avg_response_length             │ 536.290076     │
│ train/consistency_gap_1               │ -0.117930      │
│ train/consistency_reward_mean         │ 0.013523       │
│ train/consistency_reward_std          │ 0.039002       │
│ train/epoch                           │ 0              │
│ train/kl_policy_base                  │ 0.000991       │
│ train/n_anchor_rollouts               │ 115            │
│ train/n_consistency_rollouts          │ 16             │
│ train/n_ref_parsed                    │ 115            │
│ train/n_training_parsed               │ 121            │
│ train/p_hat_1                         │ 0.760331       │
│ train/p_ref                           │ 0.878261       │
│ train/p_ref_drift                     │ 0.069565       │
│ train/p_ref_init                      │ 0.808696       │
│ train/parse_rate                      │ 0.921875       │
│ train/rate_var                        │ 0.003477       │
│ train/reward_pert0_trait0_count       │ 14             │
│ train/reward_pert0_trait0_mean        │ 0.061096       │
│ train/reward_pert0_trait1_count       │ 101            │
│ train/reward_pert0_trait1_mean        │ -0.008469      │
│ train/reward_pert1_trait0_count       │ 2              │
│ train/reward_pert1_trait0_mean        │ -0.089666      │
│ train/reward_pert1_trait1_count       │ 14             │
│ train/reward_pert1_trait1_mean        │ 0.028264       │
│ train/train/clock_cycle:unique        │ 1512885.000000 │
│ train/train/loss:sum                  │ -7375.817505   │
│ train/train/ppo_clipped_fraction:mean │ 0.114347       │
│ train/train/ppo_kl_div:mean           │ 0.390440       │
│ train/train/ppo_mean_ratio:mean       │ 0.910674       │
└───────────────────────────────────────┴────────────────┘
tinker_cookbook.utils.ml_log:192 [INFO] Wrote metrics to logs/sweep-rollouts/llama-rlct-nr128-ctrl/metrics.jsonl
tinker_cookbook.utils.ml_log:265 [INFO] 
                          Step 3                          
┏━━━━━━━━━━━━━━━━━━━━━━━━━━━━━━━━━━━━━━━┳━━━━━━━━━━━━━━━━┓
┃ Metric                                ┃ Value          ┃
┡━━━━━━━━━━━━━━━━━━━━━━━━━━━━━━━━━━━━━━━╇━━━━━━━━━━━━━━━━┩
│ optim/entropy                         │ 0.803271       │
│ optim/kl_sample_train_v1              │ 0.000543       │
│ optim/kl_sample_train_v2              │ 0.000579       │
│ train/advantage_abs_mean              │ 0.229002       │
│ train/anchor_reward_mean              │ 0.000000       │
│ train/anchor_reward_std               │ 0.000298       │
│ train/avg_response_length             │ 241.993056     │
│ train/consistency_gap_1               │ 0.007443       │
│ train/consistency_reward_mean         │ 0.000114       │
│ train/consistency_reward_std          │ 0.001802       │
│ train/epoch                           │ 0              │
│ train/kl_policy_base                  │ 0.005621       │
│ train/n_anchor_rollouts               │ 128            │
│ train/n_consistency_rollouts          │ 16             │
│ train/n_ref_parsed                    │ 128            │
│ train/n_training_parsed               │ 127            │
│ train/p_hat_1                         │ 0.952756       │
│ train/p_ref                           │ 0.945312       │
│ train/p_ref_drift                     │ 0.001313       │
│ train/p_ref_init                      │ 0.944000       │
│ train/parse_rate                      │ 0.996094       │
│ train/rate_var                        │ 0.000014       │
│ train/reward_pert0_trait0_count       │ 7              │
│ train/reward_pert0_trait0_mean        │ 0.001241       │
│ train/reward_pert0_trait1_count       │ 121            │
│ train/reward_pert0_trait1_mean        │ -0.000072      │
│ train/reward_pert1_trait0_count       │ 1              │
│ train/reward_pert1_trait0_mean        │ 0.007092       │
│ train/reward_pert1_trait1_count       │ 15             │
│ train/reward_pert1_trait1_mean        │ -0.000352      │
│ train/train/clock_cycle:unique        │ 1512954.000000 │
│ train/train/loss:sum                  │ 217.807663     │
│ train/train/ppo_clipped_fraction:mean │ 0.227432       │
│ train/train/ppo_kl_div:mean           │ 0.996771       │
│ train/train/ppo_mean_ratio:mean       │ 0.810646       │
└───────────────────────────────────────┴────────────────┘
tinker_cookbook.utils.ml_log:192 [INFO] Wrote metrics to logs/sweep-rollouts/llama-rlct-nr128-ctrl/metrics.jsonl
tinker_cookbook.utils.ml_log:265 [INFO] 
               Step 4                
┏━━━━━━━━━━━━━━━━━━━━━━━━━━━┳━━━━━━━┓
┃ Metric                    ┃ Value ┃
┡━━━━━━━━━━━━━━━━━━━━━━━━━━━╇━━━━━━━┩
│ train/skipped_empty_batch │ 1     │
└───────────────────────────┴───────┘
tinker_cookbook.utils.ml_log:192 [INFO] Wrote metrics to logs/sweep-rollouts/llama-rlct-nr128-ctrl/metrics.jsonl
tinker_cookbook.utils.ml_log:265 [INFO] 
               Step 5                
┏━━━━━━━━━━━━━━━━━━━━━━━━━━━┳━━━━━━━┓
┃ Metric                    ┃ Value ┃
┡━━━━━━━━━━━━━━━━━━━━━━━━━━━╇━━━━━━━┩
│ train/skipped_empty_batch │ 1     │
└───────────────────────────┴───────┘
tinker_cookbook.utils.ml_log:192 [INFO] Wrote metrics to logs/sweep-rollouts/llama-rlct-nr128-ctrl/metrics.jsonl
tinker_cookbook.utils.ml_log:265 [INFO] 
                          Step 6                          
┏━━━━━━━━━━━━━━━━━━━━━━━━━━━━━━━━━━━━━━━┳━━━━━━━━━━━━━━━━┓
┃ Metric                                ┃ Value          ┃
┡━━━━━━━━━━━━━━━━━━━━━━━━━━━━━━━━━━━━━━━╇━━━━━━━━━━━━━━━━┩
│ optim/entropy                         │ 2.608654       │
│ optim/kl_sample_train_v1              │ 0.000318       │
│ optim/kl_sample_train_v2              │ 0.000515       │
│ train/advantage_abs_mean              │ 0.078735       │
│ train/anchor_reward_mean              │ -0.000000      │
│ train/anchor_reward_std               │ 0.000704       │
│ train/avg_response_length             │ 367.971831     │
│ train/consistency_gap_1               │ -0.000062      │
│ train/consistency_reward_mean         │ -0.000000      │
│ train/consistency_reward_std          │ 0.000000       │
│ train/epoch                           │ 0              │
│ train/kl_policy_base                  │ 0.009382       │
│ train/n_anchor_rollouts               │ 126            │
│ train/n_consistency_rollouts          │ 16             │
│ train/n_ref_parsed                    │ 126            │
│ train/n_training_parsed               │ 127            │
│ train/p_hat_1                         │ 0.007874       │
│ train/p_ref                           │ 0.007937       │
│ train/p_ref_drift                     │ 0.007937       │
│ train/p_ref_init                      │ 0.000000       │
│ train/parse_rate                      │ 0.988281       │
│ train/rate_var                        │ 0.000000       │
│ train/reward_pert0_trait0_count       │ 125            │
│ train/reward_pert0_trait0_mean        │ 0.000063       │
│ train/reward_pert0_trait1_count       │ 1              │
│ train/reward_pert0_trait1_mean        │ -0.007874      │
│ train/reward_pert1_trait0_count       │ 16             │
│ train/reward_pert1_trait0_mean        │ -0.000000      │
│ train/train/clock_cycle:unique        │ 1513453.000000 │
│ train/train/loss:sum                  │ 857.057556     │
│ train/train/ppo_clipped_fraction:mean │ 0.206915       │
│ train/train/ppo_kl_div:mean           │ 0.795473       │
│ train/train/ppo_mean_ratio:mean       │ 0.836186       │
└───────────────────────────────────────┴────────────────┘
tinker_cookbook.utils.ml_log:192 [INFO] Wrote metrics to logs/sweep-rollouts/llama-rlct-nr128-ctrl/metrics.jsonl
tinker_cookbook.utils.ml_log:265 [INFO] 
                          Step 7                          
┏━━━━━━━━━━━━━━━━━━━━━━━━━━━━━━━━━━━━━━━┳━━━━━━━━━━━━━━━━┓
┃ Metric                                ┃ Value          ┃
┡━━━━━━━━━━━━━━━━━━━━━━━━━━━━━━━━━━━━━━━╇━━━━━━━━━━━━━━━━┩
│ optim/entropy                         │ 1.010261       │
│ optim/kl_sample_train_v1              │ 0.000724       │
│ optim/kl_sample_train_v2              │ 0.000809       │
│ train/advantage_abs_mean              │ 0.111237       │
│ train/anchor_reward_mean              │ 0.000000       │
│ train/anchor_reward_std               │ 0.002008       │
│ train/avg_response_length             │ 278.269504     │
│ train/consistency_gap_1               │ 0.009000       │
│ train/consistency_reward_mean         │ 0.000225       │
│ train/consistency_reward_std          │ 0.000000       │
│ train/epoch                           │ 0              │
│ train/kl_policy_base                  │ 0.006766       │
│ train/n_anchor_rollouts               │ 125            │
│ train/n_consistency_rollouts          │ 16             │
│ train/n_ref_parsed                    │ 125            │
│ train/n_training_parsed               │ 120            │
│ train/p_hat_1                         │ 0.025000       │
│ train/p_ref                           │ 0.016000       │
│ train/p_ref_drift                     │ -0.016000      │
│ train/p_ref_init                      │ 0.032000       │
│ train/parse_rate                      │ 0.957031       │
│ train/rate_var                        │ 0.000020       │
│ train/reward_pert0_trait0_count       │ 123            │
│ train/reward_pert0_trait0_mean        │ -0.000256      │
│ train/reward_pert0_trait1_count       │ 2              │
│ train/reward_pert0_trait1_mean        │ 0.015744       │
│ train/reward_pert1_trait0_count       │ 16             │
│ train/reward_pert1_trait0_mean        │ 0.000225       │
│ train/train/clock_cycle:unique        │ 1513657.000000 │
│ train/train/clock_cycle:unique_1      │ 1513658.000000 │
│ train/train/loss:sum                  │ -469.103281    │
│ train/train/ppo_clipped_fraction:mean │ 0.565723       │
│ train/train/ppo_kl_div:mean           │ 1.845582       │
│ train/train/ppo_mean_ratio:mean       │ 0.542685       │
└───────────────────────────────────────┴────────────────┘
tinker_cookbook.utils.ml_log:192 [INFO] Wrote metrics to logs/sweep-rollouts/llama-rlct-nr128-ctrl/metrics.jsonl
tinker_cookbook.utils.ml_log:265 [INFO] 
                          Step 8                          
┏━━━━━━━━━━━━━━━━━━━━━━━━━━━━━━━━━━━━━━━┳━━━━━━━━━━━━━━━━┓
┃ Metric                                ┃ Value          ┃
┡━━━━━━━━━━━━━━━━━━━━━━━━━━━━━━━━━━━━━━━╇━━━━━━━━━━━━━━━━┩
│ optim/entropy                         │ 6.522106       │
│ optim/kl_sample_train_v1              │ 0.000521       │
│ optim/kl_sample_train_v2              │ 0.000569       │
│ train/advantage_abs_mean              │ 0.488458       │
│ train/anchor_reward_mean              │ 0.000000       │
│ train/anchor_reward_std               │ 0.087342       │
│ train/avg_response_length             │ 913.790909     │
│ train/consistency_gap_1               │ 0.010638       │
│ train/consistency_reward_mean         │ -0.000976      │
│ train/consistency_reward_std          │ 0.004931       │
│ train/epoch                           │ 0              │
│ train/kl_policy_base                  │ 0.004780       │
│ train/n_anchor_rollouts               │ 94             │
│ train/n_consistency_rollouts          │ 16             │
│ train/n_ref_parsed                    │ 94             │
│ train/n_training_parsed               │ 94             │
│ train/p_hat_1                         │ 0.595745       │
│ train/p_ref                           │ 0.585106       │
│ train/p_ref_drift                     │ -0.177270      │
│ train/p_ref_init                      │ 0.762376       │
│ train/parse_rate                      │ 0.734375       │
│ train/rate_var                        │ 0.000028       │
│ train/reward_pert0_trait0_count       │ 39             │
│ train/reward_pert0_trait0_mean        │ -0.103722      │
│ train/reward_pert0_trait1_count       │ 55             │
│ train/reward_pert0_trait1_mean        │ 0.073548       │
│ train/reward_pert1_trait0_count       │ 5              │
│ train/reward_pert1_trait0_mean        │ 0.006338       │
│ train/reward_pert1_trait1_count       │ 11             │
│ train/reward_pert1_trait1_mean        │ -0.004301      │
│ train/train/clock_cycle:unique        │ 1513916.000000 │
│ train/train/clock_cycle:unique_1      │ 1513916.000000 │
│ train/train/loss:sum                  │ 26766.535156   │
│ train/train/ppo_clipped_fraction:mean │ 0.214702       │
│ train/train/ppo_kl_div:mean           │ 0.706131       │
│ train/train/ppo_mean_ratio:mean       │ 0.824679       │
└───────────────────────────────────────┴────────────────┘
tinker_cookbook.utils.ml_log:192 [INFO] Wrote metrics to logs/sweep-rollouts/llama-rlct-nr128-ctrl/metrics.jsonl
tinker_cookbook.utils.ml_log:265 [INFO] 
                          Step 9                          
┏━━━━━━━━━━━━━━━━━━━━━━━━━━━━━━━━━━━━━━━┳━━━━━━━━━━━━━━━━┓
┃ Metric                                ┃ Value          ┃
┡━━━━━━━━━━━━━━━━━━━━━━━━━━━━━━━━━━━━━━━╇━━━━━━━━━━━━━━━━┩
│ optim/entropy                         │ 2.249307       │
│ optim/kl_sample_train_v1              │ 0.000390       │
│ optim/kl_sample_train_v2              │ 0.000540       │
│ train/advantage_abs_mean              │ 0.081504       │
│ train/anchor_reward_mean              │ -0.000000      │
│ train/anchor_reward_std               │ 0.000807       │
│ train/avg_response_length             │ 339.366412     │
│ train/consistency_gap_1               │ -0.008696      │
│ train/consistency_reward_mean         │ 0.000000       │
│ train/consistency_reward_std          │ 0.000000       │
│ train/epoch                           │ 0              │
│ train/kl_policy_base                  │ 0.004732       │
│ train/n_anchor_rollouts               │ 115            │
│ train/n_consistency_rollouts          │ 16             │
│ train/n_ref_parsed                    │ 115            │
│ train/n_training_parsed               │ 116            │
│ train/p_hat_1                         │ 0.000000       │
│ train/p_ref                           │ 0.008696       │
│ train/p_ref_drift                     │ 0.008696       │
│ train/p_ref_init                      │ 0.000000       │
│ train/parse_rate                      │ 0.902344       │
│ train/rate_var                        │ 0.000019       │
│ train/reward_pert0_trait0_count       │ 114            │
│ train/reward_pert0_trait0_mean        │ 0.000076       │
│ train/reward_pert0_trait1_count       │ 1              │
│ train/reward_pert0_trait1_mean        │ -0.008620      │
│ train/reward_pert1_trait0_count       │ 16             │
│ train/reward_pert1_trait0_mean        │ 0.000000       │
│ train/train/clock_cycle:unique        │ 1514167.000000 │
│ train/train/loss:sum                  │ -1358.185886   │
│ train/train/ppo_clipped_fraction:mean │ 0.202833       │
│ train/train/ppo_kl_div:mean           │ 0.724431       │
│ train/train/ppo_mean_ratio:mean       │ 0.833223       │
└───────────────────────────────────────┴────────────────┘
tinker_cookbook.utils.ml_log:192 [INFO] Wrote metrics to logs/sweep-rollouts/llama-rlct-nr128-ctrl/metrics.jsonl
tinker_cookbook.utils.ml_log:265 [INFO] 
               Step 10               
┏━━━━━━━━━━━━━━━━━━━━━━━━━━━┳━━━━━━━┓
┃ Metric                    ┃ Value ┃
┡━━━━━━━━━━━━━━━━━━━━━━━━━━━╇━━━━━━━┩
│ train/skipped_empty_batch │ 1     │
└───────────────────────────┴───────┘
tinker_cookbook.utils.ml_log:192 [INFO] Wrote metrics to logs/sweep-rollouts/llama-rlct-nr128-ctrl/metrics.jsonl
tinker_cookbook.utils.ml_log:265 [INFO] 
                         Step 11                          
┏━━━━━━━━━━━━━━━━━━━━━━━━━━━━━━━━━━━━━━━┳━━━━━━━━━━━━━━━━┓
┃ Metric                                ┃ Value          ┃
┡━━━━━━━━━━━━━━━━━━━━━━━━━━━━━━━━━━━━━━━╇━━━━━━━━━━━━━━━━┩
│ optim/entropy                         │ 1.538110       │
│ optim/kl_sample_train_v1              │ 0.000736       │
│ optim/kl_sample_train_v2              │ 0.001068       │
│ train/advantage_abs_mean              │ 0.284003       │
│ train/anchor_reward_mean              │ 0.000000       │
│ train/anchor_reward_std               │ 0.017430       │
│ train/avg_response_length             │ 369.303704     │
│ train/consistency_gap_1               │ -0.050770      │
│ train/consistency_reward_mean         │ 0.001058       │
│ train/consistency_reward_std          │ 0.012290       │
│ train/epoch                           │ 0              │
│ train/kl_policy_base                  │ 0.007784       │
│ train/n_anchor_rollouts               │ 119            │
│ train/n_consistency_rollouts          │ 16             │
│ train/n_ref_parsed                    │ 119            │
│ train/n_training_parsed               │ 120            │
│ train/p_hat_1                         │ 0.041667       │
│ train/p_ref                           │ 0.092437       │
│ train/p_ref_drift                     │ 0.060179       │
│ train/p_ref_init                      │ 0.032258       │
│ train/parse_rate                      │ 0.933594       │
│ train/rate_var                        │ 0.000644       │
│ train/reward_pert0_trait0_count       │ 108            │
│ train/reward_pert0_trait0_mean        │ 0.005563       │
│ train/reward_pert0_trait1_count       │ 11             │
│ train/reward_pert0_trait1_mean        │ -0.054616      │
│ train/reward_pert1_trait0_count       │ 15             │
│ train/reward_pert1_trait0_mean        │ -0.002115      │
│ train/reward_pert1_trait1_count       │ 1              │
│ train/reward_pert1_trait1_mean        │ 0.048655       │
│ train/train/clock_cycle:unique        │ 1514472.000000 │
│ train/train/loss:sum                  │ 179.875799     │
│ train/train/ppo_clipped_fraction:mean │ 0.142164       │
│ train/train/ppo_kl_div:mean           │ 0.618322       │
│ train/train/ppo_mean_ratio:mean       │ 0.876705       │
└───────────────────────────────────────┴────────────────┘
tinker_cookbook.utils.ml_log:192 [INFO] Wrote metrics to logs/sweep-rollouts/llama-rlct-nr128-ctrl/metrics.jsonl
tinker_cookbook.utils.ml_log:265 [INFO] 
               Step 12               
┏━━━━━━━━━━━━━━━━━━━━━━━━━━━┳━━━━━━━┓
┃ Metric                    ┃ Value ┃
┡━━━━━━━━━━━━━━━━━━━━━━━━━━━╇━━━━━━━┩
│ train/skipped_empty_batch │ 1     │
└───────────────────────────┴───────┘
tinker_cookbook.utils.ml_log:192 [INFO] Wrote metrics to logs/sweep-rollouts/llama-rlct-nr128-ctrl/metrics.jsonl
tinker_cookbook.utils.ml_log:265 [INFO] 
                         Step 13                          
┏━━━━━━━━━━━━━━━━━━━━━━━━━━━━━━━━━━━━━━━┳━━━━━━━━━━━━━━━━┓
┃ Metric                                ┃ Value          ┃
┡━━━━━━━━━━━━━━━━━━━━━━━━━━━━━━━━━━━━━━━╇━━━━━━━━━━━━━━━━┩
│ optim/entropy                         │ 1.347933       │
│ optim/kl_sample_train_v1              │ 0.000513       │
│ optim/kl_sample_train_v2              │ 0.000608       │
│ train/advantage_abs_mean              │ 0.234466       │
│ train/anchor_reward_mean              │ 0.000000       │
│ train/anchor_reward_std               │ 0.008728       │
│ train/avg_response_length             │ 377.350365     │
│ train/consistency_gap_1               │ -0.002733      │
│ train/consistency_reward_mean         │ 0.000020       │
│ train/consistency_reward_std          │ 0.000662       │
│ train/epoch                           │ 0              │
│ train/kl_policy_base                  │ 0.012033       │
│ train/n_anchor_rollouts               │ 121            │
│ train/n_consistency_rollouts          │ 16             │
│ train/n_ref_parsed                    │ 121            │
│ train/n_training_parsed               │ 127            │
│ train/p_hat_1                         │ 0.055118       │
│ train/p_ref                           │ 0.057851       │
│ train/p_ref_drift                     │ -0.037387      │
│ train/p_ref_init                      │ 0.095238       │
│ train/parse_rate                      │ 0.968750       │
│ train/rate_var                        │ 0.000002       │
│ train/reward_pert0_trait0_count       │ 114            │
│ train/reward_pert0_trait0_mean        │ -0.002163      │
│ train/reward_pert0_trait1_count       │ 7              │
│ train/reward_pert0_trait1_mean        │ 0.035224       │
│ train/reward_pert1_trait0_count       │ 15             │
│ train/reward_pert1_trait0_mean        │ -0.000151      │
│ train/reward_pert1_trait1_count       │ 1              │
│ train/reward_pert1_trait1_mean        │ 0.002582       │
│ train/train/clock_cycle:unique        │ 1514733.000000 │
│ train/train/loss:sum                  │ -4486.292068   │
│ train/train/ppo_clipped_fraction:mean │ 0.159014       │
│ train/train/ppo_kl_div:mean           │ 0.659172       │
│ train/train/ppo_mean_ratio:mean       │ 0.868215       │
└───────────────────────────────────────┴────────────────┘
tinker_cookbook.utils.ml_log:192 [INFO] Wrote metrics to logs/sweep-rollouts/llama-rlct-nr128-ctrl/metrics.jsonl
tinker_cookbook.utils.ml_log:265 [INFO] 
                         Step 14                          
┏━━━━━━━━━━━━━━━━━━━━━━━━━━━━━━━━━━━━━━━┳━━━━━━━━━━━━━━━━┓
┃ Metric                                ┃ Value          ┃
┡━━━━━━━━━━━━━━━━━━━━━━━━━━━━━━━━━━━━━━━╇━━━━━━━━━━━━━━━━┩
│ optim/entropy                         │ 1.394032       │
│ optim/kl_sample_train_v1              │ 0.000481       │
│ optim/kl_sample_train_v2              │ 0.000569       │
│ train/advantage_abs_mean              │ 0.305646       │
│ train/anchor_reward_mean              │ 0.000000       │
│ train/anchor_reward_std               │ 0.005963       │
│ train/avg_response_length             │ 456.671642     │
│ train/consistency_gap_1               │ 0.001753       │
│ train/consistency_reward_mean         │ -0.000038      │
│ train/consistency_reward_std          │ 0.000580       │
│ train/epoch                           │ 0              │
│ train/kl_policy_base                  │ 0.006565       │
│ train/n_anchor_rollouts               │ 118            │
│ train/n_consistency_rollouts          │ 16             │
│ train/n_ref_parsed                    │ 118            │
│ train/n_training_parsed               │ 116            │
│ train/p_hat_1                         │ 0.103448       │
│ train/p_ref                           │ 0.101695       │
│ train/p_ref_drift                     │ 0.019728       │
│ train/p_ref_init                      │ 0.081967       │
│ train/parse_rate                      │ 0.914062       │
│ train/rate_var                        │ 0.000001       │
│ train/reward_pert0_trait0_count       │ 106            │
│ train/reward_pert0_trait0_mean        │ 0.002006       │
│ train/reward_pert0_trait1_count       │ 12             │
│ train/reward_pert0_trait1_mean        │ -0.017721      │
│ train/reward_pert1_trait0_count       │ 14             │
│ train/reward_pert1_trait0_mean        │ 0.000181       │
│ train/reward_pert1_trait1_count       │ 2              │
│ train/reward_pert1_trait1_mean        │ -0.001572      │
│ train/train/clock_cycle:unique        │ 1514920.000000 │
│ train/train/loss:sum                  │ -104.262955    │
│ train/train/ppo_clipped_fraction:mean │ 0.141864       │
│ train/train/ppo_kl_div:mean           │ 0.558381       │
│ train/train/ppo_mean_ratio:mean       │ 0.883763       │
└───────────────────────────────────────┴────────────────┘
tinker_cookbook.utils.ml_log:192 [INFO] Wrote metrics to logs/sweep-rollouts/llama-rlct-nr128-ctrl/metrics.jsonl
tinker_cookbook.utils.ml_log:265 [INFO] 
                         Step 15                          
┏━━━━━━━━━━━━━━━━━━━━━━━━━━━━━━━━━━━━━━━┳━━━━━━━━━━━━━━━━┓
┃ Metric                                ┃ Value          ┃
┡━━━━━━━━━━━━━━━━━━━━━━━━━━━━━━━━━━━━━━━╇━━━━━━━━━━━━━━━━┩
│ optim/entropy                         │ 4.454675       │
│ optim/kl_sample_train_v1              │ 0.000458       │
│ optim/kl_sample_train_v2              │ 0.000474       │
│ train/advantage_abs_mean              │ 0.476440       │
│ train/anchor_reward_mean              │ -0.000000      │
│ train/anchor_reward_std               │ 0.019681       │
│ train/avg_response_length             │ 425.377193     │
│ train/consistency_gap_1               │ -0.028650      │
│ train/consistency_reward_mean         │ -0.003857      │
│ train/consistency_reward_std          │ 0.014325       │
│ train/epoch                           │ 0              │
│ train/kl_policy_base                  │ 0.010737       │
│ train/n_anchor_rollouts               │ 98             │
│ train/n_consistency_rollouts          │ 16             │
│ train/n_ref_parsed                    │ 98             │
│ train/n_training_parsed               │ 104            │
│ train/p_hat_1                         │ 0.634615       │
│ train/p_ref                           │ 0.663265       │
│ train/p_ref_drift                     │ 0.041644       │
│ train/p_ref_init                      │ 0.621622       │
│ train/parse_rate                      │ 0.789062       │
│ train/rate_var                        │ 0.000205       │
│ train/reward_pert0_trait0_count       │ 33             │
│ train/reward_pert0_trait0_mean        │ 0.027621       │
│ train/reward_pert0_trait1_count       │ 65             │
│ train/reward_pert0_trait1_mean        │ -0.014023      │
│ train/reward_pert1_trait0_count       │ 8              │
│ train/reward_pert1_trait0_mean        │ -0.018182      │
│ train/reward_pert1_trait1_count       │ 8              │
│ train/reward_pert1_trait1_mean        │ 0.010468       │
│ train/train/clock_cycle:unique        │ 1515137.000000 │
│ train/train/loss:sum                  │ -4935.592640   │
│ train/train/ppo_clipped_fraction:mean │ 0.103045       │
│ train/train/ppo_kl_div:mean           │ 0.492180       │
│ train/train/ppo_mean_ratio:mean       │ 0.911427       │
└───────────────────────────────────────┴────────────────┘
tinker_cookbook.utils.ml_log:192 [INFO] Wrote metrics to logs/sweep-rollouts/llama-rlct-nr128-ctrl/metrics.jsonl
tinker_cookbook.utils.ml_log:265 [INFO] 
               Step 16               
┏━━━━━━━━━━━━━━━━━━━━━━━━━━━┳━━━━━━━┓
┃ Metric                    ┃ Value ┃
┡━━━━━━━━━━━━━━━━━━━━━━━━━━━╇━━━━━━━┩
│ train/skipped_empty_batch │ 1     │
└───────────────────────────┴───────┘
tinker_cookbook.utils.ml_log:192 [INFO] Wrote metrics to logs/sweep-rollouts/llama-rlct-nr128-ctrl/metrics.jsonl
tinker_cookbook.utils.ml_log:265 [INFO] 
                         Step 17                          
┏━━━━━━━━━━━━━━━━━━━━━━━━━━━━━━━━━━━━━━━┳━━━━━━━━━━━━━━━━┓
┃ Metric                                ┃ Value          ┃
┡━━━━━━━━━━━━━━━━━━━━━━━━━━━━━━━━━━━━━━━╇━━━━━━━━━━━━━━━━┩
│ optim/entropy                         │ 0.803216       │
│ optim/kl_sample_train_v1              │ 0.000518       │
│ optim/kl_sample_train_v2              │ 0.000479       │
│ train/advantage_abs_mean              │ 0.110902       │
│ train/anchor_reward_mean              │ -0.000000      │
│ train/anchor_reward_std               │ 0.001984       │
│ train/avg_response_length             │ 337.774648     │
│ train/consistency_gap_1               │ -0.015873      │
│ train/consistency_reward_mean         │ 0.000000       │
│ train/consistency_reward_std          │ 0.000000       │
│ train/epoch                           │ 0              │
│ train/kl_policy_base                  │ 0.007373       │
│ train/n_anchor_rollouts               │ 126            │
│ train/n_consistency_rollouts          │ 16             │
│ train/n_ref_parsed                    │ 126            │
│ train/n_training_parsed               │ 127            │
│ train/p_hat_1                         │ 0.000000       │
│ train/p_ref                           │ 0.015873       │
│ train/p_ref_drift                     │ 0.015873       │
│ train/p_ref_init                      │ 0.000000       │
│ train/parse_rate                      │ 0.988281       │
│ train/rate_var                        │ 0.000063       │
│ train/reward_pert0_trait0_count       │ 124            │
│ train/reward_pert0_trait0_mean        │ 0.000252       │
│ train/reward_pert0_trait1_count       │ 2              │
│ train/reward_pert0_trait1_mean        │ -0.015621      │
│ train/reward_pert1_trait0_count       │ 16             │
│ train/reward_pert1_trait0_mean        │ 0.000000       │
│ train/train/clock_cycle:unique        │ 1515283.000000 │
│ train/train/loss:sum                  │ 7431.141205    │
│ train/train/ppo_clipped_fraction:mean │ 0.161732       │
│ train/train/ppo_kl_div:mean           │ 0.645378       │
│ train/train/ppo_mean_ratio:mean       │ 0.867401       │
└───────────────────────────────────────┴────────────────┘
tinker_cookbook.utils.ml_log:192 [INFO] Wrote metrics to logs/sweep-rollouts/llama-rlct-nr128-ctrl/metrics.jsonl
tinker_cookbook.utils.ml_log:265 [INFO] 
                         Step 18                          
┏━━━━━━━━━━━━━━━━━━━━━━━━━━━━━━━━━━━━━━━┳━━━━━━━━━━━━━━━━┓
┃ Metric                                ┃ Value          ┃
┡━━━━━━━━━━━━━━━━━━━━━━━━━━━━━━━━━━━━━━━╇━━━━━━━━━━━━━━━━┩
│ optim/entropy                         │ 3.972908       │
│ optim/kl_sample_train_v1              │ 0.000223       │
│ optim/kl_sample_train_v2              │ 0.000420       │
│ train/advantage_abs_mean              │ 0.269067       │
│ train/anchor_reward_mean              │ -0.000000      │
│ train/anchor_reward_std               │ 0.015618       │
│ train/avg_response_length             │ 625.921260     │
│ train/consistency_gap_1               │ 0.011512       │
│ train/consistency_reward_mean         │ 0.000346       │
│ train/consistency_reward_std          │ 0.002786       │
│ train/epoch                           │ 0              │
│ train/kl_policy_base                  │ 0.011065       │
│ train/n_anchor_rollouts               │ 111            │
│ train/n_consistency_rollouts          │ 16             │
│ train/n_ref_parsed                    │ 111            │
│ train/n_training_parsed               │ 108            │
│ train/p_hat_1                         │ 0.092593       │
│ train/p_ref                           │ 0.081081       │
│ train/p_ref_drift                     │ -0.057217      │
│ train/p_ref_init                      │ 0.138298       │
│ train/parse_rate                      │ 0.855469       │
│ train/rate_var                        │ 0.000033       │
│ train/reward_pert0_trait0_count       │ 102            │
│ train/reward_pert0_trait0_mean        │ -0.004639      │
│ train/reward_pert0_trait1_count       │ 9              │
│ train/reward_pert0_trait1_mean        │ 0.052578       │
│ train/reward_pert1_trait0_count       │ 15             │
│ train/reward_pert1_trait0_mean        │ 0.001066       │
│ train/reward_pert1_trait1_count       │ 1              │
│ train/reward_pert1_trait1_mean        │ -0.010446      │
│ train/train/clock_cycle:unique        │ 1515569.000000 │
│ train/train/loss:sum                  │ 1599.458405    │
│ train/train/ppo_clipped_fraction:mean │ 0.107538       │
│ train/train/ppo_kl_div:mean           │ 0.411617       │
│ train/train/ppo_mean_ratio:mean       │ 0.911302       │
└───────────────────────────────────────┴────────────────┘
tinker_cookbook.utils.ml_log:192 [INFO] Wrote metrics to logs/sweep-rollouts/llama-rlct-nr128-ctrl/metrics.jsonl
tinker_cookbook.utils.ml_log:265 [INFO] 
               Step 19               
┏━━━━━━━━━━━━━━━━━━━━━━━━━━━┳━━━━━━━┓
┃ Metric                    ┃ Value ┃
┡━━━━━━━━━━━━━━━━━━━━━━━━━━━╇━━━━━━━┩
│ train/skipped_empty_batch │ 1     │
└───────────────────────────┴───────┘
tinker_cookbook.utils.ml_log:192 [INFO] Wrote metrics to logs/sweep-rollouts/llama-rlct-nr128-ctrl/metrics.jsonl
tinker_cookbook.utils.ml_log:265 [INFO] 
                         Step 20                          
┏━━━━━━━━━━━━━━━━━━━━━━━━━━━━━━━━━━━━━━━┳━━━━━━━━━━━━━━━━┓
┃ Metric                                ┃ Value          ┃
┡━━━━━━━━━━━━━━━━━━━━━━━━━━━━━━━━━━━━━━━╇━━━━━━━━━━━━━━━━┩
│ optim/entropy                         │ 5.111952       │
│ optim/kl_sample_train_v1              │ 0.000636       │
│ optim/kl_sample_train_v2              │ 0.000444       │
│ train/advantage_abs_mean              │ 0.320261       │
│ train/anchor_reward_mean              │ -0.000000      │
│ train/anchor_reward_std               │ 0.047324       │
│ train/avg_response_length             │ 532.901786     │
│ train/consistency_gap_1               │ -0.009128      │
│ train/consistency_reward_mean         │ -0.000012      │
│ train/consistency_reward_std          │ 0.003019       │
│ train/epoch                           │ 0              │
│ train/kl_policy_base                  │ 0.022987       │
│ train/n_anchor_rollouts               │ 96             │
│ train/n_consistency_rollouts          │ 16             │
│ train/n_ref_parsed                    │ 96             │
│ train/n_training_parsed               │ 97             │
│ train/p_hat_1                         │ 0.876289       │
│ train/p_ref                           │ 0.885417       │
│ train/p_ref_drift                     │ 0.148575       │
│ train/p_ref_init                      │ 0.736842       │
│ train/parse_rate                      │ 0.753906       │
│ train/rate_var                        │ 0.000021       │
│ train/reward_pert0_trait0_count       │ 11             │
│ train/reward_pert0_trait0_mean        │ 0.131550       │
│ train/reward_pert0_trait1_count       │ 85             │
│ train/reward_pert0_trait1_mean        │ -0.017024      │
│ train/reward_pert1_trait0_count       │ 2              │
│ train/reward_pert1_trait0_mean        │ -0.007999      │
│ train/reward_pert1_trait1_count       │ 14             │
│ train/reward_pert1_trait1_mean        │ 0.001129       │
│ train/train/clock_cycle:unique        │ 1515955.000000 │
│ train/train/loss:sum                  │ -6122.872925   │
│ train/train/ppo_clipped_fraction:mean │ 0.116519       │
│ train/train/ppo_kl_div:mean           │ 0.533830       │
│ train/train/ppo_mean_ratio:mean       │ 0.900065       │
└───────────────────────────────────────┴────────────────┘
tinker_cookbook.utils.ml_log:192 [INFO] Wrote metrics to logs/sweep-rollouts/llama-rlct-nr128-ctrl/metrics.jsonl
tinker_cookbook.utils.ml_log:265 [INFO] 
               Step 21               
┏━━━━━━━━━━━━━━━━━━━━━━━━━━━┳━━━━━━━┓
┃ Metric                    ┃ Value ┃
┡━━━━━━━━━━━━━━━━━━━━━━━━━━━╇━━━━━━━┩
│ train/skipped_empty_batch │ 1     │
└───────────────────────────┴───────┘
tinker_cookbook.utils.ml_log:192 [INFO] Wrote metrics to logs/sweep-rollouts/llama-rlct-nr128-ctrl/metrics.jsonl
tinker_cookbook.utils.ml_log:265 [INFO] 
                         Step 22                          
┏━━━━━━━━━━━━━━━━━━━━━━━━━━━━━━━━━━━━━━━┳━━━━━━━━━━━━━━━━┓
┃ Metric                                ┃ Value          ┃
┡━━━━━━━━━━━━━━━━━━━━━━━━━━━━━━━━━━━━━━━╇━━━━━━━━━━━━━━━━┩
│ optim/entropy                         │ 2.518152       │
│ optim/kl_sample_train_v1              │ 0.000619       │
│ optim/kl_sample_train_v2              │ 0.000683       │
│ train/advantage_abs_mean              │ 0.160850       │
│ train/anchor_reward_mean              │ 0.000000       │
│ train/anchor_reward_std               │ 0.001075       │
│ train/avg_response_length             │ 504.755725     │
│ train/consistency_gap_1               │ -0.008696      │
│ train/consistency_reward_mean         │ -0.000227      │
│ train/consistency_reward_std          │ 0.000000       │
│ train/epoch                           │ 0              │
│ train/kl_policy_base                  │ 0.015000       │
│ train/n_anchor_rollouts               │ 115            │
│ train/n_consistency_rollouts          │ 16             │
│ train/n_ref_parsed                    │ 115            │
│ train/n_training_parsed               │ 115            │
│ train/p_hat_1                         │ 0.026087       │
│ train/p_ref                           │ 0.034783       │
│ train/p_ref_drift                     │ -0.005868      │
│ train/p_ref_init                      │ 0.040650       │
│ train/parse_rate                      │ 0.898438       │
│ train/rate_var                        │ 0.000019       │
│ train/reward_pert0_trait0_count       │ 111            │
│ train/reward_pert0_trait0_mean        │ -0.000204      │
│ train/reward_pert0_trait1_count       │ 4              │
│ train/reward_pert0_trait1_mean        │ 0.005664       │
│ train/reward_pert1_trait0_count       │ 16             │
│ train/reward_pert1_trait0_mean        │ -0.000227      │
│ train/train/clock_cycle:unique        │ 1516167.000000 │
│ train/train/loss:sum                  │ 845.427917     │
│ train/train/ppo_clipped_fraction:mean │ 0.313672       │
│ train/train/ppo_kl_div:mean           │ 0.984581       │
│ train/train/ppo_mean_ratio:mean       │ 0.746537       │
└───────────────────────────────────────┴────────────────┘
tinker_cookbook.utils.ml_log:192 [INFO] Wrote metrics to logs/sweep-rollouts/llama-rlct-nr128-ctrl/metrics.jsonl
tinker_cookbook.utils.ml_log:265 [INFO] 
                         Step 23                          
┏━━━━━━━━━━━━━━━━━━━━━━━━━━━━━━━━━━━━━━━┳━━━━━━━━━━━━━━━━┓
┃ Metric                                ┃ Value          ┃
┡━━━━━━━━━━━━━━━━━━━━━━━━━━━━━━━━━━━━━━━╇━━━━━━━━━━━━━━━━┩
│ optim/entropy                         │ 0.695150       │
│ optim/kl_sample_train_v1              │ 0.000561       │
│ optim/kl_sample_train_v2              │ 0.000553       │
│ train/advantage_abs_mean              │ 0.368229       │
│ train/anchor_reward_mean              │ 0.000000       │
│ train/anchor_reward_std               │ 0.057090       │
│ train/avg_response_length             │ 203.823944     │
│ train/consistency_gap_1               │ -0.049270      │
│ train/consistency_reward_mean         │ 0.001010       │
│ train/consistency_reward_std          │ 0.019231       │
│ train/epoch                           │ 0              │
│ train/kl_policy_base                  │ 0.019781       │
│ train/n_anchor_rollouts               │ 126            │
│ train/n_consistency_rollouts          │ 16             │
│ train/n_ref_parsed                    │ 126            │
│ train/n_training_parsed               │ 125            │
│ train/p_hat_1                         │ 0.792000       │
│ train/p_ref                           │ 0.841270       │
│ train/p_ref_drift                     │ 0.156230       │
│ train/p_ref_init                      │ 0.685039       │
│ train/parse_rate                      │ 0.980469       │
│ train/rate_var                        │ 0.000607       │
│ train/reward_pert0_trait0_count       │ 20             │
│ train/reward_pert0_trait0_mean        │ 0.131432       │
│ train/reward_pert0_trait1_count       │ 106            │
│ train/reward_pert0_trait1_mean        │ -0.024798      │
│ train/reward_pert1_trait0_count       │ 3              │
│ train/reward_pert1_trait0_mean        │ -0.039022      │
│ train/reward_pert1_trait1_count       │ 13             │
│ train/reward_pert1_trait1_mean        │ 0.010248       │
│ train/train/clock_cycle:unique        │ 1516230.000000 │
│ train/train/loss:sum                  │ -327.976774    │
│ train/train/ppo_clipped_fraction:mean │ 0.199251       │
│ train/train/ppo_kl_div:mean           │ 1.022180       │
│ train/train/ppo_mean_ratio:mean       │ 0.828582       │
└───────────────────────────────────────┴────────────────┘
tinker_cookbook.utils.ml_log:192 [INFO] Wrote metrics to logs/sweep-rollouts/llama-rlct-nr128-ctrl/metrics.jsonl
tinker_cookbook.utils.ml_log:265 [INFO] 
               Step 24               
┏━━━━━━━━━━━━━━━━━━━━━━━━━━━┳━━━━━━━┓
┃ Metric                    ┃ Value ┃
┡━━━━━━━━━━━━━━━━━━━━━━━━━━━╇━━━━━━━┩
│ train/skipped_empty_batch │ 1     │
└───────────────────────────┴───────┘
tinker_cookbook.utils.ml_log:192 [INFO] Wrote metrics to logs/sweep-rollouts/llama-rlct-nr128-ctrl/metrics.jsonl
tinker_cookbook.utils.ml_log:265 [INFO] 
               Step 25               
┏━━━━━━━━━━━━━━━━━━━━━━━━━━━┳━━━━━━━┓
┃ Metric                    ┃ Value ┃
┡━━━━━━━━━━━━━━━━━━━━━━━━━━━╇━━━━━━━┩
│ train/skipped_empty_batch │ 1     │
└───────────────────────────┴───────┘
tinker_cookbook.checkpoint_utils:461 [INFO] Saved checkpoints: {'sampler_path': 'tinker://04b6703c-9353-5fc8-a28d-45faf29f15c0:train:0/sampler_weights/sweep-rollouts_llama-rlct-nr128-ctrl_step25'}
tinker_cookbook.utils.ml_log:192 [INFO] Wrote metrics to logs/sweep-rollouts/llama-rlct-nr128-ctrl/metrics.jsonl
tinker_cookbook.utils.ml_log:265 [INFO] 
                                    Step 25                                     
┏━━━━━━━━━━━━━━━━━━━━━━┳━━━━━━━━━━━━━━━━━━━━━━━━━━━━━━━━━━━━━━━━━━━━━━━━━━━━━━━┓
┃ Metric               ┃ Value                                                 ┃
┡━━━━━━━━━━━━━━━━━━━━━━╇━━━━━━━━━━━━━━━━━━━━━━━━━━━━━━━━━━━━━━━━━━━━━━━━━━━━━━━┩
│ checkpoint           │ tinker://04b6703c-9353-5fc8-a28d-45faf29f15c0:train:… │
└──────────────────────┴───────────────────────────────────────────────────────┘
tinker_cookbook.utils.ml_log:192 [INFO] Wrote metrics to logs/sweep-rollouts/llama-rlct-nr128-ctrl/metrics.jsonl
tinker_cookbook.utils.ml_log:265 [INFO] 
                         Step 26                          
┏━━━━━━━━━━━━━━━━━━━━━━━━━━━━━━━━━━━━━━━┳━━━━━━━━━━━━━━━━┓
┃ Metric                                ┃ Value          ┃
┡━━━━━━━━━━━━━━━━━━━━━━━━━━━━━━━━━━━━━━━╇━━━━━━━━━━━━━━━━┩
│ optim/entropy                         │ 1.230779       │
│ optim/kl_sample_train_v1              │ 0.000563       │
│ optim/kl_sample_train_v2              │ 0.000562       │
│ train/advantage_abs_mean              │ 0.110902       │
│ train/anchor_reward_mean              │ 0.000000       │
│ train/anchor_reward_std               │ 0.000992       │
│ train/avg_response_length             │ 289.598592     │
│ train/consistency_gap_1               │ 0.008127       │
│ train/consistency_reward_mean         │ 0.000195       │
│ train/consistency_reward_std          │ 0.000000       │
│ train/epoch                           │ 0              │
│ train/kl_policy_base                  │ 0.018507       │
│ train/n_anchor_rollouts               │ 126            │
│ train/n_consistency_rollouts          │ 16             │
│ train/n_ref_parsed                    │ 126            │
│ train/n_training_parsed               │ 125            │
│ train/p_hat_1                         │ 0.024000       │
│ train/p_ref                           │ 0.015873       │
│ train/p_ref_drift                     │ -0.007937      │
│ train/p_ref_init                      │ 0.023810       │
│ train/parse_rate                      │ 0.980469       │
│ train/rate_var                        │ 0.000017       │
│ train/reward_pert0_trait0_count       │ 124            │
│ train/reward_pert0_trait0_mean        │ -0.000126      │
│ train/reward_pert0_trait1_count       │ 2              │
│ train/reward_pert0_trait1_mean        │ 0.007811       │
│ train/reward_pert1_trait0_count       │ 16             │
│ train/reward_pert1_trait0_mean        │ 0.000195       │
│ train/train/clock_cycle:unique        │ 1516594.000000 │
│ train/train/loss:sum                  │ -459.055321    │
│ train/train/ppo_clipped_fraction:mean │ 0.200317       │
│ train/train/ppo_kl_div:mean           │ 0.775466       │
│ train/train/ppo_mean_ratio:mean       │ 0.837281       │
└───────────────────────────────────────┴────────────────┘
tinker_cookbook.utils.ml_log:192 [INFO] Wrote metrics to logs/sweep-rollouts/llama-rlct-nr128-ctrl/metrics.jsonl
tinker_cookbook.utils.ml_log:265 [INFO] 
                         Step 27                          
┏━━━━━━━━━━━━━━━━━━━━━━━━━━━━━━━━━━━━━━━┳━━━━━━━━━━━━━━━━┓
┃ Metric                                ┃ Value          ┃
┡━━━━━━━━━━━━━━━━━━━━━━━━━━━━━━━━━━━━━━━╇━━━━━━━━━━━━━━━━┩
│ optim/entropy                         │ 0.922909       │
│ optim/kl_sample_train_v1              │ 0.000539       │
│ optim/kl_sample_train_v2              │ 0.000723       │
│ train/advantage_abs_mean              │ 0.485009       │
│ train/anchor_reward_mean              │ -0.000000      │
│ train/anchor_reward_std               │ 0.210192       │
│ train/avg_response_length             │ 231.942446     │
│ train/consistency_gap_1               │ -0.088657      │
│ train/consistency_reward_mean         │ 0.000967       │
│ train/consistency_reward_std          │ 0.041093       │
│ train/epoch                           │ 0              │
│ train/kl_policy_base                  │ 0.023250       │
│ train/n_anchor_rollouts               │ 123            │
│ train/n_consistency_rollouts          │ 16             │
│ train/n_ref_parsed                    │ 123            │
│ train/n_training_parsed               │ 126            │
│ train/p_hat_1                         │ 0.301587       │
│ train/p_ref                           │ 0.390244       │
│ train/p_ref_drift                     │ -0.430894      │
│ train/p_ref_init                      │ 0.821138       │
│ train/parse_rate                      │ 0.972656       │
│ train/rate_var                        │ 0.001965       │
│ train/reward_pert0_trait0_count       │ 75             │
│ train/reward_pert0_trait0_mean        │ -0.168154      │
│ train/reward_pert0_trait1_count       │ 48             │
│ train/reward_pert0_trait1_mean        │ 0.262740       │
│ train/reward_pert1_trait0_count       │ 11             │
│ train/reward_pert1_trait0_mean        │ -0.026738      │
│ train/reward_pert1_trait1_count       │ 5              │
│ train/reward_pert1_trait1_mean        │ 0.061919       │
│ train/train/clock_cycle:unique        │ 1516684.000000 │
│ train/train/loss:sum                  │ 396.831532     │
│ train/train/ppo_clipped_fraction:mean │ 0.279982       │
│ train/train/ppo_kl_div:mean           │ 1.182521       │
│ train/train/ppo_mean_ratio:mean       │ 0.766586       │
└───────────────────────────────────────┴────────────────┘
tinker_cookbook.utils.ml_log:192 [INFO] Wrote metrics to logs/sweep-rollouts/llama-rlct-nr128-ctrl/metrics.jsonl
tinker_cookbook.utils.ml_log:265 [INFO] 
                         Step 28                          
┏━━━━━━━━━━━━━━━━━━━━━━━━━━━━━━━━━━━━━━━┳━━━━━━━━━━━━━━━━┓
┃ Metric                                ┃ Value          ┃
┡━━━━━━━━━━━━━━━━━━━━━━━━━━━━━━━━━━━━━━━╇━━━━━━━━━━━━━━━━┩
│ optim/entropy                         │ 2.106417       │
│ optim/kl_sample_train_v1              │ 0.000391       │
│ optim/kl_sample_train_v2              │ 0.000576       │
│ train/advantage_abs_mean              │ 0.110569       │
│ train/anchor_reward_mean              │ -0.000000      │
│ train/anchor_reward_std               │ 0.001961       │
│ train/avg_response_length             │ 281.426573     │
│ train/consistency_gap_1               │ -0.008061      │
│ train/consistency_reward_mean         │ 0.000192       │
│ train/consistency_reward_std          │ 0.000000       │
│ train/epoch                           │ 0              │
│ train/kl_policy_base                  │ 0.019303       │
│ train/n_anchor_rollouts               │ 127            │
│ train/n_consistency_rollouts          │ 16             │
│ train/n_ref_parsed                    │ 127            │
│ train/n_training_parsed               │ 126            │
│ train/p_hat_1                         │ 0.976190       │
│ train/p_ref                           │ 0.984252       │
│ train/p_ref_drift                     │ -0.015748      │
│ train/p_ref_init                      │ 1.000000       │
│ train/parse_rate                      │ 0.988281       │
│ train/rate_var                        │ 0.000016       │
│ train/reward_pert0_trait0_count       │ 2              │
│ train/reward_pert0_trait0_mean        │ -0.015500      │
│ train/reward_pert0_trait1_count       │ 125            │
│ train/reward_pert0_trait1_mean        │ 0.000248       │
│ train/reward_pert1_trait1_count       │ 16             │
│ train/reward_pert1_trait1_mean        │ 0.000192       │
│ train/train/clock_cycle:unique        │ 1516831.000000 │
│ train/train/loss:sum                  │ -128.977020    │
│ train/train/ppo_clipped_fraction:mean │ 0.164182       │
│ train/train/ppo_kl_div:mean           │ 0.818092       │
│ train/train/ppo_mean_ratio:mean       │ 0.856424       │
└───────────────────────────────────────┴────────────────┘
tinker_cookbook.utils.ml_log:192 [INFO] Wrote metrics to logs/sweep-rollouts/llama-rlct-nr128-ctrl/metrics.jsonl
tinker_cookbook.utils.ml_log:265 [INFO] 
               Step 29               
┏━━━━━━━━━━━━━━━━━━━━━━━━━━━┳━━━━━━━┓
┃ Metric                    ┃ Value ┃
┡━━━━━━━━━━━━━━━━━━━━━━━━━━━╇━━━━━━━┩
│ train/skipped_empty_batch │ 1     │
└───────────────────────────┴───────┘
tinker_cookbook.utils.ml_log:192 [INFO] Wrote metrics to logs/sweep-rollouts/llama-rlct-nr128-ctrl/metrics.jsonl
tinker_cookbook.utils.ml_log:265 [INFO] 
               Step 30               
┏━━━━━━━━━━━━━━━━━━━━━━━━━━━┳━━━━━━━┓
┃ Metric                    ┃ Value ┃
┡━━━━━━━━━━━━━━━━━━━━━━━━━━━╇━━━━━━━┩
│ train/skipped_empty_batch │ 1     │
└───────────────────────────┴───────┘
tinker_cookbook.utils.ml_log:192 [INFO] Wrote metrics to logs/sweep-rollouts/llama-rlct-nr128-ctrl/metrics.jsonl
tinker_cookbook.utils.ml_log:265 [INFO] 
                         Step 31                          
┏━━━━━━━━━━━━━━━━━━━━━━━━━━━━━━━━━━━━━━━┳━━━━━━━━━━━━━━━━┓
┃ Metric                                ┃ Value          ┃
┡━━━━━━━━━━━━━━━━━━━━━━━━━━━━━━━━━━━━━━━╇━━━━━━━━━━━━━━━━┩
│ optim/entropy                         │ 3.719609       │
│ optim/kl_sample_train_v1              │ 0.000688       │
│ optim/kl_sample_train_v2              │ 0.000559       │
│ train/advantage_abs_mean              │ 0.266260       │
│ train/anchor_reward_mean              │ -0.000000      │
│ train/anchor_reward_std               │ 0.001958       │
│ train/avg_response_length             │ 546.584615     │
│ train/consistency_gap_1               │ -0.013527      │
│ train/consistency_reward_mean         │ -0.000040      │
│ train/consistency_reward_std          │ 0.003274       │
│ train/epoch                           │ 0              │
│ train/kl_policy_base                  │ 0.015210       │
│ train/n_anchor_rollouts               │ 114            │
│ train/n_consistency_rollouts          │ 16             │
│ train/n_ref_parsed                    │ 114            │
│ train/n_training_parsed               │ 107            │
│ train/p_hat_1                         │ 0.065421       │
│ train/p_ref                           │ 0.078947       │
│ train/p_ref_drift                     │ -0.007260      │
│ train/p_ref_init                      │ 0.086207       │
│ train/parse_rate                      │ 0.863281       │
│ train/rate_var                        │ 0.000046       │
│ train/reward_pert0_trait0_count       │ 105            │
│ train/reward_pert0_trait0_mean        │ -0.000573      │
│ train/reward_pert0_trait1_count       │ 9              │
│ train/reward_pert0_trait1_mean        │ 0.006686       │
│ train/reward_pert1_trait0_count       │ 15             │
│ train/reward_pert1_trait0_mean        │ -0.000885      │
│ train/reward_pert1_trait1_count       │ 1              │
│ train/reward_pert1_trait1_mean        │ 0.012642       │
│ train/train/clock_cycle:unique        │ 1517247.000000 │
│ train/train/loss:sum                  │ 1449.314861    │
│ train/train/ppo_clipped_fraction:mean │ 0.112172       │
│ train/train/ppo_kl_div:mean           │ 0.484452       │
│ train/train/ppo_mean_ratio:mean       │ 0.905804       │
└───────────────────────────────────────┴────────────────┘
tinker_cookbook.utils.ml_log:192 [INFO] Wrote metrics to logs/sweep-rollouts/llama-rlct-nr128-ctrl/metrics.jsonl
tinker_cookbook.utils.ml_log:265 [INFO] 
                         Step 32                          
┏━━━━━━━━━━━━━━━━━━━━━━━━━━━━━━━━━━━━━━━┳━━━━━━━━━━━━━━━━┓
┃ Metric                                ┃ Value          ┃
┡━━━━━━━━━━━━━━━━━━━━━━━━━━━━━━━━━━━━━━━╇━━━━━━━━━━━━━━━━┩
│ optim/entropy                         │ 1.169597       │
│ optim/kl_sample_train_v1              │ 0.000757       │
│ optim/kl_sample_train_v2              │ 0.000640       │
│ train/advantage_abs_mean              │ 0.481064       │
│ train/anchor_reward_mean              │ 0.000000       │
│ train/anchor_reward_std               │ 0.300363       │
│ train/avg_response_length             │ 294.218310     │
│ train/consistency_gap_1               │ -0.066857      │
│ train/consistency_reward_mean         │ -0.009260      │
│ train/consistency_reward_std          │ 0.033166       │
│ train/epoch                           │ 0              │
│ train/kl_policy_base                  │ 0.033680       │
│ train/n_anchor_rollouts               │ 126            │
│ train/n_consistency_rollouts          │ 16             │
│ train/n_ref_parsed                    │ 126            │
│ train/n_training_parsed               │ 125            │
│ train/p_hat_1                         │ 0.576000       │
│ train/p_ref                           │ 0.642857       │
│ train/p_ref_drift                     │ 0.626857       │
│ train/p_ref_init                      │ 0.016000       │
│ train/parse_rate                      │ 0.980469       │
│ train/rate_var                        │ 0.001117       │
│ train/reward_pert0_trait0_count       │ 45             │
│ train/reward_pert0_trait0_mean        │ 0.402980       │
│ train/reward_pert0_trait1_count       │ 81             │
│ train/reward_pert0_trait1_mean        │ -0.223878      │
│ train/reward_pert1_trait0_count       │ 9              │
│ train/reward_pert1_trait0_mean        │ -0.038510      │
│ train/reward_pert1_trait1_count       │ 7              │
│ train/reward_pert1_trait1_mean        │ 0.028347       │
│ train/train/clock_cycle:unique        │ 1517338.000000 │
│ train/train/loss:sum                  │ -2026.756805   │
│ train/train/ppo_clipped_fraction:mean │ 0.250146       │
│ train/train/ppo_kl_div:mean           │ 1.050982       │
│ train/train/ppo_mean_ratio:mean       │ 0.793433       │
└───────────────────────────────────────┴────────────────┘
tinker_cookbook.utils.ml_log:192 [INFO] Wrote metrics to logs/sweep-rollouts/llama-rlct-nr128-ctrl/metrics.jsonl
tinker_cookbook.utils.ml_log:265 [INFO] 
                         Step 33                          
┏━━━━━━━━━━━━━━━━━━━━━━━━━━━━━━━━━━━━━━━┳━━━━━━━━━━━━━━━━┓
┃ Metric                                ┃ Value          ┃
┡━━━━━━━━━━━━━━━━━━━━━━━━━━━━━━━━━━━━━━━╇━━━━━━━━━━━━━━━━┩
│ optim/entropy                         │ 0.952465       │
│ optim/kl_sample_train_v1              │ 0.001017       │
│ optim/kl_sample_train_v2              │ 0.000811       │
│ train/advantage_abs_mean              │ 0.498601       │
│ train/anchor_reward_mean              │ 0.000000       │
│ train/anchor_reward_std               │ 0.047915       │
│ train/avg_response_length             │ 376.288732     │
│ train/consistency_gap_1               │ -0.063492      │
│ train/consistency_reward_mean         │ 0.001512       │
│ train/consistency_reward_std          │ 0.031746       │
│ train/epoch                           │ 0              │
│ train/kl_policy_base                  │ 0.019931       │
│ train/n_anchor_rollouts               │ 126            │
│ train/n_consistency_rollouts          │ 16             │
│ train/n_ref_parsed                    │ 126            │
│ train/n_training_parsed               │ 126            │
│ train/p_hat_1                         │ 0.476190       │
│ train/p_ref                           │ 0.539683       │
│ train/p_ref_drift                     │ 0.096134       │
│ train/p_ref_init                      │ 0.443548       │
│ train/parse_rate                      │ 0.984375       │
│ train/rate_var                        │ 0.001008       │
│ train/reward_pert0_trait0_count       │ 58             │
│ train/reward_pert0_trait0_mean        │ 0.051882       │
│ train/reward_pert0_trait1_count       │ 68             │
│ train/reward_pert0_trait1_mean        │ -0.044252      │
│ train/reward_pert1_trait0_count       │ 8              │
│ train/reward_pert1_trait0_mean        │ -0.030234      │
│ train/reward_pert1_trait1_count       │ 8              │
│ train/reward_pert1_trait1_mean        │ 0.033258       │
│ train/train/clock_cycle:unique        │ 1517437.000000 │
│ train/train/loss:sum                  │ -8.612915      │
│ train/train/ppo_clipped_fraction:mean │ 0.370313       │
│ train/train/ppo_kl_div:mean           │ 1.153177       │
│ train/train/ppo_mean_ratio:mean       │ 0.705194       │
└───────────────────────────────────────┴────────────────┘
tinker_cookbook.utils.ml_log:192 [INFO] Wrote metrics to logs/sweep-rollouts/llama-rlct-nr128-ctrl/metrics.jsonl
tinker_cookbook.utils.ml_log:265 [INFO] 
                         Step 34                          
┏━━━━━━━━━━━━━━━━━━━━━━━━━━━━━━━━━━━━━━━┳━━━━━━━━━━━━━━━━┓
┃ Metric                                ┃ Value          ┃
┡━━━━━━━━━━━━━━━━━━━━━━━━━━━━━━━━━━━━━━━╇━━━━━━━━━━━━━━━━┩
│ optim/entropy                         │ 1.706742       │
│ optim/kl_sample_train_v1              │ 0.000700       │
│ optim/kl_sample_train_v2              │ 0.000686       │
│ train/advantage_abs_mean              │ 0.210162       │
│ train/anchor_reward_mean              │ -0.000000      │
│ train/anchor_reward_std               │ 0.000386       │
│ train/avg_response_length             │ 502.488372     │
│ train/consistency_gap_1               │ -0.002231      │
│ train/consistency_reward_mean         │ 0.000046       │
│ train/consistency_reward_std          │ 0.000540       │
│ train/epoch                           │ 0              │
│ train/kl_policy_base                  │ 0.020043       │
│ train/n_anchor_rollouts               │ 113            │
│ train/n_consistency_rollouts          │ 16             │
│ train/n_ref_parsed                    │ 113            │
│ train/n_training_parsed               │ 119            │
│ train/p_hat_1                         │ 0.042017       │
│ train/p_ref                           │ 0.044248       │
│ train/p_ref_drift                     │ 0.001875       │
│ train/p_ref_init                      │ 0.042373       │
│ train/parse_rate                      │ 0.906250       │
│ train/rate_var                        │ 0.000001       │
│ train/reward_pert0_trait0_count       │ 108            │
│ train/reward_pert0_trait0_mean        │ 0.000083       │
│ train/reward_pert0_trait1_count       │ 5              │
│ train/reward_pert0_trait1_mean        │ -0.001792      │
│ train/reward_pert1_trait0_count       │ 15             │
│ train/reward_pert1_trait0_mean        │ -0.000094      │
│ train/reward_pert1_trait1_count       │ 1              │
│ train/reward_pert1_trait1_mean        │ 0.002137       │
│ train/train/clock_cycle:unique        │ 1517616.000000 │
│ train/train/loss:sum                  │ -237.644730    │
│ train/train/ppo_clipped_fraction:mean │ 0.128967       │
│ train/train/ppo_kl_div:mean           │ 0.536553       │
│ train/train/ppo_mean_ratio:mean       │ 0.893882       │
└───────────────────────────────────────┴────────────────┘
tinker_cookbook.utils.ml_log:192 [INFO] Wrote metrics to logs/sweep-rollouts/llama-rlct-nr128-ctrl/metrics.jsonl
tinker_cookbook.utils.ml_log:265 [INFO] 
               Step 35               
┏━━━━━━━━━━━━━━━━━━━━━━━━━━━┳━━━━━━━┓
┃ Metric                    ┃ Value ┃
┡━━━━━━━━━━━━━━━━━━━━━━━━━━━╇━━━━━━━┩
│ train/skipped_empty_batch │ 1     │
└───────────────────────────┴───────┘
tinker_cookbook.utils.ml_log:192 [INFO] Wrote metrics to logs/sweep-rollouts/llama-rlct-nr128-ctrl/metrics.jsonl
tinker_cookbook.utils.ml_log:265 [INFO] 
               Step 36               
┏━━━━━━━━━━━━━━━━━━━━━━━━━━━┳━━━━━━━┓
┃ Metric                    ┃ Value ┃
┡━━━━━━━━━━━━━━━━━━━━━━━━━━━╇━━━━━━━┩
│ train/skipped_empty_batch │ 1     │
└───────────────────────────┴───────┘
tinker_cookbook.utils.ml_log:192 [INFO] Wrote metrics to logs/sweep-rollouts/llama-rlct-nr128-ctrl/metrics.jsonl
tinker_cookbook.utils.ml_log:265 [INFO] 
                         Step 37                          
┏━━━━━━━━━━━━━━━━━━━━━━━━━━━━━━━━━━━━━━━┳━━━━━━━━━━━━━━━━┓
┃ Metric                                ┃ Value          ┃
┡━━━━━━━━━━━━━━━━━━━━━━━━━━━━━━━━━━━━━━━╇━━━━━━━━━━━━━━━━┩
│ optim/entropy                         │ 2.335017       │
│ optim/kl_sample_train_v1              │ 0.001083       │
│ optim/kl_sample_train_v2              │ 0.000713       │
│ train/advantage_abs_mean              │ 0.370876       │
│ train/anchor_reward_mean              │ -0.000000      │
│ train/anchor_reward_std               │ 0.000608       │
│ train/avg_response_length             │ 374.829630     │
│ train/consistency_gap_1               │ -0.040806      │
│ train/consistency_reward_mean         │ -0.003328      │
│ train/consistency_reward_std          │ 0.009878       │
│ train/epoch                           │ 0              │
│ train/kl_policy_base                  │ 0.019371       │
│ train/n_anchor_rollouts               │ 119            │
│ train/n_consistency_rollouts          │ 16             │
│ train/n_ref_parsed                    │ 119            │
│ train/n_training_parsed               │ 118            │
│ train/p_hat_1                         │ 0.144068       │
│ train/p_ref                           │ 0.184874       │
│ train/p_ref_drift                     │ -0.001567      │
│ train/p_ref_init                      │ 0.186441       │
│ train/parse_rate                      │ 0.925781       │
│ train/rate_var                        │ 0.000416       │
│ train/reward_pert0_trait0_count       │ 97             │
│ train/reward_pert0_trait0_mean        │ -0.000290      │
│ train/reward_pert0_trait1_count       │ 22             │
│ train/reward_pert0_trait1_mean        │ 0.001277       │
│ train/reward_pert1_trait0_count       │ 15             │
│ train/reward_pert1_trait0_mean        │ -0.005879      │
│ train/reward_pert1_trait1_count       │ 1              │
│ train/reward_pert1_trait1_mean        │ 0.034927       │
│ train/train/clock_cycle:unique        │ 1518172.000000 │
│ train/train/loss:sum                  │ 70.034546      │
│ train/train/ppo_clipped_fraction:mean │ 0.331383       │
│ train/train/ppo_kl_div:mean           │ 1.063486       │
│ train/train/ppo_mean_ratio:mean       │ 0.732712       │
└───────────────────────────────────────┴────────────────┘
tinker_cookbook.utils.ml_log:192 [INFO] Wrote metrics to logs/sweep-rollouts/llama-rlct-nr128-ctrl/metrics.jsonl
tinker_cookbook.utils.ml_log:265 [INFO] 
                         Step 38                          
┏━━━━━━━━━━━━━━━━━━━━━━━━━━━━━━━━━━━━━━━┳━━━━━━━━━━━━━━━━┓
┃ Metric                                ┃ Value          ┃
┡━━━━━━━━━━━━━━━━━━━━━━━━━━━━━━━━━━━━━━━╇━━━━━━━━━━━━━━━━┩
│ optim/entropy                         │ 0.985655       │
│ optim/kl_sample_train_v1              │ 0.000380       │
│ optim/kl_sample_train_v2              │ 0.000475       │
│ train/advantage_abs_mean              │ 0.477564       │
│ train/anchor_reward_mean              │ 0.000000       │
│ train/anchor_reward_std               │ 0.032132       │
│ train/avg_response_length             │ 400.884615     │
│ train/consistency_gap_1               │ -0.014416      │
│ train/consistency_reward_mean         │ -0.002068      │
│ train/consistency_reward_std          │ 0.007208       │
│ train/epoch                           │ 0              │
│ train/kl_policy_base                  │ 0.015222       │
│ train/n_anchor_rollouts               │ 114            │
│ train/n_consistency_rollouts          │ 16             │
│ train/n_ref_parsed                    │ 114            │
│ train/n_training_parsed               │ 115            │
│ train/p_hat_1                         │ 0.643478       │
│ train/p_ref                           │ 0.657895       │
│ train/p_ref_drift                     │ 0.067731       │
│ train/p_ref_init                      │ 0.590164       │
│ train/parse_rate                      │ 0.894531       │
│ train/rate_var                        │ 0.000052       │
│ train/reward_pert0_trait0_count       │ 39             │
│ train/reward_pert0_trait0_mean        │ 0.044560       │
│ train/reward_pert0_trait1_count       │ 75             │
│ train/reward_pert0_trait1_mean        │ -0.023171      │
│ train/reward_pert1_trait0_count       │ 8              │
│ train/reward_pert1_trait0_mean        │ -0.009277      │
│ train/reward_pert1_trait1_count       │ 8              │
│ train/reward_pert1_trait1_mean        │ 0.005140       │
│ train/train/clock_cycle:unique        │ 1518359.000000 │
│ train/train/loss:sum                  │ 339.877274     │
│ train/train/ppo_clipped_fraction:mean │ 0.151563       │
│ train/train/ppo_kl_div:mean           │ 0.639732       │
│ train/train/ppo_mean_ratio:mean       │ 0.868008       │
└───────────────────────────────────────┴────────────────┘
tinker_cookbook.utils.ml_log:192 [INFO] Wrote metrics to logs/sweep-rollouts/llama-rlct-nr128-ctrl/metrics.jsonl
tinker_cookbook.utils.ml_log:265 [INFO] 
               Step 39               
┏━━━━━━━━━━━━━━━━━━━━━━━━━━━┳━━━━━━━┓
┃ Metric                    ┃ Value ┃
┡━━━━━━━━━━━━━━━━━━━━━━━━━━━╇━━━━━━━┩
│ train/skipped_empty_batch │ 1     │
└───────────────────────────┴───────┘
tinker_cookbook.utils.ml_log:192 [INFO] Wrote metrics to logs/sweep-rollouts/llama-rlct-nr128-ctrl/metrics.jsonl
tinker_cookbook.utils.ml_log:265 [INFO] 
                         Step 40                          
┏━━━━━━━━━━━━━━━━━━━━━━━━━━━━━━━━━━━━━━━┳━━━━━━━━━━━━━━━━┓
┃ Metric                                ┃ Value          ┃
┡━━━━━━━━━━━━━━━━━━━━━━━━━━━━━━━━━━━━━━━╇━━━━━━━━━━━━━━━━┩
│ optim/entropy                         │ 3.277625       │
│ optim/kl_sample_train_v1              │ 0.000620       │
│ optim/kl_sample_train_v2              │ 0.000644       │
│ train/advantage_abs_mean              │ 0.170844       │
│ train/anchor_reward_mean              │ -0.000000      │
│ train/anchor_reward_std               │ 0.006449       │
│ train/avg_response_length             │ 541.364341     │
│ train/consistency_gap_1               │ 0.037088       │
│ train/consistency_reward_mean         │ 0.000042       │
│ train/consistency_reward_std          │ 0.008978       │
│ train/epoch                           │ 0              │
│ train/kl_policy_base                  │ 0.017250       │
│ train/n_anchor_rollouts               │ 113            │
│ train/n_consistency_rollouts          │ 16             │
│ train/n_ref_parsed                    │ 113            │
│ train/n_training_parsed               │ 110            │
│ train/p_hat_1                         │ 0.063636       │
│ train/p_ref                           │ 0.026549       │
│ train/p_ref_drift                     │ -0.040118      │
│ train/p_ref_init                      │ 0.066667       │
│ train/parse_rate                      │ 0.871094       │
│ train/rate_var                        │ 0.000344       │
│ train/reward_pert0_trait0_count       │ 110            │
│ train/reward_pert0_trait0_mean        │ -0.001065      │
│ train/reward_pert0_trait1_count       │ 3              │
│ train/reward_pert0_trait1_mean        │ 0.039053       │
│ train/reward_pert1_trait0_count       │ 15             │
│ train/reward_pert1_trait0_mean        │ 0.002360       │
│ train/reward_pert1_trait1_count       │ 1              │
│ train/reward_pert1_trait1_mean        │ -0.034728      │
│ train/train/clock_cycle:unique        │ 1518778.000000 │
│ train/train/loss:sum                  │ -3053.646851   │
│ train/train/ppo_clipped_fraction:mean │ 0.111018       │
│ train/train/ppo_kl_div:mean           │ 0.519496       │
│ train/train/ppo_mean_ratio:mean       │ 0.907389       │
└───────────────────────────────────────┴────────────────┘
tinker_cookbook.utils.ml_log:192 [INFO] Wrote metrics to logs/sweep-rollouts/llama-rlct-nr128-ctrl/metrics.jsonl
tinker_cookbook.utils.ml_log:265 [INFO] 
               Step 41               
┏━━━━━━━━━━━━━━━━━━━━━━━━━━━┳━━━━━━━┓
┃ Metric                    ┃ Value ┃
┡━━━━━━━━━━━━━━━━━━━━━━━━━━━╇━━━━━━━┩
│ train/skipped_empty_batch │ 1     │
└───────────────────────────┴───────┘
tinker_cookbook.utils.ml_log:192 [INFO] Wrote metrics to logs/sweep-rollouts/llama-rlct-nr128-ctrl/metrics.jsonl
tinker_cookbook.utils.ml_log:265 [INFO] 
                         Step 42                          
┏━━━━━━━━━━━━━━━━━━━━━━━━━━━━━━━━━━━━━━━┳━━━━━━━━━━━━━━━━┓
┃ Metric                                ┃ Value          ┃
┡━━━━━━━━━━━━━━━━━━━━━━━━━━━━━━━━━━━━━━━╇━━━━━━━━━━━━━━━━┩
│ optim/entropy                         │ 3.388435       │
│ optim/kl_sample_train_v1              │ 0.000762       │
│ optim/kl_sample_train_v2              │ 0.000595       │
│ train/advantage_abs_mean              │ 0.080465       │
│ train/anchor_reward_mean              │ -0.000000      │
│ train/anchor_reward_std               │ 0.000767       │
│ train/avg_response_length             │ 562.792593     │
│ train/consistency_gap_1               │ -0.008403      │
│ train/consistency_reward_mean         │ 0.000000       │
│ train/consistency_reward_std          │ 0.000000       │
│ train/epoch                           │ 0              │
│ train/kl_policy_base                  │ 0.016428       │
│ train/n_anchor_rollouts               │ 119            │
│ train/n_consistency_rollouts          │ 16             │
│ train/n_ref_parsed                    │ 119            │
│ train/n_training_parsed               │ 119            │
│ train/p_hat_1                         │ 0.000000       │
│ train/p_ref                           │ 0.008403       │
│ train/p_ref_drift                     │ 0.008403       │
│ train/p_ref_init                      │ 0.000000       │
│ train/parse_rate                      │ 0.929688       │
│ train/rate_var                        │ 0.000018       │
│ train/reward_pert0_trait0_count       │ 118            │
│ train/reward_pert0_trait0_mean        │ 0.000071       │
│ train/reward_pert0_trait1_count       │ 1              │
│ train/reward_pert0_trait1_mean        │ -0.008333      │
│ train/reward_pert1_trait0_count       │ 16             │
│ train/reward_pert1_trait0_mean        │ 0.000000       │
│ train/train/clock_cycle:unique        │ 1519226.000000 │
│ train/train/loss:sum                  │ -391.263367    │
│ train/train/ppo_clipped_fraction:mean │ 0.116008       │
│ train/train/ppo_kl_div:mean           │ 0.437963       │
│ train/train/ppo_mean_ratio:mean       │ 0.904674       │
└───────────────────────────────────────┴────────────────┘
tinker_cookbook.utils.ml_log:192 [INFO] Wrote metrics to logs/sweep-rollouts/llama-rlct-nr128-ctrl/metrics.jsonl
tinker_cookbook.utils.ml_log:265 [INFO] 
                         Step 43                          
┏━━━━━━━━━━━━━━━━━━━━━━━━━━━━━━━━━━━━━━━┳━━━━━━━━━━━━━━━━┓
┃ Metric                                ┃ Value          ┃
┡━━━━━━━━━━━━━━━━━━━━━━━━━━━━━━━━━━━━━━━╇━━━━━━━━━━━━━━━━┩
│ optim/entropy                         │ 0.843798       │
│ optim/kl_sample_train_v1              │ 0.000489       │
│ optim/kl_sample_train_v2              │ 0.000596       │
│ train/advantage_abs_mean              │ 0.484280       │
│ train/anchor_reward_mean              │ 0.000000       │
│ train/anchor_reward_std               │ 0.177193       │
│ train/avg_response_length             │ 238.812030     │
│ train/consistency_gap_1               │ 0.030853       │
│ train/consistency_reward_mean         │ -0.003135      │
│ train/consistency_reward_std          │ 0.015426       │
│ train/epoch                           │ 0              │
│ train/kl_policy_base                  │ 0.063069       │
│ train/n_anchor_rollouts               │ 117            │
│ train/n_consistency_rollouts          │ 16             │
│ train/n_ref_parsed                    │ 117            │
│ train/n_training_parsed               │ 123            │
│ train/p_hat_1                         │ 0.398374       │
│ train/p_ref                           │ 0.367521       │
│ train/p_ref_drift                     │ 0.367521       │
│ train/p_ref_init                      │ 0.000000       │
│ train/parse_rate                      │ 0.937500       │
│ train/rate_var                        │ 0.000238       │
│ train/reward_pert0_trait0_count       │ 74             │
│ train/reward_pert0_trait0_mean        │ 0.135072       │
│ train/reward_pert0_trait1_count       │ 43             │
│ train/reward_pert0_trait1_mean        │ -0.232449      │
│ train/reward_pert1_trait0_count       │ 8              │
│ train/reward_pert1_trait0_mean        │ 0.012291       │
│ train/reward_pert1_trait1_count       │ 8              │
│ train/reward_pert1_trait1_mean        │ -0.018562      │
│ train/train/clock_cycle:unique        │ 1519321.000000 │
│ train/train/loss:sum                  │ -655.936310    │
│ train/train/ppo_clipped_fraction:mean │ 0.286877       │
│ train/train/ppo_kl_div:mean           │ 1.196601       │
│ train/train/ppo_mean_ratio:mean       │ 0.760971       │
└───────────────────────────────────────┴────────────────┘
tinker_cookbook.utils.ml_log:192 [INFO] Wrote metrics to logs/sweep-rollouts/llama-rlct-nr128-ctrl/metrics.jsonl
tinker_cookbook.utils.ml_log:265 [INFO] 
                         Step 44                          
┏━━━━━━━━━━━━━━━━━━━━━━━━━━━━━━━━━━━━━━━┳━━━━━━━━━━━━━━━━┓
┃ Metric                                ┃ Value          ┃
┡━━━━━━━━━━━━━━━━━━━━━━━━━━━━━━━━━━━━━━━╇━━━━━━━━━━━━━━━━┩
│ optim/entropy                         │ 2.236667       │
│ optim/kl_sample_train_v1              │ 0.000520       │
│ optim/kl_sample_train_v2              │ 0.000621       │
│ train/advantage_abs_mean              │ 0.390688       │
│ train/anchor_reward_mean              │ 0.000000       │
│ train/anchor_reward_std               │ 0.033093       │
│ train/avg_response_length             │ 471.789474     │
│ train/consistency_gap_1               │ 0.076429       │
│ train/consistency_reward_mean         │ 0.005882       │
│ train/consistency_reward_std          │ 0.029831       │
│ train/epoch                           │ 0              │
│ train/kl_policy_base                  │ 0.020736       │
│ train/n_anchor_rollouts               │ 117            │
│ train/n_consistency_rollouts          │ 16             │
│ train/n_ref_parsed                    │ 117            │
│ train/n_training_parsed               │ 121            │
│ train/p_hat_1                         │ 0.264463       │
│ train/p_ref                           │ 0.188034       │
│ train/p_ref_drift                     │ -0.084693      │
│ train/p_ref_init                      │ 0.272727       │
│ train/parse_rate                      │ 0.929688       │
│ train/rate_var                        │ 0.001460       │
│ train/reward_pert0_trait0_count       │ 95             │
│ train/reward_pert0_trait0_mean        │ -0.015925      │
│ train/reward_pert0_trait1_count       │ 22             │
│ train/reward_pert0_trait1_mean        │ 0.068768       │
│ train/reward_pert1_trait0_count       │ 13             │
│ train/reward_pert1_trait0_mean        │ 0.020213       │
│ train/reward_pert1_trait1_count       │ 3              │
│ train/reward_pert1_trait1_mean        │ -0.056216      │
│ train/train/clock_cycle:unique        │ 1519489.000000 │
│ train/train/loss:sum                  │ -3643.249626   │
│ train/train/ppo_clipped_fraction:mean │ 0.176496       │
│ train/train/ppo_kl_div:mean           │ 0.580720       │
│ train/train/ppo_mean_ratio:mean       │ 0.860411       │
└───────────────────────────────────────┴────────────────┘
tinker_cookbook.utils.ml_log:192 [INFO] Wrote metrics to logs/sweep-rollouts/llama-rlct-nr128-ctrl/metrics.jsonl
tinker_cookbook.utils.ml_log:265 [INFO] 
                         Step 45                          
┏━━━━━━━━━━━━━━━━━━━━━━━━━━━━━━━━━━━━━━━┳━━━━━━━━━━━━━━━━┓
┃ Metric                                ┃ Value          ┃
┡━━━━━━━━━━━━━━━━━━━━━━━━━━━━━━━━━━━━━━━╇━━━━━━━━━━━━━━━━┩
│ optim/entropy                         │ 5.276927       │
│ optim/kl_sample_train_v1              │ 0.000516       │
│ optim/kl_sample_train_v2              │ 0.000441       │
│ train/advantage_abs_mean              │ 0.492857       │
│ train/anchor_reward_mean              │ -0.000000      │
│ train/anchor_reward_std               │ 0.016816       │
│ train/avg_response_length             │ 655.248120     │
│ train/consistency_gap_1               │ -0.034188      │
│ train/consistency_reward_mean         │ 0.004237       │
│ train/consistency_reward_std          │ 0.017094       │
│ train/epoch                           │ 0              │
│ train/kl_policy_base                  │ 0.015345       │
│ train/n_anchor_rollouts               │ 117            │
│ train/n_consistency_rollouts          │ 16             │
│ train/n_ref_parsed                    │ 117            │
│ train/n_training_parsed               │ 117            │
│ train/p_hat_1                         │ 0.376068       │
│ train/p_ref                           │ 0.410256       │
│ train/p_ref_drift                     │ 0.034188       │
│ train/p_ref_init                      │ 0.376068       │
│ train/parse_rate                      │ 0.914062       │
│ train/rate_var                        │ 0.000292       │
│ train/reward_pert0_trait0_count       │ 69             │
│ train/reward_pert0_trait0_mean        │ 0.014026       │
│ train/reward_pert0_trait1_count       │ 48             │
│ train/reward_pert0_trait1_mean        │ -0.020162      │
│ train/reward_pert1_trait0_count       │ 8              │
│ train/reward_pert1_trait0_mean        │ -0.012857      │
│ train/reward_pert1_trait1_count       │ 8              │
│ train/reward_pert1_trait1_mean        │ 0.021331       │
│ train/train/clock_cycle:unique        │ 1519682.000000 │
│ train/train/loss:sum                  │ 1635.143532    │
│ train/train/ppo_clipped_fraction:mean │ 0.120416       │
│ train/train/ppo_kl_div:mean           │ 0.548284       │
│ train/train/ppo_mean_ratio:mean       │ 0.893809       │
└───────────────────────────────────────┴────────────────┘
tinker_cookbook.utils.ml_log:192 [INFO] Wrote metrics to logs/sweep-rollouts/llama-rlct-nr128-ctrl/metrics.jsonl
tinker_cookbook.utils.ml_log:265 [INFO] 
                         Step 46                          
┏━━━━━━━━━━━━━━━━━━━━━━━━━━━━━━━━━━━━━━━┳━━━━━━━━━━━━━━━━┓
┃ Metric                                ┃ Value          ┃
┡━━━━━━━━━━━━━━━━━━━━━━━━━━━━━━━━━━━━━━━╇━━━━━━━━━━━━━━━━┩
│ optim/entropy                         │ 0.505664       │
│ optim/kl_sample_train_v1              │ 0.000329       │
│ optim/kl_sample_train_v2              │ 0.000518       │
│ train/advantage_abs_mean              │ 0.468033       │
│ train/anchor_reward_mean              │ -0.000000      │
│ train/anchor_reward_std               │ 0.040232       │
│ train/avg_response_length             │ 322.580420     │
│ train/consistency_gap_1               │ -0.029302      │
│ train/consistency_reward_mean         │ -0.006395      │
│ train/consistency_reward_std          │ 0.014536       │
│ train/epoch                           │ 0              │
│ train/kl_policy_base                  │ 0.019317       │
│ train/n_anchor_rollouts               │ 127            │
│ train/n_consistency_rollouts          │ 16             │
│ train/n_ref_parsed                    │ 127            │
│ train/n_training_parsed               │ 122            │
│ train/p_hat_1                         │ 0.655738       │
│ train/p_ref                           │ 0.685039       │
│ train/p_ref_drift                     │ -0.086614      │
│ train/p_ref_init                      │ 0.771654       │
│ train/parse_rate                      │ 0.972656       │
│ train/rate_var                        │ 0.000215       │
│ train/reward_pert0_trait0_count       │ 40             │
│ train/reward_pert0_trait0_mean        │ -0.059334      │
│ train/reward_pert0_trait1_count       │ 87             │
│ train/reward_pert0_trait1_mean        │ 0.027280       │
│ train/reward_pert1_trait0_count       │ 9              │
│ train/reward_pert1_trait0_mean        │ -0.019214      │
│ train/reward_pert1_trait1_count       │ 7              │
│ train/reward_pert1_trait1_mean        │ 0.010087       │
│ train/train/clock_cycle:unique        │ 1519806.000000 │
│ train/train/loss:sum                  │ -117.247467    │
│ train/train/ppo_clipped_fraction:mean │ 0.359541       │
│ train/train/ppo_kl_div:mean           │ 1.326280       │
│ train/train/ppo_mean_ratio:mean       │ 0.704277       │
└───────────────────────────────────────┴────────────────┘
tinker_cookbook.utils.ml_log:192 [INFO] Wrote metrics to logs/sweep-rollouts/llama-rlct-nr128-ctrl/metrics.jsonl
tinker_cookbook.utils.ml_log:265 [INFO] 
                         Step 47                          
┏━━━━━━━━━━━━━━━━━━━━━━━━━━━━━━━━━━━━━━━┳━━━━━━━━━━━━━━━━┓
┃ Metric                                ┃ Value          ┃
┡━━━━━━━━━━━━━━━━━━━━━━━━━━━━━━━━━━━━━━━╇━━━━━━━━━━━━━━━━┩
│ optim/entropy                         │ 0.720582       │
│ optim/kl_sample_train_v1              │ 0.000485       │
│ optim/kl_sample_train_v2              │ 0.000570       │
│ train/advantage_abs_mean              │ 0.078260       │
│ train/anchor_reward_mean              │ 0.000000       │
│ train/anchor_reward_std               │ 0.000011       │
│ train/avg_response_length             │ 467.666667     │
│ train/consistency_gap_1               │ 0.000000       │
│ train/consistency_reward_mean         │ 0.000000       │
│ train/consistency_reward_std          │ 0.000000       │
│ train/epoch                           │ 0              │
│ train/kl_policy_base                  │ 0.012361       │
│ train/n_anchor_rollouts               │ 128            │
│ train/n_consistency_rollouts          │ 16             │
│ train/n_ref_parsed                    │ 128            │
│ train/n_training_parsed               │ 128            │
│ train/p_hat_1                         │ 0.007812       │
│ train/p_ref                           │ 0.007812       │
│ train/p_ref_drift                     │ -0.000124      │
│ train/p_ref_init                      │ 0.007937       │
│ train/parse_rate                      │ 1.000000       │
│ train/rate_var                        │ 0.000000       │
│ train/reward_pert0_trait0_count       │ 127            │
│ train/reward_pert0_trait0_mean        │ -0.000001      │
│ train/reward_pert0_trait1_count       │ 1              │
│ train/reward_pert0_trait1_mean        │ 0.000123       │
│ train/reward_pert1_trait0_count       │ 16             │
│ train/reward_pert1_trait0_mean        │ 0.000000       │
│ train/train/clock_cycle:unique        │ 1519900.000000 │
│ train/train/loss:sum                  │ -427.399628    │
│ train/train/ppo_clipped_fraction:mean │ 0.164824       │
│ train/train/ppo_kl_div:mean           │ 0.656519       │
│ train/train/ppo_mean_ratio:mean       │ 0.860130       │
└───────────────────────────────────────┴────────────────┘
tinker_cookbook.utils.ml_log:192 [INFO] Wrote metrics to logs/sweep-rollouts/llama-rlct-nr128-ctrl/metrics.jsonl
tinker_cookbook.utils.ml_log:265 [INFO] 
                         Step 48                          
┏━━━━━━━━━━━━━━━━━━━━━━━━━━━━━━━━━━━━━━━┳━━━━━━━━━━━━━━━━┓
┃ Metric                                ┃ Value          ┃
┡━━━━━━━━━━━━━━━━━━━━━━━━━━━━━━━━━━━━━━━╇━━━━━━━━━━━━━━━━┩
│ optim/entropy                         │ 2.219141       │
│ optim/kl_sample_train_v1              │ 0.000373       │
│ optim/kl_sample_train_v2              │ 0.000364       │
│ train/advantage_abs_mean              │ 0.392006       │
│ train/anchor_reward_mean              │ 0.000000       │
│ train/anchor_reward_std               │ 0.042459       │
│ train/avg_response_length             │ 573.991667     │
│ train/consistency_gap_1               │ -0.038130      │
│ train/consistency_reward_mean         │ -0.001479      │
│ train/consistency_reward_std          │ 0.012610       │
│ train/epoch                           │ 0              │
│ train/kl_policy_base                  │ 0.016458       │
│ train/n_anchor_rollouts               │ 104            │
│ train/n_consistency_rollouts          │ 16             │
│ train/n_ref_parsed                    │ 104            │
│ train/n_training_parsed               │ 116            │
│ train/p_hat_1                         │ 0.163793       │
│ train/p_ref                           │ 0.201923       │
│ train/p_ref_drift                     │ 0.105769       │
│ train/p_ref_init                      │ 0.096154       │
│ train/parse_rate                      │ 0.859375       │
│ train/rate_var                        │ 0.000363       │
│ train/reward_pert0_trait0_count       │ 83             │
│ train/reward_pert0_trait0_mean        │ 0.021357       │
│ train/reward_pert0_trait1_count       │ 21             │
│ train/reward_pert0_trait1_mean        │ -0.084412      │
│ train/reward_pert1_trait0_count       │ 14             │
│ train/reward_pert1_trait0_mean        │ -0.006245      │
│ train/reward_pert1_trait1_count       │ 2              │
│ train/reward_pert1_trait1_mean        │ 0.031885       │
│ train/train/clock_cycle:unique        │ 1520162.000000 │
│ train/train/loss:sum                  │ -2795.000989   │
│ train/train/ppo_clipped_fraction:mean │ 0.119891       │
│ train/train/ppo_kl_div:mean           │ 0.428214       │
│ train/train/ppo_mean_ratio:mean       │ 0.903565       │
└───────────────────────────────────────┴────────────────┘
tinker_cookbook.utils.ml_log:192 [INFO] Wrote metrics to logs/sweep-rollouts/llama-rlct-nr128-ctrl/metrics.jsonl
tinker_cookbook.utils.ml_log:265 [INFO] 
                         Step 49                          
┏━━━━━━━━━━━━━━━━━━━━━━━━━━━━━━━━━━━━━━━┳━━━━━━━━━━━━━━━━┓
┃ Metric                                ┃ Value          ┃
┡━━━━━━━━━━━━━━━━━━━━━━━━━━━━━━━━━━━━━━━╇━━━━━━━━━━━━━━━━┩
│ optim/entropy                         │ 0.791128       │
│ optim/kl_sample_train_v1              │ 0.000568       │
│ optim/kl_sample_train_v2              │ 0.000623       │
│ train/advantage_abs_mean              │ 0.110569       │
│ train/anchor_reward_mean              │ 0.000000       │
│ train/anchor_reward_std               │ 0.000031       │
│ train/avg_response_length             │ 394.972028     │
│ train/consistency_gap_1               │ 0.000000       │
│ train/consistency_reward_mean         │ 0.000000       │
│ train/consistency_reward_std          │ 0.000000       │
│ train/epoch                           │ 0              │
│ train/kl_policy_base                  │ 0.028130       │
│ train/n_anchor_rollouts               │ 127            │
│ train/n_consistency_rollouts          │ 16             │
│ train/n_ref_parsed                    │ 127            │
│ train/n_training_parsed               │ 127            │
│ train/p_hat_1                         │ 0.015748       │
│ train/p_ref                           │ 0.015748       │
│ train/p_ref_drift                     │ -0.000252      │
│ train/p_ref_init                      │ 0.016000       │
│ train/parse_rate                      │ 0.992188       │
│ train/rate_var                        │ 0.000000       │
│ train/reward_pert0_trait0_count       │ 125            │
│ train/reward_pert0_trait0_mean        │ -0.000004      │
│ train/reward_pert0_trait1_count       │ 2              │
│ train/reward_pert0_trait1_mean        │ 0.000248       │
│ train/reward_pert1_trait0_count       │ 16             │
│ train/reward_pert1_trait0_mean        │ 0.000000       │
│ train/train/clock_cycle:unique        │ 1520233.000000 │
│ train/train/loss:sum                  │ -37.313232     │
│ train/train/ppo_clipped_fraction:mean │ 0.142837       │
│ train/train/ppo_kl_div:mean           │ 0.696598       │
│ train/train/ppo_mean_ratio:mean       │ 0.876215       │
└───────────────────────────────────────┴────────────────┘
tinker_cookbook.utils.ml_log:192 [INFO] Wrote metrics to logs/sweep-rollouts/llama-rlct-nr128-ctrl/metrics.jsonl
tinker_cookbook.utils.ml_log:265 [INFO] 
                         Step 50                          
┏━━━━━━━━━━━━━━━━━━━━━━━━━━━━━━━━━━━━━━━┳━━━━━━━━━━━━━━━━┓
┃ Metric                                ┃ Value          ┃
┡━━━━━━━━━━━━━━━━━━━━━━━━━━━━━━━━━━━━━━━╇━━━━━━━━━━━━━━━━┩
│ optim/entropy                         │ 0.839304       │
│ optim/kl_sample_train_v1              │ 0.000547       │
│ optim/kl_sample_train_v2              │ 0.000668       │
│ train/advantage_abs_mean              │ 0.499502       │
│ train/anchor_reward_mean              │ 0.000000       │
│ train/anchor_reward_std               │ 0.093478       │
│ train/avg_response_length             │ 378.683099     │
│ train/consistency_gap_1               │ 0.063492       │
│ train/consistency_reward_mean         │ 0.000567       │
│ train/consistency_reward_std          │ 0.031497       │
│ train/epoch                           │ 0              │
│ train/kl_policy_base                  │ 0.029170       │
│ train/n_anchor_rollouts               │ 126            │
│ train/n_consistency_rollouts          │ 16             │
│ train/n_ref_parsed                    │ 126            │
│ train/n_training_parsed               │ 126            │
│ train/p_hat_1                         │ 0.571429       │
│ train/p_ref                           │ 0.507937       │
│ train/p_ref_drift                     │ -0.186979      │
│ train/p_ref_init                      │ 0.694915       │
│ train/parse_rate                      │ 0.984375       │
│ train/rate_var                        │ 0.001008       │
│ train/reward_pert0_trait0_count       │ 62             │
│ train/reward_pert0_trait0_mean        │ -0.094973      │
│ train/reward_pert0_trait1_count       │ 64             │
│ train/reward_pert0_trait1_mean        │ 0.092005       │
│ train/reward_pert1_trait0_count       │ 7              │
│ train/reward_pert1_trait0_mean        │ 0.036281       │
│ train/reward_pert1_trait1_count       │ 9              │
│ train/reward_pert1_trait1_mean        │ -0.027211      │
│ train/train/clock_cycle:unique        │ 1520406.000000 │
│ train/train/loss:sum                  │ -28.557631     │
│ train/train/ppo_clipped_fraction:mean │ 0.177984       │
│ train/train/ppo_kl_div:mean           │ 0.795865       │
│ train/train/ppo_mean_ratio:mean       │ 0.857851       │
└───────────────────────────────────────┴────────────────┘
tinker_cookbook.checkpoint_utils:461 [INFO] Saved checkpoints: {'sampler_path': 'tinker://04b6703c-9353-5fc8-a28d-45faf29f15c0:train:0/sampler_weights/sweep-rollouts_llama-rlct-nr128-ctrl_step50'}
tinker_cookbook.utils.ml_log:192 [INFO] Wrote metrics to logs/sweep-rollouts/llama-rlct-nr128-ctrl/metrics.jsonl
tinker_cookbook.utils.ml_log:265 [INFO] 
                                    Step 50                                     
┏━━━━━━━━━━━━━━━━━━━━━━┳━━━━━━━━━━━━━━━━━━━━━━━━━━━━━━━━━━━━━━━━━━━━━━━━━━━━━━━┓
┃ Metric               ┃ Value                                                 ┃
┡━━━━━━━━━━━━━━━━━━━━━━╇━━━━━━━━━━━━━━━━━━━━━━━━━━━━━━━━━━━━━━━━━━━━━━━━━━━━━━━┩
│ checkpoint           │ tinker://04b6703c-9353-5fc8-a28d-45faf29f15c0:train:… │
└──────────────────────┴───────────────────────────────────────────────────────┘
tinker_cookbook.utils.ml_log:192 [INFO] Wrote metrics to logs/sweep-rollouts/llama-rlct-nr128-ctrl/metrics.jsonl
tinker_cookbook.utils.ml_log:265 [INFO] 
                         Step 51                          
┏━━━━━━━━━━━━━━━━━━━━━━━━━━━━━━━━━━━━━━━┳━━━━━━━━━━━━━━━━┓
┃ Metric                                ┃ Value          ┃
┡━━━━━━━━━━━━━━━━━━━━━━━━━━━━━━━━━━━━━━━╇━━━━━━━━━━━━━━━━┩
│ optim/entropy                         │ 3.853236       │
│ optim/kl_sample_train_v1              │ 0.000602       │
│ optim/kl_sample_train_v2              │ 0.000466       │
│ train/advantage_abs_mean              │ 0.186865       │
│ train/anchor_reward_mean              │ 0.000000       │
│ train/anchor_reward_std               │ 0.016087       │
│ train/avg_response_length             │ 411.698529     │
│ train/consistency_gap_1               │ 0.045614       │
│ train/consistency_reward_mean         │ 0.000750       │
│ train/consistency_reward_std          │ 0.011041       │
│ train/epoch                           │ 0              │
│ train/kl_policy_base                  │ 0.016629       │
│ train/n_anchor_rollouts               │ 120            │
│ train/n_consistency_rollouts          │ 16             │
│ train/n_ref_parsed                    │ 120            │
│ train/n_training_parsed               │ 114            │
│ train/p_hat_1                         │ 0.078947       │
│ train/p_ref                           │ 0.033333       │
│ train/p_ref_drift                     │ -0.089617      │
│ train/p_ref_init                      │ 0.122951       │
│ train/parse_rate                      │ 0.914062       │
│ train/rate_var                        │ 0.000520       │
│ train/reward_pert0_trait0_count       │ 116            │
│ train/reward_pert0_trait0_mean        │ -0.002987      │
│ train/reward_pert0_trait1_count       │ 4              │
│ train/reward_pert0_trait1_mean        │ 0.086630       │
│ train/reward_pert1_trait0_count       │ 15             │
│ train/reward_pert1_trait0_mean        │ 0.003601       │
│ train/reward_pert1_trait1_count       │ 1              │
│ train/reward_pert1_trait1_mean        │ -0.042013      │
│ train/train/clock_cycle:unique        │ 1520625.000000 │
│ train/train/loss:sum                  │ 2106.690197    │
│ train/train/ppo_clipped_fraction:mean │ 0.146620       │
│ train/train/ppo_kl_div:mean           │ 0.678117       │
│ train/train/ppo_mean_ratio:mean       │ 0.874861       │
└───────────────────────────────────────┴────────────────┘
tinker_cookbook.utils.ml_log:192 [INFO] Wrote metrics to logs/sweep-rollouts/llama-rlct-nr128-ctrl/metrics.jsonl
tinker_cookbook.utils.ml_log:265 [INFO] 
                         Step 52                          
┏━━━━━━━━━━━━━━━━━━━━━━━━━━━━━━━━━━━━━━━┳━━━━━━━━━━━━━━━━┓
┃ Metric                                ┃ Value          ┃
┡━━━━━━━━━━━━━━━━━━━━━━━━━━━━━━━━━━━━━━━╇━━━━━━━━━━━━━━━━┩
│ optim/entropy                         │ 1.913702       │
│ optim/kl_sample_train_v1              │ 0.000621       │
│ optim/kl_sample_train_v2              │ 0.000657       │
│ train/advantage_abs_mean              │ 0.495833       │
│ train/anchor_reward_mean              │ -0.000000      │
│ train/anchor_reward_std               │ 0.087142       │
│ train/avg_response_length             │ 500.950704     │
│ train/consistency_gap_1               │ -0.082615      │
│ train/consistency_reward_mean         │ -0.008009      │
│ train/consistency_reward_std          │ 0.038293       │
│ train/epoch                           │ 0              │
│ train/kl_policy_base                  │ 0.031242       │
│ train/n_anchor_rollouts               │ 126            │
│ train/n_consistency_rollouts          │ 16             │
│ train/n_ref_parsed                    │ 126            │
│ train/n_training_parsed               │ 127            │
│ train/p_hat_1                         │ 0.409449       │
│ train/p_ref                           │ 0.492063       │
│ train/p_ref_drift                     │ 0.174306       │
│ train/p_ref_init                      │ 0.317757       │
│ train/parse_rate                      │ 0.988281       │
│ train/rate_var                        │ 0.001706       │
│ train/reward_pert0_trait0_count       │ 64             │
│ train/reward_pert0_trait0_mean        │ 0.085770       │
│ train/reward_pert0_trait1_count       │ 62             │
│ train/reward_pert0_trait1_mean        │ -0.088537      │
│ train/reward_pert1_trait0_count       │ 11             │
│ train/reward_pert1_trait0_mean        │ -0.033826      │
│ train/reward_pert1_trait1_count       │ 5              │
│ train/reward_pert1_trait1_mean        │ 0.048788       │
│ train/train/clock_cycle:unique        │ 1520807.000000 │
│ train/train/loss:sum                  │ -1734.377380   │
│ train/train/ppo_clipped_fraction:mean │ 0.271718       │
│ train/train/ppo_kl_div:mean           │ 0.778997       │
│ train/train/ppo_mean_ratio:mean       │ 0.790334       │
└───────────────────────────────────────┴────────────────┘
tinker_cookbook.utils.ml_log:192 [INFO] Wrote metrics to logs/sweep-rollouts/llama-rlct-nr128-ctrl/metrics.jsonl
tinker_cookbook.utils.ml_log:265 [INFO] 
               Step 53               
┏━━━━━━━━━━━━━━━━━━━━━━━━━━━┳━━━━━━━┓
┃ Metric                    ┃ Value ┃
┡━━━━━━━━━━━━━━━━━━━━━━━━━━━╇━━━━━━━┩
│ train/skipped_empty_batch │ 1     │
└───────────────────────────┴───────┘
tinker_cookbook.utils.ml_log:192 [INFO] Wrote metrics to logs/sweep-rollouts/llama-rlct-nr128-ctrl/metrics.jsonl
tinker_cookbook.utils.ml_log:265 [INFO] 
                         Step 54                          
┏━━━━━━━━━━━━━━━━━━━━━━━━━━━━━━━━━━━━━━━┳━━━━━━━━━━━━━━━━┓
┃ Metric                                ┃ Value          ┃
┡━━━━━━━━━━━━━━━━━━━━━━━━━━━━━━━━━━━━━━━╇━━━━━━━━━━━━━━━━┩
│ optim/entropy                         │ 1.051790       │
│ optim/kl_sample_train_v1              │ 0.000698       │
│ optim/kl_sample_train_v2              │ 0.000591       │
│ train/advantage_abs_mean              │ 0.322838       │
│ train/anchor_reward_mean              │ 0.000000       │
│ train/anchor_reward_std               │ 0.027254       │
│ train/avg_response_length             │ 389.908451     │
│ train/consistency_gap_1               │ -0.023810      │
│ train/consistency_reward_mean         │ 0.002386       │
│ train/consistency_reward_std          │ 0.009293       │
│ train/epoch                           │ 0              │
│ train/kl_policy_base                  │ 0.030259       │
│ train/n_anchor_rollouts               │ 126            │
│ train/n_consistency_rollouts          │ 16             │
│ train/n_ref_parsed                    │ 126            │
│ train/n_training_parsed               │ 126            │
│ train/p_hat_1                         │ 0.087302       │
│ train/p_ref                           │ 0.111111       │
│ train/p_ref_drift                     │ 0.086721       │
│ train/p_ref_init                      │ 0.024390       │
│ train/parse_rate                      │ 0.984375       │
│ train/rate_var                        │ 0.000142       │
│ train/reward_pert0_trait0_count       │ 112            │
│ train/reward_pert0_trait0_mean        │ 0.009636       │
│ train/reward_pert0_trait1_count       │ 14             │
│ train/reward_pert0_trait1_mean        │ -0.077085      │
│ train/reward_pert1_trait0_count       │ 13             │
│ train/reward_pert1_trait0_mean        │ -0.002079      │
│ train/reward_pert1_trait1_count       │ 3              │
│ train/reward_pert1_trait1_mean        │ 0.021731       │
│ train/train/clock_cycle:unique        │ 1521015.000000 │
│ train/train/loss:sum                  │ -352.667305    │
│ train/train/ppo_clipped_fraction:mean │ 0.136302       │
│ train/train/ppo_kl_div:mean           │ 0.647599       │
│ train/train/ppo_mean_ratio:mean       │ 0.886663       │
└───────────────────────────────────────┴────────────────┘
root:654 [INFO] Command line invocation: scripts/tinker_training/train_rl.py --model meta-llama/Llama-3.1-8B-Instruct --experiment-name sweep-rollouts --run-name llama-rlct-nr128-ctrl --bias-types suggested_answer --datasets mmlu --n-datapoints 100 --lora-rank 8 --kl-coef 0.05 --anchor-weight 0.5 --loss-fn ppo --n-ref-rollouts 128 --n-train-rollouts 128 --n-consistency-rollouts 16 --refresh-every 1 --checkpoint-every 25 --control -y
tinker_cookbook.utils.ml_log:592 [INFO] Logging to: logs/sweep-rollouts/llama-rlct-nr128-ctrl
tinker_cookbook.utils.ml_log:265 [INFO] 
Configuration:
  git: {'git_sha': '805c2833db224d35988f5e2311dd9512bd71fdca', 'git_branch': 
'reasoning-history-last-fix', 'git_dirty': True, 'git_dirt ...     "hatch": 
"//",\n+      "edgecolor": "black",\n+      "training_biases": []\n     }\n   
}\n }\n\\ No newline at end of file'}
tinker_cookbook.utils.ml_log:265 [INFO] 
Configuration:
  n_datapoints: 100
  total_steps: 100
  n_perturbations: 2
  base_lr: 0.0002856415043086949
tinker_cookbook.utils.ml_log:192 [INFO] Wrote metrics to logs/sweep-rollouts/llama-rlct-nr128-ctrl/metrics.jsonl
tinker_cookbook.utils.ml_log:265 [INFO] 
                          Step 1                          
┏━━━━━━━━━━━━━━━━━━━━━━━━━━━━━━━━━━━━━━━┳━━━━━━━━━━━━━━━━┓
┃ Metric                                ┃ Value          ┃
┡━━━━━━━━━━━━━━━━━━━━━━━━━━━━━━━━━━━━━━━╇━━━━━━━━━━━━━━━━┩
│ optim/entropy                         │ 2.448561       │
│ optim/kl_sample_train_v1              │ 0.000583       │
│ optim/kl_sample_train_v2              │ 0.000619       │
│ train/advantage_abs_mean              │ 0.051703       │
│ train/anchor_reward_mean              │ 0.000000       │
│ train/anchor_reward_std               │ 0.000000       │
│ train/avg_response_length             │ 426.626866     │
│ train/consistency_gap_1               │ -0.008475      │
│ train/consistency_reward_mean         │ 0.000323       │
│ train/consistency_reward_std          │ 0.003670       │
│ train/epoch                           │ 0              │
│ train/kl_policy_base                  │ 0.000413       │
│ train/n_anchor_rollouts               │ 118            │
│ train/n_consistency_rollouts          │ 16             │
│ train/n_ref_parsed                    │ 118            │
│ train/n_training_parsed               │ 118            │
│ train/p_hat_1                         │ 0.711864       │
│ train/p_ref                           │ 0.720339       │
│ train/p_ref_drift                     │ 0.000000       │
│ train/p_ref_init                      │ 0.720339       │
│ train/parse_rate                      │ 0.921875       │
│ train/rate_var                        │ 0.000018       │
│ train/reward_pert0_trait0_count       │ 33             │
│ train/reward_pert0_trait0_mean        │ 0.000000       │
│ train/reward_pert0_trait1_count       │ 85             │
│ train/reward_pert0_trait1_mean        │ 0.000000       │
│ train/reward_pert1_trait0_count       │ 4              │
│ train/reward_pert1_trait0_mean        │ -0.006033      │
│ train/reward_pert1_trait1_count       │ 12             │
│ train/reward_pert1_trait1_mean        │ 0.002442       │
│ train/train/clock_cycle:unique        │ 8799592.000000 │
│ train/train/loss:sum                  │ -27.101216     │
│ train/train/ppo_clipped_fraction:mean │ 0.160444       │
│ train/train/ppo_kl_div:mean           │ 0.691348       │
│ train/train/ppo_mean_ratio:mean       │ 0.868687       │
└───────────────────────────────────────┴────────────────┘
tinker_cookbook.utils.ml_log:192 [INFO] Wrote metrics to logs/sweep-rollouts/llama-rlct-nr128-ctrl/metrics.jsonl
tinker_cookbook.utils.ml_log:265 [INFO] 
                          Step 2                          
┏━━━━━━━━━━━━━━━━━━━━━━━━━━━━━━━━━━━━━━━┳━━━━━━━━━━━━━━━━┓
┃ Metric                                ┃ Value          ┃
┡━━━━━━━━━━━━━━━━━━━━━━━━━━━━━━━━━━━━━━━╇━━━━━━━━━━━━━━━━┩
│ optim/entropy                         │ 0.765130       │
│ optim/kl_sample_train_v1              │ 0.000663       │
│ optim/kl_sample_train_v2              │ 0.000695       │
│ train/advantage_abs_mean              │ 0.344498       │
│ train/anchor_reward_mean              │ -0.000000      │
│ train/anchor_reward_std               │ 0.018023       │
│ train/avg_response_length             │ 365.594203     │
│ train/consistency_gap_1               │ -0.028233      │
│ train/consistency_reward_mean         │ 0.000392       │
│ train/consistency_reward_std          │ 0.009337       │
│ train/epoch                           │ 0              │
│ train/kl_policy_base                  │ 0.002178       │
│ train/n_anchor_rollouts               │ 122            │
│ train/n_consistency_rollouts          │ 16             │
│ train/n_ref_parsed                    │ 122            │
│ train/n_training_parsed               │ 126            │
│ train/p_hat_1                         │ 0.111111       │
│ train/p_ref                           │ 0.139344       │
│ train/p_ref_drift                     │ 0.052043       │
│ train/p_ref_init                      │ 0.087302       │
│ train/parse_rate                      │ 0.968750       │
│ train/rate_var                        │ 0.000199       │
│ train/reward_pert0_trait0_count       │ 105            │
│ train/reward_pert0_trait0_mean        │ 0.007252       │
│ train/reward_pert0_trait1_count       │ 17             │
│ train/reward_pert0_trait1_mean        │ -0.044791      │
│ train/reward_pert1_trait0_count       │ 14             │
│ train/reward_pert1_trait0_mean        │ -0.003137      │
│ train/reward_pert1_trait1_count       │ 2              │
│ train/reward_pert1_trait1_mean        │ 0.025096       │
│ train/train/clock_cycle:unique        │ 8799726.000000 │
│ train/train/loss:sum                  │ 180.747307     │
│ train/train/ppo_clipped_fraction:mean │ 0.328157       │
│ train/train/ppo_kl_div:mean           │ 1.336380       │
│ train/train/ppo_mean_ratio:mean       │ 0.721515       │
└───────────────────────────────────────┴────────────────┘
tinker_cookbook.utils.ml_log:192 [INFO] Wrote metrics to logs/sweep-rollouts/llama-rlct-nr128-ctrl/metrics.jsonl
tinker_cookbook.utils.ml_log:265 [INFO] 
                          Step 3                          
┏━━━━━━━━━━━━━━━━━━━━━━━━━━━━━━━━━━━━━━━┳━━━━━━━━━━━━━━━━┓
┃ Metric                                ┃ Value          ┃
┡━━━━━━━━━━━━━━━━━━━━━━━━━━━━━━━━━━━━━━━╇━━━━━━━━━━━━━━━━┩
│ optim/entropy                         │ 1.802289       │
│ optim/kl_sample_train_v1              │ 0.000493       │
│ optim/kl_sample_train_v2              │ 0.000537       │
│ train/advantage_abs_mean              │ 0.109624       │
│ train/anchor_reward_mean              │ 0.000000       │
│ train/anchor_reward_std               │ 0.000020       │
│ train/avg_response_length             │ 398.925373     │
│ train/consistency_gap_1               │ 0.017387       │
│ train/consistency_reward_mean         │ -0.000637      │
│ train/consistency_reward_std          │ 0.004209       │
│ train/epoch                           │ 0              │
│ train/kl_policy_base                  │ 0.002664       │
│ train/n_anchor_rollouts               │ 118            │
│ train/n_consistency_rollouts          │ 16             │
│ train/n_ref_parsed                    │ 118            │
│ train/n_training_parsed               │ 116            │
│ train/p_hat_1                         │ 0.025862       │
│ train/p_ref                           │ 0.008475       │
│ train/p_ref_drift                     │ -0.000221      │
│ train/p_ref_init                      │ 0.008696       │
│ train/parse_rate                      │ 0.914062       │
│ train/rate_var                        │ 0.000076       │
│ train/reward_pert0_trait0_count       │ 117            │
│ train/reward_pert0_trait0_mean        │ -0.000002      │
│ train/reward_pert0_trait1_count       │ 1              │
│ train/reward_pert0_trait1_mean        │ 0.000219       │
│ train/reward_pert1_trait0_count       │ 15             │
│ train/reward_pert1_trait0_mean        │ 0.000450       │
│ train/reward_pert1_trait1_count       │ 1              │
│ train/reward_pert1_trait1_mean        │ -0.016938      │
│ train/train/clock_cycle:unique        │ 8799951.000000 │
│ train/train/loss:sum                  │ 288.259361     │
│ train/train/ppo_clipped_fraction:mean │ 0.158644       │
│ train/train/ppo_kl_div:mean           │ 0.600501       │
│ train/train/ppo_mean_ratio:mean       │ 0.874566       │
└───────────────────────────────────────┴────────────────┘
tinker_cookbook.utils.ml_log:192 [INFO] Wrote metrics to logs/sweep-rollouts/llama-rlct-nr128-ctrl/metrics.jsonl
tinker_cookbook.utils.ml_log:265 [INFO] 
                          Step 4                          
┏━━━━━━━━━━━━━━━━━━━━━━━━━━━━━━━━━━━━━━━┳━━━━━━━━━━━━━━━━┓
┃ Metric                                ┃ Value          ┃
┡━━━━━━━━━━━━━━━━━━━━━━━━━━━━━━━━━━━━━━━╇━━━━━━━━━━━━━━━━┩
│ optim/entropy                         │ 5.182865       │
│ optim/kl_sample_train_v1              │ 0.000449       │
│ optim/kl_sample_train_v2              │ 0.000577       │
│ train/advantage_abs_mean              │ 0.493056       │
│ train/anchor_reward_mean              │ 0.000000       │
│ train/anchor_reward_std               │ 0.021824       │
│ train/avg_response_length             │ 635.850394     │
│ train/consistency_gap_1               │ -0.090347      │
│ train/consistency_reward_mean         │ 0.006077       │
│ train/consistency_reward_std          │ 0.044819       │
│ train/epoch                           │ 0              │
│ train/kl_policy_base                  │ 0.004555       │
│ train/n_anchor_rollouts               │ 111            │
│ train/n_consistency_rollouts          │ 16             │
│ train/n_ref_parsed                    │ 111            │
│ train/n_training_parsed               │ 105            │
│ train/p_hat_1                         │ 0.495238       │
│ train/p_ref                           │ 0.585586       │
│ train/p_ref_drift                     │ 0.044301       │
│ train/p_ref_init                      │ 0.541284       │
│ train/parse_rate                      │ 0.843750       │
│ train/rate_var                        │ 0.002041       │
│ train/reward_pert0_trait0_count       │ 46             │
│ train/reward_pert0_trait0_mean        │ 0.025942       │
│ train/reward_pert0_trait1_count       │ 65             │
│ train/reward_pert0_trait1_mean        │ -0.018359      │
│ train/reward_pert1_trait0_count       │ 7              │
│ train/reward_pert1_trait0_mean        │ -0.044744      │
│ train/reward_pert1_trait1_count       │ 9              │
│ train/reward_pert1_trait1_mean        │ 0.045604       │
│ train/train/clock_cycle:unique        │ 8800124.000000 │
│ train/train/loss:sum                  │ 3634.249914    │
│ train/train/ppo_clipped_fraction:mean │ 0.109381       │
│ train/train/ppo_kl_div:mean           │ 0.513872       │
│ train/train/ppo_mean_ratio:mean       │ 0.906594       │
└───────────────────────────────────────┴────────────────┘
tinker_cookbook.utils.ml_log:192 [INFO] Wrote metrics to logs/sweep-rollouts/llama-rlct-nr128-ctrl/metrics.jsonl
tinker_cookbook.utils.ml_log:265 [INFO] 
                          Step 5                          
┏━━━━━━━━━━━━━━━━━━━━━━━━━━━━━━━━━━━━━━━┳━━━━━━━━━━━━━━━━┓
┃ Metric                                ┃ Value          ┃
┡━━━━━━━━━━━━━━━━━━━━━━━━━━━━━━━━━━━━━━━╇━━━━━━━━━━━━━━━━┩
│ optim/entropy                         │ 0.724396       │
│ optim/kl_sample_train_v1              │ 0.000603       │
│ optim/kl_sample_train_v2              │ 0.000647       │
│ train/advantage_abs_mean              │ 0.078260       │
│ train/anchor_reward_mean              │ 0.000000       │
│ train/anchor_reward_std               │ 0.000688       │
│ train/avg_response_length             │ 348.895833     │
│ train/consistency_gap_1               │ -0.007812      │
│ train/consistency_reward_mean         │ 0.000000       │
│ train/consistency_reward_std          │ 0.000000       │
│ train/epoch                           │ 0              │
│ train/kl_policy_base                  │ 0.020158       │
│ train/n_anchor_rollouts               │ 128            │
│ train/n_consistency_rollouts          │ 16             │
│ train/n_ref_parsed                    │ 128            │
│ train/n_training_parsed               │ 125            │
│ train/p_hat_1                         │ 0.000000       │
│ train/p_ref                           │ 0.007812       │
│ train/p_ref_drift                     │ 0.007812       │
│ train/p_ref_init                      │ 0.000000       │
│ train/parse_rate                      │ 0.988281       │
│ train/rate_var                        │ 0.000015       │
│ train/reward_pert0_trait0_count       │ 127            │
│ train/reward_pert0_trait0_mean        │ 0.000061       │
│ train/reward_pert0_trait1_count       │ 1              │
│ train/reward_pert0_trait1_mean        │ -0.007751      │
│ train/reward_pert1_trait0_count       │ 16             │
│ train/reward_pert1_trait0_mean        │ 0.000000       │
│ train/train/clock_cycle:unique        │ 8800200.000000 │
│ train/train/loss:sum                  │ -204.656258    │
│ train/train/ppo_clipped_fraction:mean │ 0.368549       │
│ train/train/ppo_kl_div:mean           │ 1.407850       │
│ train/train/ppo_mean_ratio:mean       │ 0.687619       │
└───────────────────────────────────────┴────────────────┘
tinker_cookbook.utils.ml_log:192 [INFO] Wrote metrics to logs/sweep-rollouts/llama-rlct-nr128-ctrl/metrics.jsonl
tinker_cookbook.utils.ml_log:265 [INFO] 
                          Step 6                          
┏━━━━━━━━━━━━━━━━━━━━━━━━━━━━━━━━━━━━━━━┳━━━━━━━━━━━━━━━━┓
┃ Metric                                ┃ Value          ┃
┡━━━━━━━━━━━━━━━━━━━━━━━━━━━━━━━━━━━━━━━╇━━━━━━━━━━━━━━━━┩
│ optim/entropy                         │ 0.834870       │
│ optim/kl_sample_train_v1              │ 0.000782       │
│ optim/kl_sample_train_v2              │ 0.000717       │
│ train/advantage_abs_mean              │ 0.478998       │
│ train/anchor_reward_mean              │ 0.000000       │
│ train/anchor_reward_std               │ 0.028166       │
│ train/avg_response_length             │ 363.591241     │
│ train/consistency_gap_1               │ 0.031322       │
│ train/consistency_reward_mean         │ 0.002583       │
│ train/consistency_reward_std          │ 0.014518       │
│ train/epoch                           │ 0              │
│ train/kl_policy_base                  │ 0.008044       │
│ train/n_anchor_rollouts               │ 121            │
│ train/n_consistency_rollouts          │ 16             │
│ train/n_ref_parsed                    │ 121            │
│ train/n_training_parsed               │ 119            │
│ train/p_hat_1                         │ 0.394958       │
│ train/p_ref                           │ 0.363636       │
│ train/p_ref_drift                     │ 0.058552       │
│ train/p_ref_init                      │ 0.305085       │
│ train/parse_rate                      │ 0.937500       │
│ train/rate_var                        │ 0.000245       │
│ train/reward_pert0_trait0_count       │ 77             │
│ train/reward_pert0_trait0_mean        │ 0.021291       │
│ train/reward_pert0_trait1_count       │ 44             │
│ train/reward_pert0_trait1_mean        │ -0.037260      │
│ train/reward_pert1_trait0_count       │ 11             │
│ train/reward_pert1_trait0_mean        │ 0.012371       │
│ train/reward_pert1_trait1_count       │ 5              │
│ train/reward_pert1_trait1_mean        │ -0.018951      │
│ train/train/clock_cycle:unique        │ 8800335.000000 │
│ train/train/loss:sum                  │ 158.496157     │
│ train/train/ppo_clipped_fraction:mean │ 0.309735       │
│ train/train/ppo_kl_div:mean           │ 1.063630       │
│ train/train/ppo_mean_ratio:mean       │ 0.750570       │
└───────────────────────────────────────┴────────────────┘
tinker_cookbook.utils.ml_log:192 [INFO] Wrote metrics to logs/sweep-rollouts/llama-rlct-nr128-ctrl/metrics.jsonl
tinker_cookbook.utils.ml_log:265 [INFO] 
                          Step 7                          
┏━━━━━━━━━━━━━━━━━━━━━━━━━━━━━━━━━━━━━━━┳━━━━━━━━━━━━━━━━┓
┃ Metric                                ┃ Value          ┃
┡━━━━━━━━━━━━━━━━━━━━━━━━━━━━━━━━━━━━━━━╇━━━━━━━━━━━━━━━━┩
│ optim/entropy                         │ 5.799261       │
│ optim/kl_sample_train_v1              │ 0.000625       │
│ optim/kl_sample_train_v2              │ 0.000466       │
│ train/advantage_abs_mean              │ 0.194625       │
│ train/anchor_reward_mean              │ -0.000000      │
│ train/anchor_reward_std               │ 0.001991       │
│ train/avg_response_length             │ 909.757576     │
│ train/consistency_gap_1               │ 0.004351       │
│ train/consistency_reward_mean         │ 0.000244       │
│ train/consistency_reward_std          │ 0.000000       │
│ train/epoch                           │ 0              │
│ train/kl_policy_base                  │ 0.003729       │
│ train/n_anchor_rollouts               │ 116            │
│ train/n_consistency_rollouts          │ 16             │
│ train/n_ref_parsed                    │ 116            │
│ train/n_training_parsed               │ 107            │
│ train/p_hat_1                         │ 0.056075       │
│ train/p_ref                           │ 0.051724       │
│ train/p_ref_drift                     │ 0.008989       │
│ train/p_ref_init                      │ 0.042735       │
│ train/parse_rate                      │ 0.871094       │
│ train/rate_var                        │ 0.000005       │
│ train/reward_pert0_trait0_count       │ 110            │
│ train/reward_pert0_trait0_mean        │ 0.000465       │
│ train/reward_pert0_trait1_count       │ 6              │
│ train/reward_pert0_trait1_mean        │ -0.008524      │
│ train/reward_pert1_trait0_count       │ 16             │
│ train/reward_pert1_trait0_mean        │ 0.000244       │
│ train/train/clock_cycle:unique        │ 8800533.000000 │
│ train/train/clock_cycle:unique_1      │ 8800534.000000 │
│ train/train/loss:sum                  │ 2314.044540    │
│ train/train/ppo_clipped_fraction:mean │ 0.076157       │
│ train/train/ppo_kl_div:mean           │ 0.294463       │
│ train/train/ppo_mean_ratio:mean       │ 0.938829       │
└───────────────────────────────────────┴────────────────┘
tinker_cookbook.utils.ml_log:192 [INFO] Wrote metrics to logs/sweep-rollouts/llama-rlct-nr128-ctrl/metrics.jsonl
tinker_cookbook.utils.ml_log:265 [INFO] 
                          Step 8                          
┏━━━━━━━━━━━━━━━━━━━━━━━━━━━━━━━━━━━━━━━┳━━━━━━━━━━━━━━━━┓
┃ Metric                                ┃ Value          ┃
┡━━━━━━━━━━━━━━━━━━━━━━━━━━━━━━━━━━━━━━━╇━━━━━━━━━━━━━━━━┩
│ optim/entropy                         │ 0.911268       │
│ optim/kl_sample_train_v1              │ 0.000824       │
│ optim/kl_sample_train_v2              │ 0.000707       │
│ train/advantage_abs_mean              │ 0.079710       │
│ train/anchor_reward_mean              │ 0.000000       │
│ train/anchor_reward_std               │ 0.000018       │
│ train/avg_response_length             │ 413.688406     │
│ train/consistency_gap_1               │ -0.008197      │
│ train/consistency_reward_mean         │ 0.000000       │
│ train/consistency_reward_std          │ 0.000000       │
│ train/epoch                           │ 0              │
│ train/kl_policy_base                  │ 0.010391       │
│ train/n_anchor_rollouts               │ 122            │
│ train/n_consistency_rollouts          │ 16             │
│ train/n_ref_parsed                    │ 122            │
│ train/n_training_parsed               │ 126            │
│ train/p_hat_1                         │ 0.000000       │
│ train/p_ref                           │ 0.008197       │
│ train/p_ref_drift                     │ 0.000197       │
│ train/p_ref_init                      │ 0.008000       │
│ train/parse_rate                      │ 0.968750       │
│ train/rate_var                        │ 0.000017       │
│ train/reward_pert0_trait0_count       │ 121            │
│ train/reward_pert0_trait0_mean        │ 0.000002       │
│ train/reward_pert0_trait1_count       │ 1              │
│ train/reward_pert0_trait1_mean        │ -0.000195      │
│ train/reward_pert1_trait0_count       │ 16             │
│ train/reward_pert1_trait0_mean        │ 0.000000       │
│ train/train/clock_cycle:unique        │ 8800616.000000 │
│ train/train/loss:sum                  │ -78.617455     │
│ train/train/ppo_clipped_fraction:mean │ 0.350805       │
│ train/train/ppo_kl_div:mean           │ 1.108408       │
│ train/train/ppo_mean_ratio:mean       │ 0.717253       │
└───────────────────────────────────────┴────────────────┘
tinker_cookbook.utils.ml_log:192 [INFO] Wrote metrics to logs/sweep-rollouts/llama-rlct-nr128-ctrl/metrics.jsonl
tinker_cookbook.utils.ml_log:265 [INFO] 
               Step 9                
┏━━━━━━━━━━━━━━━━━━━━━━━━━━━┳━━━━━━━┓
┃ Metric                    ┃ Value ┃
┡━━━━━━━━━━━━━━━━━━━━━━━━━━━╇━━━━━━━┩
│ train/skipped_empty_batch │ 1     │
└───────────────────────────┴───────┘
tinker_cookbook.utils.ml_log:192 [INFO] Wrote metrics to logs/sweep-rollouts/llama-rlct-nr128-ctrl/metrics.jsonl
tinker_cookbook.utils.ml_log:265 [INFO] 
               Step 10               
┏━━━━━━━━━━━━━━━━━━━━━━━━━━━┳━━━━━━━┓
┃ Metric                    ┃ Value ┃
┡━━━━━━━━━━━━━━━━━━━━━━━━━━━╇━━━━━━━┩
│ train/skipped_empty_batch │ 1     │
└───────────────────────────┴───────┘
tinker_cookbook.utils.ml_log:192 [INFO] Wrote metrics to logs/sweep-rollouts/llama-rlct-nr128-ctrl/metrics.jsonl
tinker_cookbook.utils.ml_log:265 [INFO] 
                         Step 11                          
┏━━━━━━━━━━━━━━━━━━━━━━━━━━━━━━━━━━━━━━━┳━━━━━━━━━━━━━━━━┓
┃ Metric                                ┃ Value          ┃
┡━━━━━━━━━━━━━━━━━━━━━━━━━━━━━━━━━━━━━━━╇━━━━━━━━━━━━━━━━┩
│ optim/entropy                         │ 4.511896       │
│ optim/kl_sample_train_v1              │ 0.000438       │
│ optim/kl_sample_train_v2              │ 0.000615       │
│ train/advantage_abs_mean              │ 0.398130       │
│ train/anchor_reward_mean              │ 0.000000       │
│ train/anchor_reward_std               │ 0.015620       │
│ train/avg_response_length             │ 814.352000     │
│ train/consistency_gap_1               │ -0.048847      │
│ train/consistency_reward_mean         │ -0.001815      │
│ train/consistency_reward_std          │ 0.016155       │
│ train/epoch                           │ 0              │
│ train/kl_policy_base                  │ 0.007802       │
│ train/n_anchor_rollouts               │ 109            │
│ train/n_consistency_rollouts          │ 16             │
│ train/n_ref_parsed                    │ 109            │
│ train/n_training_parsed               │ 111            │
│ train/p_hat_1                         │ 0.162162       │
│ train/p_ref                           │ 0.211009       │
│ train/p_ref_drift                     │ 0.038282       │
│ train/p_ref_init                      │ 0.172727       │
│ train/parse_rate                      │ 0.859375       │
│ train/rate_var                        │ 0.000597       │
│ train/reward_pert0_trait0_count       │ 86             │
│ train/reward_pert0_trait0_mean        │ 0.008078       │
│ train/reward_pert0_trait1_count       │ 23             │
│ train/reward_pert0_trait1_mean        │ -0.030204      │
│ train/reward_pert1_trait0_count       │ 14             │
│ train/reward_pert1_trait0_mean        │ -0.007921      │
│ train/reward_pert1_trait1_count       │ 2              │
│ train/reward_pert1_trait1_mean        │ 0.040926       │
│ train/train/clock_cycle:unique        │ 8800851.000000 │
│ train/train/loss:sum                  │ 17483.232498   │
│ train/train/ppo_clipped_fraction:mean │ 0.118357       │
│ train/train/ppo_kl_div:mean           │ 0.441857       │
│ train/train/ppo_mean_ratio:mean       │ 0.904351       │
└───────────────────────────────────────┴────────────────┘
tinker_cookbook.utils.ml_log:192 [INFO] Wrote metrics to logs/sweep-rollouts/llama-rlct-nr128-ctrl/metrics.jsonl
tinker_cookbook.utils.ml_log:265 [INFO] 
               Step 12               
┏━━━━━━━━━━━━━━━━━━━━━━━━━━━┳━━━━━━━┓
┃ Metric                    ┃ Value ┃
┡━━━━━━━━━━━━━━━━━━━━━━━━━━━╇━━━━━━━┩
│ train/skipped_empty_batch │ 1     │
└───────────────────────────┴───────┘
tinker_cookbook.utils.ml_log:192 [INFO] Wrote metrics to logs/sweep-rollouts/llama-rlct-nr128-ctrl/metrics.jsonl
tinker_cookbook.utils.ml_log:265 [INFO] 
                         Step 13                          
┏━━━━━━━━━━━━━━━━━━━━━━━━━━━━━━━━━━━━━━━┳━━━━━━━━━━━━━━━━┓
┃ Metric                                ┃ Value          ┃
┡━━━━━━━━━━━━━━━━━━━━━━━━━━━━━━━━━━━━━━━╇━━━━━━━━━━━━━━━━┩
│ optim/entropy                         │ 2.031009       │
│ optim/kl_sample_train_v1              │ 0.000956       │
│ optim/kl_sample_train_v2              │ 0.000774       │
│ train/advantage_abs_mean              │ 0.370878       │
│ train/anchor_reward_mean              │ 0.000000       │
│ train/anchor_reward_std               │ 0.013113       │
│ train/avg_response_length             │ 416.914894     │
│ train/consistency_gap_1               │ -0.001206      │
│ train/consistency_reward_mean         │ 0.000195       │
│ train/consistency_reward_std          │ 0.000559       │
│ train/epoch                           │ 0              │
│ train/kl_policy_base                  │ 0.009784       │
│ train/n_anchor_rollouts               │ 125            │
│ train/n_consistency_rollouts          │ 16             │
│ train/n_ref_parsed                    │ 125            │
│ train/n_training_parsed               │ 126            │
│ train/p_hat_1                         │ 0.150794       │
│ train/p_ref                           │ 0.152000       │
│ train/p_ref_drift                     │ -0.036525      │
│ train/p_ref_init                      │ 0.188525       │
│ train/parse_rate                      │ 0.980469       │
│ train/rate_var                        │ 0.000000       │
│ train/reward_pert0_trait0_count       │ 106            │
│ train/reward_pert0_trait0_mean        │ -0.005552      │
│ train/reward_pert0_trait1_count       │ 19             │
│ train/reward_pert0_trait1_mean        │ 0.030973       │
│ train/reward_pert1_trait0_count       │ 11             │
│ train/reward_pert1_trait0_mean        │ -0.000182      │
│ train/reward_pert1_trait1_count       │ 5              │
│ train/reward_pert1_trait1_mean        │ 0.001024       │
│ train/train/clock_cycle:unique        │ 8801058.000000 │
│ train/train/loss:sum                  │ 1218.225929    │
│ train/train/ppo_clipped_fraction:mean │ 0.313942       │
│ train/train/ppo_kl_div:mean           │ 0.984426       │
│ train/train/ppo_mean_ratio:mean       │ 0.749636       │
└───────────────────────────────────────┴────────────────┘
tinker_cookbook.utils.ml_log:192 [INFO] Wrote metrics to logs/sweep-rollouts/llama-rlct-nr128-ctrl/metrics.jsonl
tinker_cookbook.utils.ml_log:265 [INFO] 
               Step 14               
┏━━━━━━━━━━━━━━━━━━━━━━━━━━━┳━━━━━━━┓
┃ Metric                    ┃ Value ┃
┡━━━━━━━━━━━━━━━━━━━━━━━━━━━╇━━━━━━━┩
│ train/skipped_empty_batch │ 1     │
└───────────────────────────┴───────┘
tinker_cookbook.utils.ml_log:192 [INFO] Wrote metrics to logs/sweep-rollouts/llama-rlct-nr128-ctrl/metrics.jsonl
tinker_cookbook.utils.ml_log:265 [INFO] 
                         Step 15                          
┏━━━━━━━━━━━━━━━━━━━━━━━━━━━━━━━━━━━━━━━┳━━━━━━━━━━━━━━━━┓
┃ Metric                                ┃ Value          ┃
┡━━━━━━━━━━━━━━━━━━━━━━━━━━━━━━━━━━━━━━━╇━━━━━━━━━━━━━━━━┩
│ optim/entropy                         │ 1.054107       │
│ optim/kl_sample_train_v1              │ 0.000523       │
│ optim/kl_sample_train_v2              │ 0.000567       │
│ train/advantage_abs_mean              │ 0.409281       │
│ train/anchor_reward_mean              │ 0.000000       │
│ train/anchor_reward_std               │ 0.010475       │
│ train/avg_response_length             │ 439.816176     │
│ train/consistency_gap_1               │ -0.021341      │
│ train/consistency_reward_mean         │ 0.001345       │
│ train/consistency_reward_std          │ 0.009241       │
│ train/epoch                           │ 0              │
│ train/kl_policy_base                  │ 0.011273       │
│ train/n_anchor_rollouts               │ 120            │
│ train/n_consistency_rollouts          │ 16             │
│ train/n_ref_parsed                    │ 120            │
│ train/n_training_parsed               │ 123            │
│ train/p_hat_1                         │ 0.186992       │
│ train/p_ref                           │ 0.208333       │
│ train/p_ref_drift                     │ 0.025794       │
│ train/p_ref_init                      │ 0.182540       │
│ train/parse_rate                      │ 0.949219       │
│ train/rate_var                        │ 0.000114       │
│ train/reward_pert0_trait0_count       │ 95             │
│ train/reward_pert0_trait0_mean        │ 0.005374       │
│ train/reward_pert0_trait1_count       │ 25             │
│ train/reward_pert0_trait1_mean        │ -0.020420      │
│ train/reward_pert1_trait0_count       │ 12             │
│ train/reward_pert1_trait0_mean        │ -0.003991      │
│ train/reward_pert1_trait1_count       │ 4              │
│ train/reward_pert1_trait1_mean        │ 0.017351       │
│ train/train/clock_cycle:unique        │ 8801207.000000 │
│ train/train/loss:sum                  │ 54.941743      │
│ train/train/ppo_clipped_fraction:mean │ 0.136954       │
│ train/train/ppo_kl_div:mean           │ 0.524373       │
│ train/train/ppo_mean_ratio:mean       │ 0.886627       │
└───────────────────────────────────────┴────────────────┘
tinker_cookbook.utils.ml_log:192 [INFO] Wrote metrics to logs/sweep-rollouts/llama-rlct-nr128-ctrl/metrics.jsonl
tinker_cookbook.utils.ml_log:265 [INFO] 
                         Step 16                          
┏━━━━━━━━━━━━━━━━━━━━━━━━━━━━━━━━━━━━━━━┳━━━━━━━━━━━━━━━━┓
┃ Metric                                ┃ Value          ┃
┡━━━━━━━━━━━━━━━━━━━━━━━━━━━━━━━━━━━━━━━╇━━━━━━━━━━━━━━━━┩
│ optim/entropy                         │ 0.680405       │
│ optim/kl_sample_train_v1              │ 0.000737       │
│ optim/kl_sample_train_v2              │ 0.000550       │
│ train/advantage_abs_mean              │ 0.215766       │
│ train/anchor_reward_mean              │ 0.000000       │
│ train/anchor_reward_std               │ 0.002018       │
│ train/avg_response_length             │ 253.629371     │
│ train/consistency_gap_1               │ 0.039370       │
│ train/consistency_reward_mean         │ -0.000930      │
│ train/consistency_reward_std          │ 0.000000       │
│ train/epoch                           │ 0              │
│ train/kl_policy_base                  │ 0.015282       │
│ train/n_anchor_rollouts               │ 127            │
│ train/n_consistency_rollouts          │ 16             │
│ train/n_ref_parsed                    │ 127            │
│ train/n_training_parsed               │ 127            │
│ train/p_hat_1                         │ 0.976378       │
│ train/p_ref                           │ 0.937008       │
│ train/p_ref_drift                     │ -0.008305      │
│ train/p_ref_init                      │ 0.945312       │
│ train/parse_rate                      │ 0.992188       │
│ train/rate_var                        │ 0.000388       │
│ train/reward_pert0_trait0_count       │ 8              │
│ train/reward_pert0_trait0_mean        │ -0.007781      │
│ train/reward_pert0_trait1_count       │ 119            │
│ train/reward_pert0_trait1_mean        │ 0.000523       │
│ train/reward_pert1_trait1_count       │ 16             │
│ train/reward_pert1_trait1_mean        │ -0.000930      │
│ train/train/clock_cycle:unique        │ 8801241.000000 │
│ train/train/loss:sum                  │ 521.125900     │
│ train/train/ppo_clipped_fraction:mean │ 0.209583       │
│ train/train/ppo_kl_div:mean           │ 0.957174       │
│ train/train/ppo_mean_ratio:mean       │ 0.818175       │
└───────────────────────────────────────┴────────────────┘
tinker_cookbook.utils.ml_log:192 [INFO] Wrote metrics to logs/sweep-rollouts/llama-rlct-nr128-ctrl/metrics.jsonl
tinker_cookbook.utils.ml_log:265 [INFO] 
                         Step 17                          
┏━━━━━━━━━━━━━━━━━━━━━━━━━━━━━━━━━━━━━━━┳━━━━━━━━━━━━━━━━┓
┃ Metric                                ┃ Value          ┃
┡━━━━━━━━━━━━━━━━━━━━━━━━━━━━━━━━━━━━━━━╇━━━━━━━━━━━━━━━━┩
│ optim/entropy                         │ 1.225895       │
│ optim/kl_sample_train_v1              │ 0.000752       │
│ optim/kl_sample_train_v2              │ 0.000618       │
│ train/advantage_abs_mean              │ 0.320289       │
│ train/anchor_reward_mean              │ 0.000000       │
│ train/anchor_reward_std               │ 0.005906       │
│ train/avg_response_length             │ 361.897059     │
│ train/consistency_gap_1               │ -0.016667      │
│ train/consistency_reward_mean         │ -0.000764      │
│ train/consistency_reward_std          │ 0.004034       │
│ train/epoch                           │ 0              │
│ train/kl_policy_base                  │ 0.017770       │
│ train/n_anchor_rollouts               │ 120            │
│ train/n_consistency_rollouts          │ 16             │
│ train/n_ref_parsed                    │ 120            │
│ train/n_training_parsed               │ 120            │
│ train/p_hat_1                         │ 0.108333       │
│ train/p_ref                           │ 0.125000       │
│ train/p_ref_drift                     │ -0.017857      │
│ train/p_ref_init                      │ 0.142857       │
│ train/parse_rate                      │ 0.937500       │
│ train/rate_var                        │ 0.000069       │
│ train/reward_pert0_trait0_count       │ 105            │
│ train/reward_pert0_trait0_mean        │ -0.002232      │
│ train/reward_pert0_trait1_count       │ 15             │
│ train/reward_pert0_trait1_mean        │ 0.015625       │
│ train/reward_pert1_trait0_count       │ 15             │
│ train/reward_pert1_trait0_mean        │ -0.001806      │
│ train/reward_pert1_trait1_count       │ 1              │
│ train/reward_pert1_trait1_mean        │ 0.014861       │
│ train/train/clock_cycle:unique        │ 8801341.000000 │
│ train/train/loss:sum                  │ -947.862245    │
│ train/train/ppo_clipped_fraction:mean │ 0.217959       │
│ train/train/ppo_kl_div:mean           │ 0.731300       │
│ train/train/ppo_mean_ratio:mean       │ 0.824922       │
└───────────────────────────────────────┴────────────────┘
tinker_cookbook.utils.ml_log:192 [INFO] Wrote metrics to logs/sweep-rollouts/llama-rlct-nr128-ctrl/metrics.jsonl
tinker_cookbook.utils.ml_log:265 [INFO] 
               Step 18               
┏━━━━━━━━━━━━━━━━━━━━━━━━━━━┳━━━━━━━┓
┃ Metric                    ┃ Value ┃
┡━━━━━━━━━━━━━━━━━━━━━━━━━━━╇━━━━━━━┩
│ train/skipped_empty_batch │ 1     │
└───────────────────────────┴───────┘
tinker_cookbook.utils.ml_log:192 [INFO] Wrote metrics to logs/sweep-rollouts/llama-rlct-nr128-ctrl/metrics.jsonl
tinker_cookbook.utils.ml_log:265 [INFO] 
                         Step 19                          
┏━━━━━━━━━━━━━━━━━━━━━━━━━━━━━━━━━━━━━━━┳━━━━━━━━━━━━━━━━┓
┃ Metric                                ┃ Value          ┃
┡━━━━━━━━━━━━━━━━━━━━━━━━━━━━━━━━━━━━━━━╇━━━━━━━━━━━━━━━━┩
│ optim/entropy                         │ 0.890042       │
│ optim/kl_sample_train_v1              │ 0.000467       │
│ optim/kl_sample_train_v2              │ 0.000639       │
│ train/advantage_abs_mean              │ 0.295439       │
│ train/anchor_reward_mean              │ 0.000000       │
│ train/anchor_reward_std               │ 0.034353       │
│ train/avg_response_length             │ 269.084507     │
│ train/consistency_gap_1               │ 0.006984       │
│ train/consistency_reward_mean         │ -0.000838      │
│ train/consistency_reward_std          │ 0.000000       │
│ train/epoch                           │ 0              │
│ train/kl_policy_base                  │ 0.018804       │
│ train/n_anchor_rollouts               │ 126            │
│ train/n_consistency_rollouts          │ 16             │
│ train/n_ref_parsed                    │ 126            │
│ train/n_training_parsed               │ 125            │
│ train/p_hat_1                         │ 0.880000       │
│ train/p_ref                           │ 0.873016       │
│ train/p_ref_drift                     │ 0.103175       │
│ train/p_ref_init                      │ 0.769841       │
│ train/parse_rate                      │ 0.980469       │
│ train/rate_var                        │ 0.000012       │
│ train/reward_pert0_trait0_count       │ 16             │
│ train/reward_pert0_trait0_mean        │ 0.090073       │
│ train/reward_pert0_trait1_count       │ 110            │
│ train/reward_pert0_trait1_mean        │ -0.013102      │
│ train/reward_pert1_trait1_count       │ 16             │
│ train/reward_pert1_trait1_mean        │ -0.000838      │
│ train/train/clock_cycle:unique        │ 8801408.000000 │
│ train/train/loss:sum                  │ -377.231365    │
│ train/train/ppo_clipped_fraction:mean │ 0.169767       │
│ train/train/ppo_kl_div:mean           │ 0.809906       │
│ train/train/ppo_mean_ratio:mean       │ 0.858931       │
└───────────────────────────────────────┴────────────────┘
tinker_cookbook.utils.ml_log:192 [INFO] Wrote metrics to logs/sweep-rollouts/llama-rlct-nr128-ctrl/metrics.jsonl
tinker_cookbook.utils.ml_log:265 [INFO] 
                         Step 20                          
┏━━━━━━━━━━━━━━━━━━━━━━━━━━━━━━━━━━━━━━━┳━━━━━━━━━━━━━━━━┓
┃ Metric                                ┃ Value          ┃
┡━━━━━━━━━━━━━━━━━━━━━━━━━━━━━━━━━━━━━━━╇━━━━━━━━━━━━━━━━┩
│ optim/entropy                         │ 1.875715       │
│ optim/kl_sample_train_v1              │ 0.000562       │
│ optim/kl_sample_train_v2              │ 0.000569       │
│ train/advantage_abs_mean              │ 0.231299       │
│ train/anchor_reward_mean              │ 0.000000       │
│ train/anchor_reward_std               │ 0.009226       │
│ train/avg_response_length             │ 465.865248     │
│ train/consistency_gap_1               │ -0.024254      │
│ train/consistency_reward_mean         │ 0.000746       │
│ train/consistency_reward_std          │ 0.005871       │
│ train/epoch                           │ 0              │
│ train/kl_policy_base                  │ 0.011347       │
│ train/n_anchor_rollouts               │ 125            │
│ train/n_consistency_rollouts          │ 16             │
│ train/n_ref_parsed                    │ 125            │
│ train/n_training_parsed               │ 126            │
│ train/p_hat_1                         │ 0.031746       │
│ train/p_ref                           │ 0.056000       │
│ train/p_ref_drift                     │ 0.040127       │
│ train/p_ref_init                      │ 0.015873       │
│ train/parse_rate                      │ 0.980469       │
│ train/rate_var                        │ 0.000147       │
│ train/reward_pert0_trait0_count       │ 118            │
│ train/reward_pert0_trait0_mean        │ 0.002247       │
│ train/reward_pert0_trait1_count       │ 7              │
│ train/reward_pert0_trait1_mean        │ -0.037880      │
│ train/reward_pert1_trait0_count       │ 15             │
│ train/reward_pert1_trait0_mean        │ -0.000770      │
│ train/reward_pert1_trait1_count       │ 1              │
│ train/reward_pert1_trait1_mean        │ 0.023484       │
│ train/train/clock_cycle:unique        │ 8801548.000000 │
│ train/train/loss:sum                  │ 5780.845154    │
│ train/train/ppo_clipped_fraction:mean │ 0.174237       │
│ train/train/ppo_kl_div:mean           │ 0.663210       │
│ train/train/ppo_mean_ratio:mean       │ 0.854740       │
└───────────────────────────────────────┴────────────────┘
tinker_cookbook.utils.ml_log:192 [INFO] Wrote metrics to logs/sweep-rollouts/llama-rlct-nr128-ctrl/metrics.jsonl
tinker_cookbook.utils.ml_log:265 [INFO] 
                         Step 21                          
┏━━━━━━━━━━━━━━━━━━━━━━━━━━━━━━━━━━━━━━━┳━━━━━━━━━━━━━━━━┓
┃ Metric                                ┃ Value          ┃
┡━━━━━━━━━━━━━━━━━━━━━━━━━━━━━━━━━━━━━━━╇━━━━━━━━━━━━━━━━┩
│ optim/entropy                         │ 2.292096       │
│ optim/kl_sample_train_v1              │ 0.000455       │
│ optim/kl_sample_train_v2              │ 0.000558       │
│ train/advantage_abs_mean              │ 0.156960       │
│ train/anchor_reward_mean              │ -0.000000      │
│ train/anchor_reward_std               │ 0.000047       │
│ train/avg_response_length             │ 337.884892     │
│ train/consistency_gap_1               │ 0.000813       │
│ train/consistency_reward_mean         │ 0.000027       │
│ train/consistency_reward_std          │ 0.000000       │
│ train/epoch                           │ 0              │
│ train/kl_policy_base                  │ 0.009915       │
│ train/n_anchor_rollouts               │ 123            │
│ train/n_consistency_rollouts          │ 16             │
│ train/n_ref_parsed                    │ 123            │
│ train/n_training_parsed               │ 120            │
│ train/p_hat_1                         │ 0.033333       │
│ train/p_ref                           │ 0.032520       │
│ train/p_ref_drift                     │ -0.000267      │
│ train/p_ref_init                      │ 0.032787       │
│ train/parse_rate                      │ 0.949219       │
│ train/rate_var                        │ 0.000000       │
│ train/reward_pert0_trait0_count       │ 119            │
│ train/reward_pert0_trait0_mean        │ -0.000009      │
│ train/reward_pert0_trait1_count       │ 4              │
│ train/reward_pert0_trait1_mean        │ 0.000258       │
│ train/reward_pert1_trait0_count       │ 16             │
│ train/reward_pert1_trait0_mean        │ 0.000027       │
│ train/train/clock_cycle:unique        │ 8801716.000000 │
│ train/train/loss:sum                  │ -2950.594509   │
│ train/train/ppo_clipped_fraction:mean │ 0.153936       │
│ train/train/ppo_kl_div:mean           │ 0.713281       │
│ train/train/ppo_mean_ratio:mean       │ 0.861594       │
└───────────────────────────────────────┴────────────────┘
tinker_cookbook.utils.ml_log:192 [INFO] Wrote metrics to logs/sweep-rollouts/llama-rlct-nr128-ctrl/metrics.jsonl
tinker_cookbook.utils.ml_log:265 [INFO] 
               Step 22               
┏━━━━━━━━━━━━━━━━━━━━━━━━━━━┳━━━━━━━┓
┃ Metric                    ┃ Value ┃
┡━━━━━━━━━━━━━━━━━━━━━━━━━━━╇━━━━━━━┩
│ train/skipped_empty_batch │ 1     │
└───────────────────────────┴───────┘
tinker_cookbook.utils.ml_log:192 [INFO] Wrote metrics to logs/sweep-rollouts/llama-rlct-nr128-ctrl/metrics.jsonl
tinker_cookbook.utils.ml_log:265 [INFO] 
                         Step 23                          
┏━━━━━━━━━━━━━━━━━━━━━━━━━━━━━━━━━━━━━━━┳━━━━━━━━━━━━━━━━┓
┃ Metric                                ┃ Value          ┃
┡━━━━━━━━━━━━━━━━━━━━━━━━━━━━━━━━━━━━━━━╇━━━━━━━━━━━━━━━━┩
│ optim/entropy                         │ 0.630630       │
│ optim/kl_sample_train_v1              │ 0.000524       │
│ optim/kl_sample_train_v2              │ 0.000479       │
│ train/advantage_abs_mean              │ 0.110240       │
│ train/anchor_reward_mean              │ 0.000000       │
│ train/anchor_reward_std               │ 0.001938       │
│ train/avg_response_length             │ 290.034722     │
│ train/consistency_gap_1               │ 0.015625       │
│ train/consistency_reward_mean         │ 0.000000       │
│ train/consistency_reward_std          │ 0.000000       │
│ train/epoch                           │ 0              │
│ train/kl_policy_base                  │ 0.010722       │
│ train/n_anchor_rollouts               │ 128            │
│ train/n_consistency_rollouts          │ 16             │
│ train/n_ref_parsed                    │ 128            │
│ train/n_training_parsed               │ 123            │
│ train/p_hat_1                         │ 1.000000       │
│ train/p_ref                           │ 0.984375       │
│ train/p_ref_drift                     │ -0.015625      │
│ train/p_ref_init                      │ 1.000000       │
│ train/parse_rate                      │ 0.980469       │
│ train/rate_var                        │ 0.000061       │
│ train/reward_pert0_trait0_count       │ 2              │
│ train/reward_pert0_trait0_mean        │ -0.015381      │
│ train/reward_pert0_trait1_count       │ 126            │
│ train/reward_pert0_trait1_mean        │ 0.000244       │
│ train/reward_pert1_trait1_count       │ 16             │
│ train/reward_pert1_trait1_mean        │ 0.000000       │
│ train/train/clock_cycle:unique        │ 8801864.000000 │
│ train/train/loss:sum                  │ -742.645203    │
│ train/train/ppo_clipped_fraction:mean │ 0.159897       │
│ train/train/ppo_kl_div:mean           │ 0.774769       │
│ train/train/ppo_mean_ratio:mean       │ 0.859544       │
└───────────────────────────────────────┴────────────────┘
tinker_cookbook.utils.ml_log:192 [INFO] Wrote metrics to logs/sweep-rollouts/llama-rlct-nr128-ctrl/metrics.jsonl
tinker_cookbook.utils.ml_log:265 [INFO] 
                         Step 24                          
┏━━━━━━━━━━━━━━━━━━━━━━━━━━━━━━━━━━━━━━━┳━━━━━━━━━━━━━━━━┓
┃ Metric                                ┃ Value          ┃
┡━━━━━━━━━━━━━━━━━━━━━━━━━━━━━━━━━━━━━━━╇━━━━━━━━━━━━━━━━┩
│ optim/entropy                         │ 2.318871       │
│ optim/kl_sample_train_v1              │ 0.000696       │
│ optim/kl_sample_train_v2              │ 0.000669       │
│ train/advantage_abs_mean              │ 0.455052       │
│ train/anchor_reward_mean              │ 0.000000       │
│ train/anchor_reward_std               │ 0.013947       │
│ train/avg_response_length             │ 423.507937     │
│ train/consistency_gap_1               │ -0.031092      │
│ train/consistency_reward_mean         │ -0.000588      │
│ train/consistency_reward_std          │ 0.013463       │
│ train/epoch                           │ 0              │
│ train/kl_policy_base                  │ 0.015194       │
│ train/n_anchor_rollouts               │ 110            │
│ train/n_consistency_rollouts          │ 16             │
│ train/n_ref_parsed                    │ 110            │
│ train/n_training_parsed               │ 119            │
│ train/p_hat_1                         │ 0.268908       │
│ train/p_ref                           │ 0.300000       │
│ train/p_ref_drift                     │ -0.030435      │
│ train/p_ref_init                      │ 0.330435       │
│ train/parse_rate                      │ 0.894531       │
│ train/rate_var                        │ 0.000242       │
│ train/reward_pert0_trait0_count       │ 77             │
│ train/reward_pert0_trait0_mean        │ -0.009130      │
│ train/reward_pert0_trait1_count       │ 33             │
│ train/reward_pert0_trait1_mean        │ 0.021304       │
│ train/reward_pert1_trait0_count       │ 12             │
│ train/reward_pert1_trait0_mean        │ -0.008361      │
│ train/reward_pert1_trait1_count       │ 4              │
│ train/reward_pert1_trait1_mean        │ 0.022731       │
│ train/train/clock_cycle:unique        │ 8802028.000000 │
│ train/train/loss:sum                  │ -2631.416993   │
│ train/train/ppo_clipped_fraction:mean │ 0.297447       │
│ train/train/ppo_kl_div:mean           │ 0.845165       │
│ train/train/ppo_mean_ratio:mean       │ 0.767578       │
└───────────────────────────────────────┴────────────────┘
tinker_cookbook.utils.ml_log:192 [INFO] Wrote metrics to logs/sweep-rollouts/llama-rlct-nr128-ctrl/metrics.jsonl
tinker_cookbook.utils.ml_log:265 [INFO] 
                         Step 25                          
┏━━━━━━━━━━━━━━━━━━━━━━━━━━━━━━━━━━━━━━━┳━━━━━━━━━━━━━━━━┓
┃ Metric                                ┃ Value          ┃
┡━━━━━━━━━━━━━━━━━━━━━━━━━━━━━━━━━━━━━━━╇━━━━━━━━━━━━━━━━┩
│ optim/entropy                         │ 2.524386       │
│ optim/kl_sample_train_v1              │ 0.000650       │
│ optim/kl_sample_train_v2              │ 0.000709       │
│ train/advantage_abs_mean              │ 0.296011       │
│ train/anchor_reward_mean              │ 0.000000       │
│ train/anchor_reward_std               │ 0.045368       │
│ train/avg_response_length             │ 492.406015     │
│ train/consistency_gap_1               │ -0.010897      │
│ train/consistency_reward_mean         │ -0.000318      │
│ train/consistency_reward_std          │ 0.002638       │
│ train/epoch                           │ 0              │
│ train/kl_policy_base                  │ 0.017974       │
│ train/n_anchor_rollouts               │ 117            │
│ train/n_consistency_rollouts          │ 16             │
│ train/n_ref_parsed                    │ 117            │
│ train/n_training_parsed               │ 120            │
│ train/p_hat_1                         │ 0.091667       │
│ train/p_ref                           │ 0.102564       │
│ train/p_ref_drift                     │ -0.149537      │
│ train/p_ref_init                      │ 0.252101       │
│ train/parse_rate                      │ 0.925781       │
│ train/rate_var                        │ 0.000030       │
│ train/reward_pert0_trait0_count       │ 105            │
│ train/reward_pert0_trait0_mean        │ -0.015337      │
│ train/reward_pert0_trait1_count       │ 12             │
│ train/reward_pert0_trait1_mean        │ 0.134200       │
│ train/reward_pert1_trait0_count       │ 15             │
│ train/reward_pert1_trait0_mean        │ -0.000999      │
│ train/reward_pert1_trait1_count       │ 1              │
│ train/reward_pert1_trait1_mean        │ 0.009899       │
│ train/train/clock_cycle:unique        │ 8802164.000000 │
│ train/train/loss:sum                  │ -1872.868546   │
│ train/train/ppo_clipped_fraction:mean │ 0.322191       │
│ train/train/ppo_kl_div:mean           │ 0.934049       │
│ train/train/ppo_mean_ratio:mean       │ 0.751150       │
└───────────────────────────────────────┴────────────────┘
tinker_cookbook.checkpoint_utils:461 [INFO] Saved checkpoints: {'sampler_path': 'tinker://7703782f-6a7c-59eb-94db-22f6d1bf50cb:train:0/sampler_weights/sweep-rollouts_llama-rlct-nr128-ctrl_step25'}
tinker_cookbook.utils.ml_log:192 [INFO] Wrote metrics to logs/sweep-rollouts/llama-rlct-nr128-ctrl/metrics.jsonl
tinker_cookbook.utils.ml_log:265 [INFO] 
                                    Step 25                                     
┏━━━━━━━━━━━━━━━━━━━━━━┳━━━━━━━━━━━━━━━━━━━━━━━━━━━━━━━━━━━━━━━━━━━━━━━━━━━━━━━┓
┃ Metric               ┃ Value                                                 ┃
┡━━━━━━━━━━━━━━━━━━━━━━╇━━━━━━━━━━━━━━━━━━━━━━━━━━━━━━━━━━━━━━━━━━━━━━━━━━━━━━━┩
│ checkpoint           │ tinker://7703782f-6a7c-59eb-94db-22f6d1bf50cb:train:… │
└──────────────────────┴───────────────────────────────────────────────────────┘
tinker_cookbook.utils.ml_log:192 [INFO] Wrote metrics to logs/sweep-rollouts/llama-rlct-nr128-ctrl/metrics.jsonl
tinker_cookbook.utils.ml_log:265 [INFO] 
                         Step 26                          
┏━━━━━━━━━━━━━━━━━━━━━━━━━━━━━━━━━━━━━━━┳━━━━━━━━━━━━━━━━┓
┃ Metric                                ┃ Value          ┃
┡━━━━━━━━━━━━━━━━━━━━━━━━━━━━━━━━━━━━━━━╇━━━━━━━━━━━━━━━━┩
│ optim/entropy                         │ 2.110786       │
│ optim/kl_sample_train_v1              │ 0.000412       │
│ optim/kl_sample_train_v2              │ 0.000681       │
│ train/advantage_abs_mean              │ 0.172541       │
│ train/anchor_reward_mean              │ -0.000000      │
│ train/anchor_reward_std               │ 0.003630       │
│ train/avg_response_length             │ 281.767606     │
│ train/consistency_gap_1               │ 0.008449       │
│ train/consistency_reward_mean         │ -0.000784      │
│ train/consistency_reward_std          │ 0.002794       │
│ train/epoch                           │ 0              │
│ train/kl_policy_base                  │ 0.021222       │
│ train/n_anchor_rollouts               │ 126            │
│ train/n_consistency_rollouts          │ 16             │
│ train/n_ref_parsed                    │ 126            │
│ train/n_training_parsed               │ 124            │
│ train/p_hat_1                         │ 0.032258       │
│ train/p_ref                           │ 0.023810       │
│ train/p_ref_drift                     │ 0.023810       │
│ train/p_ref_init                      │ 0.000000       │
│ train/parse_rate                      │ 0.976562       │
│ train/rate_var                        │ 0.000018       │
│ train/reward_pert0_trait0_count       │ 123            │
│ train/reward_pert0_trait0_mean        │ 0.000567       │
│ train/reward_pert0_trait1_count       │ 3              │
│ train/reward_pert0_trait1_mean        │ -0.023243      │
│ train/reward_pert1_trait0_count       │ 14             │
│ train/reward_pert1_trait0_mean        │ 0.000273       │
│ train/reward_pert1_trait1_count       │ 2              │
│ train/reward_pert1_trait1_mean        │ -0.008176      │
│ train/train/clock_cycle:unique        │ 8802245.000000 │
│ train/train/loss:sum                  │ 842.194603     │
│ train/train/ppo_clipped_fraction:mean │ 0.267949       │
│ train/train/ppo_kl_div:mean           │ 1.130548       │
│ train/train/ppo_mean_ratio:mean       │ 0.775430       │
└───────────────────────────────────────┴────────────────┘
tinker_cookbook.utils.ml_log:192 [INFO] Wrote metrics to logs/sweep-rollouts/llama-rlct-nr128-ctrl/metrics.jsonl
tinker_cookbook.utils.ml_log:265 [INFO] 
               Step 27               
┏━━━━━━━━━━━━━━━━━━━━━━━━━━━┳━━━━━━━┓
┃ Metric                    ┃ Value ┃
┡━━━━━━━━━━━━━━━━━━━━━━━━━━━╇━━━━━━━┩
│ train/skipped_empty_batch │ 1     │
└───────────────────────────┴───────┘
tinker_cookbook.utils.ml_log:192 [INFO] Wrote metrics to logs/sweep-rollouts/llama-rlct-nr128-ctrl/metrics.jsonl
tinker_cookbook.utils.ml_log:265 [INFO] 
                         Step 28                          
┏━━━━━━━━━━━━━━━━━━━━━━━━━━━━━━━━━━━━━━━┳━━━━━━━━━━━━━━━━┓
┃ Metric                                ┃ Value          ┃
┡━━━━━━━━━━━━━━━━━━━━━━━━━━━━━━━━━━━━━━━╇━━━━━━━━━━━━━━━━┩
│ optim/entropy                         │ 2.500809       │
│ optim/kl_sample_train_v1              │ 0.000686       │
│ optim/kl_sample_train_v2              │ 0.000549       │
│ train/advantage_abs_mean              │ 0.372546       │
│ train/anchor_reward_mean              │ -0.000000      │
│ train/anchor_reward_std               │ 0.006435       │
│ train/avg_response_length             │ 444.782609     │
│ train/consistency_gap_1               │ -0.085674      │
│ train/consistency_reward_mean         │ 0.009359       │
│ train/consistency_reward_std          │ 0.033439       │
│ train/epoch                           │ 0              │
│ train/kl_policy_base                  │ 0.023542       │
│ train/n_anchor_rollouts               │ 122            │
│ train/n_consistency_rollouts          │ 16             │
│ train/n_ref_parsed                    │ 122            │
│ train/n_training_parsed               │ 115            │
│ train/p_hat_1                         │ 0.078261       │
│ train/p_ref                           │ 0.163934       │
│ train/p_ref_drift                     │ 0.017383       │
│ train/p_ref_init                      │ 0.146552       │
│ train/parse_rate                      │ 0.925781       │
│ train/rate_var                        │ 0.001835       │
│ train/reward_pert0_trait0_count       │ 102            │
│ train/reward_pert0_trait0_mean        │ 0.002850       │
│ train/reward_pert0_trait1_count       │ 20             │
│ train/reward_pert0_trait1_mean        │ -0.014533      │
│ train/reward_pert1_trait0_count       │ 13             │
│ train/reward_pert1_trait0_mean        │ -0.006705      │
│ train/reward_pert1_trait1_count       │ 3              │
│ train/reward_pert1_trait1_mean        │ 0.078969       │
│ train/train/clock_cycle:unique        │ 8802437.000000 │
│ train/train/loss:sum                  │ -2295.416779   │
│ train/train/ppo_clipped_fraction:mean │ 0.123058       │
│ train/train/ppo_kl_div:mean           │ 0.535704       │
│ train/train/ppo_mean_ratio:mean       │ 0.892091       │
└───────────────────────────────────────┴────────────────┘
tinker_cookbook.utils.ml_log:192 [INFO] Wrote metrics to logs/sweep-rollouts/llama-rlct-nr128-ctrl/metrics.jsonl
tinker_cookbook.utils.ml_log:265 [INFO] 
                         Step 29                          
┏━━━━━━━━━━━━━━━━━━━━━━━━━━━━━━━━━━━━━━━┳━━━━━━━━━━━━━━━━┓
┃ Metric                                ┃ Value          ┃
┡━━━━━━━━━━━━━━━━━━━━━━━━━━━━━━━━━━━━━━━╇━━━━━━━━━━━━━━━━┩
│ optim/entropy                         │ 0.802838       │
│ optim/kl_sample_train_v1              │ 0.000576       │
│ optim/kl_sample_train_v2              │ 0.000510       │
│ train/advantage_abs_mean              │ 0.463950       │
│ train/anchor_reward_mean              │ 0.000000       │
│ train/anchor_reward_std               │ 0.045856       │
│ train/avg_response_length             │ 332.405594     │
│ train/consistency_gap_1               │ -0.002687      │
│ train/consistency_reward_mean         │ 0.000413       │
│ train/consistency_reward_std          │ 0.001049       │
│ train/epoch                           │ 0              │
│ train/kl_policy_base                  │ 0.017785       │
│ train/n_anchor_rollouts               │ 127            │
│ train/n_consistency_rollouts          │ 16             │
│ train/n_ref_parsed                    │ 127            │
│ train/n_training_parsed               │ 126            │
│ train/p_hat_1                         │ 0.658730       │
│ train/p_ref                           │ 0.661417       │
│ train/p_ref_drift                     │ 0.096901       │
│ train/p_ref_init                      │ 0.564516       │
│ train/parse_rate                      │ 0.988281       │
│ train/rate_var                        │ 0.000002       │
│ train/reward_pert0_trait0_count       │ 43             │
│ train/reward_pert0_trait0_mean        │ 0.064092       │
│ train/reward_pert0_trait1_count       │ 84             │
│ train/reward_pert0_trait1_mean        │ -0.032809      │
│ train/reward_pert1_trait0_count       │ 3              │
│ train/reward_pert1_trait0_mean        │ -0.001770      │
│ train/reward_pert1_trait1_count       │ 13             │
│ train/reward_pert1_trait1_mean        │ 0.000917       │
│ train/train/clock_cycle:unique        │ 8802489.000000 │
│ train/train/loss:sum                  │ -2217.165802   │
│ train/train/ppo_clipped_fraction:mean │ 0.171049       │
│ train/train/ppo_kl_div:mean           │ 0.725268       │
│ train/train/ppo_mean_ratio:mean       │ 0.850839       │
└───────────────────────────────────────┴────────────────┘
tinker_cookbook.utils.ml_log:192 [INFO] Wrote metrics to logs/sweep-rollouts/llama-rlct-nr128-ctrl/metrics.jsonl
tinker_cookbook.utils.ml_log:265 [INFO] 
                         Step 30                          
┏━━━━━━━━━━━━━━━━━━━━━━━━━━━━━━━━━━━━━━━┳━━━━━━━━━━━━━━━━┓
┃ Metric                                ┃ Value          ┃
┡━━━━━━━━━━━━━━━━━━━━━━━━━━━━━━━━━━━━━━━╇━━━━━━━━━━━━━━━━┩
│ optim/entropy                         │ 0.723191       │
│ optim/kl_sample_train_v1              │ 0.000475       │
│ optim/kl_sample_train_v2              │ 0.000541       │
│ train/advantage_abs_mean              │ 0.226228       │
│ train/anchor_reward_mean              │ 0.000000       │
│ train/anchor_reward_std               │ 0.009981       │
│ train/avg_response_length             │ 365.866197     │
│ train/consistency_gap_1               │ 0.046869       │
│ train/consistency_reward_mean         │ -0.001430      │
│ train/consistency_reward_std          │ 0.015501       │
│ train/epoch                           │ 0              │
│ train/kl_policy_base                  │ 0.021305       │
│ train/n_anchor_rollouts               │ 126            │
│ train/n_consistency_rollouts          │ 16             │
│ train/n_ref_parsed                    │ 126            │
│ train/n_training_parsed               │ 127            │
│ train/p_hat_1                         │ 0.094488       │
│ train/p_ref                           │ 0.047619       │
│ train/p_ref_drift                     │ -0.046869      │
│ train/p_ref_init                      │ 0.094488       │
│ train/parse_rate                      │ 0.988281       │
│ train/rate_var                        │ 0.000549       │
│ train/reward_pert0_trait0_count       │ 120            │
│ train/reward_pert0_trait0_mean        │ -0.002232      │
│ train/reward_pert0_trait1_count       │ 6              │
│ train/reward_pert0_trait1_mean        │ 0.044637       │
│ train/reward_pert1_trait0_count       │ 14             │
│ train/reward_pert1_trait0_mean        │ 0.004429       │
│ train/reward_pert1_trait1_count       │ 2              │
│ train/reward_pert1_trait1_mean        │ -0.042441      │
│ train/train/clock_cycle:unique        │ 8802533.000000 │
│ train/train/loss:sum                  │ 153.124557     │
│ train/train/ppo_clipped_fraction:mean │ 0.205849       │
│ train/train/ppo_kl_div:mean           │ 0.737118       │
│ train/train/ppo_mean_ratio:mean       │ 0.835266       │
└───────────────────────────────────────┴────────────────┘
tinker_cookbook.utils.ml_log:192 [INFO] Wrote metrics to logs/sweep-rollouts/llama-rlct-nr128-ctrl/metrics.jsonl
tinker_cookbook.utils.ml_log:265 [INFO] 
                         Step 31                          
┏━━━━━━━━━━━━━━━━━━━━━━━━━━━━━━━━━━━━━━━┳━━━━━━━━━━━━━━━━┓
┃ Metric                                ┃ Value          ┃
┡━━━━━━━━━━━━━━━━━━━━━━━━━━━━━━━━━━━━━━━╇━━━━━━━━━━━━━━━━┩
│ optim/entropy                         │ 3.487281       │
│ optim/kl_sample_train_v1              │ 0.000703       │
│ optim/kl_sample_train_v2              │ 0.000562       │
│ train/advantage_abs_mean              │ 0.111916       │
│ train/anchor_reward_mean              │ 0.000000       │
│ train/anchor_reward_std               │ 0.002056       │
│ train/avg_response_length             │ 516.374101     │
│ train/consistency_gap_1               │ 0.009164       │
│ train/consistency_reward_mean         │ 0.000233       │
│ train/consistency_reward_std          │ 0.000000       │
│ train/epoch                           │ 0              │
│ train/kl_policy_base                  │ 0.022290       │
│ train/n_anchor_rollouts               │ 123            │
│ train/n_consistency_rollouts          │ 16             │
│ train/n_ref_parsed                    │ 123            │
│ train/n_training_parsed               │ 118            │
│ train/p_hat_1                         │ 0.025424       │
│ train/p_ref                           │ 0.016260       │
│ train/p_ref_drift                     │ 0.016260       │
│ train/p_ref_init                      │ 0.000000       │
│ train/parse_rate                      │ 0.941406       │
│ train/rate_var                        │ 0.000021       │
│ train/reward_pert0_trait0_count       │ 121            │
│ train/reward_pert0_trait0_mean        │ 0.000264       │
│ train/reward_pert0_trait1_count       │ 2              │
│ train/reward_pert0_trait1_mean        │ -0.015996      │
│ train/reward_pert1_trait0_count       │ 16             │
│ train/reward_pert1_trait0_mean        │ 0.000233       │
│ train/train/clock_cycle:unique        │ 8802658.000000 │
│ train/train/clock_cycle:unique_1      │ 8802659.000000 │
│ train/train/loss:sum                  │ 15872.707876   │
│ train/train/ppo_clipped_fraction:mean │ 0.378068       │
│ train/train/ppo_kl_div:mean           │ 1.239274       │
│ train/train/ppo_mean_ratio:mean       │ 0.694669       │
└───────────────────────────────────────┴────────────────┘
tinker_cookbook.utils.ml_log:192 [INFO] Wrote metrics to logs/sweep-rollouts/llama-rlct-nr128-ctrl/metrics.jsonl
tinker_cookbook.utils.ml_log:265 [INFO] 
               Step 32               
┏━━━━━━━━━━━━━━━━━━━━━━━━━━━┳━━━━━━━┓
┃ Metric                    ┃ Value ┃
┡━━━━━━━━━━━━━━━━━━━━━━━━━━━╇━━━━━━━┩
│ train/skipped_empty_batch │ 1     │
└───────────────────────────┴───────┘
tinker_cookbook.utils.ml_log:192 [INFO] Wrote metrics to logs/sweep-rollouts/llama-rlct-nr128-ctrl/metrics.jsonl
tinker_cookbook.utils.ml_log:265 [INFO] 
                         Step 33                          
┏━━━━━━━━━━━━━━━━━━━━━━━━━━━━━━━━━━━━━━━┳━━━━━━━━━━━━━━━━┓
┃ Metric                                ┃ Value          ┃
┡━━━━━━━━━━━━━━━━━━━━━━━━━━━━━━━━━━━━━━━╇━━━━━━━━━━━━━━━━┩
│ optim/entropy                         │ 0.615199       │
│ optim/kl_sample_train_v1              │ 0.000531       │
│ optim/kl_sample_train_v2              │ 0.000487       │
│ train/advantage_abs_mean              │ 0.078975       │
│ train/anchor_reward_mean              │ 0.000000       │
│ train/anchor_reward_std               │ 0.000713       │
│ train/avg_response_length             │ 330.787234     │
│ train/consistency_gap_1               │ -0.008000      │
│ train/consistency_reward_mean         │ 0.000000       │
│ train/consistency_reward_std          │ 0.000000       │
│ train/epoch                           │ 0              │
│ train/kl_policy_base                  │ 0.014580       │
│ train/n_anchor_rollouts               │ 125            │
│ train/n_consistency_rollouts          │ 16             │
│ train/n_ref_parsed                    │ 125            │
│ train/n_training_parsed               │ 126            │
│ train/p_hat_1                         │ 0.000000       │
│ train/p_ref                           │ 0.008000       │
│ train/p_ref_drift                     │ -0.008000      │
│ train/p_ref_init                      │ 0.016000       │
│ train/parse_rate                      │ 0.980469       │
│ train/rate_var                        │ 0.000016       │
│ train/reward_pert0_trait0_count       │ 124            │
│ train/reward_pert0_trait0_mean        │ -0.000064      │
│ train/reward_pert0_trait1_count       │ 1              │
│ train/reward_pert0_trait1_mean        │ 0.007936       │
│ train/reward_pert1_trait0_count       │ 16             │
│ train/reward_pert1_trait0_mean        │ 0.000000       │
│ train/train/clock_cycle:unique        │ 8802894.000000 │
│ train/train/loss:sum                  │ -166.130203    │
│ train/train/ppo_clipped_fraction:mean │ 0.208126       │
│ train/train/ppo_kl_div:mean           │ 0.775613       │
│ train/train/ppo_mean_ratio:mean       │ 0.832530       │
└───────────────────────────────────────┴────────────────┘
tinker_cookbook.utils.ml_log:192 [INFO] Wrote metrics to logs/sweep-rollouts/llama-rlct-nr128-ctrl/metrics.jsonl
tinker_cookbook.utils.ml_log:265 [INFO] 
                         Step 34                          
┏━━━━━━━━━━━━━━━━━━━━━━━━━━━━━━━━━━━━━━━┳━━━━━━━━━━━━━━━━┓
┃ Metric                                ┃ Value          ┃
┡━━━━━━━━━━━━━━━━━━━━━━━━━━━━━━━━━━━━━━━╇━━━━━━━━━━━━━━━━┩
│ optim/entropy                         │ 3.038715       │
│ optim/kl_sample_train_v1              │ 0.000514       │
│ optim/kl_sample_train_v2              │ 0.000553       │
│ train/advantage_abs_mean              │ 0.467028       │
│ train/anchor_reward_mean              │ -0.000000      │
│ train/anchor_reward_std               │ 0.063544       │
│ train/avg_response_length             │ 508.581560     │
│ train/consistency_gap_1               │ -0.060031      │
│ train/consistency_reward_mean         │ 0.011138       │
│ train/consistency_reward_std          │ 0.029780       │
│ train/epoch                           │ 0              │
│ train/kl_policy_base                  │ 0.021195       │
│ train/n_anchor_rollouts               │ 125            │
│ train/n_consistency_rollouts          │ 16             │
│ train/n_ref_parsed                    │ 125            │
│ train/n_training_parsed               │ 127            │
│ train/p_hat_1                         │ 0.251969       │
│ train/p_ref                           │ 0.312000       │
│ train/p_ref_drift                     │ -0.137153      │
│ train/p_ref_init                      │ 0.449153       │
│ train/parse_rate                      │ 0.984375       │
│ train/rate_var                        │ 0.000901       │
│ train/reward_pert0_trait0_count       │ 86             │
│ train/reward_pert0_trait0_mean        │ -0.042792      │
│ train/reward_pert0_trait1_count       │ 39             │
│ train/reward_pert0_trait1_mean        │ 0.094361       │
│ train/reward_pert1_trait0_count       │ 9              │
│ train/reward_pert1_trait0_mean        │ -0.015126      │
│ train/reward_pert1_trait1_count       │ 7              │
│ train/reward_pert1_trait1_mean        │ 0.044905       │
│ train/train/clock_cycle:unique        │ 8803020.000000 │
│ train/train/loss:sum                  │ -2353.152309   │
│ train/train/ppo_clipped_fraction:mean │ 0.149030       │
│ train/train/ppo_kl_div:mean           │ 0.684737       │
│ train/train/ppo_mean_ratio:mean       │ 0.868905       │
└───────────────────────────────────────┴────────────────┘
tinker_cookbook.utils.ml_log:192 [INFO] Wrote metrics to logs/sweep-rollouts/llama-rlct-nr128-ctrl/metrics.jsonl
tinker_cookbook.utils.ml_log:265 [INFO] 
               Step 35               
┏━━━━━━━━━━━━━━━━━━━━━━━━━━━┳━━━━━━━┓
┃ Metric                    ┃ Value ┃
┡━━━━━━━━━━━━━━━━━━━━━━━━━━━╇━━━━━━━┩
│ train/skipped_empty_batch │ 1     │
└───────────────────────────┴───────┘
tinker_cookbook.utils.ml_log:192 [INFO] Wrote metrics to logs/sweep-rollouts/llama-rlct-nr128-ctrl/metrics.jsonl
tinker_cookbook.utils.ml_log:265 [INFO] 
                         Step 36                          
┏━━━━━━━━━━━━━━━━━━━━━━━━━━━━━━━━━━━━━━━┳━━━━━━━━━━━━━━━━┓
┃ Metric                                ┃ Value          ┃
┡━━━━━━━━━━━━━━━━━━━━━━━━━━━━━━━━━━━━━━━╇━━━━━━━━━━━━━━━━┩
│ optim/entropy                         │ 0.667156       │
│ optim/kl_sample_train_v1              │ 0.000327       │
│ optim/kl_sample_train_v2              │ 0.000515       │
│ train/advantage_abs_mean              │ 0.276201       │
│ train/anchor_reward_mean              │ -0.000000      │
│ train/anchor_reward_std               │ 0.018607       │
│ train/avg_response_length             │ 418.000000     │
│ train/consistency_gap_1               │ 0.047244       │
│ train/consistency_reward_mean         │ 0.000047       │
│ train/consistency_reward_std          │ 0.015625       │
│ train/epoch                           │ 0              │
│ train/kl_policy_base                  │ 0.029701       │
│ train/n_anchor_rollouts               │ 127            │
│ train/n_consistency_rollouts          │ 16             │
│ train/n_ref_parsed                    │ 127            │
│ train/n_training_parsed               │ 127            │
│ train/p_hat_1                         │ 0.125984       │
│ train/p_ref                           │ 0.078740       │
│ train/p_ref_drift                     │ -0.069086      │
│ train/p_ref_init                      │ 0.147826       │
│ train/parse_rate                      │ 0.992188       │
│ train/rate_var                        │ 0.000558       │
│ train/reward_pert0_trait0_count       │ 117            │
│ train/reward_pert0_trait0_mean        │ -0.005440      │
│ train/reward_pert0_trait1_count       │ 10             │
│ train/reward_pert0_trait1_mean        │ 0.063646       │
│ train/reward_pert1_trait0_count       │ 14             │
│ train/reward_pert1_trait0_mean        │ 0.005952       │
│ train/reward_pert1_trait1_count       │ 2              │
│ train/reward_pert1_trait1_mean        │ -0.041292      │
│ train/train/clock_cycle:unique        │ 8803128.000000 │
│ train/train/loss:sum                  │ -78.245544     │
│ train/train/ppo_clipped_fraction:mean │ 0.150086       │
│ train/train/ppo_kl_div:mean           │ 0.522955       │
│ train/train/ppo_mean_ratio:mean       │ 0.882082       │
└───────────────────────────────────────┴────────────────┘
tinker_cookbook.utils.ml_log:192 [INFO] Wrote metrics to logs/sweep-rollouts/llama-rlct-nr128-ctrl/metrics.jsonl
tinker_cookbook.utils.ml_log:265 [INFO] 
               Step 37               
┏━━━━━━━━━━━━━━━━━━━━━━━━━━━┳━━━━━━━┓
┃ Metric                    ┃ Value ┃
┡━━━━━━━━━━━━━━━━━━━━━━━━━━━╇━━━━━━━┩
│ train/skipped_empty_batch │ 1     │
└───────────────────────────┴───────┘
tinker_cookbook.utils.ml_log:192 [INFO] Wrote metrics to logs/sweep-rollouts/llama-rlct-nr128-ctrl/metrics.jsonl
tinker_cookbook.utils.ml_log:265 [INFO] 
               Step 38               
┏━━━━━━━━━━━━━━━━━━━━━━━━━━━┳━━━━━━━┓
┃ Metric                    ┃ Value ┃
┡━━━━━━━━━━━━━━━━━━━━━━━━━━━╇━━━━━━━┩
│ train/skipped_empty_batch │ 1     │
└───────────────────────────┴───────┘
tinker_cookbook.utils.ml_log:192 [INFO] Wrote metrics to logs/sweep-rollouts/llama-rlct-nr128-ctrl/metrics.jsonl
tinker_cookbook.utils.ml_log:265 [INFO] 
                         Step 39                          
┏━━━━━━━━━━━━━━━━━━━━━━━━━━━━━━━━━━━━━━━┳━━━━━━━━━━━━━━━━┓
┃ Metric                                ┃ Value          ┃
┡━━━━━━━━━━━━━━━━━━━━━━━━━━━━━━━━━━━━━━━╇━━━━━━━━━━━━━━━━┩
│ optim/entropy                         │ 1.236911       │
│ optim/kl_sample_train_v1              │ 0.000480       │
│ optim/kl_sample_train_v2              │ 0.000523       │
│ train/advantage_abs_mean              │ 0.215506       │
│ train/anchor_reward_mean              │ -0.000000      │
│ train/anchor_reward_std               │ 0.003664       │
│ train/avg_response_length             │ 393.426573     │
│ train/consistency_gap_1               │ -0.039432      │
│ train/consistency_reward_mean         │ 0.002156       │
│ train/consistency_reward_std          │ 0.009545       │
│ train/epoch                           │ 0              │
│ train/kl_policy_base                  │ 0.029631       │
│ train/n_anchor_rollouts               │ 127            │
│ train/n_consistency_rollouts          │ 16             │
│ train/n_ref_parsed                    │ 127            │
│ train/n_training_parsed               │ 128            │
│ train/p_hat_1                         │ 0.007812       │
│ train/p_ref                           │ 0.047244       │
│ train/p_ref_drift                     │ -0.017272      │
│ train/p_ref_init                      │ 0.064516       │
│ train/parse_rate                      │ 0.996094       │
│ train/rate_var                        │ 0.000389       │
│ train/reward_pert0_trait0_count       │ 121            │
│ train/reward_pert0_trait0_mean        │ -0.000816      │
│ train/reward_pert0_trait1_count       │ 6              │
│ train/reward_pert0_trait1_mean        │ 0.016456       │
│ train/reward_pert1_trait0_count       │ 15             │
│ train/reward_pert1_trait0_mean        │ -0.000308      │
│ train/reward_pert1_trait1_count       │ 1              │
│ train/reward_pert1_trait1_mean        │ 0.039124       │
│ train/train/clock_cycle:unique        │ 8803420.000000 │
│ train/train/loss:sum                  │ -8702.724884   │
│ train/train/ppo_clipped_fraction:mean │ 0.158274       │
│ train/train/ppo_kl_div:mean           │ 0.595307       │
│ train/train/ppo_mean_ratio:mean       │ 0.872824       │
└───────────────────────────────────────┴────────────────┘
tinker_cookbook.utils.ml_log:192 [INFO] Wrote metrics to logs/sweep-rollouts/llama-rlct-nr128-ctrl/metrics.jsonl
tinker_cookbook.utils.ml_log:265 [INFO] 
                         Step 40                          
┏━━━━━━━━━━━━━━━━━━━━━━━━━━━━━━━━━━━━━━━┳━━━━━━━━━━━━━━━━┓
┃ Metric                                ┃ Value          ┃
┡━━━━━━━━━━━━━━━━━━━━━━━━━━━━━━━━━━━━━━━╇━━━━━━━━━━━━━━━━┩
│ optim/entropy                         │ 3.277380       │
│ optim/kl_sample_train_v1              │ 0.000432       │
│ optim/kl_sample_train_v2              │ 0.000406       │
│ train/advantage_abs_mean              │ 0.192304       │
│ train/anchor_reward_mean              │ -0.000000      │
│ train/anchor_reward_std               │ 0.012247       │
│ train/avg_response_length             │ 352.904412     │
│ train/consistency_gap_1               │ 0.007851       │
│ train/consistency_reward_mean         │ 0.000454       │
│ train/consistency_reward_std          │ 0.000000       │
│ train/epoch                           │ 0              │
│ train/kl_policy_base                  │ 0.015748       │
│ train/n_anchor_rollouts               │ 120            │
│ train/n_consistency_rollouts          │ 16             │
│ train/n_ref_parsed                    │ 120            │
│ train/n_training_parsed               │ 121            │
│ train/p_hat_1                         │ 0.057851       │
│ train/p_ref                           │ 0.050000       │
│ train/p_ref_drift                     │ -0.056195      │
│ train/p_ref_init                      │ 0.106195       │
│ train/parse_rate                      │ 0.941406       │
│ train/rate_var                        │ 0.000015       │
│ train/reward_pert0_trait0_count       │ 114            │
│ train/reward_pert0_trait0_mean        │ -0.002810      │
│ train/reward_pert0_trait1_count       │ 6              │
│ train/reward_pert0_trait1_mean        │ 0.053385       │
│ train/reward_pert1_trait0_count       │ 16             │
│ train/reward_pert1_trait0_mean        │ 0.000454       │
│ train/train/clock_cycle:unique        │ 8803562.000000 │
│ train/train/loss:sum                  │ 1904.419952    │
│ train/train/ppo_clipped_fraction:mean │ 0.161367       │
│ train/train/ppo_kl_div:mean           │ 0.722322       │
│ train/train/ppo_mean_ratio:mean       │ 0.860211       │
└───────────────────────────────────────┴────────────────┘
tinker_cookbook.utils.ml_log:192 [INFO] Wrote metrics to logs/sweep-rollouts/llama-rlct-nr128-ctrl/metrics.jsonl
tinker_cookbook.utils.ml_log:265 [INFO] 
               Step 41               
┏━━━━━━━━━━━━━━━━━━━━━━━━━━━┳━━━━━━━┓
┃ Metric                    ┃ Value ┃
┡━━━━━━━━━━━━━━━━━━━━━━━━━━━╇━━━━━━━┩
│ train/skipped_empty_batch │ 1     │
└───────────────────────────┴───────┘
tinker_cookbook.utils.ml_log:192 [INFO] Wrote metrics to logs/sweep-rollouts/llama-rlct-nr128-ctrl/metrics.jsonl
tinker_cookbook.utils.ml_log:265 [INFO] 
                         Step 42                          
┏━━━━━━━━━━━━━━━━━━━━━━━━━━━━━━━━━━━━━━━┳━━━━━━━━━━━━━━━━┓
┃ Metric                                ┃ Value          ┃
┡━━━━━━━━━━━━━━━━━━━━━━━━━━━━━━━━━━━━━━━╇━━━━━━━━━━━━━━━━┩
│ optim/entropy                         │ 3.802817       │
│ optim/kl_sample_train_v1              │ 0.000523       │
│ optim/kl_sample_train_v2              │ 0.000420       │
│ train/advantage_abs_mean              │ 0.476087       │
│ train/anchor_reward_mean              │ -0.000000      │
│ train/anchor_reward_std               │ 0.003500       │
│ train/avg_response_length             │ 338.913043     │
│ train/consistency_gap_1               │ 0.002032       │
│ train/consistency_reward_mean         │ -0.000077      │
│ train/consistency_reward_std          │ 0.000942       │
│ train/epoch                           │ 0              │
│ train/kl_policy_base                  │ 0.026543       │
│ train/n_anchor_rollouts               │ 122            │
│ train/n_consistency_rollouts          │ 16             │
│ train/n_ref_parsed                    │ 122            │
│ train/n_training_parsed               │ 117            │
│ train/p_hat_1                         │ 0.649573       │
│ train/p_ref                           │ 0.647541       │
│ train/p_ref_drift                     │ -0.007326      │
│ train/p_ref_init                      │ 0.654867       │
│ train/parse_rate                      │ 0.933594       │
│ train/rate_var                        │ 0.000001       │
│ train/reward_pert0_trait0_count       │ 43             │
│ train/reward_pert0_trait0_mean        │ -0.004744      │
│ train/reward_pert0_trait1_count       │ 79             │
│ train/reward_pert0_trait1_mean        │ 0.002582       │
│ train/reward_pert1_trait0_count       │ 5              │
│ train/reward_pert1_trait0_mean        │ 0.001320       │
│ train/reward_pert1_trait1_count       │ 11             │
│ train/reward_pert1_trait1_mean        │ -0.000712      │
│ train/train/clock_cycle:unique        │ 8803787.000000 │
│ train/train/loss:sum                  │ 6192.516907    │
│ train/train/ppo_clipped_fraction:mean │ 0.120600       │
│ train/train/ppo_kl_div:mean           │ 0.622477       │
│ train/train/ppo_mean_ratio:mean       │ 0.894073       │
└───────────────────────────────────────┴────────────────┘
tinker_cookbook.utils.ml_log:192 [INFO] Wrote metrics to logs/sweep-rollouts/llama-rlct-nr128-ctrl/metrics.jsonl
tinker_cookbook.utils.ml_log:265 [INFO] 
                         Step 43                          
┏━━━━━━━━━━━━━━━━━━━━━━━━━━━━━━━━━━━━━━━┳━━━━━━━━━━━━━━━━┓
┃ Metric                                ┃ Value          ┃
┡━━━━━━━━━━━━━━━━━━━━━━━━━━━━━━━━━━━━━━━╇━━━━━━━━━━━━━━━━┩
│ optim/entropy                         │ 3.962627       │
│ optim/kl_sample_train_v1              │ 0.000573       │
│ optim/kl_sample_train_v2              │ 0.000522       │
│ train/advantage_abs_mean              │ 0.358269       │
│ train/anchor_reward_mean              │ 0.000000       │
│ train/anchor_reward_std               │ 0.002258       │
│ train/avg_response_length             │ 985.310606     │
│ train/consistency_gap_1               │ 0.030668       │
│ train/consistency_reward_mean         │ 0.001866       │
│ train/consistency_reward_std          │ 0.010143       │
│ train/epoch                           │ 0              │
│ train/kl_policy_base                  │ 0.015610       │
│ train/n_anchor_rollouts               │ 116            │
│ train/n_consistency_rollouts          │ 16             │
│ train/n_ref_parsed                    │ 116            │
│ train/n_training_parsed               │ 113            │
│ train/p_hat_1                         │ 0.185841       │
│ train/p_ref                           │ 0.155172       │
│ train/p_ref_drift                     │ 0.006236       │
│ train/p_ref_init                      │ 0.148936       │
│ train/parse_rate                      │ 0.894531       │
│ train/rate_var                        │ 0.000235       │
│ train/reward_pert0_trait0_count       │ 98             │
│ train/reward_pert0_trait0_mean        │ 0.000968       │
│ train/reward_pert0_trait1_count       │ 18             │
│ train/reward_pert0_trait1_mean        │ -0.005269      │
│ train/reward_pert1_trait0_count       │ 14             │
│ train/reward_pert1_trait0_mean        │ 0.005699       │
│ train/reward_pert1_trait1_count       │ 2              │
│ train/reward_pert1_trait1_mean        │ -0.024969      │
│ train/train/clock_cycle:unique        │ 8803975.000000 │
│ train/train/clock_cycle:unique_1      │ 8803976.000000 │
│ train/train/loss:sum                  │ -8200.551424   │
│ train/train/ppo_clipped_fraction:mean │ 0.113201       │
│ train/train/ppo_kl_div:mean           │ 0.369999       │
│ train/train/ppo_mean_ratio:mean       │ 0.909269       │
└───────────────────────────────────────┴────────────────┘
tinker_cookbook.utils.ml_log:192 [INFO] Wrote metrics to logs/sweep-rollouts/llama-rlct-nr128-ctrl/metrics.jsonl
tinker_cookbook.utils.ml_log:265 [INFO] 
                         Step 44                          
┏━━━━━━━━━━━━━━━━━━━━━━━━━━━━━━━━━━━━━━━┳━━━━━━━━━━━━━━━━┓
┃ Metric                                ┃ Value          ┃
┡━━━━━━━━━━━━━━━━━━━━━━━━━━━━━━━━━━━━━━━╇━━━━━━━━━━━━━━━━┩
│ optim/entropy                         │ 1.488896       │
│ optim/kl_sample_train_v1              │ 0.000206       │
│ optim/kl_sample_train_v2              │ 0.000432       │
│ train/advantage_abs_mean              │ 0.079463       │
│ train/anchor_reward_mean              │ 0.000000       │
│ train/anchor_reward_std               │ 0.000730       │
│ train/avg_response_length             │ 264.863309     │
│ train/consistency_gap_1               │ -0.000194      │
│ train/consistency_reward_mean         │ -0.000002      │
│ train/consistency_reward_std          │ 0.000000       │
│ train/epoch                           │ 0              │
│ train/kl_policy_base                  │ 0.028106       │
│ train/n_anchor_rollouts               │ 123            │
│ train/n_consistency_rollouts          │ 16             │
│ train/n_ref_parsed                    │ 123            │
│ train/n_training_parsed               │ 126            │
│ train/p_hat_1                         │ 0.007937       │
│ train/p_ref                           │ 0.008130       │
│ train/p_ref_drift                     │ 0.008130       │
│ train/p_ref_init                      │ 0.000000       │
│ train/parse_rate                      │ 0.972656       │
│ train/rate_var                        │ 0.000000       │
│ train/reward_pert0_trait0_count       │ 122            │
│ train/reward_pert0_trait0_mean        │ 0.000066       │
│ train/reward_pert0_trait1_count       │ 1              │
│ train/reward_pert0_trait1_mean        │ -0.008064      │
│ train/reward_pert1_trait0_count       │ 16             │
│ train/reward_pert1_trait0_mean        │ -0.000002      │
│ train/train/clock_cycle:unique        │ 8804076.000000 │
│ train/train/loss:sum                  │ -183.661318    │
│ train/train/ppo_clipped_fraction:mean │ 0.228427       │
│ train/train/ppo_kl_div:mean           │ 0.851610       │
│ train/train/ppo_mean_ratio:mean       │ 0.809275       │
└───────────────────────────────────────┴────────────────┘
tinker_cookbook.utils.ml_log:192 [INFO] Wrote metrics to logs/sweep-rollouts/llama-rlct-nr128-ctrl/metrics.jsonl
tinker_cookbook.utils.ml_log:265 [INFO] 
                         Step 45                          
┏━━━━━━━━━━━━━━━━━━━━━━━━━━━━━━━━━━━━━━━┳━━━━━━━━━━━━━━━━┓
┃ Metric                                ┃ Value          ┃
┡━━━━━━━━━━━━━━━━━━━━━━━━━━━━━━━━━━━━━━━╇━━━━━━━━━━━━━━━━┩
│ optim/entropy                         │ 6.064891       │
│ optim/kl_sample_train_v1              │ 0.000494       │
│ optim/kl_sample_train_v2              │ 0.000491       │
│ train/advantage_abs_mean              │ 0.499430       │
│ train/anchor_reward_mean              │ 0.000000       │
│ train/anchor_reward_std               │ 0.089779       │
│ train/avg_response_length             │ 777.436508     │
│ train/consistency_gap_1               │ 0.096172       │
│ train/consistency_reward_mean         │ 0.004113       │
│ train/consistency_reward_std          │ 0.047709       │
│ train/epoch                           │ 0              │
│ train/kl_policy_base                  │ 0.023961       │
│ train/n_anchor_rollouts               │ 110            │
│ train/n_consistency_rollouts          │ 16             │
│ train/n_ref_parsed                    │ 110            │
│ train/n_training_parsed               │ 114            │
│ train/p_hat_1                         │ 0.605263       │
│ train/p_ref                           │ 0.509091       │
│ train/p_ref_drift                     │ -0.179588      │
│ train/p_ref_init                      │ 0.688679       │
│ train/parse_rate                      │ 0.875000       │
│ train/rate_var                        │ 0.002312       │
│ train/reward_pert0_trait0_count       │ 54             │
│ train/reward_pert0_trait0_mean        │ -0.091427      │
│ train/reward_pert0_trait1_count       │ 56             │
│ train/reward_pert0_trait1_mean        │ 0.088162       │
│ train/reward_pert1_trait0_count       │ 7              │
│ train/reward_pert1_trait0_mean        │ 0.058210       │
│ train/reward_pert1_trait1_count       │ 9              │
│ train/reward_pert1_trait1_mean        │ -0.037963      │
│ train/train/clock_cycle:unique        │ 8804245.000000 │
│ train/train/clock_cycle:unique_1      │ 8804246.000000 │
│ train/train/loss:sum                  │ 7241.513283    │
│ train/train/ppo_clipped_fraction:mean │ 0.243295       │
│ train/train/ppo_kl_div:mean           │ 0.802243       │
│ train/train/ppo_mean_ratio:mean       │ 0.800429       │
└───────────────────────────────────────┴────────────────┘
tinker_cookbook.utils.ml_log:192 [INFO] Wrote metrics to logs/sweep-rollouts/llama-rlct-nr128-ctrl/metrics.jsonl
tinker_cookbook.utils.ml_log:265 [INFO] 
                         Step 46                          
┏━━━━━━━━━━━━━━━━━━━━━━━━━━━━━━━━━━━━━━━┳━━━━━━━━━━━━━━━━┓
┃ Metric                                ┃ Value          ┃
┡━━━━━━━━━━━━━━━━━━━━━━━━━━━━━━━━━━━━━━━╇━━━━━━━━━━━━━━━━┩
│ optim/entropy                         │ 6.015741       │
│ optim/kl_sample_train_v1              │ 0.000396       │
│ optim/kl_sample_train_v2              │ 0.000483       │
│ train/advantage_abs_mean              │ 0.281811       │
│ train/anchor_reward_mean              │ -0.000000      │
│ train/anchor_reward_std               │ 0.010572       │
│ train/avg_response_length             │ 847.262774     │
│ train/consistency_gap_1               │ -0.003697      │
│ train/consistency_reward_mean         │ 0.000170       │
│ train/consistency_reward_std          │ 0.001223       │
│ train/epoch                           │ 0              │
│ train/kl_policy_base                  │ 0.029613       │
│ train/n_anchor_rollouts               │ 121            │
│ train/n_consistency_rollouts          │ 16             │
│ train/n_ref_parsed                    │ 121            │
│ train/n_training_parsed               │ 114            │
│ train/p_hat_1                         │ 0.078947       │
│ train/p_ref                           │ 0.082645       │
│ train/p_ref_drift                     │ 0.038397       │
│ train/p_ref_init                      │ 0.044248       │
│ train/parse_rate                      │ 0.917969       │
│ train/rate_var                        │ 0.000003       │
│ train/reward_pert0_trait0_count       │ 111            │
│ train/reward_pert0_trait0_mean        │ 0.003173       │
│ train/reward_pert0_trait1_count       │ 10             │
│ train/reward_pert0_trait1_mean        │ -0.035224      │
│ train/reward_pert1_trait0_count       │ 14             │
│ train/reward_pert1_trait0_mean        │ -0.000292      │
│ train/reward_pert1_trait1_count       │ 2              │
│ train/reward_pert1_trait1_mean        │ 0.003405       │
│ train/train/clock_cycle:unique        │ 8804516.000000 │
│ train/train/clock_cycle:unique_1      │ 8804517.000000 │
│ train/train/loss:sum                  │ 10738.201462   │
│ train/train/ppo_clipped_fraction:mean │ 0.149120       │
│ train/train/ppo_kl_div:mean           │ 0.459975       │
│ train/train/ppo_mean_ratio:mean       │ 0.884405       │
└───────────────────────────────────────┴────────────────┘
tinker_cookbook.utils.ml_log:192 [INFO] Wrote metrics to logs/sweep-rollouts/llama-rlct-nr128-ctrl/metrics.jsonl
tinker_cookbook.utils.ml_log:265 [INFO] 
                         Step 47                          
┏━━━━━━━━━━━━━━━━━━━━━━━━━━━━━━━━━━━━━━━┳━━━━━━━━━━━━━━━━┓
┃ Metric                                ┃ Value          ┃
┡━━━━━━━━━━━━━━━━━━━━━━━━━━━━━━━━━━━━━━━╇━━━━━━━━━━━━━━━━┩
│ optim/entropy                         │ 4.352013       │
│ optim/kl_sample_train_v1              │ 0.000616       │
│ optim/kl_sample_train_v2              │ 0.000530       │
│ train/advantage_abs_mean              │ 0.364347       │
│ train/anchor_reward_mean              │ -0.000000      │
│ train/anchor_reward_std               │ 0.020768       │
│ train/avg_response_length             │ 566.542636     │
│ train/consistency_gap_1               │ -0.062237      │
│ train/consistency_reward_mean         │ -0.003252      │
│ train/consistency_reward_std          │ 0.015065       │
│ train/epoch                           │ 0              │
│ train/kl_policy_base                  │ 0.026307       │
│ train/n_anchor_rollouts               │ 113            │
│ train/n_consistency_rollouts          │ 16             │
│ train/n_ref_parsed                    │ 113            │
│ train/n_training_parsed               │ 122            │
│ train/p_hat_1                         │ 0.114754       │
│ train/p_ref                           │ 0.176991       │
│ train/p_ref_drift                     │ -0.054414      │
│ train/p_ref_init                      │ 0.231405       │
│ train/parse_rate                      │ 0.917969       │
│ train/rate_var                        │ 0.000968       │
│ train/reward_pert0_trait0_count       │ 93             │
│ train/reward_pert0_trait0_mean        │ -0.009631      │
│ train/reward_pert0_trait1_count       │ 20             │
│ train/reward_pert0_trait1_mean        │ 0.044783       │
│ train/reward_pert1_trait0_count       │ 15             │
│ train/reward_pert1_trait0_mean        │ -0.007142      │
│ train/reward_pert1_trait1_count       │ 1              │
│ train/reward_pert1_trait1_mean        │ 0.055095       │
│ train/train/clock_cycle:unique        │ 8804777.000000 │
│ train/train/loss:sum                  │ 6164.604362    │
│ train/train/ppo_clipped_fraction:mean │ 0.178799       │
│ train/train/ppo_kl_div:mean           │ 0.611656       │
│ train/train/ppo_mean_ratio:mean       │ 0.855880       │
└───────────────────────────────────────┴────────────────┘
tinker_cookbook.utils.ml_log:192 [INFO] Wrote metrics to logs/sweep-rollouts/llama-rlct-nr128-ctrl/metrics.jsonl
tinker_cookbook.utils.ml_log:265 [INFO] 
               Step 48               
┏━━━━━━━━━━━━━━━━━━━━━━━━━━━┳━━━━━━━┓
┃ Metric                    ┃ Value ┃
┡━━━━━━━━━━━━━━━━━━━━━━━━━━━╇━━━━━━━┩
│ train/skipped_empty_batch │ 1     │
└───────────────────────────┴───────┘
tinker_cookbook.utils.ml_log:192 [INFO] Wrote metrics to logs/sweep-rollouts/llama-rlct-nr128-ctrl/metrics.jsonl
tinker_cookbook.utils.ml_log:265 [INFO] 
                         Step 49                          
┏━━━━━━━━━━━━━━━━━━━━━━━━━━━━━━━━━━━━━━━┳━━━━━━━━━━━━━━━━┓
┃ Metric                                ┃ Value          ┃
┡━━━━━━━━━━━━━━━━━━━━━━━━━━━━━━━━━━━━━━━╇━━━━━━━━━━━━━━━━┩
│ optim/entropy                         │ 2.328473       │
│ optim/kl_sample_train_v1              │ 0.000312       │
│ optim/kl_sample_train_v2              │ 0.000371       │
│ train/advantage_abs_mean              │ 0.420613       │
│ train/anchor_reward_mean              │ 0.000000       │
│ train/anchor_reward_std               │ 0.048113       │
│ train/avg_response_length             │ 508.310606     │
│ train/consistency_gap_1               │ -0.080357      │
│ train/consistency_reward_mean         │ -0.003587      │
│ train/consistency_reward_std          │ 0.026576       │
│ train/epoch                           │ 0              │
│ train/kl_policy_base                  │ 0.015714       │
│ train/n_anchor_rollouts               │ 116            │
│ train/n_consistency_rollouts          │ 16             │
│ train/n_ref_parsed                    │ 116            │
│ train/n_training_parsed               │ 112            │
│ train/p_hat_1                         │ 0.169643       │
│ train/p_ref                           │ 0.250000       │
│ train/p_ref_drift                     │ 0.111111       │
│ train/p_ref_init                      │ 0.138889       │
│ train/parse_rate                      │ 0.890625       │
│ train/rate_var                        │ 0.001614       │
│ train/reward_pert0_trait0_count       │ 87             │
│ train/reward_pert0_trait0_mean        │ 0.027778       │
│ train/reward_pert0_trait1_count       │ 29             │
│ train/reward_pert0_trait1_mean        │ -0.083333      │
│ train/reward_pert1_trait0_count       │ 14             │
│ train/reward_pert1_trait0_mean        │ -0.013632      │
│ train/reward_pert1_trait1_count       │ 2              │
│ train/reward_pert1_trait1_mean        │ 0.066725       │
│ train/train/clock_cycle:unique        │ 8805108.000000 │
│ train/train/loss:sum                  │ 6841.737160    │
│ train/train/ppo_clipped_fraction:mean │ 0.121693       │
│ train/train/ppo_kl_div:mean           │ 0.463932       │
│ train/train/ppo_mean_ratio:mean       │ 0.897875       │
└───────────────────────────────────────┴────────────────┘
tinker_cookbook.utils.ml_log:192 [INFO] Wrote metrics to logs/sweep-rollouts/llama-rlct-nr128-ctrl/metrics.jsonl
tinker_cookbook.utils.ml_log:265 [INFO] 
               Step 50               
┏━━━━━━━━━━━━━━━━━━━━━━━━━━━┳━━━━━━━┓
┃ Metric                    ┃ Value ┃
┡━━━━━━━━━━━━━━━━━━━━━━━━━━━╇━━━━━━━┩
│ train/skipped_empty_batch │ 1     │
└───────────────────────────┴───────┘
tinker_cookbook.checkpoint_utils:461 [INFO] Saved checkpoints: {'sampler_path': 'tinker://7703782f-6a7c-59eb-94db-22f6d1bf50cb:train:0/sampler_weights/sweep-rollouts_llama-rlct-nr128-ctrl_step50'}
tinker_cookbook.utils.ml_log:192 [INFO] Wrote metrics to logs/sweep-rollouts/llama-rlct-nr128-ctrl/metrics.jsonl
tinker_cookbook.utils.ml_log:265 [INFO] 
                                    Step 50                                     
┏━━━━━━━━━━━━━━━━━━━━━━┳━━━━━━━━━━━━━━━━━━━━━━━━━━━━━━━━━━━━━━━━━━━━━━━━━━━━━━━┓
┃ Metric               ┃ Value                                                 ┃
┡━━━━━━━━━━━━━━━━━━━━━━╇━━━━━━━━━━━━━━━━━━━━━━━━━━━━━━━━━━━━━━━━━━━━━━━━━━━━━━━┩
│ checkpoint           │ tinker://7703782f-6a7c-59eb-94db-22f6d1bf50cb:train:… │
└──────────────────────┴───────────────────────────────────────────────────────┘
tinker_cookbook.utils.ml_log:192 [INFO] Wrote metrics to logs/sweep-rollouts/llama-rlct-nr128-ctrl/metrics.jsonl
tinker_cookbook.utils.ml_log:265 [INFO] 
                         Step 51                          
┏━━━━━━━━━━━━━━━━━━━━━━━━━━━━━━━━━━━━━━━┳━━━━━━━━━━━━━━━━┓
┃ Metric                                ┃ Value          ┃
┡━━━━━━━━━━━━━━━━━━━━━━━━━━━━━━━━━━━━━━━╇━━━━━━━━━━━━━━━━┩
│ optim/entropy                         │ 1.397151       │
│ optim/kl_sample_train_v1              │ 0.000684       │
│ optim/kl_sample_train_v2              │ 0.000582       │
│ train/advantage_abs_mean              │ 0.110902       │
│ train/anchor_reward_mean              │ 0.000000       │
│ train/anchor_reward_std               │ 0.003268       │
│ train/avg_response_length             │ 320.112676     │
│ train/consistency_gap_1               │ 0.015623       │
│ train/consistency_reward_mean         │ 0.000492       │
│ train/consistency_reward_std          │ 0.000000       │
│ train/epoch                           │ 0              │
│ train/kl_policy_base                  │ 0.038593       │
│ train/n_anchor_rollouts               │ 126            │
│ train/n_consistency_rollouts          │ 16             │
│ train/n_ref_parsed                    │ 126            │
│ train/n_training_parsed               │ 127            │
│ train/p_hat_1                         │ 0.031496       │
│ train/p_ref                           │ 0.015873       │
│ train/p_ref_drift                     │ -0.026144      │
│ train/p_ref_init                      │ 0.042017       │
│ train/parse_rate                      │ 0.988281       │
│ train/rate_var                        │ 0.000061       │
│ train/reward_pert0_trait0_count       │ 124            │
│ train/reward_pert0_trait0_mean        │ -0.000415      │
│ train/reward_pert0_trait1_count       │ 2              │
│ train/reward_pert0_trait1_mean        │ 0.025729       │
│ train/reward_pert1_trait0_count       │ 16             │
│ train/reward_pert1_trait0_mean        │ 0.000492       │
│ train/train/clock_cycle:unique        │ 8805316.000000 │
│ train/train/loss:sum                  │ 500.846237     │
│ train/train/ppo_clipped_fraction:mean │ 0.164527       │
│ train/train/ppo_kl_div:mean           │ 0.737264       │
│ train/train/ppo_mean_ratio:mean       │ 0.862649       │
└───────────────────────────────────────┴────────────────┘
tinker_cookbook.utils.ml_log:192 [INFO] Wrote metrics to logs/sweep-rollouts/llama-rlct-nr128-ctrl/metrics.jsonl
tinker_cookbook.utils.ml_log:265 [INFO] 
               Step 52               
┏━━━━━━━━━━━━━━━━━━━━━━━━━━━┳━━━━━━━┓
┃ Metric                    ┃ Value ┃
┡━━━━━━━━━━━━━━━━━━━━━━━━━━━╇━━━━━━━┩
│ train/skipped_empty_batch │ 1     │
└───────────────────────────┴───────┘
tinker_cookbook.utils.ml_log:192 [INFO] Wrote metrics to logs/sweep-rollouts/llama-rlct-nr128-ctrl/metrics.jsonl
tinker_cookbook.utils.ml_log:265 [INFO] 
                         Step 53                          
┏━━━━━━━━━━━━━━━━━━━━━━━━━━━━━━━━━━━━━━━┳━━━━━━━━━━━━━━━━┓
┃ Metric                                ┃ Value          ┃
┡━━━━━━━━━━━━━━━━━━━━━━━━━━━━━━━━━━━━━━━╇━━━━━━━━━━━━━━━━┩
│ optim/entropy                         │ 3.736458       │
│ optim/kl_sample_train_v1              │ 0.000453       │
│ optim/kl_sample_train_v2              │ 0.000531       │
│ train/advantage_abs_mean              │ 0.243845       │
│ train/anchor_reward_mean              │ 0.000000       │
│ train/anchor_reward_std               │ 0.043051       │
│ train/avg_response_length             │ 622.373016     │
│ train/consistency_gap_1               │ 0.011994       │
│ train/consistency_reward_mean         │ 0.000157       │
│ train/consistency_reward_std          │ 0.002903       │
│ train/epoch                           │ 0              │
│ train/kl_policy_base                  │ 0.018346       │
│ train/n_anchor_rollouts               │ 110            │
│ train/n_consistency_rollouts          │ 16             │
│ train/n_ref_parsed                    │ 110            │
│ train/n_training_parsed               │ 119            │
│ train/p_hat_1                         │ 0.075630       │
│ train/p_ref                           │ 0.063636       │
│ train/p_ref_drift                     │ -0.176364      │
│ train/p_ref_init                      │ 0.240000       │
│ train/parse_rate                      │ 0.894531       │
│ train/rate_var                        │ 0.000036       │
│ train/reward_pert0_trait0_count       │ 103            │
│ train/reward_pert0_trait0_mean        │ -0.011223      │
│ train/reward_pert0_trait1_count       │ 7              │
│ train/reward_pert0_trait1_mean        │ 0.165140       │
│ train/reward_pert1_trait0_count       │ 15             │
│ train/reward_pert1_trait0_mean        │ 0.000907       │
│ train/reward_pert1_trait1_count       │ 1              │
│ train/reward_pert1_trait1_mean        │ -0.011087      │
│ train/train/clock_cycle:unique        │ 8805764.000000 │
│ train/train/loss:sum                  │ 1924.431702    │
│ train/train/ppo_clipped_fraction:mean │ 0.110235       │
│ train/train/ppo_kl_div:mean           │ 0.408324       │
│ train/train/ppo_mean_ratio:mean       │ 0.911826       │
└───────────────────────────────────────┴────────────────┘
tinker_cookbook.utils.ml_log:192 [INFO] Wrote metrics to logs/sweep-rollouts/llama-rlct-nr128-ctrl/metrics.jsonl
tinker_cookbook.utils.ml_log:265 [INFO] 
               Step 54               
┏━━━━━━━━━━━━━━━━━━━━━━━━━━━┳━━━━━━━┓
┃ Metric                    ┃ Value ┃
┡━━━━━━━━━━━━━━━━━━━━━━━━━━━╇━━━━━━━┩
│ train/skipped_empty_batch │ 1     │
└───────────────────────────┴───────┘
tinker_cookbook.utils.ml_log:192 [INFO] Wrote metrics to logs/sweep-rollouts/llama-rlct-nr128-ctrl/metrics.jsonl
tinker_cookbook.utils.ml_log:265 [INFO] 
                         Step 55                          
┏━━━━━━━━━━━━━━━━━━━━━━━━━━━━━━━━━━━━━━━┳━━━━━━━━━━━━━━━━┓
┃ Metric                                ┃ Value          ┃
┡━━━━━━━━━━━━━━━━━━━━━━━━━━━━━━━━━━━━━━━╇━━━━━━━━━━━━━━━━┩
│ optim/entropy                         │ 0.657756       │
│ optim/kl_sample_train_v1              │ 0.000517       │
│ optim/kl_sample_train_v2              │ 0.000544       │
│ train/advantage_abs_mean              │ 0.381897       │
│ train/anchor_reward_mean              │ -0.000000      │
│ train/anchor_reward_std               │ 0.060907       │
│ train/avg_response_length             │ 213.269504     │
│ train/consistency_gap_1               │ -0.012976      │
│ train/consistency_reward_mean         │ 0.000019       │
│ train/consistency_reward_std          │ 0.005065       │
│ train/epoch                           │ 0              │
│ train/kl_policy_base                  │ 0.032602       │
│ train/n_anchor_rollouts               │ 125            │
│ train/n_consistency_rollouts          │ 16             │
│ train/n_ref_parsed                    │ 125            │
│ train/n_training_parsed               │ 127            │
│ train/p_hat_1                         │ 0.811024       │
│ train/p_ref                           │ 0.824000       │
│ train/p_ref_drift                     │ 0.159937       │
│ train/p_ref_init                      │ 0.664062       │
│ train/parse_rate                      │ 0.984375       │
│ train/rate_var                        │ 0.000042       │
│ train/reward_pert0_trait0_count       │ 22             │
│ train/reward_pert0_trait0_mean        │ 0.131788       │
│ train/reward_pert0_trait1_count       │ 103            │
│ train/reward_pert0_trait1_mean        │ -0.028149      │
│ train/reward_pert1_trait0_count       │ 3              │
│ train/reward_pert1_trait0_mean        │ -0.010524      │
│ train/reward_pert1_trait1_count       │ 13             │
│ train/reward_pert1_trait1_mean        │ 0.002452       │
│ train/train/clock_cycle:unique        │ 8805906.000000 │
│ train/train/loss:sum                  │ -183.982834    │
│ train/train/ppo_clipped_fraction:mean │ 0.185603       │
│ train/train/ppo_kl_div:mean           │ 0.952324       │
│ train/train/ppo_mean_ratio:mean       │ 0.838140       │
└───────────────────────────────────────┴────────────────┘
tinker_cookbook.utils.ml_log:192 [INFO] Wrote metrics to logs/sweep-rollouts/llama-rlct-nr128-ctrl/metrics.jsonl
tinker_cookbook.utils.ml_log:265 [INFO] 
               Step 56               
┏━━━━━━━━━━━━━━━━━━━━━━━━━━━┳━━━━━━━┓
┃ Metric                    ┃ Value ┃
┡━━━━━━━━━━━━━━━━━━━━━━━━━━━╇━━━━━━━┩
│ train/skipped_empty_batch │ 1     │
└───────────────────────────┴───────┘
tinker_cookbook.utils.ml_log:192 [INFO] Wrote metrics to logs/sweep-rollouts/llama-rlct-nr128-ctrl/metrics.jsonl
tinker_cookbook.utils.ml_log:265 [INFO] 
                         Step 57                          
┏━━━━━━━━━━━━━━━━━━━━━━━━━━━━━━━━━━━━━━━┳━━━━━━━━━━━━━━━━┓
┃ Metric                                ┃ Value          ┃
┡━━━━━━━━━━━━━━━━━━━━━━━━━━━━━━━━━━━━━━━╇━━━━━━━━━━━━━━━━┩
│ optim/entropy                         │ 1.969087       │
│ optim/kl_sample_train_v1              │ 0.000551       │
│ optim/kl_sample_train_v2              │ 0.000583       │
│ train/advantage_abs_mean              │ 0.439062       │
│ train/anchor_reward_mean              │ 0.000000       │
│ train/anchor_reward_std               │ 0.010839       │
│ train/avg_response_length             │ 472.804511     │
│ train/consistency_gap_1               │ 0.000000       │
│ train/consistency_reward_mean         │ 0.000000       │
│ train/consistency_reward_std          │ 0.000000       │
│ train/epoch                           │ 0              │
│ train/kl_policy_base                  │ 0.024377       │
│ train/n_anchor_rollouts               │ 117            │
│ train/n_consistency_rollouts          │ 16             │
│ train/n_ref_parsed                    │ 117            │
│ train/n_training_parsed               │ 117            │
│ train/p_hat_1                         │ 0.470085       │
│ train/p_ref                           │ 0.470085       │
│ train/p_ref_drift                     │ -0.021718      │
│ train/p_ref_init                      │ 0.491803       │
│ train/parse_rate                      │ 0.914062       │
│ train/rate_var                        │ 0.000000       │
│ train/reward_pert0_trait0_count       │ 62             │
│ train/reward_pert0_trait0_mean        │ -0.010209      │
│ train/reward_pert0_trait1_count       │ 55             │
│ train/reward_pert0_trait1_mean        │ 0.011509       │
│ train/reward_pert1_trait0_count       │ 12             │
│ train/reward_pert1_trait0_mean        │ 0.000000       │
│ train/reward_pert1_trait1_count       │ 4              │
│ train/reward_pert1_trait1_mean        │ 0.000000       │
│ train/train/clock_cycle:unique        │ 8806197.000000 │
│ train/train/loss:sum                  │ 2283.988960    │
│ train/train/ppo_clipped_fraction:mean │ 0.173087       │
│ train/train/ppo_kl_div:mean           │ 0.651355       │
│ train/train/ppo_mean_ratio:mean       │ 0.853834       │
└───────────────────────────────────────┴────────────────┘
tinker_cookbook.utils.ml_log:192 [INFO] Wrote metrics to logs/sweep-rollouts/llama-rlct-nr128-ctrl/metrics.jsonl
tinker_cookbook.utils.ml_log:265 [INFO] 
                         Step 58                          
┏━━━━━━━━━━━━━━━━━━━━━━━━━━━━━━━━━━━━━━━┳━━━━━━━━━━━━━━━━┓
┃ Metric                                ┃ Value          ┃
┡━━━━━━━━━━━━━━━━━━━━━━━━━━━━━━━━━━━━━━━╇━━━━━━━━━━━━━━━━┩
│ optim/entropy                         │ 1.436179       │
│ optim/kl_sample_train_v1              │ 0.001020       │
│ optim/kl_sample_train_v2              │ 0.000703       │
│ train/advantage_abs_mean              │ 0.402173       │
│ train/anchor_reward_mean              │ 0.000000       │
│ train/anchor_reward_std               │ 0.018967       │
│ train/avg_response_length             │ 422.308271     │
│ train/consistency_gap_1               │ 0.012614       │
│ train/consistency_reward_mean         │ 0.000381       │
│ train/consistency_reward_std          │ 0.004923       │
│ train/epoch                           │ 0              │
│ train/kl_policy_base                  │ 0.038121       │
│ train/n_anchor_rollouts               │ 117            │
│ train/n_consistency_rollouts          │ 16             │
│ train/n_ref_parsed                    │ 117            │
│ train/n_training_parsed               │ 124            │
│ train/p_hat_1                         │ 0.217742       │
│ train/p_ref                           │ 0.205128       │
│ train/p_ref_drift                     │ -0.046973      │
│ train/p_ref_init                      │ 0.252101       │
│ train/parse_rate                      │ 0.941406       │
│ train/rate_var                        │ 0.000040       │
│ train/reward_pert0_trait0_count       │ 93             │
│ train/reward_pert0_trait0_mean        │ -0.009635      │
│ train/reward_pert0_trait1_count       │ 24             │
│ train/reward_pert0_trait1_mean        │ 0.037337       │
│ train/reward_pert1_trait0_count       │ 13             │
│ train/reward_pert1_trait0_mean        │ 0.002747       │
│ train/reward_pert1_trait1_count       │ 3              │
│ train/reward_pert1_trait1_mean        │ -0.009867      │
│ train/train/clock_cycle:unique        │ 8806413.000000 │
│ train/train/loss:sum                  │ -134.774307    │
│ train/train/ppo_clipped_fraction:mean │ 0.186407       │
│ train/train/ppo_kl_div:mean           │ 0.594482       │
│ train/train/ppo_mean_ratio:mean       │ 0.853861       │
└───────────────────────────────────────┴────────────────┘
tinker_cookbook.utils.ml_log:192 [INFO] Wrote metrics to logs/sweep-rollouts/llama-rlct-nr128-ctrl/metrics.jsonl
tinker_cookbook.utils.ml_log:265 [INFO] 
                         Step 59                          
┏━━━━━━━━━━━━━━━━━━━━━━━━━━━━━━━━━━━━━━━┳━━━━━━━━━━━━━━━━┓
┃ Metric                                ┃ Value          ┃
┡━━━━━━━━━━━━━━━━━━━━━━━━━━━━━━━━━━━━━━━╇━━━━━━━━━━━━━━━━┩
│ optim/entropy                         │ 0.793857       │
│ optim/kl_sample_train_v1              │ 0.000859       │
│ optim/kl_sample_train_v2              │ 0.000660       │
│ train/advantage_abs_mean              │ 0.497892       │
│ train/anchor_reward_mean              │ 0.000000       │
│ train/anchor_reward_std               │ 0.131078       │
│ train/avg_response_length             │ 256.006993     │
│ train/consistency_gap_1               │ -0.031496      │
│ train/consistency_reward_mean         │ 0.000388       │
│ train/consistency_reward_std          │ 0.015625       │
│ train/epoch                           │ 0              │
│ train/kl_policy_base                  │ 0.051421       │
│ train/n_anchor_rollouts               │ 127            │
│ train/n_consistency_rollouts          │ 16             │
│ train/n_ref_parsed                    │ 127            │
│ train/n_training_parsed               │ 127            │
│ train/p_hat_1                         │ 0.425197       │
│ train/p_ref                           │ 0.456693       │
│ train/p_ref_drift                     │ 0.263145       │
│ train/p_ref_init                      │ 0.193548       │
│ train/parse_rate                      │ 0.992188       │
│ train/rate_var                        │ 0.000248       │
│ train/reward_pert0_trait0_count       │ 69             │
│ train/reward_pert0_trait0_mean        │ 0.120176       │
│ train/reward_pert0_trait1_count       │ 58             │
│ train/reward_pert0_trait1_mean        │ -0.142968      │
│ train/reward_pert1_trait0_count       │ 9              │
│ train/reward_pert1_trait0_mean        │ -0.013392      │
│ train/reward_pert1_trait1_count       │ 7              │
│ train/reward_pert1_trait1_mean        │ 0.018104       │
│ train/train/clock_cycle:unique        │ 8806503.000000 │
│ train/train/loss:sum                  │ 397.640764     │
│ train/train/ppo_clipped_fraction:mean │ 0.269165       │
│ train/train/ppo_kl_div:mean           │ 1.163898       │
│ train/train/ppo_mean_ratio:mean       │ 0.778578       │
└───────────────────────────────────────┴────────────────┘
tinker_cookbook.utils.ml_log:192 [INFO] Wrote metrics to logs/sweep-rollouts/llama-rlct-nr128-ctrl/metrics.jsonl
tinker_cookbook.utils.ml_log:265 [INFO] 
                         Step 60                          
┏━━━━━━━━━━━━━━━━━━━━━━━━━━━━━━━━━━━━━━━┳━━━━━━━━━━━━━━━━┓
┃ Metric                                ┃ Value          ┃
┡━━━━━━━━━━━━━━━━━━━━━━━━━━━━━━━━━━━━━━━╇━━━━━━━━━━━━━━━━┩
│ optim/entropy                         │ 0.805792       │
│ optim/kl_sample_train_v1              │ 0.000403       │
│ optim/kl_sample_train_v2              │ 0.000594       │
│ train/advantage_abs_mean              │ 0.189509       │
│ train/anchor_reward_mean              │ 0.000000       │
│ train/anchor_reward_std               │ 0.001710       │
│ train/avg_response_length             │ 366.907801     │
│ train/consistency_gap_1               │ -0.015742      │
│ train/consistency_reward_mean         │ -0.000508      │
│ train/consistency_reward_std          │ 0.000000       │
│ train/epoch                           │ 0              │
│ train/kl_policy_base                  │ 0.040680       │
│ train/n_anchor_rollouts               │ 125            │
│ train/n_consistency_rollouts          │ 16             │
│ train/n_ref_parsed                    │ 125            │
│ train/n_training_parsed               │ 124            │
│ train/p_hat_1                         │ 0.032258       │
│ train/p_ref                           │ 0.048000       │
│ train/p_ref_drift                     │ 0.008000       │
│ train/p_ref_init                      │ 0.040000       │
│ train/parse_rate                      │ 0.972656       │
│ train/rate_var                        │ 0.000062       │
│ train/reward_pert0_trait0_count       │ 119            │
│ train/reward_pert0_trait0_mean        │ 0.000384       │
│ train/reward_pert0_trait1_count       │ 6              │
│ train/reward_pert0_trait1_mean        │ -0.007616      │
│ train/reward_pert1_trait0_count       │ 16             │
│ train/reward_pert1_trait0_mean        │ -0.000508      │
│ train/train/clock_cycle:unique        │ 8806616.000000 │
│ train/train/loss:sum                  │ 732.839172     │
│ train/train/ppo_clipped_fraction:mean │ 0.138452       │
│ train/train/ppo_kl_div:mean           │ 0.617398       │
│ train/train/ppo_mean_ratio:mean       │ 0.885795       │
└───────────────────────────────────────┴────────────────┘
tinker_cookbook.utils.ml_log:192 [INFO] Wrote metrics to logs/sweep-rollouts/llama-rlct-nr128-ctrl/metrics.jsonl
tinker_cookbook.utils.ml_log:265 [INFO] 
                         Step 61                          
┏━━━━━━━━━━━━━━━━━━━━━━━━━━━━━━━━━━━━━━━┳━━━━━━━━━━━━━━━━┓
┃ Metric                                ┃ Value          ┃
┡━━━━━━━━━━━━━━━━━━━━━━━━━━━━━━━━━━━━━━━╇━━━━━━━━━━━━━━━━┩
│ optim/entropy                         │ 1.083037       │
│ optim/kl_sample_train_v1              │ 0.000633       │
│ optim/kl_sample_train_v2              │ 0.000595       │
│ train/advantage_abs_mean              │ 0.419038       │
│ train/anchor_reward_mean              │ 0.000000       │
│ train/anchor_reward_std               │ 0.023211       │
│ train/avg_response_length             │ 399.949275     │
│ train/consistency_gap_1               │ -0.008197      │
│ train/consistency_reward_mean         │ -0.000924      │
│ train/consistency_reward_std          │ 0.002711       │
│ train/epoch                           │ 0              │
│ train/kl_policy_base                  │ 0.033906       │
│ train/n_anchor_rollouts               │ 122            │
│ train/n_consistency_rollouts          │ 16             │
│ train/n_ref_parsed                    │ 122            │
│ train/n_training_parsed               │ 122            │
│ train/p_hat_1                         │ 0.237705       │
│ train/p_ref                           │ 0.245902       │
│ train/p_ref_drift                     │ 0.053902       │
│ train/p_ref_init                      │ 0.192000       │
│ train/parse_rate                      │ 0.953125       │
│ train/rate_var                        │ 0.000017       │
│ train/reward_pert0_trait0_count       │ 92             │
│ train/reward_pert0_trait0_mean        │ 0.013255       │
│ train/reward_pert0_trait1_count       │ 30             │
│ train/reward_pert0_trait1_mean        │ -0.040647      │
│ train/reward_pert1_trait0_count       │ 14             │
│ train/reward_pert1_trait0_mean        │ -0.001948      │
│ train/reward_pert1_trait1_count       │ 2              │
│ train/reward_pert1_trait1_mean        │ 0.006248       │
│ train/train/clock_cycle:unique        │ 8806754.000000 │
│ train/train/loss:sum                  │ -491.062723    │
│ train/train/ppo_clipped_fraction:mean │ 0.212844       │
│ train/train/ppo_kl_div:mean           │ 0.868225       │
│ train/train/ppo_mean_ratio:mean       │ 0.815624       │
└───────────────────────────────────────┴────────────────┘
tinker_cookbook.utils.ml_log:192 [INFO] Wrote metrics to logs/sweep-rollouts/llama-rlct-nr128-ctrl/metrics.jsonl
tinker_cookbook.utils.ml_log:265 [INFO] 
                         Step 62                          
┏━━━━━━━━━━━━━━━━━━━━━━━━━━━━━━━━━━━━━━━┳━━━━━━━━━━━━━━━━┓
┃ Metric                                ┃ Value          ┃
┡━━━━━━━━━━━━━━━━━━━━━━━━━━━━━━━━━━━━━━━╇━━━━━━━━━━━━━━━━┩
│ optim/entropy                         │ 0.825185       │
│ optim/kl_sample_train_v1              │ 0.000511       │
│ optim/kl_sample_train_v2              │ 0.000588       │
│ train/advantage_abs_mean              │ 0.187885       │
│ train/anchor_reward_mean              │ 0.000000       │
│ train/anchor_reward_std               │ 0.006579       │
│ train/avg_response_length             │ 382.444444     │
│ train/consistency_gap_1               │ -0.015625      │
│ train/consistency_reward_mean         │ -0.000488      │
│ train/consistency_reward_std          │ 0.000000       │
│ train/epoch                           │ 0              │
│ train/kl_policy_base                  │ 0.030130       │
│ train/n_anchor_rollouts               │ 128            │
│ train/n_consistency_rollouts          │ 16             │
│ train/n_ref_parsed                    │ 128            │
│ train/n_training_parsed               │ 128            │
│ train/p_hat_1                         │ 0.031250       │
│ train/p_ref                           │ 0.046875       │
│ train/p_ref_drift                     │ 0.031127       │
│ train/p_ref_init                      │ 0.015748       │
│ train/parse_rate                      │ 1.000000       │
│ train/rate_var                        │ 0.000061       │
│ train/reward_pert0_trait0_count       │ 122            │
│ train/reward_pert0_trait0_mean        │ 0.001459       │
│ train/reward_pert0_trait1_count       │ 6              │
│ train/reward_pert0_trait1_mean        │ -0.029668      │
│ train/reward_pert1_trait0_count       │ 16             │
│ train/reward_pert1_trait0_mean        │ -0.000488      │
│ train/train/clock_cycle:unique        │ 8806873.000000 │
│ train/train/loss:sum                  │ 440.992645     │
│ train/train/ppo_clipped_fraction:mean │ 0.139573       │
│ train/train/ppo_kl_div:mean           │ 0.648499       │
│ train/train/ppo_mean_ratio:mean       │ 0.875950       │
└───────────────────────────────────────┴────────────────┘
tinker_cookbook.utils.ml_log:192 [INFO] Wrote metrics to logs/sweep-rollouts/llama-rlct-nr128-ctrl/metrics.jsonl
tinker_cookbook.utils.ml_log:265 [INFO] 
                         Step 63                          
┏━━━━━━━━━━━━━━━━━━━━━━━━━━━━━━━━━━━━━━━┳━━━━━━━━━━━━━━━━┓
┃ Metric                                ┃ Value          ┃
┡━━━━━━━━━━━━━━━━━━━━━━━━━━━━━━━━━━━━━━━╇━━━━━━━━━━━━━━━━┩
│ optim/entropy                         │ 0.715074       │
│ optim/kl_sample_train_v1              │ 0.000439       │
│ optim/kl_sample_train_v2              │ 0.000559       │
│ train/advantage_abs_mean              │ 0.110569       │
│ train/anchor_reward_mean              │ 0.000000       │
│ train/anchor_reward_std               │ 0.003019       │
│ train/avg_response_length             │ 246.888112     │
│ train/consistency_gap_1               │ -0.007684      │
│ train/consistency_reward_mean         │ -0.000062      │
│ train/consistency_reward_std          │ 0.000000       │
│ train/epoch                           │ 0              │
│ train/kl_policy_base                  │ 0.046725       │
│ train/n_anchor_rollouts               │ 127            │
│ train/n_consistency_rollouts          │ 16             │
│ train/n_ref_parsed                    │ 127            │
│ train/n_training_parsed               │ 124            │
│ train/p_hat_1                         │ 0.008065       │
│ train/p_ref                           │ 0.015748       │
│ train/p_ref_drift                     │ -0.024252      │
│ train/p_ref_init                      │ 0.040000       │
│ train/parse_rate                      │ 0.980469       │
│ train/rate_var                        │ 0.000015       │
│ train/reward_pert0_trait0_count       │ 125            │
│ train/reward_pert0_trait0_mean        │ -0.000382      │
│ train/reward_pert0_trait1_count       │ 2              │
│ train/reward_pert0_trait1_mean        │ 0.023870       │
│ train/reward_pert1_trait0_count       │ 16             │
│ train/reward_pert1_trait0_mean        │ -0.000062      │
│ train/train/clock_cycle:unique        │ 8806947.000000 │
│ train/train/loss:sum                  │ 119.484161     │
│ train/train/ppo_clipped_fraction:mean │ 0.277709       │
│ train/train/ppo_kl_div:mean           │ 1.168492       │
│ train/train/ppo_mean_ratio:mean       │ 0.770570       │
└───────────────────────────────────────┴────────────────┘
tinker_cookbook.utils.ml_log:192 [INFO] Wrote metrics to logs/sweep-rollouts/llama-rlct-nr128-ctrl/metrics.jsonl
tinker_cookbook.utils.ml_log:265 [INFO] 
                         Step 64                          
┏━━━━━━━━━━━━━━━━━━━━━━━━━━━━━━━━━━━━━━━┳━━━━━━━━━━━━━━━━┓
┃ Metric                                ┃ Value          ┃
┡━━━━━━━━━━━━━━━━━━━━━━━━━━━━━━━━━━━━━━━╇━━━━━━━━━━━━━━━━┩
│ optim/entropy                         │ 2.915010       │
│ optim/kl_sample_train_v1              │ 0.000504       │
│ optim/kl_sample_train_v2              │ 0.000473       │
│ train/advantage_abs_mean              │ 0.489322       │
│ train/anchor_reward_mean              │ -0.000000      │
│ train/anchor_reward_std               │ 0.211184       │
│ train/avg_response_length             │ 457.934959     │
│ train/consistency_gap_1               │ -0.032163      │
│ train/consistency_reward_mean         │ 0.006501       │
│ train/consistency_reward_std          │ 0.015955       │
│ train/epoch                           │ 0              │
│ train/kl_policy_base                  │ 0.022454       │
│ train/n_anchor_rollouts               │ 107            │
│ train/n_consistency_rollouts          │ 16             │
│ train/n_ref_parsed                    │ 107            │
│ train/n_training_parsed               │ 111            │
│ train/p_hat_1                         │ 0.360360       │
│ train/p_ref                           │ 0.392523       │
│ train/p_ref_drift                     │ -0.432477      │
│ train/p_ref_init                      │ 0.825000       │
│ train/parse_rate                      │ 0.851562       │
│ train/rate_var                        │ 0.000259       │
│ train/reward_pert0_trait0_count       │ 65             │
│ train/reward_pert0_trait0_mean        │ -0.169757      │
│ train/reward_pert0_trait1_count       │ 42             │
│ train/reward_pert0_trait1_mean        │ 0.262719       │
│ train/reward_pert1_trait0_count       │ 7              │
│ train/reward_pert1_trait0_mean        │ -0.011590      │
│ train/reward_pert1_trait1_count       │ 9              │
│ train/reward_pert1_trait1_mean        │ 0.020573       │
│ train/train/clock_cycle:unique        │ 8807192.000000 │
│ train/train/loss:sum                  │ 2940.515274    │
│ train/train/ppo_clipped_fraction:mean │ 0.123324       │
│ train/train/ppo_kl_div:mean           │ 0.426395       │
│ train/train/ppo_mean_ratio:mean       │ 0.901895       │
└───────────────────────────────────────┴────────────────┘
tinker_cookbook.utils.ml_log:192 [INFO] Wrote metrics to logs/sweep-rollouts/llama-rlct-nr128-ctrl/metrics.jsonl
tinker_cookbook.utils.ml_log:265 [INFO] 
                         Step 65                          
┏━━━━━━━━━━━━━━━━━━━━━━━━━━━━━━━━━━━━━━━┳━━━━━━━━━━━━━━━━┓
┃ Metric                                ┃ Value          ┃
┡━━━━━━━━━━━━━━━━━━━━━━━━━━━━━━━━━━━━━━━╇━━━━━━━━━━━━━━━━┩
│ optim/entropy                         │ 0.837758       │
│ optim/kl_sample_train_v1              │ 0.000536       │
│ optim/kl_sample_train_v2              │ 0.000479       │
│ train/advantage_abs_mean              │ 0.493909       │
│ train/anchor_reward_mean              │ -0.000000      │
│ train/anchor_reward_std               │ 0.004565       │
│ train/avg_response_length             │ 421.475806     │
│ train/consistency_gap_1               │ -0.005352      │
│ train/consistency_reward_mean         │ -0.000417      │
│ train/consistency_reward_std          │ 0.002676       │
│ train/epoch                           │ 0              │
│ train/kl_policy_base                  │ 0.020480       │
│ train/n_anchor_rollouts               │ 108            │
│ train/n_consistency_rollouts          │ 16             │
│ train/n_ref_parsed                    │ 108            │
│ train/n_training_parsed               │ 109            │
│ train/p_hat_1                         │ 0.577982       │
│ train/p_ref                           │ 0.583333       │
│ train/p_ref_drift                     │ -0.009259      │
│ train/p_ref_init                      │ 0.592593       │
│ train/parse_rate                      │ 0.847656       │
│ train/rate_var                        │ 0.000007       │
│ train/reward_pert0_trait0_count       │ 45             │
│ train/reward_pert0_trait0_mean        │ -0.005401      │
│ train/reward_pert0_trait1_count       │ 63             │
│ train/reward_pert0_trait1_mean        │ 0.003858       │
│ train/reward_pert1_trait0_count       │ 8              │
│ train/reward_pert1_trait0_mean        │ -0.003093      │
│ train/reward_pert1_trait1_count       │ 8              │
│ train/reward_pert1_trait1_mean        │ 0.002259       │
│ train/train/clock_cycle:unique        │ 8807402.000000 │
│ train/train/loss:sum                  │ 39.167532      │
│ train/train/ppo_clipped_fraction:mean │ 0.133681       │
│ train/train/ppo_kl_div:mean           │ 0.533893       │
│ train/train/ppo_mean_ratio:mean       │ 0.895217       │
└───────────────────────────────────────┴────────────────┘
tinker_cookbook.utils.ml_log:192 [INFO] Wrote metrics to logs/sweep-rollouts/llama-rlct-nr128-ctrl/metrics.jsonl
tinker_cookbook.utils.ml_log:265 [INFO] 
                         Step 66                          
┏━━━━━━━━━━━━━━━━━━━━━━━━━━━━━━━━━━━━━━━┳━━━━━━━━━━━━━━━━┓
┃ Metric                                ┃ Value          ┃
┡━━━━━━━━━━━━━━━━━━━━━━━━━━━━━━━━━━━━━━━╇━━━━━━━━━━━━━━━━┩
│ optim/entropy                         │ 0.786227       │
│ optim/kl_sample_train_v1              │ 0.000510       │
│ optim/kl_sample_train_v2              │ 0.000659       │
│ train/advantage_abs_mean              │ 0.385167       │
│ train/anchor_reward_mean              │ 0.000000       │
│ train/anchor_reward_std               │ 0.007593       │
│ train/avg_response_length             │ 382.379562     │
│ train/consistency_gap_1               │ -0.029430      │
│ train/consistency_reward_mean         │ 0.002781       │
│ train/consistency_reward_std          │ 0.009733       │
│ train/epoch                           │ 0              │
│ train/kl_policy_base                  │ 0.036675       │
│ train/n_anchor_rollouts               │ 121            │
│ train/n_consistency_rollouts          │ 16             │
│ train/n_ref_parsed                    │ 121            │
│ train/n_training_parsed               │ 123            │
│ train/p_hat_1                         │ 0.780488       │
│ train/p_ref                           │ 0.809917       │
│ train/p_ref_drift                     │ -0.019351      │
│ train/p_ref_init                      │ 0.829268       │
│ train/parse_rate                      │ 0.953125       │
│ train/rate_var                        │ 0.000217       │
│ train/reward_pert0_trait0_count       │ 23             │
│ train/reward_pert0_trait0_mean        │ -0.015673      │
│ train/reward_pert0_trait1_count       │ 98             │
│ train/reward_pert0_trait1_mean        │ 0.003678       │
│ train/reward_pert1_trait0_count       │ 2              │
│ train/reward_pert1_trait0_mean        │ -0.022969      │
│ train/reward_pert1_trait1_count       │ 14             │
│ train/reward_pert1_trait1_mean        │ 0.006460       │
│ train/train/clock_cycle:unique        │ 8807620.000000 │
│ train/train/loss:sum                  │ 337.660339     │
│ train/train/ppo_clipped_fraction:mean │ 0.233279       │
│ train/train/ppo_kl_div:mean           │ 0.977228       │
│ train/train/ppo_mean_ratio:mean       │ 0.805344       │
└───────────────────────────────────────┴────────────────┘
tinker_cookbook.utils.ml_log:192 [INFO] Wrote metrics to logs/sweep-rollouts/llama-rlct-nr128-ctrl/metrics.jsonl
tinker_cookbook.utils.ml_log:265 [INFO] 
                         Step 67                          
┏━━━━━━━━━━━━━━━━━━━━━━━━━━━━━━━━━━━━━━━┳━━━━━━━━━━━━━━━━┓
┃ Metric                                ┃ Value          ┃
┡━━━━━━━━━━━━━━━━━━━━━━━━━━━━━━━━━━━━━━━╇━━━━━━━━━━━━━━━━┩
│ optim/entropy                         │ 0.640594       │
│ optim/kl_sample_train_v1              │ 0.000547       │
│ optim/kl_sample_train_v2              │ 0.000584       │
│ train/advantage_abs_mean              │ 0.498850       │
│ train/anchor_reward_mean              │ 0.000000       │
│ train/anchor_reward_std               │ 0.017953       │
│ train/avg_response_length             │ 357.858156     │
│ train/consistency_gap_1               │ 0.027935       │
│ train/consistency_reward_mean         │ -0.000225      │
│ train/consistency_reward_std          │ 0.013968       │
│ train/epoch                           │ 0              │
│ train/kl_policy_base                  │ 0.038676       │
│ train/n_anchor_rollouts               │ 125            │
│ train/n_consistency_rollouts          │ 16             │
│ train/n_ref_parsed                    │ 125            │
│ train/n_training_parsed               │ 124            │
│ train/p_hat_1                         │ 0.491935       │
│ train/p_ref                           │ 0.464000       │
│ train/p_ref_drift                     │ -0.036000      │
│ train/p_ref_init                      │ 0.500000       │
│ train/parse_rate                      │ 0.972656       │
│ train/rate_var                        │ 0.000195       │
│ train/reward_pert0_trait0_count       │ 67             │
│ train/reward_pert0_trait0_mean        │ -0.016704      │
│ train/reward_pert0_trait1_count       │ 58             │
│ train/reward_pert0_trait1_mean        │ 0.019296       │
│ train/reward_pert1_trait0_count       │ 8              │
│ train/reward_pert1_trait0_mean        │ 0.013742       │
│ train/reward_pert1_trait1_count       │ 8              │
│ train/reward_pert1_trait1_mean        │ -0.014193      │
│ train/train/clock_cycle:unique        │ 8807748.000000 │
│ train/train/loss:sum                  │ 129.736664     │
│ train/train/ppo_clipped_fraction:mean │ 0.186096       │
│ train/train/ppo_kl_div:mean           │ 0.720186       │
│ train/train/ppo_mean_ratio:mean       │ 0.845546       │
└───────────────────────────────────────┴────────────────┘
tinker_cookbook.utils.ml_log:192 [INFO] Wrote metrics to logs/sweep-rollouts/llama-rlct-nr128-ctrl/metrics.jsonl
tinker_cookbook.utils.ml_log:265 [INFO] 
                         Step 68                          
┏━━━━━━━━━━━━━━━━━━━━━━━━━━━━━━━━━━━━━━━┳━━━━━━━━━━━━━━━━┓
┃ Metric                                ┃ Value          ┃
┡━━━━━━━━━━━━━━━━━━━━━━━━━━━━━━━━━━━━━━━╇━━━━━━━━━━━━━━━━┩
│ optim/entropy                         │ 2.009566       │
│ optim/kl_sample_train_v1              │ 0.000540       │
│ optim/kl_sample_train_v2              │ 0.000482       │
│ train/advantage_abs_mean              │ 0.193583       │
│ train/anchor_reward_mean              │ 0.000000       │
│ train/anchor_reward_std               │ 0.010977       │
│ train/avg_response_length             │ 539.139130     │
│ train/consistency_gap_1               │ 0.027949       │
│ train/consistency_reward_mean         │ -0.001866      │
│ train/consistency_reward_std          │ 0.009243       │
│ train/epoch                           │ 0              │
│ train/kl_policy_base                  │ 0.014310       │
│ train/n_anchor_rollouts               │ 99             │
│ train/n_consistency_rollouts          │ 16             │
│ train/n_ref_parsed                    │ 99             │
│ train/n_training_parsed               │ 103            │
│ train/p_hat_1                         │ 0.058252       │
│ train/p_ref                           │ 0.030303       │
│ train/p_ref_drift                     │ -0.064037      │
│ train/p_ref_init                      │ 0.094340       │
│ train/parse_rate                      │ 0.789062       │
│ train/rate_var                        │ 0.000195       │
│ train/reward_pert0_trait0_count       │ 96             │
│ train/reward_pert0_trait0_mean        │ -0.001941      │
│ train/reward_pert0_trait1_count       │ 3              │
│ train/reward_pert0_trait1_mean        │ 0.062096       │
│ train/reward_pert1_trait0_count       │ 14             │
│ train/reward_pert1_trait0_mean        │ 0.001628       │
│ train/reward_pert1_trait1_count       │ 2              │
│ train/reward_pert1_trait1_mean        │ -0.026321      │
│ train/train/clock_cycle:unique        │ 8808114.000000 │
│ train/train/loss:sum                  │ -10952.553087  │
│ train/train/ppo_clipped_fraction:mean │ 0.120350       │
│ train/train/ppo_kl_div:mean           │ 0.441812       │
│ train/train/ppo_mean_ratio:mean       │ 0.903509       │
└───────────────────────────────────────┴────────────────┘
tinker_cookbook.utils.ml_log:192 [INFO] Wrote metrics to logs/sweep-rollouts/llama-rlct-nr128-ctrl/metrics.jsonl
tinker_cookbook.utils.ml_log:265 [INFO] 
                         Step 69                          
┏━━━━━━━━━━━━━━━━━━━━━━━━━━━━━━━━━━━━━━━┳━━━━━━━━━━━━━━━━┓
┃ Metric                                ┃ Value          ┃
┡━━━━━━━━━━━━━━━━━━━━━━━━━━━━━━━━━━━━━━━╇━━━━━━━━━━━━━━━━┩
│ optim/entropy                         │ 1.985284       │
│ optim/kl_sample_train_v1              │ 0.000984       │
│ optim/kl_sample_train_v2              │ 0.000648       │
│ train/advantage_abs_mean              │ 0.275716       │
│ train/anchor_reward_mean              │ -0.000000      │
│ train/anchor_reward_std               │ 0.027586       │
│ train/avg_response_length             │ 400.873134     │
│ train/consistency_gap_1               │ 0.004875       │
│ train/consistency_reward_mean         │ 0.000561       │
│ train/consistency_reward_std          │ 0.000000       │
│ train/epoch                           │ 0              │
│ train/kl_policy_base                  │ 0.034950       │
│ train/n_anchor_rollouts               │ 118            │
│ train/n_consistency_rollouts          │ 16             │
│ train/n_ref_parsed                    │ 118            │
│ train/n_training_parsed               │ 113            │
│ train/p_hat_1                         │ 0.115044       │
│ train/p_ref                           │ 0.110169       │
│ train/p_ref_drift                     │ -0.088106      │
│ train/p_ref_init                      │ 0.198276       │
│ train/parse_rate                      │ 0.902344       │
│ train/rate_var                        │ 0.000006       │
│ train/reward_pert0_trait0_count       │ 105            │
│ train/reward_pert0_trait0_mean        │ -0.009707      │
│ train/reward_pert0_trait1_count       │ 13             │
│ train/reward_pert0_trait1_mean        │ 0.078400       │
│ train/reward_pert1_trait0_count       │ 16             │
│ train/reward_pert1_trait0_mean        │ 0.000561       │
│ train/train/clock_cycle:unique        │ 8808224.000000 │
│ train/train/loss:sum                  │ 410.420558     │
│ train/train/ppo_clipped_fraction:mean │ 0.143813       │
│ train/train/ppo_kl_div:mean           │ 0.659505       │
│ train/train/ppo_mean_ratio:mean       │ 0.878802       │
└───────────────────────────────────────┴────────────────┘
tinker_cookbook.utils.ml_log:192 [INFO] Wrote metrics to logs/sweep-rollouts/llama-rlct-nr128-ctrl/metrics.jsonl
tinker_cookbook.utils.ml_log:265 [INFO] 
                         Step 70                          
┏━━━━━━━━━━━━━━━━━━━━━━━━━━━━━━━━━━━━━━━┳━━━━━━━━━━━━━━━━┓
┃ Metric                                ┃ Value          ┃
┡━━━━━━━━━━━━━━━━━━━━━━━━━━━━━━━━━━━━━━━╇━━━━━━━━━━━━━━━━┩
│ optim/entropy                         │ 2.623341       │
│ optim/kl_sample_train_v1              │ 0.000363       │
│ optim/kl_sample_train_v2              │ 0.000594       │
│ train/advantage_abs_mean              │ 0.474127       │
│ train/anchor_reward_mean              │ 0.000000       │
│ train/anchor_reward_std               │ 0.101632       │
│ train/avg_response_length             │ 463.330769     │
│ train/consistency_gap_1               │ 0.026316       │
│ train/consistency_reward_mean         │ -0.002193      │
│ train/consistency_reward_std          │ 0.011395       │
│ train/epoch                           │ 0              │
│ train/kl_policy_base                  │ 0.038469       │
│ train/n_anchor_rollouts               │ 114            │
│ train/n_consistency_rollouts          │ 16             │
│ train/n_ref_parsed                    │ 114            │
│ train/n_training_parsed               │ 120            │
│ train/p_hat_1                         │ 0.666667       │
│ train/p_ref                           │ 0.640351       │
│ train/p_ref_drift                     │ 0.211779       │
│ train/p_ref_init                      │ 0.428571       │
│ train/parse_rate                      │ 0.914062       │
│ train/rate_var                        │ 0.000173       │
│ train/reward_pert0_trait0_count       │ 41             │
│ train/reward_pert0_trait0_mean        │ 0.135613       │
│ train/reward_pert0_trait1_count       │ 73             │
│ train/reward_pert0_trait1_mean        │ -0.076166      │
│ train/reward_pert1_trait0_count       │ 4              │
│ train/reward_pert1_trait0_mean        │ 0.017544       │
│ train/reward_pert1_trait1_count       │ 12             │
│ train/reward_pert1_trait1_mean        │ -0.008772      │
│ train/train/clock_cycle:unique        │ 8808321.000000 │
│ train/train/loss:sum                  │ -7667.777227   │
│ train/train/ppo_clipped_fraction:mean │ 0.159172       │
│ train/train/ppo_kl_div:mean           │ 0.727613       │
│ train/train/ppo_mean_ratio:mean       │ 0.862624       │
└───────────────────────────────────────┴────────────────┘
tinker_cookbook.utils.ml_log:192 [INFO] Wrote metrics to logs/sweep-rollouts/llama-rlct-nr128-ctrl/metrics.jsonl
tinker_cookbook.utils.ml_log:265 [INFO] 
                         Step 71                          
┏━━━━━━━━━━━━━━━━━━━━━━━━━━━━━━━━━━━━━━━┳━━━━━━━━━━━━━━━━┓
┃ Metric                                ┃ Value          ┃
┡━━━━━━━━━━━━━━━━━━━━━━━━━━━━━━━━━━━━━━━╇━━━━━━━━━━━━━━━━┩
│ optim/entropy                         │ 1.441730       │
│ optim/kl_sample_train_v1              │ 0.000425       │
│ optim/kl_sample_train_v2              │ 0.000630       │
│ train/advantage_abs_mean              │ 0.215766       │
│ train/anchor_reward_mean              │ -0.000000      │
│ train/anchor_reward_std               │ 0.057966       │
│ train/avg_response_length             │ 383.111888     │
│ train/consistency_gap_1               │ -0.009008      │
│ train/consistency_reward_mean         │ 0.000649       │
│ train/consistency_reward_std          │ 0.000000       │
│ train/epoch                           │ 0              │
│ train/kl_policy_base                  │ 0.035169       │
│ train/n_anchor_rollouts               │ 127            │
│ train/n_consistency_rollouts          │ 16             │
│ train/n_ref_parsed                    │ 127            │
│ train/n_training_parsed               │ 125            │
│ train/p_hat_1                         │ 0.928000       │
│ train/p_ref                           │ 0.937008       │
│ train/p_ref_drift                     │ 0.238595       │
│ train/p_ref_init                      │ 0.698413       │
│ train/parse_rate                      │ 0.984375       │
│ train/rate_var                        │ 0.000020       │
│ train/reward_pert0_trait0_count       │ 8              │
│ train/reward_pert0_trait0_mean        │ 0.223566       │
│ train/reward_pert0_trait1_count       │ 119            │
│ train/reward_pert0_trait1_mean        │ -0.015030      │
│ train/reward_pert1_trait1_count       │ 16             │
│ train/reward_pert1_trait1_mean        │ 0.000649       │
│ train/train/clock_cycle:unique        │ 8808388.000000 │
│ train/train/loss:sum                  │ 261.675110     │
│ train/train/ppo_clipped_fraction:mean │ 0.126382       │
│ train/train/ppo_kl_div:mean           │ 0.609803       │
│ train/train/ppo_mean_ratio:mean       │ 0.890041       │
└───────────────────────────────────────┴────────────────┘
tinker_cookbook.utils.ml_log:192 [INFO] Wrote metrics to logs/sweep-rollouts/llama-rlct-nr128-ctrl/metrics.jsonl
tinker_cookbook.utils.ml_log:265 [INFO] 
                         Step 72                          
┏━━━━━━━━━━━━━━━━━━━━━━━━━━━━━━━━━━━━━━━┳━━━━━━━━━━━━━━━━┓
┃ Metric                                ┃ Value          ┃
┡━━━━━━━━━━━━━━━━━━━━━━━━━━━━━━━━━━━━━━━╇━━━━━━━━━━━━━━━━┩
│ optim/entropy                         │ 4.364213       │
│ optim/kl_sample_train_v1              │ 0.000503       │
│ optim/kl_sample_train_v2              │ 0.000496       │
│ train/advantage_abs_mean              │ 0.367455       │
│ train/anchor_reward_mean              │ 0.000000       │
│ train/anchor_reward_std               │ 0.005330       │
│ train/avg_response_length             │ 657.047619     │
│ train/consistency_gap_1               │ 0.079864       │
│ train/consistency_reward_mean         │ 0.015908       │
│ train/consistency_reward_std          │ 0.019332       │
│ train/epoch                           │ 0              │
│ train/kl_policy_base                  │ 0.032386       │
│ train/n_anchor_rollouts               │ 110            │
│ train/n_consistency_rollouts          │ 16             │
│ train/n_ref_parsed                    │ 110            │
│ train/n_training_parsed               │ 107            │
│ train/p_hat_1                         │ 0.261682       │
│ train/p_ref                           │ 0.181818       │
│ train/p_ref_drift                     │ 0.013818       │
│ train/p_ref_init                      │ 0.168000       │
│ train/parse_rate                      │ 0.847656       │
│ train/rate_var                        │ 0.001595       │
│ train/reward_pert0_trait0_count       │ 90             │
│ train/reward_pert0_trait0_mean        │ 0.002512       │
│ train/reward_pert0_trait1_count       │ 20             │
│ train/reward_pert0_trait1_mean        │ -0.011306      │
│ train/reward_pert1_trait0_count       │ 15             │
│ train/reward_pert1_trait0_mean        │ 0.020899       │
│ train/reward_pert1_trait1_count       │ 1              │
│ train/reward_pert1_trait1_mean        │ -0.058965      │
│ train/train/clock_cycle:unique        │ 8808574.000000 │
│ train/train/loss:sum                  │ 11908.040039   │
│ train/train/ppo_clipped_fraction:mean │ 0.106280       │
│ train/train/ppo_kl_div:mean           │ 0.460087       │
│ train/train/ppo_mean_ratio:mean       │ 0.913326       │
└───────────────────────────────────────┴────────────────┘
tinker_cookbook.utils.ml_log:192 [INFO] Wrote metrics to logs/sweep-rollouts/llama-rlct-nr128-ctrl/metrics.jsonl
tinker_cookbook.utils.ml_log:265 [INFO] 
                         Step 73                          
┏━━━━━━━━━━━━━━━━━━━━━━━━━━━━━━━━━━━━━━━┳━━━━━━━━━━━━━━━━┓
┃ Metric                                ┃ Value          ┃
┡━━━━━━━━━━━━━━━━━━━━━━━━━━━━━━━━━━━━━━━╇━━━━━━━━━━━━━━━━┩
│ optim/entropy                         │ 3.787213       │
│ optim/kl_sample_train_v1              │ 0.000640       │
│ optim/kl_sample_train_v2              │ 0.000745       │
│ train/advantage_abs_mean              │ 0.079959       │
│ train/anchor_reward_mean              │ -0.000000      │
│ train/anchor_reward_std               │ 0.000712       │
│ train/avg_response_length             │ 546.197080     │
│ train/consistency_gap_1               │ -0.008264      │
│ train/consistency_reward_mean         │ 0.000000       │
│ train/consistency_reward_std          │ 0.000000       │
│ train/epoch                           │ 0              │
│ train/kl_policy_base                  │ 0.036070       │
│ train/n_anchor_rollouts               │ 121            │
│ train/n_consistency_rollouts          │ 16             │
│ train/n_ref_parsed                    │ 121            │
│ train/n_training_parsed               │ 122            │
│ train/p_hat_1                         │ 0.000000       │
│ train/p_ref                           │ 0.008264       │
│ train/p_ref_drift                     │ -0.007865      │
│ train/p_ref_init                      │ 0.016129       │
│ train/parse_rate                      │ 0.949219       │
│ train/rate_var                        │ 0.000017       │
│ train/reward_pert0_trait0_count       │ 120            │
│ train/reward_pert0_trait0_mean        │ -0.000065      │
│ train/reward_pert0_trait1_count       │ 1              │
│ train/reward_pert0_trait1_mean        │ 0.007800       │
│ train/reward_pert1_trait0_count       │ 16             │
│ train/reward_pert1_trait0_mean        │ 0.000000       │
│ train/train/clock_cycle:unique        │ 8808677.000000 │
│ train/train/clock_cycle:unique_1      │ 8808677.000000 │
│ train/train/loss:sum                  │ -31407.191238  │
│ train/train/ppo_clipped_fraction:mean │ 0.441770       │
│ train/train/ppo_kl_div:mean           │ 1.468822       │
│ train/train/ppo_mean_ratio:mean       │ 0.645200       │
└───────────────────────────────────────┴────────────────┘
tinker_cookbook.utils.ml_log:192 [INFO] Wrote metrics to logs/sweep-rollouts/llama-rlct-nr128-ctrl/metrics.jsonl
tinker_cookbook.utils.ml_log:265 [INFO] 
                         Step 74                          
┏━━━━━━━━━━━━━━━━━━━━━━━━━━━━━━━━━━━━━━━┳━━━━━━━━━━━━━━━━┓
┃ Metric                                ┃ Value          ┃
┡━━━━━━━━━━━━━━━━━━━━━━━━━━━━━━━━━━━━━━━╇━━━━━━━━━━━━━━━━┩
│ optim/entropy                         │ 2.133816       │
│ optim/kl_sample_train_v1              │ 0.000592       │
│ optim/kl_sample_train_v2              │ 0.000614       │
│ train/advantage_abs_mean              │ 0.420792       │
│ train/anchor_reward_mean              │ -0.000000      │
│ train/anchor_reward_std               │ 0.001357       │
│ train/avg_response_length             │ 343.952756     │
│ train/consistency_gap_1               │ -0.093518      │
│ train/consistency_reward_mean         │ -0.006104      │
│ train/consistency_reward_std          │ 0.045274       │
│ train/epoch                           │ 0              │
│ train/kl_policy_base                  │ 0.061268       │
│ train/n_anchor_rollouts               │ 111            │
│ train/n_consistency_rollouts          │ 16             │
│ train/n_ref_parsed                    │ 111            │
│ train/n_training_parsed               │ 113            │
│ train/p_hat_1                         │ 0.690265       │
│ train/p_ref                           │ 0.783784       │
│ train/p_ref_drift                     │ 0.003296       │
│ train/p_ref_init                      │ 0.780488       │
│ train/parse_rate                      │ 0.875000       │
│ train/rate_var                        │ 0.002186       │
│ train/reward_pert0_trait0_count       │ 24             │
│ train/reward_pert0_trait0_mean        │ 0.002583       │
│ train/reward_pert0_trait1_count       │ 87             │
│ train/reward_pert0_trait1_mean        │ -0.000713      │
│ train/reward_pert1_trait0_count       │ 6              │
│ train/reward_pert1_trait0_mean        │ -0.064552      │
│ train/reward_pert1_trait1_count       │ 10             │
│ train/reward_pert1_trait1_mean        │ 0.028966       │
│ train/train/clock_cycle:unique        │ 8808762.000000 │
│ train/train/loss:sum                  │ 1010.246307    │
│ train/train/ppo_clipped_fraction:mean │ 0.211496       │
│ train/train/ppo_kl_div:mean           │ 0.907347       │
│ train/train/ppo_mean_ratio:mean       │ 0.821877       │
└───────────────────────────────────────┴────────────────┘
tinker_cookbook.utils.ml_log:192 [INFO] Wrote metrics to logs/sweep-rollouts/llama-rlct-nr128-ctrl/metrics.jsonl
tinker_cookbook.utils.ml_log:265 [INFO] 
                         Step 75                          
┏━━━━━━━━━━━━━━━━━━━━━━━━━━━━━━━━━━━━━━━┳━━━━━━━━━━━━━━━━┓
┃ Metric                                ┃ Value          ┃
┡━━━━━━━━━━━━━━━━━━━━━━━━━━━━━━━━━━━━━━━╇━━━━━━━━━━━━━━━━┩
│ optim/entropy                         │ 2.719556       │
│ optim/kl_sample_train_v1              │ 0.000683       │
│ optim/kl_sample_train_v2              │ 0.000802       │
│ train/advantage_abs_mean              │ 0.306556       │
│ train/anchor_reward_mean              │ 0.000000       │
│ train/anchor_reward_std               │ 0.158988       │
│ train/avg_response_length             │ 730.280303     │
│ train/consistency_gap_1               │ 0.016136       │
│ train/consistency_reward_mean         │ 0.001060       │
│ train/consistency_reward_std          │ 0.003906       │
│ train/epoch                           │ 0              │
│ train/kl_policy_base                  │ 0.044409       │
│ train/n_anchor_rollouts               │ 116            │
│ train/n_consistency_rollouts          │ 16             │
│ train/n_ref_parsed                    │ 116            │
│ train/n_training_parsed               │ 117            │
│ train/p_hat_1                         │ 0.128205       │
│ train/p_ref                           │ 0.112069       │
│ train/p_ref_drift                     │ -0.504002      │
│ train/p_ref_init                      │ 0.616071       │
│ train/parse_rate                      │ 0.910156       │
│ train/rate_var                        │ 0.000065       │
│ train/reward_pert0_trait0_count       │ 103            │
│ train/reward_pert0_trait0_mean        │ -0.056483      │
│ train/reward_pert0_trait1_count       │ 13             │
│ train/reward_pert0_trait1_mean        │ 0.447519       │
│ train/reward_pert1_trait0_count       │ 15             │
│ train/reward_pert1_trait0_mean        │ 0.002069       │
│ train/reward_pert1_trait1_count       │ 1              │
│ train/reward_pert1_trait1_mean        │ -0.014067      │
│ train/train/clock_cycle:unique        │ 8808934.000000 │
│ train/train/clock_cycle:unique_1      │ 8808934.000000 │
│ train/train/loss:sum                  │ -10828.487198  │
│ train/train/ppo_clipped_fraction:mean │ 0.246896       │
│ train/train/ppo_kl_div:mean           │ 0.743014       │
│ train/train/ppo_mean_ratio:mean       │ 0.808458       │
└───────────────────────────────────────┴────────────────┘
tinker_cookbook.checkpoint_utils:461 [INFO] Saved checkpoints: {'sampler_path': 'tinker://7703782f-6a7c-59eb-94db-22f6d1bf50cb:train:0/sampler_weights/sweep-rollouts_llama-rlct-nr128-ctrl_step75'}
tinker_cookbook.utils.ml_log:192 [INFO] Wrote metrics to logs/sweep-rollouts/llama-rlct-nr128-ctrl/metrics.jsonl
tinker_cookbook.utils.ml_log:265 [INFO] 
                                    Step 75                                     
┏━━━━━━━━━━━━━━━━━━━━━━┳━━━━━━━━━━━━━━━━━━━━━━━━━━━━━━━━━━━━━━━━━━━━━━━━━━━━━━━┓
┃ Metric               ┃ Value                                                 ┃
┡━━━━━━━━━━━━━━━━━━━━━━╇━━━━━━━━━━━━━━━━━━━━━━━━━━━━━━━━━━━━━━━━━━━━━━━━━━━━━━━┩
│ checkpoint           │ tinker://7703782f-6a7c-59eb-94db-22f6d1bf50cb:train:… │
└──────────────────────┴───────────────────────────────────────────────────────┘
tinker_cookbook.utils.ml_log:192 [INFO] Wrote metrics to logs/sweep-rollouts/llama-rlct-nr128-ctrl/metrics.jsonl
tinker_cookbook.utils.ml_log:265 [INFO] 
               Step 76               
┏━━━━━━━━━━━━━━━━━━━━━━━━━━━┳━━━━━━━┓
┃ Metric                    ┃ Value ┃
┡━━━━━━━━━━━━━━━━━━━━━━━━━━━╇━━━━━━━┩
│ train/skipped_empty_batch │ 1     │
└───────────────────────────┴───────┘
tinker_cookbook.utils.ml_log:192 [INFO] Wrote metrics to logs/sweep-rollouts/llama-rlct-nr128-ctrl/metrics.jsonl
tinker_cookbook.utils.ml_log:265 [INFO] 
                         Step 77                          
┏━━━━━━━━━━━━━━━━━━━━━━━━━━━━━━━━━━━━━━━┳━━━━━━━━━━━━━━━━┓
┃ Metric                                ┃ Value          ┃
┡━━━━━━━━━━━━━━━━━━━━━━━━━━━━━━━━━━━━━━━╇━━━━━━━━━━━━━━━━┩
│ optim/entropy                         │ 3.152130       │
│ optim/kl_sample_train_v1              │ 0.000800       │
│ optim/kl_sample_train_v2              │ 0.000796       │
│ train/advantage_abs_mean              │ 0.120210       │
│ train/anchor_reward_mean              │ 0.000000       │
│ train/anchor_reward_std               │ 0.036925       │
│ train/avg_response_length             │ 676.253731     │
│ train/consistency_gap_1               │ 0.034629       │
│ train/consistency_reward_mean         │ -0.002836      │
│ train/consistency_reward_std          │ 0.011452       │
│ train/epoch                           │ 0              │
│ train/kl_policy_base                  │ 0.044990       │
│ train/n_anchor_rollouts               │ 118            │
│ train/n_consistency_rollouts          │ 16             │
│ train/n_ref_parsed                    │ 118            │
│ train/n_training_parsed               │ 116            │
│ train/p_hat_1                         │ 0.043103       │
│ train/p_ref                           │ 0.008475       │
│ train/p_ref_drift                     │ -0.402816      │
│ train/p_ref_init                      │ 0.411290       │
│ train/parse_rate                      │ 0.914062       │
│ train/rate_var                        │ 0.000300       │
│ train/reward_pert0_trait0_count       │ 117            │
│ train/reward_pert0_trait0_mean        │ -0.003414      │
│ train/reward_pert0_trait1_count       │ 1              │
│ train/reward_pert0_trait1_mean        │ 0.399402       │
│ train/reward_pert1_trait0_count       │ 14             │
│ train/reward_pert1_trait0_mean        │ 0.001493       │
│ train/reward_pert1_trait1_count       │ 2              │
│ train/reward_pert1_trait1_mean        │ -0.033136      │
│ train/train/clock_cycle:unique        │ 8809375.000000 │
│ train/train/clock_cycle:unique_1      │ 8809376.000000 │
│ train/train/loss:sum                  │ 537.374998     │
│ train/train/ppo_clipped_fraction:mean │ 0.266411       │
│ train/train/ppo_kl_div:mean           │ 0.794975       │
│ train/train/ppo_mean_ratio:mean       │ 0.789915       │
└───────────────────────────────────────┴────────────────┘
tinker_cookbook.utils.ml_log:192 [INFO] Wrote metrics to logs/sweep-rollouts/llama-rlct-nr128-ctrl/metrics.jsonl
tinker_cookbook.utils.ml_log:265 [INFO] 
               Step 78               
┏━━━━━━━━━━━━━━━━━━━━━━━━━━━┳━━━━━━━┓
┃ Metric                    ┃ Value ┃
┡━━━━━━━━━━━━━━━━━━━━━━━━━━━╇━━━━━━━┩
│ train/skipped_empty_batch │ 1     │
└───────────────────────────┴───────┘
tinker_cookbook.utils.ml_log:192 [INFO] Wrote metrics to logs/sweep-rollouts/llama-rlct-nr128-ctrl/metrics.jsonl
tinker_cookbook.utils.ml_log:265 [INFO] 
                         Step 79                          
┏━━━━━━━━━━━━━━━━━━━━━━━━━━━━━━━━━━━━━━━┳━━━━━━━━━━━━━━━━┓
┃ Metric                                ┃ Value          ┃
┡━━━━━━━━━━━━━━━━━━━━━━━━━━━━━━━━━━━━━━━╇━━━━━━━━━━━━━━━━┩
│ optim/entropy                         │ 6.055178       │
│ optim/kl_sample_train_v1              │ 0.000260       │
│ optim/kl_sample_train_v2              │ 0.000516       │
│ train/advantage_abs_mean              │ 0.082583       │
│ train/anchor_reward_mean              │ 0.000000       │
│ train/anchor_reward_std               │ 0.000022       │
│ train/avg_response_length             │ 723.299213     │
│ train/consistency_gap_1               │ -0.009009      │
│ train/consistency_reward_mean         │ 0.000000       │
│ train/consistency_reward_std          │ 0.000000       │
│ train/epoch                           │ 0              │
│ train/kl_policy_base                  │ 0.047224       │
│ train/n_anchor_rollouts               │ 111            │
│ train/n_consistency_rollouts          │ 16             │
│ train/n_ref_parsed                    │ 111            │
│ train/n_training_parsed               │ 112            │
│ train/p_hat_1                         │ 0.000000       │
│ train/p_ref                           │ 0.009009       │
│ train/p_ref_drift                     │ 0.000237       │
│ train/p_ref_init                      │ 0.008772       │
│ train/parse_rate                      │ 0.871094       │
│ train/rate_var                        │ 0.000020       │
│ train/reward_pert0_trait0_count       │ 110            │
│ train/reward_pert0_trait0_mean        │ 0.000002       │
│ train/reward_pert0_trait1_count       │ 1              │
│ train/reward_pert0_trait1_mean        │ -0.000235      │
│ train/reward_pert1_trait0_count       │ 16             │
│ train/reward_pert1_trait0_mean        │ 0.000000       │
│ train/train/clock_cycle:unique        │ 8809456.000000 │
│ train/train/loss:sum                  │ 39411.146225   │
│ train/train/ppo_clipped_fraction:mean │ 0.123572       │
│ train/train/ppo_kl_div:mean           │ 0.533772       │
│ train/train/ppo_mean_ratio:mean       │ 0.894658       │
└───────────────────────────────────────┴────────────────┘
tinker.lib.retry_handler:241 [ERROR] Request failed with non-retryable error: ValueError: Error retrieving result: Error code: 402 - {'detail': 'Access for consistency.training.methods@gmail.com_default_org is blocked due to billing status. Please add payment at https://tinker-console.thinkingmachines.ai/billing/balance.'} with status code e.status_code=402 for self.request_id='7703782f-6a7c-59eb-94db-22f6d1bf50cb:sample:61:0' and expected type self.model_cls=<class 'tinker.SampleResponse'>
tinker.lib.retry_handler:241 [ERROR] Request failed with non-retryable error: ValueError: Error retrieving result: Error code: 402 - {'detail': 'Access for consistency.training.methods@gmail.com_default_org is blocked due to billing status. Please add payment at https://tinker-console.thinkingmachines.ai/billing/balance.'} with status code e.status_code=402 for self.request_id='7703782f-6a7c-59eb-94db-22f6d1bf50cb:sample:61:1' and expected type self.model_cls=<class 'tinker.SampleResponse'>
tinker.lib.telemetry:204 [INFO] Exception logged for session ID: 7703782f-6a7c-59eb-94db-22f6d1bf50cb
cot_transparency.apis.tinker.rl_training:531 [ERROR] Training failed with exception:
Traceback (most recent call last):
  File "/home/prakharg/miniconda3/envs/cot/lib/python3.12/site-packages/tinker/lib/api_future_impl.py", line 123, in _result_async
    response = await client.futures.with_raw_response.retrieve(
               ^^^^^^^^^^^^^^^^^^^^^^^^^^^^^^^^^^^^^^^^^^^^^^^^
  File "/home/prakharg/miniconda3/envs/cot/lib/python3.12/site-packages/tinker/_response.py", line 786, in wrapped
    return cast(AsyncAPIResponse[R], await func(*args, **kwargs))
                                     ^^^^^^^^^^^^^^^^^^^^^^^^^^^
  File "/home/prakharg/miniconda3/envs/cot/lib/python3.12/site-packages/tinker/resources/futures.py", line 74, in retrieve
    await self._post(
  File "/home/prakharg/miniconda3/envs/cot/lib/python3.12/site-packages/tinker/_base_client.py", line 1230, in post
    return await self.request(cast_to, opts, stream=stream, stream_cls=stream_cls)
           ^^^^^^^^^^^^^^^^^^^^^^^^^^^^^^^^^^^^^^^^^^^^^^^^^^^^^^^^^^^^^^^^^^^^^^^
  File "/home/prakharg/miniconda3/envs/cot/lib/python3.12/site-packages/tinker/_base_client.py", line 1031, in request
    raise self._make_status_error_from_response(err.response) from None
tinker.APIStatusError: Error code: 402 - {'detail': 'Access for consistency.training.methods@gmail.com_default_org is blocked due to billing status. Please add payment at https://tinker-console.thinkingmachines.ai/billing/balance.'}

The above exception was the direct cause of the following exception:

Traceback (most recent call last):
  File "/home/prakharg/cot-transparency/cot_transparency/apis/tinker/rl_training.py", line 525, in train
    return await self._train_loop(
           ^^^^^^^^^^^^^^^^^^^^^^^
  File "/home/prakharg/cot-transparency/cot_transparency/apis/tinker/rl_training.py", line 560, in _train_loop
    return await self._train_loop_inner(
           ^^^^^^^^^^^^^^^^^^^^^^^^^^^^^
  File "/home/prakharg/cot-transparency/cot_transparency/apis/tinker/rl_training.py", line 687, in _train_loop_inner
    batch_items: list[BatchItem] = await prefetch_queue.popleft()
                                   ^^^^^^^^^^^^^^^^^^^^^^^^^^^^^^
  File "/home/prakharg/cot-transparency/cot_transparency/apis/tinker/rl_training.py", line 669, in sample_batch
    return await asyncio.gather(*[collect_for_datapoint(idx) for idx in batch_indices])
           ^^^^^^^^^^^^^^^^^^^^^^^^^^^^^^^^^^^^^^^^^^^^^^^^^^^^^^^^^^^^^^^^^^^^^^^^^^^^
  File "/home/prakharg/cot-transparency/cot_transparency/apis/tinker/rl_training.py", line 634, in collect_for_datapoint
    result = await self._collect_rollouts(dp, perturbation_fns, trait_classifier, answer_parser=answer_parser)
             ^^^^^^^^^^^^^^^^^^^^^^^^^^^^^^^^^^^^^^^^^^^^^^^^^^^^^^^^^^^^^^^^^^^^^^^^^^^^^^^^^^^^^^^^^^^^^^^^^
  File "/home/prakharg/cot-transparency/cot_transparency/apis/tinker/rl_training.py", line 372, in _collect_rollouts
    results = await asyncio.gather(*[rollout_perturbation(idx) for idx in all_idx])
              ^^^^^^^^^^^^^^^^^^^^^^^^^^^^^^^^^^^^^^^^^^^^^^^^^^^^^^^^^^^^^^^^^^^^^
  File "/home/prakharg/cot-transparency/cot_transparency/apis/tinker/rl_training.py", line 356, in rollout_perturbation
    raw = await self._sample_from_client(client, prompt, n_rollouts_per[idx])
          ^^^^^^^^^^^^^^^^^^^^^^^^^^^^^^^^^^^^^^^^^^^^^^^^^^^^^^^^^^^^^^^^^^^
  File "/home/prakharg/cot-transparency/cot_transparency/apis/tinker/rl_training.py", line 292, in _sample_from_client
    result = await client.sample_async(
             ^^^^^^^^^^^^^^^^^^^^^^^^^^
  File "/home/prakharg/miniconda3/envs/cot/lib/python3.12/site-packages/tinker/lib/public_interfaces/sampling_client.py", line 266, in sample_async
    return await AwaitableConcurrentFuture(
           ^^^^^^^^^^^^^^^^^^^^^^^^^^^^^^^^
  File "/home/prakharg/miniconda3/envs/cot/lib/python3.12/site-packages/tinker/lib/public_interfaces/api_future.py", line 132, in result_async
    return await asyncio.wrap_future(self._future)
           ^^^^^^^^^^^^^^^^^^^^^^^^^^^^^^^^^^^^^^^
  File "/home/prakharg/miniconda3/envs/cot/lib/python3.12/site-packages/tinker/lib/telemetry.py", line 384, in _awrapper
    return await cast(Callable[..., Awaitable[R]], func)(*args, **kwargs)
           ^^^^^^^^^^^^^^^^^^^^^^^^^^^^^^^^^^^^^^^^^^^^^^^^^^^^^^^^^^^^^^
  File "/home/prakharg/miniconda3/envs/cot/lib/python3.12/site-packages/tinker/lib/public_interfaces/sampling_client.py", line 252, in _sample_async_with_retries
    return await self.retry_handler.execute(_sample_async)
           ^^^^^^^^^^^^^^^^^^^^^^^^^^^^^^^^^^^^^^^^^^^^^^^
  File "/home/prakharg/miniconda3/envs/cot/lib/python3.12/site-packages/tinker/lib/retry_handler.py", line 155, in execute
    result = await self._execute_with_retry(func, *args, **kwargs)
             ^^^^^^^^^^^^^^^^^^^^^^^^^^^^^^^^^^^^^^^^^^^^^^^^^^^^^
  File "/home/prakharg/miniconda3/envs/cot/lib/python3.12/site-packages/tinker/lib/retry_handler.py", line 207, in _execute_with_retry
    result = await func(*args, **kwargs)
             ^^^^^^^^^^^^^^^^^^^^^^^^^^^
  File "/home/prakharg/miniconda3/envs/cot/lib/python3.12/site-packages/tinker/lib/public_interfaces/sampling_client.py", line 242, in _sample_async
    return await self._sample_async_impl(
           ^^^^^^^^^^^^^^^^^^^^^^^^^^^^^^
  File "/home/prakharg/miniconda3/envs/cot/lib/python3.12/site-packages/tinker/lib/public_interfaces/sampling_client.py", line 200, in _sample_async_impl
    return await _APIFuture(
           ^^^^^^^^^^^^^^^^^
  File "/home/prakharg/miniconda3/envs/cot/lib/python3.12/site-packages/tinker/lib/api_future_impl.py", line 278, in result_async
    return await asyncio.wait_for(self._future, timeout)
           ^^^^^^^^^^^^^^^^^^^^^^^^^^^^^^^^^^^^^^^^^^^^^
  File "/home/prakharg/miniconda3/envs/cot/lib/python3.12/asyncio/tasks.py", line 520, in wait_for
    return await fut
           ^^^^^^^^^
  File "/home/prakharg/miniconda3/envs/cot/lib/python3.12/site-packages/tinker/lib/public_interfaces/api_future.py", line 132, in result_async
    return await asyncio.wrap_future(self._future)
           ^^^^^^^^^^^^^^^^^^^^^^^^^^^^^^^^^^^^^^^
  File "/home/prakharg/miniconda3/envs/cot/lib/python3.12/site-packages/tinker/lib/api_future_impl.py", line 175, in _result_async
    raise ValueError(
ValueError: Error retrieving result: Error code: 402 - {'detail': 'Access for consistency.training.methods@gmail.com_default_org is blocked due to billing status. Please add payment at https://tinker-console.thinkingmachines.ai/billing/balance.'} with status code e.status_code=402 for self.request_id='7703782f-6a7c-59eb-94db-22f6d1bf50cb:sample:61:0' and expected type self.model_cls=<class 'tinker.SampleResponse'>

tinker_cookbook.utils.ml_log:192 [INFO] Wrote metrics to logs/sweep-rollouts/llama-rlct-nr128-ctrl/metrics.jsonl
tinker_cookbook.utils.ml_log:265 [INFO] 
┏━━━━━━━━━━━━━━━━━━━━━━┳━━━━━━━━━━━━━━━━━━━━━━━━━━━━━━━━━━━━━━━━━━━━━━━━━━━━━━━┓
┃ Metric               ┃ Value                                                 ┃
┡━━━━━━━━━━━━━━━━━━━━━━╇━━━━━━━━━━━━━━━━━━━━━━━━━━━━━━━━━━━━━━━━━━━━━━━━━━━━━━━┩
│ train/error          │ Traceback (most recent call last):                    │
│                      │   File                                                │
│                      │ "/home/prakharg/miniconda3/envs/cot/lib/python3.12/s… │
│                      │ line 123, in _result_async                            │
│                      │     response = await                                  │
│                      │ client.futures.with_raw_response.retrieve(            │
│                      │                ^^^^^^^^^^^^^^^^^^^^^^^^^^^^^^^^^^^^^… │
│                      │   File                                                │
│                      │ "/home/prakharg/miniconda3/envs/cot/lib/python3.12/s… │
│                      │ line 786, in wrapped                                  │
│                      │     return cast(AsyncAPIResponse[R], await            │
│                      │ func(*args, **kwargs))                                │
│                      │                                      ^^^^^^^^^^^^^^^… │
│                      │   File                                                │
│                      │ "/home/prakharg/miniconda3/envs/cot/lib/python3.12/s… │
│                      │ line 74, in retrieve                                  │
│                      │     await self._post(                                 │
│                      │   File                                                │
│                      │ "/home/prakharg/miniconda3/envs/cot/lib/python3.12/s… │
│                      │ line 1230, in post                                    │
│                      │     return await self.request(cast_to, opts,          │
│                      │ stream=stream, stream_cls=stream_cls)                 │
│                      │            ^^^^^^^^^^^^^^^^^^^^^^^^^^^^^^^^^^^^^^^^^… │
│                      │   File                                                │
│                      │ "/home/prakharg/miniconda3/envs/cot/lib/python3.12/s… │
│                      │ line 1031, in request                                 │
│                      │     raise                                             │
│                      │ self._make_status_error_from_response(err.response)   │
│                      │ from None                                             │
│                      │ tinker.APIStatusError: Error code: 402 - {'detail':   │
│                      │ 'Access for                                           │
│                      │ consistency.training.methods@gmail.com_default_org is │
│                      │ blocked due to billing status. Please add payment at  │
│                      │ https://tinker-console.thinkingmachines.ai/billing/b… │
│                      │                                                       │
│                      │ The above exception was the direct cause of the       │
│                      │ following exception:                                  │
│                      │                                                       │
│                      │ Traceback (most recent call last):                    │
│                      │   File                                                │
│                      │ "/home/prakharg/cot-transparency/cot_transparency/ap… │
│                      │ line 525, in train                                    │
│                      │     return await self._train_loop(                    │
│                      │            ^^^^^^^^^^^^^^^^^^^^^^^                    │
│                      │   File                                                │
│                      │ "/home/prakharg/cot-transparency/cot_transparency/ap… │
│                      │ line 560, in _train_loop                              │
│                      │     return await self._train_loop_inner(              │
│                      │            ^^^^^^^^^^^^^^^^^^^^^^^^^^^^^              │
│                      │   File                                                │
│                      │ "/home/prakharg/cot-transparency/cot_transparency/ap… │
│                      │ line 687, in _train_loop_inner                        │
│                      │     batch_items: list[BatchItem] = await              │
│                      │ prefetch_queue.popleft()                              │
│                      │                                    ^^^^^^^^^^^^^^^^^… │
│                      │   File                                                │
│                      │ "/home/prakharg/cot-transparency/cot_transparency/ap… │
│                      │ line 669, in sample_batch                             │
│                      │     return await asyncio.gather(*)                    │
│                      │            ^^^^^^^^^^^^^^^^^^^^^^^^^^^^^^^^^^^^^^^^^… │
│                      │   File                                                │
│                      │ "/home/prakharg/cot-transparency/cot_transparency/ap… │
│                      │ line 634, in collect_for_datapoint                    │
│                      │     result = await self._collect_rollouts(dp,         │
│                      │ perturbation_fns, trait_classifier,                   │
│                      │ answer_parser=answer_parser)                          │
│                      │              ^^^^^^^^^^^^^^^^^^^^^^^^^^^^^^^^^^^^^^^… │
│                      │   File                                                │
│                      │ "/home/prakharg/cot-transparency/cot_transparency/ap… │
│                      │ line 372, in _collect_rollouts                        │
│                      │     results = await asyncio.gather(*)                 │
│                      │               ^^^^^^^^^^^^^^^^^^^^^^^^^^^^^^^^^^^^^^… │
│                      │   File                                                │
│                      │ "/home/prakharg/cot-transparency/cot_transparency/ap… │
│                      │ line 356, in rollout_perturbation                     │
│                      │     raw = await self._sample_from_client(client,      │
│                      │ prompt, n_rollouts_per)                               │
│                      │           ^^^^^^^^^^^^^^^^^^^^^^^^^^^^^^^^^^^^^^^^^^… │
│                      │   File                                                │
│                      │ "/home/prakharg/cot-transparency/cot_transparency/ap… │
│                      │ line 292, in _sample_from_client                      │
│                      │     result = await client.sample_async(               │
│                      │              ^^^^^^^^^^^^^^^^^^^^^^^^^^               │
│                      │   File                                                │
│                      │ "/home/prakharg/miniconda3/envs/cot/lib/python3.12/s… │
│                      │ line 266, in sample_async                             │
│                      │     return await AwaitableConcurrentFuture(           │
│                      │            ^^^^^^^^^^^^^^^^^^^^^^^^^^^^^^^^           │
│                      │   File                                                │
│                      │ "/home/prakharg/miniconda3/envs/cot/lib/python3.12/s… │
│                      │ line 132, in result_async                             │
│                      │     return await asyncio.wrap_future(self._future)    │
│                      │            ^^^^^^^^^^^^^^^^^^^^^^^^^^^^^^^^^^^^^^^    │
│                      │   File                                                │
│                      │ "/home/prakharg/miniconda3/envs/cot/lib/python3.12/s… │
│                      │ line 384, in _awrapper                                │
│                      │     return await cast(Callable[..., Awaitable[R]],    │
│                      │ func)(*args, **kwargs)                                │
│                      │            ^^^^^^^^^^^^^^^^^^^^^^^^^^^^^^^^^^^^^^^^^… │
│                      │   File                                                │
│                      │ "/home/prakharg/miniconda3/envs/cot/lib/python3.12/s… │
│                      │ line 252, in _sample_async_with_retries               │
│                      │     return await                                      │
│                      │ self.retry_handler.execute(_sample_async)             │
│                      │            ^^^^^^^^^^^^^^^^^^^^^^^^^^^^^^^^^^^^^^^^^… │
│                      │   File                                                │
│                      │ "/home/prakharg/miniconda3/envs/cot/lib/python3.12/s… │
│                      │ line 155, in execute                                  │
│                      │     result = await self._execute_with_retry(func,     │
│                      │ *args, **kwargs)                                      │
│                      │              ^^^^^^^^^^^^^^^^^^^^^^^^^^^^^^^^^^^^^^^… │
│                      │   File                                                │
│                      │ "/home/prakharg/miniconda3/envs/cot/lib/python3.12/s… │
│                      │ line 207, in _execute_with_retry                      │
│                      │     result = await func(*args, **kwargs)              │
│                      │              ^^^^^^^^^^^^^^^^^^^^^^^^^^^              │
│                      │   File                                                │
│                      │ "/home/prakharg/miniconda3/envs/cot/lib/python3.12/s… │
│                      │ line 242, in _sample_async                            │
│                      │     return await self._sample_async_impl(             │
│                      │            ^^^^^^^^^^^^^^^^^^^^^^^^^^^^^^             │
│                      │   File                                                │
│                      │ "/home/prakharg/miniconda3/envs/cot/lib/python3.12/s… │
│                      │ line 200, in _sample_async_impl                       │
│                      │     return await _APIFuture(                          │
│                      │            ^^^^^^^^^^^^^^^^^                          │
│                      │   File                                                │
│                      │ "/home/prakharg/miniconda3/envs/cot/lib/python3.12/s… │
│                      │ line 278, in result_async                             │
│                      │     return await asyncio.wait_for(self._future,       │
│                      │ timeout)                                              │
│                      │            ^^^^^^^^^^^^^^^^^^^^^^^^^^^^^^^^^^^^^^^^^… │
│                      │   File                                                │
│                      │ "/home/prakharg/miniconda3/envs/cot/lib/python3.12/a… │
│                      │ line 520, in wait_for                                 │
│                      │     return await fut                                  │
│                      │            ^^^^^^^^^                                  │
│                      │   File                                                │
│                      │ "/home/prakharg/miniconda3/envs/cot/lib/python3.12/s… │
│                      │ line 132, in result_async                             │
│                      │     return await asyncio.wrap_future(self._future)    │
│                      │            ^^^^^^^^^^^^^^^^^^^^^^^^^^^^^^^^^^^^^^^    │
│                      │   File                                                │
│                      │ "/home/prakharg/miniconda3/envs/cot/lib/python3.12/s… │
│                      │ line 175, in _result_async                            │
│                      │     raise ValueError(                                 │
│                      │ ValueError: Error retrieving result: Error code: 402  │
│                      │ - {'detail': 'Access for                              │
│                      │ consistency.training.methods@gmail.com_default_org is │
│                      │ blocked due to billing status. Please add payment at  │
│                      │ https://tinker-console.thinkingmachines.ai/billing/b… │
│                      │ with status code e.status_code=402 for                │
│                      │ self.request_id='7703782f-6a7c-59eb-94db-22f6d1bf50c… │
│                      │ and expected type self.model_cls=<class               │
│                      │ 'tinker.SampleResponse'>                              │
│                      │                                                       │
└──────────────────────┴───────────────────────────────────────────────────────┘
root:654 [INFO] Command line invocation: scripts/tinker_training/train_rl.py --model meta-llama/Llama-3.1-8B-Instruct --experiment-name sweep-rollouts --run-name llama-rlct-nr128-ctrl --bias-types suggested_answer --datasets mmlu --n-datapoints 100 --lora-rank 8 --kl-coef 0.05 --anchor-weight 0.5 --loss-fn ppo --n-ref-rollouts 128 --n-train-rollouts 128 --n-consistency-rollouts 16 --refresh-every 1 --checkpoint-every 25 --control -y
tinker_cookbook.utils.ml_log:592 [INFO] Logging to: logs/sweep-rollouts/llama-rlct-nr128-ctrl
tinker_cookbook.utils.ml_log:265 [INFO] 
Configuration:
  git: {'git_sha': '96370379d5ccd054f534da1e2989f8229d8fef58', 'git_branch': 
'reasoning-history-last-fix', 'git_dirty': True, 'git_dirt ...     "hatch": 
"//",\n+      "edgecolor": "black",\n+      "training_biases": []\n     }\n   
}\n }\n\\ No newline at end of file'}
tinker_cookbook.utils.ml_log:265 [INFO] 
Configuration:
  n_datapoints: 100
  total_steps: 100
  n_perturbations: 2
  base_lr: 0.0002856415043086949
tinker_cookbook.utils.ml_log:192 [INFO] Wrote metrics to logs/sweep-rollouts/llama-rlct-nr128-ctrl/metrics.jsonl
tinker_cookbook.utils.ml_log:265 [INFO] 
               Step 1                
┏━━━━━━━━━━━━━━━━━━━━━━━━━━━┳━━━━━━━┓
┃ Metric                    ┃ Value ┃
┡━━━━━━━━━━━━━━━━━━━━━━━━━━━╇━━━━━━━┩
│ train/skipped_empty_batch │ 1     │
└───────────────────────────┴───────┘
tinker_cookbook.utils.ml_log:192 [INFO] Wrote metrics to logs/sweep-rollouts/llama-rlct-nr128-ctrl/metrics.jsonl
tinker_cookbook.utils.ml_log:265 [INFO] 
                         Step 2                         
┏━━━━━━━━━━━━━━━━━━━━━━━━━━━━━━━━━━━━━━━┳━━━━━━━━━━━━━━┓
┃ Metric                                ┃ Value        ┃
┡━━━━━━━━━━━━━━━━━━━━━━━━━━━━━━━━━━━━━━━╇━━━━━━━━━━━━━━┩
│ optim/entropy                         │ 0.812896     │
│ optim/kl_sample_train_v1              │ 0.000808     │
│ optim/kl_sample_train_v2              │ 0.000656     │
│ train/advantage_abs_mean              │ 0.324250     │
│ train/anchor_reward_mean              │ -0.000000    │
│ train/anchor_reward_std               │ 0.014648     │
│ train/avg_response_length             │ 403.570423   │
│ train/consistency_gap_1               │ -0.093690    │
│ train/consistency_reward_mean         │ -0.006094    │
│ train/consistency_reward_std          │ 0.000000     │
│ train/epoch                           │ 0            │
│ train/kl_policy_base                  │ 0.000535     │
│ train/n_anchor_rollouts               │ 126          │
│ train/n_consistency_rollouts          │ 16           │
│ train/n_ref_parsed                    │ 126          │
│ train/n_training_parsed               │ 123          │
│ train/p_hat_1                         │ 0.065041     │
│ train/p_ref                           │ 0.158730     │
│ train/p_ref_drift                     │ 0.040086     │
│ train/p_ref_init                      │ 0.118644     │
│ train/parse_rate                      │ 0.972656     │
│ train/rate_var                        │ 0.002194     │
│ train/reward_pert0_trait0_count       │ 106          │
│ train/reward_pert0_trait0_mean        │ 0.006363     │
│ train/reward_pert0_trait1_count       │ 20           │
│ train/reward_pert0_trait1_mean        │ -0.033723    │
│ train/reward_pert1_trait0_count       │ 16           │
│ train/reward_pert1_trait0_mean        │ -0.006094    │
│ train/train/clock_cycle:unique        │ 99681.000000 │
│ train/train/loss:sum                  │ 1025.740982  │
│ train/train/ppo_clipped_fraction:mean │ 0.159716     │
│ train/train/ppo_kl_div:mean           │ 0.630585     │
│ train/train/ppo_mean_ratio:mean       │ 0.871201     │
└───────────────────────────────────────┴──────────────┘
tinker_cookbook.utils.ml_log:192 [INFO] Wrote metrics to logs/sweep-rollouts/llama-rlct-nr128-ctrl/metrics.jsonl
tinker_cookbook.utils.ml_log:265 [INFO] 
                         Step 3                         
┏━━━━━━━━━━━━━━━━━━━━━━━━━━━━━━━━━━━━━━━┳━━━━━━━━━━━━━━┓
┃ Metric                                ┃ Value        ┃
┡━━━━━━━━━━━━━━━━━━━━━━━━━━━━━━━━━━━━━━━╇━━━━━━━━━━━━━━┩
│ optim/entropy                         │ 2.188758     │
│ optim/kl_sample_train_v1              │ 0.000787     │
│ optim/kl_sample_train_v2              │ 0.000594     │
│ train/advantage_abs_mean              │ 0.246604     │
│ train/anchor_reward_mean              │ 0.000000     │
│ train/anchor_reward_std               │ 0.001977     │
│ train/avg_response_length             │ 453.829630   │
│ train/consistency_gap_1               │ -0.001446    │
│ train/consistency_reward_mean         │ 0.000098     │
│ train/consistency_reward_std          │ 0.000478     │
│ train/epoch                           │ 0            │
│ train/kl_policy_base                  │ 0.002175     │
│ train/n_anchor_rollouts               │ 119          │
│ train/n_consistency_rollouts          │ 16           │
│ train/n_ref_parsed                    │ 119          │
│ train/n_training_parsed               │ 122          │
│ train/p_hat_1                         │ 0.057377     │
│ train/p_ref                           │ 0.058824     │
│ train/p_ref_drift                     │ 0.008403     │
│ train/p_ref_init                      │ 0.050420     │
│ train/parse_rate                      │ 0.941406     │
│ train/rate_var                        │ 0.000001     │
│ train/reward_pert0_trait0_count       │ 112          │
│ train/reward_pert0_trait0_mean        │ 0.000494     │
│ train/reward_pert0_trait1_count       │ 7            │
│ train/reward_pert0_trait1_mean        │ -0.007909    │
│ train/reward_pert1_trait0_count       │ 14           │
│ train/reward_pert1_trait0_mean        │ -0.000083    │
│ train/reward_pert1_trait1_count       │ 2            │
│ train/reward_pert1_trait1_mean        │ 0.001363     │
│ train/train/clock_cycle:unique        │ 99710.000000 │
│ train/train/loss:sum                  │ -963.449188  │
│ train/train/ppo_clipped_fraction:mean │ 0.129790     │
│ train/train/ppo_kl_div:mean           │ 0.584033     │
│ train/train/ppo_mean_ratio:mean       │ 0.891570     │
└───────────────────────────────────────┴──────────────┘
tinker_cookbook.utils.ml_log:192 [INFO] Wrote metrics to logs/sweep-rollouts/llama-rlct-nr128-ctrl/metrics.jsonl
tinker_cookbook.utils.ml_log:265 [INFO] 
                         Step 4                         
┏━━━━━━━━━━━━━━━━━━━━━━━━━━━━━━━━━━━━━━━┳━━━━━━━━━━━━━━┓
┃ Metric                                ┃ Value        ┃
┡━━━━━━━━━━━━━━━━━━━━━━━━━━━━━━━━━━━━━━━╇━━━━━━━━━━━━━━┩
│ optim/entropy                         │ 0.788307     │
│ optim/kl_sample_train_v1              │ 0.000859     │
│ optim/kl_sample_train_v2              │ 0.000613     │
│ train/advantage_abs_mean              │ 0.188422     │
│ train/anchor_reward_mean              │ 0.000000     │
│ train/anchor_reward_std               │ 0.005252     │
│ train/avg_response_length             │ 249.902098   │
│ train/consistency_gap_1               │ -0.014986    │
│ train/consistency_reward_mean         │ -0.000483    │
│ train/consistency_reward_std          │ 0.000000     │
│ train/epoch                           │ 0            │
│ train/kl_policy_base                  │ 0.007295     │
│ train/n_anchor_rollouts               │ 127          │
│ train/n_consistency_rollouts          │ 16           │
│ train/n_ref_parsed                    │ 127          │
│ train/n_training_parsed               │ 124          │
│ train/p_hat_1                         │ 0.032258     │
│ train/p_ref                           │ 0.047244     │
│ train/p_ref_drift                     │ -0.024756    │
│ train/p_ref_init                      │ 0.072000     │
│ train/parse_rate                      │ 0.980469     │
│ train/rate_var                        │ 0.000056     │
│ train/reward_pert0_trait0_count       │ 121          │
│ train/reward_pert0_trait0_mean        │ -0.001170    │
│ train/reward_pert0_trait1_count       │ 6            │
│ train/reward_pert0_trait1_mean        │ 0.023586     │
│ train/reward_pert1_trait0_count       │ 16           │
│ train/reward_pert1_trait0_mean        │ -0.000483    │
│ train/train/clock_cycle:unique        │ 99722.000000 │
│ train/train/loss:sum                  │ -437.523376  │
│ train/train/ppo_clipped_fraction:mean │ 0.278602     │
│ train/train/ppo_kl_div:mean           │ 1.177553     │
│ train/train/ppo_mean_ratio:mean       │ 0.770385     │
└───────────────────────────────────────┴──────────────┘
tinker_cookbook.utils.ml_log:192 [INFO] Wrote metrics to logs/sweep-rollouts/llama-rlct-nr128-ctrl/metrics.jsonl
tinker_cookbook.utils.ml_log:265 [INFO] 
                         Step 5                         
┏━━━━━━━━━━━━━━━━━━━━━━━━━━━━━━━━━━━━━━━┳━━━━━━━━━━━━━━┓
┃ Metric                                ┃ Value        ┃
┡━━━━━━━━━━━━━━━━━━━━━━━━━━━━━━━━━━━━━━━╇━━━━━━━━━━━━━━┩
│ optim/entropy                         │ 2.556041     │
│ optim/kl_sample_train_v1              │ 0.000463     │
│ optim/kl_sample_train_v2              │ 0.000574     │
│ train/advantage_abs_mean              │ 0.080721     │
│ train/anchor_reward_mean              │ 0.000000     │
│ train/anchor_reward_std               │ 0.001554     │
│ train/avg_response_length             │ 402.134328   │
│ train/consistency_gap_1               │ 0.000000     │
│ train/consistency_reward_mean         │ 0.000000     │
│ train/consistency_reward_std          │ 0.000000     │
│ train/epoch                           │ 0            │
│ train/kl_policy_base                  │ 0.003107     │
│ train/n_anchor_rollouts               │ 118          │
│ train/n_consistency_rollouts          │ 16           │
│ train/n_ref_parsed                    │ 118          │
│ train/n_training_parsed               │ 118          │
│ train/p_hat_1                         │ 0.008475     │
│ train/p_ref                           │ 0.008475     │
│ train/p_ref_drift                     │ -0.016949    │
│ train/p_ref_init                      │ 0.025424     │
│ train/parse_rate                      │ 0.921875     │
│ train/rate_var                        │ 0.000000     │
│ train/reward_pert0_trait0_count       │ 117          │
│ train/reward_pert0_trait0_mean        │ -0.000144    │
│ train/reward_pert0_trait1_count       │ 1            │
│ train/reward_pert0_trait1_mean        │ 0.016806     │
│ train/reward_pert1_trait0_count       │ 16           │
│ train/reward_pert1_trait0_mean        │ 0.000000     │
│ train/train/clock_cycle:unique        │ 99745.000000 │
│ train/train/loss:sum                  │ 607.201607   │
│ train/train/ppo_clipped_fraction:mean │ 0.165159     │
│ train/train/ppo_kl_div:mean           │ 0.760134     │
│ train/train/ppo_mean_ratio:mean       │ 0.855893     │
└───────────────────────────────────────┴──────────────┘
tinker_cookbook.utils.ml_log:192 [INFO] Wrote metrics to logs/sweep-rollouts/llama-rlct-nr128-ctrl/metrics.jsonl
tinker_cookbook.utils.ml_log:265 [INFO] 
                         Step 6                         
┏━━━━━━━━━━━━━━━━━━━━━━━━━━━━━━━━━━━━━━━┳━━━━━━━━━━━━━━┓
┃ Metric                                ┃ Value        ┃
┡━━━━━━━━━━━━━━━━━━━━━━━━━━━━━━━━━━━━━━━╇━━━━━━━━━━━━━━┩
│ optim/entropy                         │ 1.227783     │
│ optim/kl_sample_train_v1              │ 0.000829     │
│ optim/kl_sample_train_v2              │ 0.000761     │
│ train/advantage_abs_mean              │ 0.492998     │
│ train/anchor_reward_mean              │ -0.000000    │
│ train/anchor_reward_std               │ 0.048078     │
│ train/avg_response_length             │ 370.100000   │
│ train/consistency_gap_1               │ -0.072325    │
│ train/consistency_reward_mean         │ -0.012413    │
│ train/consistency_reward_std          │ 0.033523     │
│ train/epoch                           │ 0            │
│ train/kl_policy_base                  │ 0.006635     │
│ train/n_anchor_rollouts               │ 124          │
│ train/n_consistency_rollouts          │ 16           │
│ train/n_ref_parsed                    │ 124          │
│ train/n_training_parsed               │ 126          │
│ train/p_hat_1                         │ 0.484127     │
│ train/p_ref                           │ 0.556452     │
│ train/p_ref_drift                     │ 0.096774     │
│ train/p_ref_init                      │ 0.459677     │
│ train/parse_rate                      │ 0.976562     │
│ train/rate_var                        │ 0.001308     │
│ train/reward_pert0_trait0_count       │ 55           │
│ train/reward_pert0_trait0_mean        │ 0.053850     │
│ train/reward_pert0_trait1_count       │ 69           │
│ train/reward_pert0_trait1_mean        │ -0.042924    │
│ train/reward_pert1_trait0_count       │ 11           │
│ train/reward_pert1_trait0_mean        │ -0.035014    │
│ train/reward_pert1_trait1_count       │ 5            │
│ train/reward_pert1_trait1_mean        │ 0.037310     │
│ train/train/clock_cycle:unique        │ 99763.000000 │
│ train/train/loss:sum                  │ 239.041027   │
│ train/train/ppo_clipped_fraction:mean │ 0.377385     │
│ train/train/ppo_kl_div:mean           │ 1.141810     │
│ train/train/ppo_mean_ratio:mean       │ 0.703649     │
└───────────────────────────────────────┴──────────────┘
tinker_cookbook.utils.ml_log:192 [INFO] Wrote metrics to logs/sweep-rollouts/llama-rlct-nr128-ctrl/metrics.jsonl
tinker_cookbook.utils.ml_log:265 [INFO] 
               Step 7                
┏━━━━━━━━━━━━━━━━━━━━━━━━━━━┳━━━━━━━┓
┃ Metric                    ┃ Value ┃
┡━━━━━━━━━━━━━━━━━━━━━━━━━━━╇━━━━━━━┩
│ train/skipped_empty_batch │ 1     │
└───────────────────────────┴───────┘
tinker_cookbook.utils.ml_log:192 [INFO] Wrote metrics to logs/sweep-rollouts/llama-rlct-nr128-ctrl/metrics.jsonl
tinker_cookbook.utils.ml_log:265 [INFO] 
               Step 8                
┏━━━━━━━━━━━━━━━━━━━━━━━━━━━┳━━━━━━━┓
┃ Metric                    ┃ Value ┃
┡━━━━━━━━━━━━━━━━━━━━━━━━━━━╇━━━━━━━┩
│ train/skipped_empty_batch │ 1     │
└───────────────────────────┴───────┘
tinker_cookbook.utils.ml_log:192 [INFO] Wrote metrics to logs/sweep-rollouts/llama-rlct-nr128-ctrl/metrics.jsonl
tinker_cookbook.utils.ml_log:265 [INFO] 
               Step 9                
┏━━━━━━━━━━━━━━━━━━━━━━━━━━━┳━━━━━━━┓
┃ Metric                    ┃ Value ┃
┡━━━━━━━━━━━━━━━━━━━━━━━━━━━╇━━━━━━━┩
│ train/skipped_empty_batch │ 1     │
└───────────────────────────┴───────┘
tinker_cookbook.utils.ml_log:192 [INFO] Wrote metrics to logs/sweep-rollouts/llama-rlct-nr128-ctrl/metrics.jsonl
tinker_cookbook.utils.ml_log:265 [INFO] 
                        Step 10                         
┏━━━━━━━━━━━━━━━━━━━━━━━━━━━━━━━━━━━━━━━┳━━━━━━━━━━━━━━┓
┃ Metric                                ┃ Value        ┃
┡━━━━━━━━━━━━━━━━━━━━━━━━━━━━━━━━━━━━━━━╇━━━━━━━━━━━━━━┩
│ optim/entropy                         │ 2.578406     │
│ optim/kl_sample_train_v1              │ 0.000592     │
│ optim/kl_sample_train_v2              │ 0.000736     │
│ train/advantage_abs_mean              │ 0.111575     │
│ train/anchor_reward_mean              │ 0.000000     │
│ train/anchor_reward_std               │ 0.000921     │
│ train/avg_response_length             │ 398.828571   │
│ train/consistency_gap_1               │ 0.000264     │
│ train/consistency_reward_mean         │ 0.000004     │
│ train/consistency_reward_std          │ 0.000000     │
│ train/epoch                           │ 0            │
│ train/kl_policy_base                  │ 0.007330     │
│ train/n_anchor_rollouts               │ 124          │
│ train/n_consistency_rollouts          │ 16           │
│ train/n_ref_parsed                    │ 124          │
│ train/n_training_parsed               │ 122          │
│ train/p_hat_1                         │ 0.016393     │
│ train/p_ref                           │ 0.016129     │
│ train/p_ref_drift                     │ -0.007308    │
│ train/p_ref_init                      │ 0.023438     │
│ train/parse_rate                      │ 0.960938     │
│ train/rate_var                        │ 0.000000     │
│ train/reward_pert0_trait0_count       │ 122          │
│ train/reward_pert0_trait0_mean        │ -0.000118    │
│ train/reward_pert0_trait1_count       │ 2            │
│ train/reward_pert0_trait1_mean        │ 0.007191     │
│ train/reward_pert1_trait0_count       │ 16           │
│ train/reward_pert1_trait0_mean        │ 0.000004     │
│ train/train/clock_cycle:unique        │ 99830.000000 │
│ train/train/clock_cycle:unique_1      │ 99831.000000 │
│ train/train/loss:sum                  │ -238.910715  │
│ train/train/ppo_clipped_fraction:mean │ 0.499847     │
│ train/train/ppo_kl_div:mean           │ 1.639200     │
│ train/train/ppo_mean_ratio:mean       │ 0.598238     │
└───────────────────────────────────────┴──────────────┘
tinker_cookbook.utils.ml_log:192 [INFO] Wrote metrics to logs/sweep-rollouts/llama-rlct-nr128-ctrl/metrics.jsonl
tinker_cookbook.utils.ml_log:265 [INFO] 
               Step 11               
┏━━━━━━━━━━━━━━━━━━━━━━━━━━━┳━━━━━━━┓
┃ Metric                    ┃ Value ┃
┡━━━━━━━━━━━━━━━━━━━━━━━━━━━╇━━━━━━━┩
│ train/skipped_empty_batch │ 1     │
└───────────────────────────┴───────┘
tinker_cookbook.utils.ml_log:192 [INFO] Wrote metrics to logs/sweep-rollouts/llama-rlct-nr128-ctrl/metrics.jsonl
tinker_cookbook.utils.ml_log:265 [INFO] 
               Step 12               
┏━━━━━━━━━━━━━━━━━━━━━━━━━━━┳━━━━━━━┓
┃ Metric                    ┃ Value ┃
┡━━━━━━━━━━━━━━━━━━━━━━━━━━━╇━━━━━━━┩
│ train/skipped_empty_batch │ 1     │
└───────────────────────────┴───────┘
tinker_cookbook.utils.ml_log:192 [INFO] Wrote metrics to logs/sweep-rollouts/llama-rlct-nr128-ctrl/metrics.jsonl
tinker_cookbook.utils.ml_log:265 [INFO] 
                        Step 13                         
┏━━━━━━━━━━━━━━━━━━━━━━━━━━━━━━━━━━━━━━━┳━━━━━━━━━━━━━━┓
┃ Metric                                ┃ Value        ┃
┡━━━━━━━━━━━━━━━━━━━━━━━━━━━━━━━━━━━━━━━╇━━━━━━━━━━━━━━┩
│ optim/entropy                         │ 1.576142     │
│ optim/kl_sample_train_v1              │ 0.000660     │
│ optim/kl_sample_train_v2              │ 0.000595     │
│ train/advantage_abs_mean              │ 0.135277     │
│ train/anchor_reward_mean              │ -0.000000    │
│ train/anchor_reward_std               │ 0.012225     │
│ train/avg_response_length             │ 327.436620   │
│ train/consistency_gap_1               │ 0.023065     │
│ train/consistency_reward_mean         │ 0.001081     │
│ train/consistency_reward_std          │ 0.000000     │
│ train/epoch                           │ 0            │
│ train/kl_policy_base                  │ 0.011479     │
│ train/n_anchor_rollouts               │ 126          │
│ train/n_consistency_rollouts          │ 16           │
│ train/n_ref_parsed                    │ 126          │
│ train/n_training_parsed               │ 128          │
│ train/p_hat_1                         │ 0.046875     │
│ train/p_ref                           │ 0.023810     │
│ train/p_ref_drift                     │ -0.080190    │
│ train/p_ref_init                      │ 0.104000     │
│ train/parse_rate                      │ 0.992188     │
│ train/rate_var                        │ 0.000133     │
│ train/reward_pert0_trait0_count       │ 123          │
│ train/reward_pert0_trait0_mean        │ -0.001909    │
│ train/reward_pert0_trait1_count       │ 3            │
│ train/reward_pert0_trait1_mean        │ 0.078281     │
│ train/reward_pert1_trait0_count       │ 16           │
│ train/reward_pert1_trait0_mean        │ 0.001081     │
│ train/train/clock_cycle:unique        │ 99884.000000 │
│ train/train/loss:sum                  │ 600.470673   │
│ train/train/ppo_clipped_fraction:mean │ 0.181724     │
│ train/train/ppo_kl_div:mean           │ 0.768706     │
│ train/train/ppo_mean_ratio:mean       │ 0.851878     │
└───────────────────────────────────────┴──────────────┘
tinker_cookbook.utils.ml_log:192 [INFO] Wrote metrics to logs/sweep-rollouts/llama-rlct-nr128-ctrl/metrics.jsonl
tinker_cookbook.utils.ml_log:265 [INFO] 
                        Step 14                         
┏━━━━━━━━━━━━━━━━━━━━━━━━━━━━━━━━━━━━━━━┳━━━━━━━━━━━━━━┓
┃ Metric                                ┃ Value        ┃
┡━━━━━━━━━━━━━━━━━━━━━━━━━━━━━━━━━━━━━━━╇━━━━━━━━━━━━━━┩
│ optim/entropy                         │ 0.730303     │
│ optim/kl_sample_train_v1              │ 0.000778     │
│ optim/kl_sample_train_v2              │ 0.000582     │
│ train/advantage_abs_mean              │ 0.397222     │
│ train/anchor_reward_mean              │ -0.000000    │
│ train/anchor_reward_std               │ 0.030330     │
│ train/avg_response_length             │ 276.373239   │
│ train/consistency_gap_1               │ 0.013057     │
│ train/consistency_reward_mean         │ 0.000948     │
│ train/consistency_reward_std          │ 0.005654     │
│ train/epoch                           │ 0            │
│ train/kl_policy_base                  │ 0.010653     │
│ train/n_anchor_rollouts               │ 126          │
│ train/n_consistency_rollouts          │ 16           │
│ train/n_ref_parsed                    │ 126          │
│ train/n_training_parsed               │ 124          │
│ train/p_hat_1                         │ 0.822581     │
│ train/p_ref                           │ 0.809524     │
│ train/p_ref_drift                     │ 0.077240     │
│ train/p_ref_init                      │ 0.732283     │
│ train/parse_rate                      │ 0.976562     │
│ train/rate_var                        │ 0.000043     │
│ train/reward_pert0_trait0_count       │ 24           │
│ train/reward_pert0_trait0_mean        │ 0.062528     │
│ train/reward_pert0_trait1_count       │ 102          │
│ train/reward_pert0_trait1_mean        │ -0.014712    │
│ train/reward_pert1_trait0_count       │ 4            │
│ train/reward_pert1_trait0_mean        │ 0.010740     │
│ train/reward_pert1_trait1_count       │ 12           │
│ train/reward_pert1_trait1_mean        │ -0.002317    │
│ train/train/clock_cycle:unique        │ 99893.000000 │
│ train/train/loss:sum                  │ -47.796471   │
│ train/train/ppo_clipped_fraction:mean │ 0.162232     │
│ train/train/ppo_kl_div:mean           │ 0.768642     │
│ train/train/ppo_mean_ratio:mean       │ 0.861108     │
└───────────────────────────────────────┴──────────────┘
tinker_cookbook.utils.ml_log:192 [INFO] Wrote metrics to logs/sweep-rollouts/llama-rlct-nr128-ctrl/metrics.jsonl
tinker_cookbook.utils.ml_log:265 [INFO] 
               Step 15               
┏━━━━━━━━━━━━━━━━━━━━━━━━━━━┳━━━━━━━┓
┃ Metric                    ┃ Value ┃
┡━━━━━━━━━━━━━━━━━━━━━━━━━━━╇━━━━━━━┩
│ train/skipped_empty_batch │ 1     │
└───────────────────────────┴───────┘
tinker_cookbook.utils.ml_log:192 [INFO] Wrote metrics to logs/sweep-rollouts/llama-rlct-nr128-ctrl/metrics.jsonl
tinker_cookbook.utils.ml_log:265 [INFO] 
               Step 16               
┏━━━━━━━━━━━━━━━━━━━━━━━━━━━┳━━━━━━━┓
┃ Metric                    ┃ Value ┃
┡━━━━━━━━━━━━━━━━━━━━━━━━━━━╇━━━━━━━┩
│ train/skipped_empty_batch │ 1     │
└───────────────────────────┴───────┘
tinker_cookbook.utils.ml_log:192 [INFO] Wrote metrics to logs/sweep-rollouts/llama-rlct-nr128-ctrl/metrics.jsonl
tinker_cookbook.utils.ml_log:265 [INFO] 
                        Step 17                         
┏━━━━━━━━━━━━━━━━━━━━━━━━━━━━━━━━━━━━━━━┳━━━━━━━━━━━━━━┓
┃ Metric                                ┃ Value        ┃
┡━━━━━━━━━━━━━━━━━━━━━━━━━━━━━━━━━━━━━━━╇━━━━━━━━━━━━━━┩
│ optim/entropy                         │ 3.901061     │
│ optim/kl_sample_train_v1              │ 0.000433     │
│ optim/kl_sample_train_v2              │ 0.000656     │
│ train/advantage_abs_mean              │ 0.424797     │
│ train/anchor_reward_mean              │ 0.000000     │
│ train/anchor_reward_std               │ 0.011923     │
│ train/avg_response_length             │ 1068.800000  │
│ train/consistency_gap_1               │ -0.036023    │
│ train/consistency_reward_mean         │ 0.001872     │
│ train/consistency_reward_std          │ 0.015598     │
│ train/epoch                           │ 0            │
│ train/kl_policy_base                  │ 0.003415     │
│ train/n_anchor_rollouts               │ 94           │
│ train/n_consistency_rollouts          │ 16           │
│ train/n_ref_parsed                    │ 94           │
│ train/n_training_parsed               │ 101          │
│ train/p_hat_1                         │ 0.198020     │
│ train/p_ref                           │ 0.234043     │
│ train/p_ref_drift                     │ 0.028160     │
│ train/p_ref_init                      │ 0.205882     │
│ train/parse_rate                      │ 0.761719     │
│ train/rate_var                        │ 0.000324     │
│ train/reward_pert0_trait0_count       │ 72           │
│ train/reward_pert0_trait0_mean        │ 0.006591     │
│ train/reward_pert0_trait1_count       │ 22           │
│ train/reward_pert0_trait1_mean        │ -0.021570    │
│ train/reward_pert1_trait0_count       │ 12           │
│ train/reward_pert1_trait0_mean        │ -0.007133    │
│ train/reward_pert1_trait1_count       │ 4            │
│ train/reward_pert1_trait1_mean        │ 0.028890     │
│ train/train/clock_cycle:unique        │ 99961.000000 │
│ train/train/clock_cycle:unique_1      │ 99962.000000 │
│ train/train/loss:sum                  │ 610.450623   │
│ train/train/ppo_clipped_fraction:mean │ 0.112917     │
│ train/train/ppo_kl_div:mean           │ 0.367039     │
│ train/train/ppo_mean_ratio:mean       │ 0.911124     │
└───────────────────────────────────────┴──────────────┘
tinker_cookbook.utils.ml_log:192 [INFO] Wrote metrics to logs/sweep-rollouts/llama-rlct-nr128-ctrl/metrics.jsonl
tinker_cookbook.utils.ml_log:265 [INFO] 
                        Step 18                         
┏━━━━━━━━━━━━━━━━━━━━━━━━━━━━━━━━━━━━━━━┳━━━━━━━━━━━━━━┓
┃ Metric                                ┃ Value        ┃
┡━━━━━━━━━━━━━━━━━━━━━━━━━━━━━━━━━━━━━━━╇━━━━━━━━━━━━━━┩
│ optim/entropy                         │ 0.907384     │
│ optim/kl_sample_train_v1              │ 0.000635     │
│ optim/kl_sample_train_v2              │ 0.000628     │
│ train/advantage_abs_mean              │ 0.216046     │
│ train/anchor_reward_mean              │ 0.000000     │
│ train/anchor_reward_std               │ 0.022066     │
│ train/avg_response_length             │ 301.859259   │
│ train/consistency_gap_1               │ -0.050420    │
│ train/consistency_reward_mean         │ -0.001642    │
│ train/consistency_reward_std          │ 0.016675     │
│ train/epoch                           │ 0            │
│ train/kl_policy_base                  │ 0.014406     │
│ train/n_anchor_rollouts               │ 119          │
│ train/n_consistency_rollouts          │ 16           │
│ train/n_ref_parsed                    │ 119          │
│ train/n_training_parsed               │ 119          │
│ train/p_hat_1                         │ 0.907563     │
│ train/p_ref                           │ 0.957983     │
│ train/p_ref_drift                     │ 0.109983     │
│ train/p_ref_init                      │ 0.848000     │
│ train/parse_rate                      │ 0.929688     │
│ train/rate_var                        │ 0.000636     │
│ train/reward_pert0_trait0_count       │ 5            │
│ train/reward_pert0_trait0_mean        │ 0.105362     │
│ train/reward_pert0_trait1_count       │ 114          │
│ train/reward_pert0_trait1_mean        │ -0.004621    │
│ train/reward_pert1_trait0_count       │ 2            │
│ train/reward_pert1_trait0_mean        │ -0.045759    │
│ train/reward_pert1_trait1_count       │ 14           │
│ train/reward_pert1_trait1_mean        │ 0.004661     │
│ train/train/clock_cycle:unique        │ 99987.000000 │
│ train/train/loss:sum                  │ -1018.194946 │
│ train/train/ppo_clipped_fraction:mean │ 0.156125     │
│ train/train/ppo_kl_div:mean           │ 0.747946     │
│ train/train/ppo_mean_ratio:mean       │ 0.869348     │
└───────────────────────────────────────┴──────────────┘
tinker_cookbook.utils.ml_log:192 [INFO] Wrote metrics to logs/sweep-rollouts/llama-rlct-nr128-ctrl/metrics.jsonl
tinker_cookbook.utils.ml_log:265 [INFO] 
                         Step 19                         
┏━━━━━━━━━━━━━━━━━━━━━━━━━━━━━━━━━━━━━━━┳━━━━━━━━━━━━━━━┓
┃ Metric                                ┃ Value         ┃
┡━━━━━━━━━━━━━━━━━━━━━━━━━━━━━━━━━━━━━━━╇━━━━━━━━━━━━━━━┩
│ optim/entropy                         │ 3.262283      │
│ optim/kl_sample_train_v1              │ 0.000606      │
│ optim/kl_sample_train_v2              │ 0.000646      │
│ train/advantage_abs_mean              │ 0.137335      │
│ train/anchor_reward_mean              │ -0.000000     │
│ train/anchor_reward_std               │ 0.002847      │
│ train/avg_response_length             │ 436.000000    │
│ train/consistency_gap_1               │ 0.009689      │
│ train/consistency_reward_mean         │ 0.000334      │
│ train/consistency_reward_std          │ 0.000000      │
│ train/epoch                           │ 0             │
│ train/kl_policy_base                  │ 0.009093      │
│ train/n_anchor_rollouts               │ 121           │
│ train/n_consistency_rollouts          │ 16            │
│ train/n_ref_parsed                    │ 121           │
│ train/n_training_parsed               │ 116           │
│ train/p_hat_1                         │ 0.034483      │
│ train/p_ref                           │ 0.024793      │
│ train/p_ref_drift                     │ -0.018310     │
│ train/p_ref_init                      │ 0.043103      │
│ train/parse_rate                      │ 0.925781      │
│ train/rate_var                        │ 0.000023      │
│ train/reward_pert0_trait0_count       │ 118           │
│ train/reward_pert0_trait0_mean        │ -0.000454     │
│ train/reward_pert0_trait1_count       │ 3             │
│ train/reward_pert0_trait1_mean        │ 0.017856      │
│ train/reward_pert1_trait0_count       │ 16            │
│ train/reward_pert1_trait0_mean        │ 0.000334      │
│ train/train/clock_cycle:unique        │ 100010.000000 │
│ train/train/loss:sum                  │ 842.199280    │
│ train/train/ppo_clipped_fraction:mean │ 0.134090      │
│ train/train/ppo_kl_div:mean           │ 0.590129      │
│ train/train/ppo_mean_ratio:mean       │ 0.883817      │
└───────────────────────────────────────┴───────────────┘
tinker_cookbook.utils.ml_log:192 [INFO] Wrote metrics to logs/sweep-rollouts/llama-rlct-nr128-ctrl/metrics.jsonl
tinker_cookbook.utils.ml_log:265 [INFO] 
                         Step 20                         
┏━━━━━━━━━━━━━━━━━━━━━━━━━━━━━━━━━━━━━━━┳━━━━━━━━━━━━━━━┓
┃ Metric                                ┃ Value         ┃
┡━━━━━━━━━━━━━━━━━━━━━━━━━━━━━━━━━━━━━━━╇━━━━━━━━━━━━━━━┩
│ optim/entropy                         │ 3.431712      │
│ optim/kl_sample_train_v1              │ 0.000529      │
│ optim/kl_sample_train_v2              │ 0.000635      │
│ train/advantage_abs_mean              │ 0.402260      │
│ train/anchor_reward_mean              │ -0.000000     │
│ train/anchor_reward_std               │ 0.017850      │
│ train/avg_response_length             │ 542.398230    │
│ train/consistency_gap_1               │ -0.064433     │
│ train/consistency_reward_mean         │ -0.008054     │
│ train/consistency_reward_std          │ 0.031193      │
│ train/epoch                           │ 0             │
│ train/kl_policy_base                  │ 0.014143      │
│ train/n_anchor_rollouts               │ 97            │
│ train/n_consistency_rollouts          │ 16            │
│ train/n_ref_parsed                    │ 97            │
│ train/n_training_parsed               │ 88            │
│ train/p_hat_1                         │ 0.750000      │
│ train/p_ref                           │ 0.814433      │
│ train/p_ref_drift                     │ 0.045914      │
│ train/p_ref_init                      │ 0.768519      │
│ train/parse_rate                      │ 0.722656      │
│ train/rate_var                        │ 0.001038      │
│ train/reward_pert0_trait0_count       │ 18            │
│ train/reward_pert0_trait0_mean        │ 0.037394      │
│ train/reward_pert0_trait1_count       │ 79            │
│ train/reward_pert0_trait1_mean        │ -0.008520     │
│ train/reward_pert1_trait0_count       │ 6             │
│ train/reward_pert1_trait0_mean        │ -0.048325     │
│ train/reward_pert1_trait1_count       │ 10            │
│ train/reward_pert1_trait1_mean        │ 0.016108      │
│ train/train/clock_cycle:unique        │ 100045.000000 │
│ train/train/loss:sum                  │ -4977.874100  │
│ train/train/ppo_clipped_fraction:mean │ 0.298655      │
│ train/train/ppo_kl_div:mean           │ 1.000648      │
│ train/train/ppo_mean_ratio:mean       │ 0.753406      │
└───────────────────────────────────────┴───────────────┘
tinker_cookbook.utils.ml_log:192 [INFO] Wrote metrics to logs/sweep-rollouts/llama-rlct-nr128-ctrl/metrics.jsonl
tinker_cookbook.utils.ml_log:265 [INFO] 
                         Step 21                         
┏━━━━━━━━━━━━━━━━━━━━━━━━━━━━━━━━━━━━━━━┳━━━━━━━━━━━━━━━┓
┃ Metric                                ┃ Value         ┃
┡━━━━━━━━━━━━━━━━━━━━━━━━━━━━━━━━━━━━━━━╇━━━━━━━━━━━━━━━┩
│ optim/entropy                         │ 2.266541      │
│ optim/kl_sample_train_v1              │ 0.000762      │
│ optim/kl_sample_train_v2              │ 0.000776      │
│ train/advantage_abs_mean              │ 0.350878      │
│ train/anchor_reward_mean              │ 0.000000      │
│ train/anchor_reward_std               │ 0.016621      │
│ train/avg_response_length             │ 467.325758    │
│ train/consistency_gap_1               │ 0.015610      │
│ train/consistency_reward_mean         │ 0.000580      │
│ train/consistency_reward_std          │ 0.005163      │
│ train/epoch                           │ 0             │
│ train/kl_policy_base                  │ 0.016426      │
│ train/n_anchor_rollouts               │ 116           │
│ train/n_consistency_rollouts          │ 16            │
│ train/n_ref_parsed                    │ 116           │
│ train/n_training_parsed               │ 111           │
│ train/p_hat_1                         │ 0.162162      │
│ train/p_ref                           │ 0.146552      │
│ train/p_ref_drift                     │ -0.046997     │
│ train/p_ref_init                      │ 0.193548      │
│ train/parse_rate                      │ 0.886719      │
│ train/rate_var                        │ 0.000061      │
│ train/reward_pert0_trait0_count       │ 99            │
│ train/reward_pert0_trait0_mean        │ -0.006887     │
│ train/reward_pert0_trait1_count       │ 17            │
│ train/reward_pert0_trait1_mean        │ 0.040109      │
│ train/reward_pert1_trait0_count       │ 14            │
│ train/reward_pert1_trait0_mean        │ 0.002531      │
│ train/reward_pert1_trait1_count       │ 2             │
│ train/reward_pert1_trait1_mean        │ -0.013079     │
│ train/train/clock_cycle:unique        │ 100065.000000 │
│ train/train/loss:sum                  │ 2435.367874   │
│ train/train/ppo_clipped_fraction:mean │ 0.329458      │
│ train/train/ppo_kl_div:mean           │ 0.961218      │
│ train/train/ppo_mean_ratio:mean       │ 0.745381      │
└───────────────────────────────────────┴───────────────┘
tinker_cookbook.utils.ml_log:192 [INFO] Wrote metrics to logs/sweep-rollouts/llama-rlct-nr128-ctrl/metrics.jsonl
tinker_cookbook.utils.ml_log:265 [INFO] 
                         Step 22                         
┏━━━━━━━━━━━━━━━━━━━━━━━━━━━━━━━━━━━━━━━┳━━━━━━━━━━━━━━━┓
┃ Metric                                ┃ Value         ┃
┡━━━━━━━━━━━━━━━━━━━━━━━━━━━━━━━━━━━━━━━╇━━━━━━━━━━━━━━━┩
│ optim/entropy                         │ 0.545859      │
│ optim/kl_sample_train_v1              │ 0.000505      │
│ optim/kl_sample_train_v2              │ 0.000531      │
│ train/advantage_abs_mean              │ 0.078975      │
│ train/anchor_reward_mean              │ -0.000000     │
│ train/anchor_reward_std               │ 0.000713      │
│ train/avg_response_length             │ 326.815603    │
│ train/consistency_gap_1               │ -0.008000     │
│ train/consistency_reward_mean         │ 0.000000      │
│ train/consistency_reward_std          │ 0.000000      │
│ train/epoch                           │ 0             │
│ train/kl_policy_base                  │ 0.016524      │
│ train/n_anchor_rollouts               │ 125           │
│ train/n_consistency_rollouts          │ 16            │
│ train/n_ref_parsed                    │ 125           │
│ train/n_training_parsed               │ 125           │
│ train/p_hat_1                         │ 0.000000      │
│ train/p_ref                           │ 0.008000      │
│ train/p_ref_drift                     │ 0.008000      │
│ train/p_ref_init                      │ 0.000000      │
│ train/parse_rate                      │ 0.976562      │
│ train/rate_var                        │ 0.000016      │
│ train/reward_pert0_trait0_count       │ 124           │
│ train/reward_pert0_trait0_mean        │ 0.000064      │
│ train/reward_pert0_trait1_count       │ 1             │
│ train/reward_pert0_trait1_mean        │ -0.007936     │
│ train/reward_pert1_trait0_count       │ 16            │
│ train/reward_pert1_trait0_mean        │ 0.000000      │
│ train/train/clock_cycle:unique        │ 100078.000000 │
│ train/train/loss:sum                  │ 467.537506    │
│ train/train/ppo_clipped_fraction:mean │ 0.380631      │
│ train/train/ppo_kl_div:mean           │ 1.443401      │
│ train/train/ppo_mean_ratio:mean       │ 0.676727      │
└───────────────────────────────────────┴───────────────┘
tinker_cookbook.utils.ml_log:192 [INFO] Wrote metrics to logs/sweep-rollouts/llama-rlct-nr128-ctrl/metrics.jsonl
tinker_cookbook.utils.ml_log:265 [INFO] 
                         Step 23                         
┏━━━━━━━━━━━━━━━━━━━━━━━━━━━━━━━━━━━━━━━┳━━━━━━━━━━━━━━━┓
┃ Metric                                ┃ Value         ┃
┡━━━━━━━━━━━━━━━━━━━━━━━━━━━━━━━━━━━━━━━╇━━━━━━━━━━━━━━━┩
│ optim/entropy                         │ 5.256224      │
│ optim/kl_sample_train_v1              │ 0.000383      │
│ optim/kl_sample_train_v2              │ 0.000457      │
│ train/advantage_abs_mean              │ 0.482594      │
│ train/anchor_reward_mean              │ -0.000000     │
│ train/anchor_reward_std               │ 0.029657      │
│ train/avg_response_length             │ 650.495575    │
│ train/consistency_gap_1               │ -0.033450     │
│ train/consistency_reward_mean         │ 0.003425      │
│ train/consistency_reward_std          │ 0.015505      │
│ train/epoch                           │ 0             │
│ train/kl_policy_base                  │ 0.012034      │
│ train/n_anchor_rollouts               │ 97            │
│ train/n_consistency_rollouts          │ 16            │
│ train/n_ref_parsed                    │ 97            │
│ train/n_training_parsed               │ 94            │
│ train/p_hat_1                         │ 0.585106      │
│ train/p_ref                           │ 0.618557      │
│ train/p_ref_drift                     │ -0.061055     │
│ train/p_ref_init                      │ 0.679612      │
│ train/parse_rate                      │ 0.746094      │
│ train/rate_var                        │ 0.000280      │
│ train/reward_pert0_trait0_count       │ 37            │
│ train/reward_pert0_trait0_mean        │ -0.037766     │
│ train/reward_pert0_trait1_count       │ 60            │
│ train/reward_pert0_trait1_mean        │ 0.023289      │
│ train/reward_pert1_trait0_count       │ 5             │
│ train/reward_pert1_trait0_mean        │ -0.019572     │
│ train/reward_pert1_trait1_count       │ 11            │
│ train/reward_pert1_trait1_mean        │ 0.013878      │
│ train/train/clock_cycle:unique        │ 100107.000000 │
│ train/train/loss:sum                  │ 3760.070572   │
│ train/train/ppo_clipped_fraction:mean │ 0.097742      │
│ train/train/ppo_kl_div:mean           │ 0.458894      │
│ train/train/ppo_mean_ratio:mean       │ 0.916004      │
└───────────────────────────────────────┴───────────────┘
tinker_cookbook.utils.ml_log:192 [INFO] Wrote metrics to logs/sweep-rollouts/llama-rlct-nr128-ctrl/metrics.jsonl
tinker_cookbook.utils.ml_log:265 [INFO] 
                         Step 24                         
┏━━━━━━━━━━━━━━━━━━━━━━━━━━━━━━━━━━━━━━━┳━━━━━━━━━━━━━━━┓
┃ Metric                                ┃ Value         ┃
┡━━━━━━━━━━━━━━━━━━━━━━━━━━━━━━━━━━━━━━━╇━━━━━━━━━━━━━━━┩
│ optim/entropy                         │ 0.620830      │
│ optim/kl_sample_train_v1              │ 0.000645      │
│ optim/kl_sample_train_v2              │ 0.000612      │
│ train/advantage_abs_mean              │ 0.078260      │
│ train/anchor_reward_mean              │ 0.000000      │
│ train/anchor_reward_std               │ 0.000005      │
│ train/avg_response_length             │ 327.618056    │
│ train/consistency_gap_1               │ -0.007812     │
│ train/consistency_reward_mean         │ 0.000000      │
│ train/consistency_reward_std          │ 0.000000      │
│ train/epoch                           │ 0             │
│ train/kl_policy_base                  │ 0.015837      │
│ train/n_anchor_rollouts               │ 128           │
│ train/n_consistency_rollouts          │ 16            │
│ train/n_ref_parsed                    │ 128           │
│ train/n_training_parsed               │ 128           │
│ train/p_hat_1                         │ 0.000000      │
│ train/p_ref                           │ 0.007812      │
│ train/p_ref_drift                     │ -0.000062     │
│ train/p_ref_init                      │ 0.007874      │
│ train/parse_rate                      │ 1.000000      │
│ train/rate_var                        │ 0.000015      │
│ train/reward_pert0_trait0_count       │ 127           │
│ train/reward_pert0_trait0_mean        │ -0.000000     │
│ train/reward_pert0_trait1_count       │ 1             │
│ train/reward_pert0_trait1_mean        │ 0.000061      │
│ train/reward_pert1_trait0_count       │ 16            │
│ train/reward_pert1_trait0_mean        │ 0.000000      │
│ train/train/clock_cycle:unique        │ 100121.000000 │
│ train/train/loss:sum                  │ 72.790276     │
│ train/train/ppo_clipped_fraction:mean │ 0.402090      │
│ train/train/ppo_kl_div:mean           │ 1.290965      │
│ train/train/ppo_mean_ratio:mean       │ 0.674248      │
└───────────────────────────────────────┴───────────────┘
tinker_cookbook.utils.ml_log:192 [INFO] Wrote metrics to logs/sweep-rollouts/llama-rlct-nr128-ctrl/metrics.jsonl
tinker_cookbook.utils.ml_log:265 [INFO] 
                         Step 25                         
┏━━━━━━━━━━━━━━━━━━━━━━━━━━━━━━━━━━━━━━━┳━━━━━━━━━━━━━━━┓
┃ Metric                                ┃ Value         ┃
┡━━━━━━━━━━━━━━━━━━━━━━━━━━━━━━━━━━━━━━━╇━━━━━━━━━━━━━━━┩
│ optim/entropy                         │ 1.505402      │
│ optim/kl_sample_train_v1              │ 0.000698      │
│ optim/kl_sample_train_v2              │ 0.000585      │
│ train/advantage_abs_mean              │ 0.472022      │
│ train/anchor_reward_mean              │ 0.000000      │
│ train/anchor_reward_std               │ 0.107480      │
│ train/avg_response_length             │ 377.525547    │
│ train/consistency_gap_1               │ 0.010579      │
│ train/consistency_reward_mean         │ 0.000582      │
│ train/consistency_reward_std          │ 0.005121      │
│ train/epoch                           │ 0             │
│ train/kl_policy_base                  │ 0.018247      │
│ train/n_anchor_rollouts               │ 121           │
│ train/n_consistency_rollouts          │ 16            │
│ train/n_ref_parsed                    │ 121           │
│ train/n_training_parsed               │ 125           │
│ train/p_hat_1                         │ 0.680000      │
│ train/p_ref                           │ 0.669421      │
│ train/p_ref_drift                     │ 0.228477      │
│ train/p_ref_init                      │ 0.440945      │
│ train/parse_rate                      │ 0.960938      │
│ train/rate_var                        │ 0.000028      │
│ train/reward_pert0_trait0_count       │ 40            │
│ train/reward_pert0_trait0_mean        │ 0.152947      │
│ train/reward_pert0_trait1_count       │ 81            │
│ train/reward_pert0_trait1_mean        │ -0.075529     │
│ train/reward_pert1_trait0_count       │ 6             │
│ train/reward_pert1_trait0_mean        │ 0.007193      │
│ train/reward_pert1_trait1_count       │ 10            │
│ train/reward_pert1_trait1_mean        │ -0.003385     │
│ train/train/clock_cycle:unique        │ 100138.000000 │
│ train/train/loss:sum                  │ 1647.412342   │
│ train/train/ppo_clipped_fraction:mean │ 0.182245      │
│ train/train/ppo_kl_div:mean           │ 0.700759      │
│ train/train/ppo_mean_ratio:mean       │ 0.851505      │
└───────────────────────────────────────┴───────────────┘
tinker_cookbook.checkpoint_utils:461 [INFO] Saved checkpoints: {'sampler_path': 'tinker://b88c4aee-d0b2-5e7a-b751-a6a46adee180:train:0/sampler_weights/sweep-rollouts_llama-rlct-nr128-ctrl_step25'}
tinker_cookbook.utils.ml_log:192 [INFO] Wrote metrics to logs/sweep-rollouts/llama-rlct-nr128-ctrl/metrics.jsonl
tinker_cookbook.utils.ml_log:265 [INFO] 
                                    Step 25                                     
┏━━━━━━━━━━━━━━━━━━━━━━┳━━━━━━━━━━━━━━━━━━━━━━━━━━━━━━━━━━━━━━━━━━━━━━━━━━━━━━━┓
┃ Metric               ┃ Value                                                 ┃
┡━━━━━━━━━━━━━━━━━━━━━━╇━━━━━━━━━━━━━━━━━━━━━━━━━━━━━━━━━━━━━━━━━━━━━━━━━━━━━━━┩
│ checkpoint           │ tinker://b88c4aee-d0b2-5e7a-b751-a6a46adee180:train:… │
└──────────────────────┴───────────────────────────────────────────────────────┘
tinker_cookbook.utils.ml_log:192 [INFO] Wrote metrics to logs/sweep-rollouts/llama-rlct-nr128-ctrl/metrics.jsonl
tinker_cookbook.utils.ml_log:265 [INFO] 
               Step 26               
┏━━━━━━━━━━━━━━━━━━━━━━━━━━━┳━━━━━━━┓
┃ Metric                    ┃ Value ┃
┡━━━━━━━━━━━━━━━━━━━━━━━━━━━╇━━━━━━━┩
│ train/skipped_empty_batch │ 1     │
└───────────────────────────┴───────┘
tinker_cookbook.utils.ml_log:192 [INFO] Wrote metrics to logs/sweep-rollouts/llama-rlct-nr128-ctrl/metrics.jsonl
tinker_cookbook.utils.ml_log:265 [INFO] 
               Step 27               
┏━━━━━━━━━━━━━━━━━━━━━━━━━━━┳━━━━━━━┓
┃ Metric                    ┃ Value ┃
┡━━━━━━━━━━━━━━━━━━━━━━━━━━━╇━━━━━━━┩
│ train/skipped_empty_batch │ 1     │
└───────────────────────────┴───────┘
tinker_cookbook.utils.ml_log:192 [INFO] Wrote metrics to logs/sweep-rollouts/llama-rlct-nr128-ctrl/metrics.jsonl
tinker_cookbook.utils.ml_log:265 [INFO] 
                         Step 28                         
┏━━━━━━━━━━━━━━━━━━━━━━━━━━━━━━━━━━━━━━━┳━━━━━━━━━━━━━━━┓
┃ Metric                                ┃ Value         ┃
┡━━━━━━━━━━━━━━━━━━━━━━━━━━━━━━━━━━━━━━━╇━━━━━━━━━━━━━━━┩
│ optim/entropy                         │ 1.212246      │
│ optim/kl_sample_train_v1              │ 0.000876      │
│ optim/kl_sample_train_v2              │ 0.000756      │
│ train/advantage_abs_mean              │ 0.409804      │
│ train/anchor_reward_mean              │ -0.000000     │
│ train/anchor_reward_std               │ 0.009124      │
│ train/avg_response_length             │ 219.867133    │
│ train/consistency_gap_1               │ -0.029934     │
│ train/consistency_reward_mean         │ -0.002198     │
│ train/consistency_reward_std          │ 0.009900      │
│ train/epoch                           │ 0             │
│ train/kl_policy_base                  │ 0.054447      │
│ train/n_anchor_rollouts               │ 127           │
│ train/n_consistency_rollouts          │ 16            │
│ train/n_ref_parsed                    │ 127           │
│ train/n_training_parsed               │ 126           │
│ train/p_hat_1                         │ 0.198413      │
│ train/p_ref                           │ 0.228346      │
│ train/p_ref_drift                     │ 0.021735      │
│ train/p_ref_init                      │ 0.206612      │
│ train/parse_rate                      │ 0.988281      │
│ train/rate_var                        │ 0.000224      │
│ train/reward_pert0_trait0_count       │ 98            │
│ train/reward_pert0_trait0_mean        │ 0.004963      │
│ train/reward_pert0_trait1_count       │ 29            │
│ train/reward_pert0_trait1_mean        │ -0.016772     │
│ train/reward_pert1_trait0_count       │ 14            │
│ train/reward_pert1_trait0_mean        │ -0.005939     │
│ train/reward_pert1_trait1_count       │ 2             │
│ train/reward_pert1_trait1_mean        │ 0.023995      │
│ train/train/clock_cycle:unique        │ 100169.000000 │
│ train/train/loss:sum                  │ 246.413761    │
│ train/train/ppo_clipped_fraction:mean │ 0.322050      │
│ train/train/ppo_kl_div:mean           │ 1.164500      │
│ train/train/ppo_mean_ratio:mean       │ 0.739368      │
└───────────────────────────────────────┴───────────────┘
tinker_cookbook.utils.ml_log:192 [INFO] Wrote metrics to logs/sweep-rollouts/llama-rlct-nr128-ctrl/metrics.jsonl
tinker_cookbook.utils.ml_log:265 [INFO] 
               Step 29               
┏━━━━━━━━━━━━━━━━━━━━━━━━━━━┳━━━━━━━┓
┃ Metric                    ┃ Value ┃
┡━━━━━━━━━━━━━━━━━━━━━━━━━━━╇━━━━━━━┩
│ train/skipped_empty_batch │ 1     │
└───────────────────────────┴───────┘
tinker_cookbook.utils.ml_log:192 [INFO] Wrote metrics to logs/sweep-rollouts/llama-rlct-nr128-ctrl/metrics.jsonl
tinker_cookbook.utils.ml_log:265 [INFO] 
                         Step 30                         
┏━━━━━━━━━━━━━━━━━━━━━━━━━━━━━━━━━━━━━━━┳━━━━━━━━━━━━━━━┓
┃ Metric                                ┃ Value         ┃
┡━━━━━━━━━━━━━━━━━━━━━━━━━━━━━━━━━━━━━━━╇━━━━━━━━━━━━━━━┩
│ optim/entropy                         │ 2.042721      │
│ optim/kl_sample_train_v1              │ 0.000750      │
│ optim/kl_sample_train_v2              │ 0.000637      │
│ train/advantage_abs_mean              │ 0.276344      │
│ train/anchor_reward_mean              │ 0.000000      │
│ train/anchor_reward_std               │ 0.015984      │
│ train/avg_response_length             │ 391.384058    │
│ train/consistency_gap_1               │ 0.022230      │
│ train/consistency_reward_mean         │ -0.002034     │
│ train/consistency_reward_std          │ 0.008676      │
│ train/epoch                           │ 0             │
│ train/kl_policy_base                  │ 0.027217      │
│ train/n_anchor_rollouts               │ 122           │
│ train/n_consistency_rollouts          │ 16            │
│ train/n_ref_parsed                    │ 122           │
│ train/n_training_parsed               │ 125           │
│ train/p_hat_1                         │ 0.096000      │
│ train/p_ref                           │ 0.073770      │
│ train/p_ref_drift                     │ -0.061150     │
│ train/p_ref_init                      │ 0.134921      │
│ train/parse_rate                      │ 0.964844      │
│ train/rate_var                        │ 0.000124      │
│ train/reward_pert0_trait0_count       │ 113           │
│ train/reward_pert0_trait0_mean        │ -0.004511     │
│ train/reward_pert0_trait1_count       │ 9             │
│ train/reward_pert0_trait1_mean        │ 0.056639      │
│ train/reward_pert1_trait0_count       │ 13            │
│ train/reward_pert1_trait0_mean        │ 0.002134      │
│ train/reward_pert1_trait1_count       │ 3             │
│ train/reward_pert1_trait1_mean        │ -0.020095     │
│ train/train/clock_cycle:unique        │ 100194.000000 │
│ train/train/loss:sum                  │ 661.389206    │
│ train/train/ppo_clipped_fraction:mean │ 0.207314      │
│ train/train/ppo_kl_div:mean           │ 0.713356      │
│ train/train/ppo_mean_ratio:mean       │ 0.834251      │
└───────────────────────────────────────┴───────────────┘
tinker_cookbook.utils.ml_log:192 [INFO] Wrote metrics to logs/sweep-rollouts/llama-rlct-nr128-ctrl/metrics.jsonl
tinker_cookbook.utils.ml_log:265 [INFO] 
                         Step 31                         
┏━━━━━━━━━━━━━━━━━━━━━━━━━━━━━━━━━━━━━━━┳━━━━━━━━━━━━━━━┓
┃ Metric                                ┃ Value         ┃
┡━━━━━━━━━━━━━━━━━━━━━━━━━━━━━━━━━━━━━━━╇━━━━━━━━━━━━━━━┩
│ optim/entropy                         │ 0.740771      │
│ optim/kl_sample_train_v1              │ 0.000368      │
│ optim/kl_sample_train_v2              │ 0.000515      │
│ train/advantage_abs_mean              │ 0.137653      │
│ train/anchor_reward_mean              │ -0.000000     │
│ train/anchor_reward_std               │ 0.001961      │
│ train/avg_response_length             │ 344.034965    │
│ train/consistency_gap_1               │ -0.007684     │
│ train/consistency_reward_mean         │ 0.000418      │
│ train/consistency_reward_std          │ 0.001860      │
│ train/epoch                           │ 0             │
│ train/kl_policy_base                  │ 0.012706      │
│ train/n_anchor_rollouts               │ 127           │
│ train/n_consistency_rollouts          │ 16            │
│ train/n_ref_parsed                    │ 127           │
│ train/n_training_parsed               │ 124           │
│ train/p_hat_1                         │ 0.008065      │
│ train/p_ref                           │ 0.015748      │
│ train/p_ref_drift                     │ 0.015748      │
│ train/p_ref_init                      │ 0.000000      │
│ train/parse_rate                      │ 0.980469      │
│ train/rate_var                        │ 0.000015      │
│ train/reward_pert0_trait0_count       │ 125           │
│ train/reward_pert0_trait0_mean        │ 0.000248      │
│ train/reward_pert0_trait1_count       │ 2             │
│ train/reward_pert0_trait1_mean        │ -0.015500     │
│ train/reward_pert1_trait0_count       │ 15            │
│ train/reward_pert1_trait0_mean        │ -0.000062     │
│ train/reward_pert1_trait1_count       │ 1             │
│ train/reward_pert1_trait1_mean        │ 0.007622      │
│ train/train/clock_cycle:unique        │ 100206.000000 │
│ train/train/loss:sum                  │ 300.745708    │
│ train/train/ppo_clipped_fraction:mean │ 0.158783      │
│ train/train/ppo_kl_div:mean           │ 0.650321      │
│ train/train/ppo_mean_ratio:mean       │ 0.869905      │
└───────────────────────────────────────┴───────────────┘
tinker_cookbook.utils.ml_log:192 [INFO] Wrote metrics to logs/sweep-rollouts/llama-rlct-nr128-ctrl/metrics.jsonl
tinker_cookbook.utils.ml_log:265 [INFO] 
                         Step 32                         
┏━━━━━━━━━━━━━━━━━━━━━━━━━━━━━━━━━━━━━━━┳━━━━━━━━━━━━━━━┓
┃ Metric                                ┃ Value         ┃
┡━━━━━━━━━━━━━━━━━━━━━━━━━━━━━━━━━━━━━━━╇━━━━━━━━━━━━━━━┩
│ optim/entropy                         │ 0.856031      │
│ optim/kl_sample_train_v1              │ 0.000523      │
│ optim/kl_sample_train_v2              │ 0.000627      │
│ train/advantage_abs_mean              │ 0.078260      │
│ train/anchor_reward_mean              │ -0.000000     │
│ train/anchor_reward_std               │ 0.000028      │
│ train/avg_response_length             │ 279.736111    │
│ train/consistency_gap_1               │ -0.007812     │
│ train/consistency_reward_mean         │ 0.000000      │
│ train/consistency_reward_std          │ 0.000000      │
│ train/epoch                           │ 0             │
│ train/kl_policy_base                  │ 0.026677      │
│ train/n_anchor_rollouts               │ 128           │
│ train/n_consistency_rollouts          │ 16            │
│ train/n_ref_parsed                    │ 128           │
│ train/n_training_parsed               │ 127           │
│ train/p_hat_1                         │ 0.000000      │
│ train/p_ref                           │ 0.007812      │
│ train/p_ref_drift                     │ -0.000318     │
│ train/p_ref_init                      │ 0.008130      │
│ train/parse_rate                      │ 0.996094      │
│ train/rate_var                        │ 0.000015      │
│ train/reward_pert0_trait0_count       │ 127           │
│ train/reward_pert0_trait0_mean        │ -0.000002     │
│ train/reward_pert0_trait1_count       │ 1             │
│ train/reward_pert0_trait1_mean        │ 0.000315      │
│ train/reward_pert1_trait0_count       │ 16            │
│ train/reward_pert1_trait0_mean        │ 0.000000      │
│ train/train/clock_cycle:unique        │ 100218.000000 │
│ train/train/loss:sum                  │ 169.666374    │
│ train/train/ppo_clipped_fraction:mean │ 0.170012      │
│ train/train/ppo_kl_div:mean           │ 0.867884      │
│ train/train/ppo_mean_ratio:mean       │ 0.853097      │
└───────────────────────────────────────┴───────────────┘
tinker_cookbook.utils.ml_log:192 [INFO] Wrote metrics to logs/sweep-rollouts/llama-rlct-nr128-ctrl/metrics.jsonl
tinker_cookbook.utils.ml_log:265 [INFO] 
               Step 33               
┏━━━━━━━━━━━━━━━━━━━━━━━━━━━┳━━━━━━━┓
┃ Metric                    ┃ Value ┃
┡━━━━━━━━━━━━━━━━━━━━━━━━━━━╇━━━━━━━┩
│ train/skipped_empty_batch │ 1     │
└───────────────────────────┴───────┘
tinker_cookbook.utils.ml_log:192 [INFO] Wrote metrics to logs/sweep-rollouts/llama-rlct-nr128-ctrl/metrics.jsonl
tinker_cookbook.utils.ml_log:265 [INFO] 
                         Step 34                         
┏━━━━━━━━━━━━━━━━━━━━━━━━━━━━━━━━━━━━━━━┳━━━━━━━━━━━━━━━┓
┃ Metric                                ┃ Value         ┃
┡━━━━━━━━━━━━━━━━━━━━━━━━━━━━━━━━━━━━━━━╇━━━━━━━━━━━━━━━┩
│ optim/entropy                         │ 0.893678      │
│ optim/kl_sample_train_v1              │ 0.000347      │
│ optim/kl_sample_train_v2              │ 0.000597      │
│ train/advantage_abs_mean              │ 0.322714      │
│ train/anchor_reward_mean              │ 0.000000      │
│ train/anchor_reward_std               │ 0.010977      │
│ train/avg_response_length             │ 247.866197    │
│ train/consistency_gap_1               │ -0.038984     │
│ train/consistency_reward_mean         │ -0.000994     │
│ train/consistency_reward_std          │ 0.009437      │
│ train/epoch                           │ 0             │
│ train/kl_policy_base                  │ 0.019671      │
│ train/n_anchor_rollouts               │ 126           │
│ train/n_consistency_rollouts          │ 16            │
│ train/n_ref_parsed                    │ 126           │
│ train/n_training_parsed               │ 125           │
│ train/p_hat_1                         │ 0.088000      │
│ train/p_ref                           │ 0.126984      │
│ train/p_ref_drift                     │ 0.032967      │
│ train/p_ref_init                      │ 0.094017      │
│ train/parse_rate                      │ 0.980469      │
│ train/rate_var                        │ 0.000380      │
│ train/reward_pert0_trait0_count       │ 110           │
│ train/reward_pert0_trait0_mean        │ 0.004186      │
│ train/reward_pert0_trait1_count       │ 16            │
│ train/reward_pert0_trait1_mean        │ -0.028781     │
│ train/reward_pert1_trait0_count       │ 15            │
│ train/reward_pert1_trait0_mean        │ -0.003431     │
│ train/reward_pert1_trait1_count       │ 1             │
│ train/reward_pert1_trait1_mean        │ 0.035554      │
│ train/train/clock_cycle:unique        │ 100239.000000 │
│ train/train/loss:sum                  │ 908.375263    │
│ train/train/ppo_clipped_fraction:mean │ 0.177983      │
│ train/train/ppo_kl_div:mean           │ 0.839630      │
│ train/train/ppo_mean_ratio:mean       │ 0.846750      │
└───────────────────────────────────────┴───────────────┘
tinker_cookbook.utils.ml_log:192 [INFO] Wrote metrics to logs/sweep-rollouts/llama-rlct-nr128-ctrl/metrics.jsonl
tinker_cookbook.utils.ml_log:265 [INFO] 
                         Step 35                         
┏━━━━━━━━━━━━━━━━━━━━━━━━━━━━━━━━━━━━━━━┳━━━━━━━━━━━━━━━┓
┃ Metric                                ┃ Value         ┃
┡━━━━━━━━━━━━━━━━━━━━━━━━━━━━━━━━━━━━━━━╇━━━━━━━━━━━━━━━┩
│ optim/entropy                         │ 0.756577      │
│ optim/kl_sample_train_v1              │ 0.000960      │
│ optim/kl_sample_train_v2              │ 0.000707      │
│ train/advantage_abs_mean              │ 0.161960      │
│ train/anchor_reward_mean              │ 0.000000      │
│ train/anchor_reward_std               │ 0.040708      │
│ train/avg_response_length             │ 324.615385    │
│ train/consistency_gap_1               │ 0.000378      │
│ train/consistency_reward_mean         │ -0.000015     │
│ train/consistency_reward_std          │ 0.000091      │
│ train/epoch                           │ 0             │
│ train/kl_policy_base                  │ 0.025762      │
│ train/n_anchor_rollouts               │ 127           │
│ train/n_consistency_rollouts          │ 16            │
│ train/n_ref_parsed                    │ 127           │
│ train/n_training_parsed               │ 125           │
│ train/p_hat_1                         │ 0.024000      │
│ train/p_ref                           │ 0.023622      │
│ train/p_ref_drift                     │ -0.268045     │
│ train/p_ref_init                      │ 0.291667      │
│ train/parse_rate                      │ 0.984375      │
│ train/rate_var                        │ 0.000000      │
│ train/reward_pert0_trait0_count       │ 124           │
│ train/reward_pert0_trait0_mean        │ -0.006332     │
│ train/reward_pert0_trait1_count       │ 3             │
│ train/reward_pert0_trait1_mean        │ 0.261713      │
│ train/reward_pert1_trait0_count       │ 15            │
│ train/reward_pert1_trait0_mean        │ 0.000009      │
│ train/reward_pert1_trait1_count       │ 1             │
│ train/reward_pert1_trait1_mean        │ -0.000369     │
│ train/train/clock_cycle:unique        │ 100242.000000 │
│ train/train/loss:sum                  │ -38.440308    │
│ train/train/ppo_clipped_fraction:mean │ 0.328099      │
│ train/train/ppo_kl_div:mean           │ 1.173789      │
│ train/train/ppo_mean_ratio:mean       │ 0.735154      │
└───────────────────────────────────────┴───────────────┘
tinker_cookbook.utils.ml_log:192 [INFO] Wrote metrics to logs/sweep-rollouts/llama-rlct-nr128-ctrl/metrics.jsonl
tinker_cookbook.utils.ml_log:265 [INFO] 
                         Step 36                         
┏━━━━━━━━━━━━━━━━━━━━━━━━━━━━━━━━━━━━━━━┳━━━━━━━━━━━━━━━┓
┃ Metric                                ┃ Value         ┃
┡━━━━━━━━━━━━━━━━━━━━━━━━━━━━━━━━━━━━━━━╇━━━━━━━━━━━━━━━┩
│ optim/entropy                         │ 0.312733      │
│ optim/kl_sample_train_v1              │ 0.000438      │
│ optim/kl_sample_train_v2              │ 0.000336      │
│ train/advantage_abs_mean              │ 0.400675      │
│ train/anchor_reward_mean              │ 0.000000      │
│ train/anchor_reward_std               │ 0.032915      │
│ train/avg_response_length             │ 433.233577    │
│ train/consistency_gap_1               │ 0.074380      │
│ train/consistency_reward_mean         │ -0.003573     │
│ train/consistency_reward_std          │ 0.034476      │
│ train/epoch                           │ 0             │
│ train/kl_policy_base                  │ 0.014066      │
│ train/n_anchor_rollouts               │ 121           │
│ train/n_consistency_rollouts          │ 16            │
│ train/n_ref_parsed                    │ 121           │
│ train/n_training_parsed               │ 121           │
│ train/p_hat_1                         │ 0.264463      │
│ train/p_ref                           │ 0.190083      │
│ train/p_ref_drift                     │ 0.083888      │
│ train/p_ref_init                      │ 0.106195      │
│ train/parse_rate                      │ 0.945312      │
│ train/rate_var                        │ 0.001383      │
│ train/reward_pert0_trait0_count       │ 98            │
│ train/reward_pert0_trait0_mean        │ 0.015946      │
│ train/reward_pert0_trait1_count       │ 23            │
│ train/reward_pert0_trait1_mean        │ -0.067942     │
│ train/reward_pert1_trait0_count       │ 11            │
│ train/reward_pert1_trait0_mean        │ 0.019671      │
│ train/reward_pert1_trait1_count       │ 5             │
│ train/reward_pert1_trait1_mean        │ -0.054709     │
│ train/train/clock_cycle:unique        │ 100254.000000 │
│ train/train/loss:sum                  │ 449.960800    │
│ train/train/ppo_clipped_fraction:mean │ 0.138140      │
│ train/train/ppo_kl_div:mean           │ 0.541772      │
│ train/train/ppo_mean_ratio:mean       │ 0.883379      │
└───────────────────────────────────────┴───────────────┘
tinker_cookbook.utils.ml_log:192 [INFO] Wrote metrics to logs/sweep-rollouts/llama-rlct-nr128-ctrl/metrics.jsonl
tinker_cookbook.utils.ml_log:265 [INFO] 
                         Step 37                         
┏━━━━━━━━━━━━━━━━━━━━━━━━━━━━━━━━━━━━━━━┳━━━━━━━━━━━━━━━┓
┃ Metric                                ┃ Value         ┃
┡━━━━━━━━━━━━━━━━━━━━━━━━━━━━━━━━━━━━━━━╇━━━━━━━━━━━━━━━┩
│ optim/entropy                         │ 0.685765      │
│ optim/kl_sample_train_v1              │ 0.000546      │
│ optim/kl_sample_train_v2              │ 0.000568      │
│ train/advantage_abs_mean              │ 0.216977      │
│ train/anchor_reward_mean              │ -0.000000     │
│ train/anchor_reward_std               │ 0.024498      │
│ train/avg_response_length             │ 337.475177    │
│ train/consistency_gap_1               │ 0.033301      │
│ train/consistency_reward_mean         │ 0.000626      │
│ train/consistency_reward_std          │ 0.008061      │
│ train/epoch                           │ 0             │
│ train/kl_policy_base                  │ 0.022764      │
│ train/n_anchor_rollouts               │ 125           │
│ train/n_consistency_rollouts          │ 16            │
│ train/n_ref_parsed                    │ 125           │
│ train/n_training_parsed               │ 123           │
│ train/p_hat_1                         │ 0.081301      │
│ train/p_ref                           │ 0.048000      │
│ train/p_ref_drift                     │ -0.114602     │
│ train/p_ref_init                      │ 0.162602      │
│ train/parse_rate                      │ 0.968750      │
│ train/rate_var                        │ 0.000277      │
│ train/reward_pert0_trait0_count       │ 119           │
│ train/reward_pert0_trait0_mean        │ -0.005501     │
│ train/reward_pert0_trait1_count       │ 6             │
│ train/reward_pert0_trait1_mean        │ 0.109101      │
│ train/reward_pert1_trait0_count       │ 15            │
│ train/reward_pert1_trait0_mean        │ 0.002707      │
│ train/reward_pert1_trait1_count       │ 1             │
│ train/reward_pert1_trait1_mean        │ -0.030593     │
│ train/train/clock_cycle:unique        │ 100266.000000 │
│ train/train/loss:sum                  │ 230.662262    │
│ train/train/ppo_clipped_fraction:mean │ 0.239915      │
│ train/train/ppo_kl_div:mean           │ 1.048530      │
│ train/train/ppo_mean_ratio:mean       │ 0.791736      │
└───────────────────────────────────────┴───────────────┘
tinker_cookbook.utils.ml_log:192 [INFO] Wrote metrics to logs/sweep-rollouts/llama-rlct-nr128-ctrl/metrics.jsonl
tinker_cookbook.utils.ml_log:265 [INFO] 
                         Step 38                         
┏━━━━━━━━━━━━━━━━━━━━━━━━━━━━━━━━━━━━━━━┳━━━━━━━━━━━━━━━┓
┃ Metric                                ┃ Value         ┃
┡━━━━━━━━━━━━━━━━━━━━━━━━━━━━━━━━━━━━━━━╇━━━━━━━━━━━━━━━┩
│ optim/entropy                         │ 0.756892      │
│ optim/kl_sample_train_v1              │ 0.000669      │
│ optim/kl_sample_train_v2              │ 0.000610      │
│ train/advantage_abs_mean              │ 0.422209      │
│ train/anchor_reward_mean              │ -0.000000     │
│ train/anchor_reward_std               │ 0.173440      │
│ train/avg_response_length             │ 249.326241    │
│ train/consistency_gap_1               │ 0.088500      │
│ train/consistency_reward_mean         │ 0.000000      │
│ train/consistency_reward_std          │ 0.041021      │
│ train/epoch                           │ 0             │
│ train/kl_policy_base                  │ 0.034763      │
│ train/n_anchor_rollouts               │ 125           │
│ train/n_consistency_rollouts          │ 16            │
│ train/n_ref_parsed                    │ 125           │
│ train/n_training_parsed               │ 128           │
│ train/p_hat_1                         │ 0.312500      │
│ train/p_ref                           │ 0.224000      │
│ train/p_ref_drift                     │ -0.416000     │
│ train/p_ref_init                      │ 0.640000      │
│ train/parse_rate                      │ 0.988281      │
│ train/rate_var                        │ 0.001958      │
│ train/reward_pert0_trait0_count       │ 97            │
│ train/reward_pert0_trait0_mean        │ -0.093184     │
│ train/reward_pert0_trait1_count       │ 28            │
│ train/reward_pert0_trait1_mean        │ 0.322816      │
│ train/reward_pert1_trait0_count       │ 11            │
│ train/reward_pert1_trait0_mean        │ 0.027656      │
│ train/reward_pert1_trait1_count       │ 5             │
│ train/reward_pert1_trait1_mean        │ -0.060844     │
│ train/train/clock_cycle:unique        │ 100279.000000 │
│ train/train/loss:sum                  │ 1024.331886   │
│ train/train/ppo_clipped_fraction:mean │ 0.169940      │
│ train/train/ppo_kl_div:mean           │ 0.922939      │
│ train/train/ppo_mean_ratio:mean       │ 0.852153      │
└───────────────────────────────────────┴───────────────┘
tinker_cookbook.utils.ml_log:192 [INFO] Wrote metrics to logs/sweep-rollouts/llama-rlct-nr128-ctrl/metrics.jsonl
tinker_cookbook.utils.ml_log:265 [INFO] 
                         Step 39                         
┏━━━━━━━━━━━━━━━━━━━━━━━━━━━━━━━━━━━━━━━┳━━━━━━━━━━━━━━━┓
┃ Metric                                ┃ Value         ┃
┡━━━━━━━━━━━━━━━━━━━━━━━━━━━━━━━━━━━━━━━╇━━━━━━━━━━━━━━━┩
│ optim/entropy                         │ 1.449446      │
│ optim/kl_sample_train_v1              │ 0.000817      │
│ optim/kl_sample_train_v2              │ 0.000726      │
│ train/advantage_abs_mean              │ 0.305453      │
│ train/anchor_reward_mean              │ 0.000000      │
│ train/anchor_reward_std               │ 0.047822      │
│ train/avg_response_length             │ 354.134752    │
│ train/consistency_gap_1               │ 0.099122      │
│ train/consistency_reward_mean         │ 0.000756      │
│ train/consistency_reward_std          │ 0.038689      │
│ train/epoch                           │ 0             │
│ train/kl_policy_base                  │ 0.021955      │
│ train/n_anchor_rollouts               │ 125           │
│ train/n_consistency_rollouts          │ 16            │
│ train/n_ref_parsed                    │ 125           │
│ train/n_training_parsed               │ 123           │
│ train/p_hat_1                         │ 0.195122      │
│ train/p_ref                           │ 0.096000      │
│ train/p_ref_drift                     │ -0.162333     │
│ train/p_ref_init                      │ 0.258333      │
│ train/parse_rate                      │ 0.968750      │
│ train/rate_var                        │ 0.002456      │
│ train/reward_pert0_trait0_count       │ 113           │
│ train/reward_pert0_trait0_mean        │ -0.015584     │
│ train/reward_pert0_trait1_count       │ 12            │
│ train/reward_pert0_trait1_mean        │ 0.146749      │
│ train/reward_pert1_trait0_count       │ 13            │
│ train/reward_pert1_trait0_mean        │ 0.019341      │
│ train/reward_pert1_trait1_count       │ 3             │
│ train/reward_pert1_trait1_mean        │ -0.079781     │
│ train/train/clock_cycle:unique        │ 100300.000000 │
│ train/train/loss:sum                  │ -1029.320984  │
│ train/train/ppo_clipped_fraction:mean │ 0.337856      │
│ train/train/ppo_kl_div:mean           │ 1.102771      │
│ train/train/ppo_mean_ratio:mean       │ 0.727313      │
└───────────────────────────────────────┴───────────────┘
tinker_cookbook.utils.ml_log:192 [INFO] Wrote metrics to logs/sweep-rollouts/llama-rlct-nr128-ctrl/metrics.jsonl
tinker_cookbook.utils.ml_log:265 [INFO] 
                         Step 40                         
┏━━━━━━━━━━━━━━━━━━━━━━━━━━━━━━━━━━━━━━━┳━━━━━━━━━━━━━━━┓
┃ Metric                                ┃ Value         ┃
┡━━━━━━━━━━━━━━━━━━━━━━━━━━━━━━━━━━━━━━━╇━━━━━━━━━━━━━━━┩
│ optim/entropy                         │ 2.689805      │
│ optim/kl_sample_train_v1              │ 0.000710      │
│ optim/kl_sample_train_v2              │ 0.000591      │
│ train/advantage_abs_mean              │ 0.453148      │
│ train/anchor_reward_mean              │ -0.000000     │
│ train/anchor_reward_std               │ 0.060406      │
│ train/avg_response_length             │ 451.740741    │
│ train/consistency_gap_1               │ -0.029516     │
│ train/consistency_reward_mean         │ 0.001662      │
│ train/consistency_reward_std          │ 0.013681      │
│ train/epoch                           │ 0             │
│ train/kl_policy_base                  │ 0.013362      │
│ train/n_anchor_rollouts               │ 119           │
│ train/n_consistency_rollouts          │ 16            │
│ train/n_ref_parsed                    │ 119           │
│ train/n_training_parsed               │ 121           │
│ train/p_hat_1                         │ 0.256198      │
│ train/p_ref                           │ 0.285714      │
│ train/p_ref_drift                     │ 0.133714      │
│ train/p_ref_init                      │ 0.152000      │
│ train/parse_rate                      │ 0.937500      │
│ train/rate_var                        │ 0.000218      │
│ train/reward_pert0_trait0_count       │ 85            │
│ train/reward_pert0_trait0_mean        │ 0.038204      │
│ train/reward_pert0_trait1_count       │ 34            │
│ train/reward_pert0_trait1_mean        │ -0.095510     │
│ train/reward_pert1_trait0_count       │ 11            │
│ train/reward_pert1_trait0_mean        │ -0.007562     │
│ train/reward_pert1_trait1_count       │ 5             │
│ train/reward_pert1_trait1_mean        │ 0.021954      │
│ train/train/clock_cycle:unique        │ 100312.000000 │
│ train/train/loss:sum                  │ 2017.357407   │
│ train/train/ppo_clipped_fraction:mean │ 0.116830      │
│ train/train/ppo_kl_div:mean           │ 0.541534      │
│ train/train/ppo_mean_ratio:mean       │ 0.899263      │
└───────────────────────────────────────┴───────────────┘
tinker_cookbook.utils.ml_log:192 [INFO] Wrote metrics to logs/sweep-rollouts/llama-rlct-nr128-ctrl/metrics.jsonl
tinker_cookbook.utils.ml_log:265 [INFO] 
               Step 41               
┏━━━━━━━━━━━━━━━━━━━━━━━━━━━┳━━━━━━━┓
┃ Metric                    ┃ Value ┃
┡━━━━━━━━━━━━━━━━━━━━━━━━━━━╇━━━━━━━┩
│ train/skipped_empty_batch │ 1     │
└───────────────────────────┴───────┘
tinker_cookbook.utils.ml_log:192 [INFO] Wrote metrics to logs/sweep-rollouts/llama-rlct-nr128-ctrl/metrics.jsonl
tinker_cookbook.utils.ml_log:265 [INFO] 
                         Step 42                         
┏━━━━━━━━━━━━━━━━━━━━━━━━━━━━━━━━━━━━━━━┳━━━━━━━━━━━━━━━┓
┃ Metric                                ┃ Value         ┃
┡━━━━━━━━━━━━━━━━━━━━━━━━━━━━━━━━━━━━━━━╇━━━━━━━━━━━━━━━┩
│ optim/entropy                         │ 2.066718      │
│ optim/kl_sample_train_v1              │ 0.000269      │
│ optim/kl_sample_train_v2              │ 0.000579      │
│ train/advantage_abs_mean              │ 0.080980      │
│ train/anchor_reward_mean              │ 0.000000      │
│ train/anchor_reward_std               │ 0.000007      │
│ train/avg_response_length             │ 348.556391    │
│ train/consistency_gap_1               │ -0.008547     │
│ train/consistency_reward_mean         │ 0.000000      │
│ train/consistency_reward_std          │ 0.000000      │
│ train/epoch                           │ 0             │
│ train/kl_policy_base                  │ 0.027929      │
│ train/n_anchor_rollouts               │ 117           │
│ train/n_consistency_rollouts          │ 16            │
│ train/n_ref_parsed                    │ 117           │
│ train/n_training_parsed               │ 113           │
│ train/p_hat_1                         │ 0.000000      │
│ train/p_ref                           │ 0.008547      │
│ train/p_ref_drift                     │ 0.000072      │
│ train/p_ref_init                      │ 0.008475      │
│ train/parse_rate                      │ 0.898438      │
│ train/rate_var                        │ 0.000018      │
│ train/reward_pert0_trait0_count       │ 116           │
│ train/reward_pert0_trait0_mean        │ 0.000001      │
│ train/reward_pert0_trait1_count       │ 1             │
│ train/reward_pert0_trait1_mean        │ -0.000072     │
│ train/reward_pert1_trait0_count       │ 16            │
│ train/reward_pert1_trait0_mean        │ 0.000000      │
│ train/train/clock_cycle:unique        │ 100334.000000 │
│ train/train/loss:sum                  │ -586.913845   │
│ train/train/ppo_clipped_fraction:mean │ 0.195278      │
│ train/train/ppo_kl_div:mean           │ 0.743717      │
│ train/train/ppo_mean_ratio:mean       │ 0.839475      │
└───────────────────────────────────────┴───────────────┘
tinker_cookbook.utils.ml_log:192 [INFO] Wrote metrics to logs/sweep-rollouts/llama-rlct-nr128-ctrl/metrics.jsonl
tinker_cookbook.utils.ml_log:265 [INFO] 
               Step 43               
┏━━━━━━━━━━━━━━━━━━━━━━━━━━━┳━━━━━━━┓
┃ Metric                    ┃ Value ┃
┡━━━━━━━━━━━━━━━━━━━━━━━━━━━╇━━━━━━━┩
│ train/skipped_empty_batch │ 1     │
└───────────────────────────┴───────┘
tinker_cookbook.utils.ml_log:192 [INFO] Wrote metrics to logs/sweep-rollouts/llama-rlct-nr128-ctrl/metrics.jsonl
tinker_cookbook.utils.ml_log:265 [INFO] 
                         Step 44                         
┏━━━━━━━━━━━━━━━━━━━━━━━━━━━━━━━━━━━━━━━┳━━━━━━━━━━━━━━━┓
┃ Metric                                ┃ Value         ┃
┡━━━━━━━━━━━━━━━━━━━━━━━━━━━━━━━━━━━━━━━╇━━━━━━━━━━━━━━━┩
│ optim/entropy                         │ 0.875080      │
│ optim/kl_sample_train_v1              │ 0.000417      │
│ optim/kl_sample_train_v2              │ 0.000632      │
│ train/advantage_abs_mean              │ 0.373840      │
│ train/anchor_reward_mean              │ 0.000000      │
│ train/anchor_reward_std               │ 0.006148      │
│ train/avg_response_length             │ 291.159722    │
│ train/consistency_gap_1               │ -0.059500     │
│ train/consistency_reward_mean         │ -0.003897     │
│ train/consistency_reward_std          │ 0.014403      │
│ train/epoch                           │ 0             │
│ train/kl_policy_base                  │ 0.046292      │
│ train/n_anchor_rollouts               │ 128           │
│ train/n_consistency_rollouts          │ 16            │
│ train/n_ref_parsed                    │ 128           │
│ train/n_training_parsed               │ 125           │
│ train/p_hat_1                         │ 0.128000      │
│ train/p_ref                           │ 0.187500      │
│ train/p_ref_drift                     │ -0.015752     │
│ train/p_ref_init                      │ 0.203252      │
│ train/parse_rate                      │ 0.988281      │
│ train/rate_var                        │ 0.000885      │
│ train/reward_pert0_trait0_count       │ 104           │
│ train/reward_pert0_trait0_mean        │ -0.002954     │
│ train/reward_pert0_trait1_count       │ 24            │
│ train/reward_pert0_trait1_mean        │ 0.012799      │
│ train/reward_pert1_trait0_count       │ 15            │
│ train/reward_pert1_trait0_mean        │ -0.007616     │
│ train/reward_pert1_trait1_count       │ 1             │
│ train/reward_pert1_trait1_mean        │ 0.051884      │
│ train/train/clock_cycle:unique        │ 100350.000000 │
│ train/train/loss:sum                  │ -11.545128    │
│ train/train/ppo_clipped_fraction:mean │ 0.240401      │
│ train/train/ppo_kl_div:mean           │ 1.112801      │
│ train/train/ppo_mean_ratio:mean       │ 0.794764      │
└───────────────────────────────────────┴───────────────┘
tinker_cookbook.utils.ml_log:192 [INFO] Wrote metrics to logs/sweep-rollouts/llama-rlct-nr128-ctrl/metrics.jsonl
tinker_cookbook.utils.ml_log:265 [INFO] 
               Step 45               
┏━━━━━━━━━━━━━━━━━━━━━━━━━━━┳━━━━━━━┓
┃ Metric                    ┃ Value ┃
┡━━━━━━━━━━━━━━━━━━━━━━━━━━━╇━━━━━━━┩
│ train/skipped_empty_batch │ 1     │
└───────────────────────────┴───────┘
tinker_cookbook.utils.ml_log:192 [INFO] Wrote metrics to logs/sweep-rollouts/llama-rlct-nr128-ctrl/metrics.jsonl
tinker_cookbook.utils.ml_log:265 [INFO] 
               Step 46               
┏━━━━━━━━━━━━━━━━━━━━━━━━━━━┳━━━━━━━┓
┃ Metric                    ┃ Value ┃
┡━━━━━━━━━━━━━━━━━━━━━━━━━━━╇━━━━━━━┩
│ train/skipped_empty_batch │ 1     │
└───────────────────────────┴───────┘
tinker_cookbook.utils.ml_log:192 [INFO] Wrote metrics to logs/sweep-rollouts/llama-rlct-nr128-ctrl/metrics.jsonl
tinker_cookbook.utils.ml_log:265 [INFO] 
                         Step 47                         
┏━━━━━━━━━━━━━━━━━━━━━━━━━━━━━━━━━━━━━━━┳━━━━━━━━━━━━━━━┓
┃ Metric                                ┃ Value         ┃
┡━━━━━━━━━━━━━━━━━━━━━━━━━━━━━━━━━━━━━━━╇━━━━━━━━━━━━━━━┩
│ optim/entropy                         │ 4.320994      │
│ optim/kl_sample_train_v1              │ 0.000685      │
│ optim/kl_sample_train_v2              │ 0.000605      │
│ train/advantage_abs_mean              │ 0.497360      │
│ train/anchor_reward_mean              │ -0.000000     │
│ train/anchor_reward_std               │ 0.110321      │
│ train/avg_response_length             │ 664.919643    │
│ train/consistency_gap_1               │ -0.057675     │
│ train/consistency_reward_mean         │ -0.005085     │
│ train/consistency_reward_std          │ 0.027922      │
│ train/epoch                           │ 0             │
│ train/kl_policy_base                  │ 0.028843      │
│ train/n_anchor_rollouts               │ 96            │
│ train/n_consistency_rollouts          │ 16            │
│ train/n_ref_parsed                    │ 96            │
│ train/n_training_parsed               │ 95            │
│ train/p_hat_1                         │ 0.463158      │
│ train/p_ref                           │ 0.520833      │
│ train/p_ref_drift                     │ -0.220833     │
│ train/p_ref_init                      │ 0.741667      │
│ train/parse_rate                      │ 0.746094      │
│ train/rate_var                        │ 0.000832      │
│ train/reward_pert0_trait0_count       │ 46            │
│ train/reward_pert0_trait0_mean        │ -0.115017     │
│ train/reward_pert0_trait1_count       │ 50            │
│ train/reward_pert0_trait1_mean        │ 0.105816      │
│ train/reward_pert1_trait0_count       │ 10            │
│ train/reward_pert1_trait0_mean        │ -0.026713     │
│ train/reward_pert1_trait1_count       │ 6             │
│ train/reward_pert1_trait1_mean        │ 0.030963      │
│ train/train/clock_cycle:unique        │ 100391.000000 │
│ train/train/loss:sum                  │ -6790.428280  │
│ train/train/ppo_clipped_fraction:mean │ 0.111855      │
│ train/train/ppo_kl_div:mean           │ 0.503572      │
│ train/train/ppo_mean_ratio:mean       │ 0.907672      │
└───────────────────────────────────────┴───────────────┘
tinker_cookbook.utils.ml_log:192 [INFO] Wrote metrics to logs/sweep-rollouts/llama-rlct-nr128-ctrl/metrics.jsonl
tinker_cookbook.utils.ml_log:265 [INFO] 
                         Step 48                         
┏━━━━━━━━━━━━━━━━━━━━━━━━━━━━━━━━━━━━━━━┳━━━━━━━━━━━━━━━┓
┃ Metric                                ┃ Value         ┃
┡━━━━━━━━━━━━━━━━━━━━━━━━━━━━━━━━━━━━━━━╇━━━━━━━━━━━━━━━┩
│ optim/entropy                         │ 1.993474      │
│ optim/kl_sample_train_v1              │ 0.000946      │
│ optim/kl_sample_train_v2              │ 0.000703      │
│ train/advantage_abs_mean              │ 0.242437      │
│ train/anchor_reward_mean              │ 0.000000      │
│ train/anchor_reward_std               │ 0.015403      │
│ train/avg_response_length             │ 536.638095    │
│ train/consistency_gap_1               │ -0.048221     │
│ train/consistency_reward_mean         │ -0.002009     │
│ train/consistency_reward_std          │ 0.000000      │
│ train/epoch                           │ 0             │
│ train/kl_policy_base                  │ 0.029142      │
│ train/n_anchor_rollouts               │ 89            │
│ train/n_consistency_rollouts          │ 16            │
│ train/n_ref_parsed                    │ 89            │
│ train/n_training_parsed               │ 96            │
│ train/p_hat_1                         │ 0.041667      │
│ train/p_ref                           │ 0.089888      │
│ train/p_ref_drift                     │ 0.053852      │
│ train/p_ref_init                      │ 0.036036      │
│ train/parse_rate                      │ 0.722656      │
│ train/rate_var                        │ 0.000581      │
│ train/reward_pert0_trait0_count       │ 81            │
│ train/reward_pert0_trait0_mean        │ 0.004841      │
│ train/reward_pert0_trait1_count       │ 8             │
│ train/reward_pert0_trait1_mean        │ -0.049011     │
│ train/reward_pert1_trait0_count       │ 16            │
│ train/reward_pert1_trait0_mean        │ -0.002009     │
│ train/train/clock_cycle:unique        │ 100409.000000 │
│ train/train/loss:sum                  │ 1593.277304   │
│ train/train/ppo_clipped_fraction:mean │ 0.192969      │
│ train/train/ppo_kl_div:mean           │ 0.676582      │
│ train/train/ppo_mean_ratio:mean       │ 0.842434      │
└───────────────────────────────────────┴───────────────┘
tinker_cookbook.utils.ml_log:192 [INFO] Wrote metrics to logs/sweep-rollouts/llama-rlct-nr128-ctrl/metrics.jsonl
tinker_cookbook.utils.ml_log:265 [INFO] 
                         Step 49                         
┏━━━━━━━━━━━━━━━━━━━━━━━━━━━━━━━━━━━━━━━┳━━━━━━━━━━━━━━━┓
┃ Metric                                ┃ Value         ┃
┡━━━━━━━━━━━━━━━━━━━━━━━━━━━━━━━━━━━━━━━╇━━━━━━━━━━━━━━━┩
│ optim/entropy                         │ 4.913104      │
│ optim/kl_sample_train_v1              │ 0.000568      │
│ optim/kl_sample_train_v2              │ 0.000508      │
│ train/advantage_abs_mean              │ 0.493597      │
│ train/anchor_reward_mean              │ 0.000000      │
│ train/anchor_reward_std               │ 0.038831      │
│ train/avg_response_length             │ 613.514019    │
│ train/consistency_gap_1               │ -0.084249     │
│ train/consistency_reward_mean         │ 0.008776      │
│ train/consistency_reward_std          │ 0.041794      │
│ train/epoch                           │ 0             │
│ train/kl_policy_base                  │ 0.027440      │
│ train/n_anchor_rollouts               │ 91            │
│ train/n_consistency_rollouts          │ 16            │
│ train/n_ref_parsed                    │ 91            │
│ train/n_training_parsed               │ 96            │
│ train/p_hat_1                         │ 0.333333      │
│ train/p_ref                           │ 0.417582      │
│ train/p_ref_drift                     │ 0.078739      │
│ train/p_ref_init                      │ 0.338843      │
│ train/parse_rate                      │ 0.730469      │
│ train/rate_var                        │ 0.001774      │
│ train/reward_pert0_trait0_count       │ 53            │
│ train/reward_pert0_trait0_mean        │ 0.032880      │
│ train/reward_pert0_trait1_count       │ 38            │
│ train/reward_pert0_trait1_mean        │ -0.045859     │
│ train/reward_pert1_trait0_count       │ 9             │
│ train/reward_pert1_trait0_mean        │ -0.028083     │
│ train/reward_pert1_trait1_count       │ 7             │
│ train/reward_pert1_trait1_mean        │ 0.056166      │
│ train/train/clock_cycle:unique        │ 100424.000000 │
│ train/train/loss:sum                  │ -245.237617   │
│ train/train/ppo_clipped_fraction:mean │ 0.138257      │
│ train/train/ppo_kl_div:mean           │ 0.632871      │
│ train/train/ppo_mean_ratio:mean       │ 0.879624      │
└───────────────────────────────────────┴───────────────┘
tinker_cookbook.utils.ml_log:192 [INFO] Wrote metrics to logs/sweep-rollouts/llama-rlct-nr128-ctrl/metrics.jsonl
tinker_cookbook.utils.ml_log:265 [INFO] 
               Step 50               
┏━━━━━━━━━━━━━━━━━━━━━━━━━━━┳━━━━━━━┓
┃ Metric                    ┃ Value ┃
┡━━━━━━━━━━━━━━━━━━━━━━━━━━━╇━━━━━━━┩
│ train/skipped_empty_batch │ 1     │
└───────────────────────────┴───────┘
tinker_cookbook.checkpoint_utils:461 [INFO] Saved checkpoints: {'sampler_path': 'tinker://b88c4aee-d0b2-5e7a-b751-a6a46adee180:train:0/sampler_weights/sweep-rollouts_llama-rlct-nr128-ctrl_step50'}
tinker_cookbook.utils.ml_log:192 [INFO] Wrote metrics to logs/sweep-rollouts/llama-rlct-nr128-ctrl/metrics.jsonl
tinker_cookbook.utils.ml_log:265 [INFO] 
                                    Step 50                                     
┏━━━━━━━━━━━━━━━━━━━━━━┳━━━━━━━━━━━━━━━━━━━━━━━━━━━━━━━━━━━━━━━━━━━━━━━━━━━━━━━┓
┃ Metric               ┃ Value                                                 ┃
┡━━━━━━━━━━━━━━━━━━━━━━╇━━━━━━━━━━━━━━━━━━━━━━━━━━━━━━━━━━━━━━━━━━━━━━━━━━━━━━━┩
│ checkpoint           │ tinker://b88c4aee-d0b2-5e7a-b751-a6a46adee180:train:… │
└──────────────────────┴───────────────────────────────────────────────────────┘
tinker_cookbook.utils.ml_log:192 [INFO] Wrote metrics to logs/sweep-rollouts/llama-rlct-nr128-ctrl/metrics.jsonl
tinker_cookbook.utils.ml_log:265 [INFO] 
                         Step 51                         
┏━━━━━━━━━━━━━━━━━━━━━━━━━━━━━━━━━━━━━━━┳━━━━━━━━━━━━━━━┓
┃ Metric                                ┃ Value         ┃
┡━━━━━━━━━━━━━━━━━━━━━━━━━━━━━━━━━━━━━━━╇━━━━━━━━━━━━━━━┩
│ optim/entropy                         │ 6.130501      │
│ optim/kl_sample_train_v1              │ 0.000353      │
│ optim/kl_sample_train_v2              │ 0.000429      │
│ train/advantage_abs_mean              │ 0.119024      │
│ train/anchor_reward_mean              │ 0.000000      │
│ train/anchor_reward_std               │ 0.006913      │
│ train/avg_response_length             │ 746.683333    │
│ train/consistency_gap_1               │ 0.031274      │
│ train/consistency_reward_mean         │ 0.001580      │
│ train/consistency_reward_std          │ 0.000000      │
│ train/epoch                           │ 0             │
│ train/kl_policy_base                  │ 0.008772      │
│ train/n_anchor_rollouts               │ 104           │
│ train/n_consistency_rollouts          │ 16            │
│ train/n_ref_parsed                    │ 104           │
│ train/n_training_parsed               │ 99            │
│ train/p_hat_1                         │ 0.050505      │
│ train/p_ref                           │ 0.019231      │
│ train/p_ref_drift                     │ -0.050334     │
│ train/p_ref_init                      │ 0.069565      │
│ train/parse_rate                      │ 0.792969      │
│ train/rate_var                        │ 0.000245      │
│ train/reward_pert0_trait0_count       │ 102           │
│ train/reward_pert0_trait0_mean        │ -0.000968     │
│ train/reward_pert0_trait1_count       │ 2             │
│ train/reward_pert0_trait1_mean        │ 0.049366      │
│ train/reward_pert1_trait0_count       │ 16            │
│ train/reward_pert1_trait0_mean        │ 0.001580      │
│ train/train/clock_cycle:unique        │ 100455.000000 │
│ train/train/loss:sum                  │ -1518.764668  │
│ train/train/ppo_clipped_fraction:mean │ 0.097391      │
│ train/train/ppo_kl_div:mean           │ 0.441800      │
│ train/train/ppo_mean_ratio:mean       │ 0.916171      │
└───────────────────────────────────────┴───────────────┘
tinker_cookbook.utils.ml_log:192 [INFO] Wrote metrics to logs/sweep-rollouts/llama-rlct-nr128-ctrl/metrics.jsonl
tinker_cookbook.utils.ml_log:265 [INFO] 
                         Step 52                         
┏━━━━━━━━━━━━━━━━━━━━━━━━━━━━━━━━━━━━━━━┳━━━━━━━━━━━━━━━┓
┃ Metric                                ┃ Value         ┃
┡━━━━━━━━━━━━━━━━━━━━━━━━━━━━━━━━━━━━━━━╇━━━━━━━━━━━━━━━┩
│ optim/entropy                         │ 6.179274      │
│ optim/kl_sample_train_v1              │ 0.000326      │
│ optim/kl_sample_train_v2              │ 0.000459      │
│ train/advantage_abs_mean              │ 0.476415      │
│ train/anchor_reward_mean              │ -0.000000     │
│ train/anchor_reward_std               │ 0.085183      │
│ train/avg_response_length             │ 736.235294    │
│ train/consistency_gap_1               │ 0.025536      │
│ train/consistency_reward_mean         │ -0.005101     │
│ train/consistency_reward_std          │ 0.012668      │
│ train/epoch                           │ 0             │
│ train/kl_policy_base                  │ 0.018753      │
│ train/n_anchor_rollouts               │ 86            │
│ train/n_consistency_rollouts          │ 16            │
│ train/n_ref_parsed                    │ 86            │
│ train/n_training_parsed               │ 102           │
│ train/p_hat_1                         │ 0.362745      │
│ train/p_ref                           │ 0.337209      │
│ train/p_ref_drift                     │ 0.180185      │
│ train/p_ref_init                      │ 0.157025      │
│ train/parse_rate                      │ 0.734375      │
│ train/rate_var                        │ 0.000163      │
│ train/reward_pert0_trait0_count       │ 57            │
│ train/reward_pert0_trait0_mean        │ 0.060760      │
│ train/reward_pert0_trait1_count       │ 29            │
│ train/reward_pert0_trait1_mean        │ -0.119425     │
│ train/reward_pert1_trait0_count       │ 7             │
│ train/reward_pert1_trait0_mean        │ 0.009263      │
│ train/reward_pert1_trait1_count       │ 9             │
│ train/reward_pert1_trait1_mean        │ -0.016273     │
│ train/train/clock_cycle:unique        │ 100459.000000 │
│ train/train/loss:sum                  │ -8604.066628  │
│ train/train/ppo_clipped_fraction:mean │ 0.096405      │
│ train/train/ppo_kl_div:mean           │ 0.442848      │
│ train/train/ppo_mean_ratio:mean       │ 0.917925      │
└───────────────────────────────────────┴───────────────┘
tinker_cookbook.utils.ml_log:192 [INFO] Wrote metrics to logs/sweep-rollouts/llama-rlct-nr128-ctrl/metrics.jsonl
tinker_cookbook.utils.ml_log:265 [INFO] 
                         Step 53                         
┏━━━━━━━━━━━━━━━━━━━━━━━━━━━━━━━━━━━━━━━┳━━━━━━━━━━━━━━━┓
┃ Metric                                ┃ Value         ┃
┡━━━━━━━━━━━━━━━━━━━━━━━━━━━━━━━━━━━━━━━╇━━━━━━━━━━━━━━━┩
│ optim/entropy                         │ 2.970497      │
│ optim/kl_sample_train_v1              │ 0.000647      │
│ optim/kl_sample_train_v2              │ 0.000478      │
│ train/advantage_abs_mean              │ 0.085775      │
│ train/anchor_reward_mean              │ -0.000000     │
│ train/anchor_reward_std               │ 0.000995      │
│ train/avg_response_length             │ 463.344828    │
│ train/consistency_gap_1               │ -0.010000     │
│ train/consistency_reward_mean         │ 0.000000      │
│ train/consistency_reward_std          │ 0.000000      │
│ train/epoch                           │ 0             │
│ train/kl_policy_base                  │ 0.015263      │
│ train/n_anchor_rollouts               │ 100           │
│ train/n_consistency_rollouts          │ 16            │
│ train/n_ref_parsed                    │ 100           │
│ train/n_training_parsed               │ 107           │
│ train/p_hat_1                         │ 0.000000      │
│ train/p_ref                           │ 0.010000      │
│ train/p_ref_drift                     │ 0.010000      │
│ train/p_ref_init                      │ 0.000000      │
│ train/parse_rate                      │ 0.808594      │
│ train/rate_var                        │ 0.000025      │
│ train/reward_pert0_trait0_count       │ 99            │
│ train/reward_pert0_trait0_mean        │ 0.000100      │
│ train/reward_pert0_trait1_count       │ 1             │
│ train/reward_pert0_trait1_mean        │ -0.009900     │
│ train/reward_pert1_trait0_count       │ 16            │
│ train/reward_pert1_trait0_mean        │ 0.000000      │
│ train/train/clock_cycle:unique        │ 100472.000000 │
│ train/train/loss:sum                  │ 1720.073601   │
│ train/train/ppo_clipped_fraction:mean │ 0.163576      │
│ train/train/ppo_kl_div:mean           │ 0.592522      │
│ train/train/ppo_mean_ratio:mean       │ 0.865109      │
└───────────────────────────────────────┴───────────────┘
tinker_cookbook.utils.ml_log:192 [INFO] Wrote metrics to logs/sweep-rollouts/llama-rlct-nr128-ctrl/metrics.jsonl
tinker_cookbook.utils.ml_log:265 [INFO] 
                         Step 54                         
┏━━━━━━━━━━━━━━━━━━━━━━━━━━━━━━━━━━━━━━━┳━━━━━━━━━━━━━━━┓
┃ Metric                                ┃ Value         ┃
┡━━━━━━━━━━━━━━━━━━━━━━━━━━━━━━━━━━━━━━━╇━━━━━━━━━━━━━━━┩
│ optim/entropy                         │ 2.388603      │
│ optim/kl_sample_train_v1              │ 0.000248      │
│ optim/kl_sample_train_v2              │ 0.000455      │
│ train/advantage_abs_mean              │ 0.204416      │
│ train/anchor_reward_mean              │ -0.000000     │
│ train/anchor_reward_std               │ 0.005288      │
│ train/avg_response_length             │ 415.650000    │
│ train/consistency_gap_1               │ -0.040452     │
│ train/consistency_reward_mean         │ -0.000647     │
│ train/consistency_reward_std          │ 0.000000      │
│ train/epoch                           │ 0             │
│ train/kl_policy_base                  │ 0.031457      │
│ train/n_anchor_rollouts               │ 124           │
│ train/n_consistency_rollouts          │ 16            │
│ train/n_ref_parsed                    │ 124           │
│ train/n_training_parsed               │ 125           │
│ train/p_hat_1                         │ 0.016000      │
│ train/p_ref                           │ 0.056452      │
│ train/p_ref_drift                     │ -0.022913     │
│ train/p_ref_init                      │ 0.079365      │
│ train/parse_rate                      │ 0.972656      │
│ train/rate_var                        │ 0.000409      │
│ train/reward_pert0_trait0_count       │ 117           │
│ train/reward_pert0_trait0_mean        │ -0.001294     │
│ train/reward_pert0_trait1_count       │ 7             │
│ train/reward_pert0_trait1_mean        │ 0.021620      │
│ train/reward_pert1_trait0_count       │ 16            │
│ train/reward_pert1_trait0_mean        │ -0.000647     │
│ train/train/clock_cycle:unique        │ 100496.000000 │
│ train/train/loss:sum                  │ 839.369644    │
│ train/train/ppo_clipped_fraction:mean │ 0.188941      │
│ train/train/ppo_kl_div:mean           │ 0.700367      │
│ train/train/ppo_mean_ratio:mean       │ 0.845602      │
└───────────────────────────────────────┴───────────────┘
tinker_cookbook.utils.ml_log:192 [INFO] Wrote metrics to logs/sweep-rollouts/llama-rlct-nr128-ctrl/metrics.jsonl
tinker_cookbook.utils.ml_log:265 [INFO] 
                         Step 55                         
┏━━━━━━━━━━━━━━━━━━━━━━━━━━━━━━━━━━━━━━━┳━━━━━━━━━━━━━━━┓
┃ Metric                                ┃ Value         ┃
┡━━━━━━━━━━━━━━━━━━━━━━━━━━━━━━━━━━━━━━━╇━━━━━━━━━━━━━━━┩
│ optim/entropy                         │ 6.209793      │
│ optim/kl_sample_train_v1              │ 0.000341      │
│ optim/kl_sample_train_v2              │ 0.000445      │
│ train/advantage_abs_mean              │ 0.328404      │
│ train/anchor_reward_mean              │ -0.000000     │
│ train/anchor_reward_std               │ 0.004245      │
│ train/avg_response_length             │ 870.906250    │
│ train/consistency_gap_1               │ -0.062500     │
│ train/consistency_reward_mean         │ -0.006696     │
│ train/consistency_reward_std          │ 0.000000      │
│ train/epoch                           │ 0             │
│ train/kl_policy_base                  │ 0.020985      │
│ train/n_anchor_rollouts               │ 112           │
│ train/n_consistency_rollouts          │ 16            │
│ train/n_ref_parsed                    │ 112           │
│ train/n_training_parsed               │ 112           │
│ train/p_hat_1                         │ 0.107143      │
│ train/p_ref                           │ 0.169643      │
│ train/p_ref_drift                     │ -0.011310     │
│ train/p_ref_init                      │ 0.180952      │
│ train/parse_rate                      │ 0.875000      │
│ train/rate_var                        │ 0.000977      │
│ train/reward_pert0_trait0_count       │ 93            │
│ train/reward_pert0_trait0_mean        │ -0.001919     │
│ train/reward_pert0_trait1_count       │ 19            │
│ train/reward_pert0_trait1_mean        │ 0.009391      │
│ train/reward_pert1_trait0_count       │ 16            │
│ train/reward_pert1_trait0_mean        │ -0.006696     │
│ train/train/clock_cycle:unique        │ 100541.000000 │
│ train/train/clock_cycle:unique_1      │ 100542.000000 │
│ train/train/loss:sum                  │ -7483.917034  │
│ train/train/ppo_clipped_fraction:mean │ 0.114654      │
│ train/train/ppo_kl_div:mean           │ 0.425754      │
│ train/train/ppo_mean_ratio:mean       │ 0.906568      │
└───────────────────────────────────────┴───────────────┘
tinker_cookbook.utils.ml_log:192 [INFO] Wrote metrics to logs/sweep-rollouts/llama-rlct-nr128-ctrl/metrics.jsonl
tinker_cookbook.utils.ml_log:265 [INFO] 
               Step 56               
┏━━━━━━━━━━━━━━━━━━━━━━━━━━━┳━━━━━━━┓
┃ Metric                    ┃ Value ┃
┡━━━━━━━━━━━━━━━━━━━━━━━━━━━╇━━━━━━━┩
│ train/skipped_empty_batch │ 1     │
└───────────────────────────┴───────┘
tinker_cookbook.utils.ml_log:192 [INFO] Wrote metrics to logs/sweep-rollouts/llama-rlct-nr128-ctrl/metrics.jsonl
tinker_cookbook.utils.ml_log:265 [INFO] 
                         Step 57                         
┏━━━━━━━━━━━━━━━━━━━━━━━━━━━━━━━━━━━━━━━┳━━━━━━━━━━━━━━━┓
┃ Metric                                ┃ Value         ┃
┡━━━━━━━━━━━━━━━━━━━━━━━━━━━━━━━━━━━━━━━╇━━━━━━━━━━━━━━━┩
│ optim/entropy                         │ 5.634501      │
│ optim/kl_sample_train_v1              │ 0.000363      │
│ optim/kl_sample_train_v2              │ 0.000459      │
│ train/advantage_abs_mean              │ 0.484123      │
│ train/anchor_reward_mean              │ 0.000000      │
│ train/anchor_reward_std               │ 0.000517      │
│ train/avg_response_length             │ 667.308824    │
│ train/consistency_gap_1               │ 0.111726      │
│ train/consistency_reward_mean         │ -0.015449     │
│ train/consistency_reward_std          │ 0.054089      │
│ train/epoch                           │ 0             │
│ train/kl_policy_base                  │ 0.018983      │
│ train/n_anchor_rollouts               │ 120           │
│ train/n_consistency_rollouts          │ 16            │
│ train/n_ref_parsed                    │ 120           │
│ train/n_training_parsed               │ 113           │
│ train/p_hat_1                         │ 0.486726      │
│ train/p_ref                           │ 0.375000      │
│ train/p_ref_drift                     │ -0.001068     │
│ train/p_ref_init                      │ 0.376068      │
│ train/parse_rate                      │ 0.910156      │
│ train/rate_var                        │ 0.003121      │
│ train/reward_pert0_trait0_count       │ 75            │
│ train/reward_pert0_trait0_mean        │ -0.000401     │
│ train/reward_pert0_trait1_count       │ 45            │
│ train/reward_pert0_trait1_mean        │ 0.000668      │
│ train/reward_pert1_trait0_count       │ 6             │
│ train/reward_pert1_trait0_mean        │ 0.054380      │
│ train/reward_pert1_trait1_count       │ 10            │
│ train/reward_pert1_trait1_mean        │ -0.057346     │
│ train/train/clock_cycle:unique        │ 100576.000000 │
│ train/train/loss:sum                  │ 208.997971    │
│ train/train/ppo_clipped_fraction:mean │ 0.119029      │
│ train/train/ppo_kl_div:mean           │ 0.535037      │
│ train/train/ppo_mean_ratio:mean       │ 0.896657      │
└───────────────────────────────────────┴───────────────┘
tinker_cookbook.utils.ml_log:192 [INFO] Wrote metrics to logs/sweep-rollouts/llama-rlct-nr128-ctrl/metrics.jsonl
tinker_cookbook.utils.ml_log:265 [INFO] 
                         Step 58                         
┏━━━━━━━━━━━━━━━━━━━━━━━━━━━━━━━━━━━━━━━┳━━━━━━━━━━━━━━━┓
┃ Metric                                ┃ Value         ┃
┡━━━━━━━━━━━━━━━━━━━━━━━━━━━━━━━━━━━━━━━╇━━━━━━━━━━━━━━━┩
│ optim/entropy                         │ 1.883340      │
│ optim/kl_sample_train_v1              │ 0.000306      │
│ optim/kl_sample_train_v2              │ 0.000575      │
│ train/advantage_abs_mean              │ 0.391984      │
│ train/anchor_reward_mean              │ 0.000000      │
│ train/anchor_reward_std               │ 0.001463      │
│ train/avg_response_length             │ 489.661765    │
│ train/consistency_gap_1               │ -0.091667     │
│ train/consistency_reward_mean         │ 0.022535      │
│ train/consistency_reward_std          │ 0.022189      │
│ train/epoch                           │ 0             │
│ train/kl_policy_base                  │ 0.025090      │
│ train/n_anchor_rollouts               │ 120           │
│ train/n_consistency_rollouts          │ 16            │
│ train/n_ref_parsed                    │ 120           │
│ train/n_training_parsed               │ 120           │
│ train/p_hat_1                         │ 0.691667      │
│ train/p_ref                           │ 0.783333      │
│ train/p_ref_drift                     │ -0.003552     │
│ train/p_ref_init                      │ 0.786885      │
│ train/parse_rate                      │ 0.937500      │
│ train/rate_var                        │ 0.002101      │
│ train/reward_pert0_trait0_count       │ 26            │
│ train/reward_pert0_trait0_mean        │ -0.002782     │
│ train/reward_pert0_trait1_count       │ 94            │
│ train/reward_pert0_trait1_mean        │ 0.000770      │
│ train/reward_pert1_trait0_count       │ 1             │
│ train/reward_pert1_trait0_mean        │ -0.063403     │
│ train/reward_pert1_trait1_count       │ 15            │
│ train/reward_pert1_trait1_mean        │ 0.028264      │
│ train/train/clock_cycle:unique        │ 100611.000000 │
│ train/train/loss:sum                  │ 3938.843973   │
│ train/train/ppo_clipped_fraction:mean │ 0.198382      │
│ train/train/ppo_kl_div:mean           │ 0.837642      │
│ train/train/ppo_mean_ratio:mean       │ 0.835352      │
└───────────────────────────────────────┴───────────────┘
tinker_cookbook.utils.ml_log:192 [INFO] Wrote metrics to logs/sweep-rollouts/llama-rlct-nr128-ctrl/metrics.jsonl
tinker_cookbook.utils.ml_log:265 [INFO] 
               Step 59               
┏━━━━━━━━━━━━━━━━━━━━━━━━━━━┳━━━━━━━┓
┃ Metric                    ┃ Value ┃
┡━━━━━━━━━━━━━━━━━━━━━━━━━━━╇━━━━━━━┩
│ train/skipped_empty_batch │ 1     │
└───────────────────────────┴───────┘
tinker_cookbook.utils.ml_log:192 [INFO] Wrote metrics to logs/sweep-rollouts/llama-rlct-nr128-ctrl/metrics.jsonl
tinker_cookbook.utils.ml_log:265 [INFO] 
                         Step 60                         
┏━━━━━━━━━━━━━━━━━━━━━━━━━━━━━━━━━━━━━━━┳━━━━━━━━━━━━━━━┓
┃ Metric                                ┃ Value         ┃
┡━━━━━━━━━━━━━━━━━━━━━━━━━━━━━━━━━━━━━━━╇━━━━━━━━━━━━━━━┩
│ optim/entropy                         │ 2.329858      │
│ optim/kl_sample_train_v1              │ 0.000380      │
│ optim/kl_sample_train_v2              │ 0.000462      │
│ train/advantage_abs_mean              │ 0.078735      │
│ train/anchor_reward_mean              │ 0.000000      │
│ train/anchor_reward_std               │ 0.000826      │
│ train/avg_response_length             │ 404.929577    │
│ train/consistency_gap_1               │ -0.007937     │
│ train/consistency_reward_mean         │ 0.000000      │
│ train/consistency_reward_std          │ 0.000000      │
│ train/epoch                           │ 0             │
│ train/kl_policy_base                  │ 0.021331      │
│ train/n_anchor_rollouts               │ 126           │
│ train/n_consistency_rollouts          │ 16            │
│ train/n_ref_parsed                    │ 126           │
│ train/n_training_parsed               │ 119           │
│ train/p_hat_1                         │ 0.000000      │
│ train/p_ref                           │ 0.007937      │
│ train/p_ref_drift                     │ -0.009305     │
│ train/p_ref_init                      │ 0.017241      │
│ train/parse_rate                      │ 0.957031      │
│ train/rate_var                        │ 0.000016      │
│ train/reward_pert0_trait0_count       │ 125           │
│ train/reward_pert0_trait0_mean        │ -0.000074     │
│ train/reward_pert0_trait1_count       │ 1             │
│ train/reward_pert0_trait1_mean        │ 0.009231      │
│ train/reward_pert1_trait0_count       │ 16            │
│ train/reward_pert1_trait0_mean        │ 0.000000      │
│ train/train/clock_cycle:unique        │ 100653.000000 │
│ train/train/loss:sum                  │ -293.935410   │
│ train/train/ppo_clipped_fraction:mean │ 0.157213      │
│ train/train/ppo_kl_div:mean           │ 0.586069      │
│ train/train/ppo_mean_ratio:mean       │ 0.877012      │
└───────────────────────────────────────┴───────────────┘
tinker_cookbook.utils.ml_log:192 [INFO] Wrote metrics to logs/sweep-rollouts/llama-rlct-nr128-ctrl/metrics.jsonl
tinker_cookbook.utils.ml_log:265 [INFO] 
               Step 61               
┏━━━━━━━━━━━━━━━━━━━━━━━━━━━┳━━━━━━━┓
┃ Metric                    ┃ Value ┃
┡━━━━━━━━━━━━━━━━━━━━━━━━━━━╇━━━━━━━┩
│ train/skipped_empty_batch │ 1     │
└───────────────────────────┴───────┘
tinker_cookbook.utils.ml_log:192 [INFO] Wrote metrics to logs/sweep-rollouts/llama-rlct-nr128-ctrl/metrics.jsonl
tinker_cookbook.utils.ml_log:265 [INFO] 
               Step 62               
┏━━━━━━━━━━━━━━━━━━━━━━━━━━━┳━━━━━━━┓
┃ Metric                    ┃ Value ┃
┡━━━━━━━━━━━━━━━━━━━━━━━━━━━╇━━━━━━━┩
│ train/skipped_empty_batch │ 1     │
└───────────────────────────┴───────┘
tinker_cookbook.utils.ml_log:192 [INFO] Wrote metrics to logs/sweep-rollouts/llama-rlct-nr128-ctrl/metrics.jsonl
tinker_cookbook.utils.ml_log:265 [INFO] 
                         Step 63                         
┏━━━━━━━━━━━━━━━━━━━━━━━━━━━━━━━━━━━━━━━┳━━━━━━━━━━━━━━━┓
┃ Metric                                ┃ Value         ┃
┡━━━━━━━━━━━━━━━━━━━━━━━━━━━━━━━━━━━━━━━╇━━━━━━━━━━━━━━━┩
│ optim/entropy                         │ 1.231842      │
│ optim/kl_sample_train_v1              │ 0.000487      │
│ optim/kl_sample_train_v2              │ 0.000774      │
│ train/advantage_abs_mean              │ 0.449172      │
│ train/anchor_reward_mean              │ -0.000000     │
│ train/anchor_reward_std               │ 0.088089      │
│ train/avg_response_length             │ 549.846154    │
│ train/consistency_gap_1               │ 0.149606      │
│ train/consistency_reward_mean         │ -0.012369     │
│ train/consistency_reward_std          │ 0.074803      │
│ train/epoch                           │ 0             │
│ train/kl_policy_base                  │ 0.038494      │
│ train/n_anchor_rollouts               │ 127           │
│ train/n_consistency_rollouts          │ 16            │
│ train/n_ref_parsed                    │ 127           │
│ train/n_training_parsed               │ 127           │
│ train/p_hat_1                         │ 0.417323      │
│ train/p_ref                           │ 0.267717      │
│ train/p_ref_drift                     │ -0.198950     │
│ train/p_ref_init                      │ 0.466667      │
│ train/parse_rate                      │ 0.992188      │
│ train/rate_var                        │ 0.005596      │
│ train/reward_pert0_trait0_count       │ 93            │
│ train/reward_pert0_trait0_mean        │ -0.053262     │
│ train/reward_pert0_trait1_count       │ 34            │
│ train/reward_pert0_trait1_mean        │ 0.145688      │
│ train/reward_pert1_trait0_count       │ 8             │
│ train/reward_pert1_trait0_mean        │ 0.062434      │
│ train/reward_pert1_trait1_count       │ 8             │
│ train/reward_pert1_trait1_mean        │ -0.087172     │
│ train/train/clock_cycle:unique        │ 100677.000000 │
│ train/train/clock_cycle:unique_1      │ 100678.000000 │
│ train/train/loss:sum                  │ -215.143513   │
│ train/train/ppo_clipped_fraction:mean │ 0.287517      │
│ train/train/ppo_kl_div:mean           │ 0.878538      │
│ train/train/ppo_mean_ratio:mean       │ 0.776350      │
└───────────────────────────────────────┴───────────────┘
tinker_cookbook.utils.ml_log:192 [INFO] Wrote metrics to logs/sweep-rollouts/llama-rlct-nr128-ctrl/metrics.jsonl
tinker_cookbook.utils.ml_log:265 [INFO] 
               Step 64               
┏━━━━━━━━━━━━━━━━━━━━━━━━━━━┳━━━━━━━┓
┃ Metric                    ┃ Value ┃
┡━━━━━━━━━━━━━━━━━━━━━━━━━━━╇━━━━━━━┩
│ train/skipped_empty_batch │ 1     │
└───────────────────────────┴───────┘
tinker_cookbook.utils.ml_log:192 [INFO] Wrote metrics to logs/sweep-rollouts/llama-rlct-nr128-ctrl/metrics.jsonl
tinker_cookbook.utils.ml_log:265 [INFO] 
                         Step 65                         
┏━━━━━━━━━━━━━━━━━━━━━━━━━━━━━━━━━━━━━━━┳━━━━━━━━━━━━━━━┓
┃ Metric                                ┃ Value         ┃
┡━━━━━━━━━━━━━━━━━━━━━━━━━━━━━━━━━━━━━━━╇━━━━━━━━━━━━━━━┩
│ optim/entropy                         │ 1.227866      │
│ optim/kl_sample_train_v1              │ 0.000922      │
│ optim/kl_sample_train_v2              │ 0.000857      │
│ train/advantage_abs_mean              │ 0.249130      │
│ train/anchor_reward_mean              │ -0.000000     │
│ train/anchor_reward_std               │ 0.013284      │
│ train/avg_response_length             │ 451.381944    │
│ train/consistency_gap_1               │ -0.023438     │
│ train/consistency_reward_mean         │ -0.001465     │
│ train/consistency_reward_std          │ 0.000000      │
│ train/epoch                           │ 0             │
│ train/kl_policy_base                  │ 0.041809      │
│ train/n_anchor_rollouts               │ 128           │
│ train/n_consistency_rollouts          │ 16            │
│ train/n_ref_parsed                    │ 128           │
│ train/n_training_parsed               │ 128           │
│ train/p_hat_1                         │ 0.062500      │
│ train/p_ref                           │ 0.085938      │
│ train/p_ref_drift                     │ -0.047396     │
│ train/p_ref_init                      │ 0.133333      │
│ train/parse_rate                      │ 1.000000      │
│ train/rate_var                        │ 0.000137      │
│ train/reward_pert0_trait0_count       │ 117           │
│ train/reward_pert0_trait0_mean        │ -0.004073     │
│ train/reward_pert0_trait1_count       │ 11            │
│ train/reward_pert0_trait1_mean        │ 0.043323      │
│ train/reward_pert1_trait0_count       │ 16            │
│ train/reward_pert1_trait0_mean        │ -0.001465     │
│ train/train/clock_cycle:unique        │ 100707.000000 │
│ train/train/loss:sum                  │ 1114.402201   │
│ train/train/ppo_clipped_fraction:mean │ 0.324730      │
│ train/train/ppo_kl_div:mean           │ 0.911999      │
│ train/train/ppo_mean_ratio:mean       │ 0.754476      │
└───────────────────────────────────────┴───────────────┘
tinker_cookbook.utils.ml_log:192 [INFO] Wrote metrics to logs/sweep-rollouts/llama-rlct-nr128-ctrl/metrics.jsonl
tinker_cookbook.utils.ml_log:265 [INFO] 
               Step 66               
┏━━━━━━━━━━━━━━━━━━━━━━━━━━━┳━━━━━━━┓
┃ Metric                    ┃ Value ┃
┡━━━━━━━━━━━━━━━━━━━━━━━━━━━╇━━━━━━━┩
│ train/skipped_empty_batch │ 1     │
└───────────────────────────┴───────┘
tinker_cookbook.utils.ml_log:192 [INFO] Wrote metrics to logs/sweep-rollouts/llama-rlct-nr128-ctrl/metrics.jsonl
tinker_cookbook.utils.ml_log:265 [INFO] 
                         Step 67                         
┏━━━━━━━━━━━━━━━━━━━━━━━━━━━━━━━━━━━━━━━┳━━━━━━━━━━━━━━━┓
┃ Metric                                ┃ Value         ┃
┡━━━━━━━━━━━━━━━━━━━━━━━━━━━━━━━━━━━━━━━╇━━━━━━━━━━━━━━━┩
│ optim/entropy                         │ 1.998686      │
│ optim/kl_sample_train_v1              │ 0.000408      │
│ optim/kl_sample_train_v2              │ 0.000469      │
│ train/advantage_abs_mean              │ 0.412264      │
│ train/anchor_reward_mean              │ -0.000000     │
│ train/anchor_reward_std               │ 0.053559      │
│ train/avg_response_length             │ 505.574627    │
│ train/consistency_gap_1               │ -0.048643     │
│ train/consistency_reward_mean         │ -0.005981     │
│ train/consistency_reward_std          │ 0.023549      │
│ train/epoch                           │ 0             │
│ train/kl_policy_base                  │ 0.025981      │
│ train/n_anchor_rollouts               │ 118           │
│ train/n_consistency_rollouts          │ 16            │
│ train/n_ref_parsed                    │ 118           │
│ train/n_training_parsed               │ 123           │
│ train/p_hat_1                         │ 0.747967      │
│ train/p_ref                           │ 0.796610      │
│ train/p_ref_drift                     │ 0.133059      │
│ train/p_ref_init                      │ 0.663551      │
│ train/parse_rate                      │ 0.941406      │
│ train/rate_var                        │ 0.000592      │
│ train/reward_pert0_trait0_count       │ 24            │
│ train/reward_pert0_trait0_mean        │ 0.105996      │
│ train/reward_pert0_trait1_count       │ 94            │
│ train/reward_pert0_trait1_mean        │ -0.027063     │
│ train/reward_pert1_trait0_count       │ 6             │
│ train/reward_pert1_trait0_mean        │ -0.036383     │
│ train/reward_pert1_trait1_count       │ 10            │
│ train/reward_pert1_trait1_mean        │ 0.012260      │
│ train/train/clock_cycle:unique        │ 100738.000000 │
│ train/train/loss:sum                  │ -866.625732   │
│ train/train/ppo_clipped_fraction:mean │ 0.119368      │
│ train/train/ppo_kl_div:mean           │ 0.467057      │
│ train/train/ppo_mean_ratio:mean       │ 0.905351      │
└───────────────────────────────────────┴───────────────┘
tinker_cookbook.utils.ml_log:192 [INFO] Wrote metrics to logs/sweep-rollouts/llama-rlct-nr128-ctrl/metrics.jsonl
tinker_cookbook.utils.ml_log:265 [INFO] 
                         Step 68                         
┏━━━━━━━━━━━━━━━━━━━━━━━━━━━━━━━━━━━━━━━┳━━━━━━━━━━━━━━━┓
┃ Metric                                ┃ Value         ┃
┡━━━━━━━━━━━━━━━━━━━━━━━━━━━━━━━━━━━━━━━╇━━━━━━━━━━━━━━━┩
│ optim/entropy                         │ 1.408986      │
│ optim/kl_sample_train_v1              │ 0.000948      │
│ optim/kl_sample_train_v2              │ 0.000630      │
│ train/advantage_abs_mean              │ 0.134479      │
│ train/anchor_reward_mean              │ 0.000000      │
│ train/anchor_reward_std               │ 0.003546      │
│ train/avg_response_length             │ 386.097222    │
│ train/consistency_gap_1               │ -0.007812     │
│ train/consistency_reward_mean         │ -0.000122     │
│ train/consistency_reward_std          │ 0.000000      │
│ train/epoch                           │ 0             │
│ train/kl_policy_base                  │ 0.027897      │
│ train/n_anchor_rollouts               │ 128           │
│ train/n_consistency_rollouts          │ 16            │
│ train/n_ref_parsed                    │ 128           │
│ train/n_training_parsed               │ 128           │
│ train/p_hat_1                         │ 0.015625      │
│ train/p_ref                           │ 0.023438      │
│ train/p_ref_drift                     │ -0.023438     │
│ train/p_ref_init                      │ 0.046875      │
│ train/parse_rate                      │ 1.000000      │
│ train/rate_var                        │ 0.000015      │
│ train/reward_pert0_trait0_count       │ 125           │
│ train/reward_pert0_trait0_mean        │ -0.000549     │
│ train/reward_pert0_trait1_count       │ 3             │
│ train/reward_pert0_trait1_mean        │ 0.022888      │
│ train/reward_pert1_trait0_count       │ 16            │
│ train/reward_pert1_trait0_mean        │ -0.000122     │
│ train/train/clock_cycle:unique        │ 100762.000000 │
│ train/train/loss:sum                  │ 368.462906    │
│ train/train/ppo_clipped_fraction:mean │ 0.224168      │
│ train/train/ppo_kl_div:mean           │ 0.904382      │
│ train/train/ppo_mean_ratio:mean       │ 0.816780      │
└───────────────────────────────────────┴───────────────┘
tinker_cookbook.utils.ml_log:192 [INFO] Wrote metrics to logs/sweep-rollouts/llama-rlct-nr128-ctrl/metrics.jsonl
tinker_cookbook.utils.ml_log:265 [INFO] 
                         Step 69                         
┏━━━━━━━━━━━━━━━━━━━━━━━━━━━━━━━━━━━━━━━┳━━━━━━━━━━━━━━━┓
┃ Metric                                ┃ Value         ┃
┡━━━━━━━━━━━━━━━━━━━━━━━━━━━━━━━━━━━━━━━╇━━━━━━━━━━━━━━━┩
│ optim/entropy                         │ 1.898590      │
│ optim/kl_sample_train_v1              │ 0.000369      │
│ optim/kl_sample_train_v2              │ 0.000492      │
│ train/advantage_abs_mean              │ 0.111575      │
│ train/anchor_reward_mean              │ -0.000000     │
│ train/anchor_reward_std               │ 0.020013      │
│ train/avg_response_length             │ 463.671429    │
│ train/consistency_gap_1               │ 0.007493      │
│ train/consistency_reward_mean         │ 0.000177      │
│ train/consistency_reward_std          │ 0.000000      │
│ train/epoch                           │ 0             │
│ train/kl_policy_base                  │ 0.032465      │
│ train/n_anchor_rollouts               │ 124           │
│ train/n_consistency_rollouts          │ 16            │
│ train/n_ref_parsed                    │ 124           │
│ train/n_training_parsed               │ 127           │
│ train/p_hat_1                         │ 0.023622      │
│ train/p_ref                           │ 0.016129      │
│ train/p_ref_drift                     │ -0.158871     │
│ train/p_ref_init                      │ 0.175000      │
│ train/parse_rate                      │ 0.980469      │
│ train/rate_var                        │ 0.000014      │
│ train/reward_pert0_trait0_count       │ 122           │
│ train/reward_pert0_trait0_mean        │ -0.002562     │
│ train/reward_pert0_trait1_count       │ 2             │
│ train/reward_pert0_trait1_mean        │ 0.156309      │
│ train/reward_pert1_trait0_count       │ 16            │
│ train/reward_pert1_trait0_mean        │ 0.000177      │
│ train/train/clock_cycle:unique        │ 100776.000000 │
│ train/train/loss:sum                  │ 190.445251    │
│ train/train/ppo_clipped_fraction:mean │ 0.143995      │
│ train/train/ppo_kl_div:mean           │ 0.476029      │
│ train/train/ppo_mean_ratio:mean       │ 0.888305      │
└───────────────────────────────────────┴───────────────┘
tinker_cookbook.utils.ml_log:192 [INFO] Wrote metrics to logs/sweep-rollouts/llama-rlct-nr128-ctrl/metrics.jsonl
tinker_cookbook.utils.ml_log:265 [INFO] 
                         Step 70                         
┏━━━━━━━━━━━━━━━━━━━━━━━━━━━━━━━━━━━━━━━┳━━━━━━━━━━━━━━━┓
┃ Metric                                ┃ Value         ┃
┡━━━━━━━━━━━━━━━━━━━━━━━━━━━━━━━━━━━━━━━╇━━━━━━━━━━━━━━━┩
│ optim/entropy                         │ 4.501021      │
│ optim/kl_sample_train_v1              │ 0.000737      │
│ optim/kl_sample_train_v2              │ 0.000608      │
│ train/advantage_abs_mean              │ 0.436553      │
│ train/anchor_reward_mean              │ -0.000000     │
│ train/anchor_reward_std               │ 0.058525      │
│ train/avg_response_length             │ 613.323529    │
│ train/consistency_gap_1               │ -0.010262     │
│ train/consistency_reward_mean         │ 0.002756      │
│ train/consistency_reward_std          │ 0.005131      │
│ train/epoch                           │ 0             │
│ train/kl_policy_base                  │ 0.032395      │
│ train/n_anchor_rollouts               │ 120           │
│ train/n_consistency_rollouts          │ 16            │
│ train/n_ref_parsed                    │ 120           │
│ train/n_training_parsed               │ 121           │
│ train/p_hat_1                         │ 0.231405      │
│ train/p_ref                           │ 0.241667      │
│ train/p_ref_drift                     │ -0.136712     │
│ train/p_ref_init                      │ 0.378378      │
│ train/parse_rate                      │ 0.941406      │
│ train/rate_var                        │ 0.000026      │
│ train/reward_pert0_trait0_count       │ 91            │
│ train/reward_pert0_trait0_mean        │ -0.033039     │
│ train/reward_pert0_trait1_count       │ 29            │
│ train/reward_pert0_trait1_mean        │ 0.103673      │
│ train/reward_pert1_trait0_count       │ 8             │
│ train/reward_pert1_trait0_mean        │ -0.002375     │
│ train/reward_pert1_trait1_count       │ 8             │
│ train/reward_pert1_trait1_mean        │ 0.007887      │
│ train/train/clock_cycle:unique        │ 100798.000000 │
│ train/train/clock_cycle:unique_1      │ 100799.000000 │
│ train/train/loss:sum                  │ 4968.728765   │
│ train/train/ppo_clipped_fraction:mean │ 0.244623      │
│ train/train/ppo_kl_div:mean           │ 0.675640      │
│ train/train/ppo_mean_ratio:mean       │ 0.813178      │
└───────────────────────────────────────┴───────────────┘
tinker_cookbook.utils.ml_log:192 [INFO] Wrote metrics to logs/sweep-rollouts/llama-rlct-nr128-ctrl/metrics.jsonl
tinker_cookbook.utils.ml_log:265 [INFO] 
               Step 71               
┏━━━━━━━━━━━━━━━━━━━━━━━━━━━┳━━━━━━━┓
┃ Metric                    ┃ Value ┃
┡━━━━━━━━━━━━━━━━━━━━━━━━━━━╇━━━━━━━┩
│ train/skipped_empty_batch │ 1     │
└───────────────────────────┴───────┘
tinker_cookbook.utils.ml_log:192 [INFO] Wrote metrics to logs/sweep-rollouts/llama-rlct-nr128-ctrl/metrics.jsonl
tinker_cookbook.utils.ml_log:265 [INFO] 
               Step 72               
┏━━━━━━━━━━━━━━━━━━━━━━━━━━━┳━━━━━━━┓
┃ Metric                    ┃ Value ┃
┡━━━━━━━━━━━━━━━━━━━━━━━━━━━╇━━━━━━━┩
│ train/skipped_empty_batch │ 1     │
└───────────────────────────┴───────┘
tinker_cookbook.utils.ml_log:192 [INFO] Wrote metrics to logs/sweep-rollouts/llama-rlct-nr128-ctrl/metrics.jsonl
tinker_cookbook.utils.ml_log:265 [INFO] 
               Step 73               
┏━━━━━━━━━━━━━━━━━━━━━━━━━━━┳━━━━━━━┓
┃ Metric                    ┃ Value ┃
┡━━━━━━━━━━━━━━━━━━━━━━━━━━━╇━━━━━━━┩
│ train/skipped_empty_batch │ 1     │
└───────────────────────────┴───────┘
tinker._base_client:734 [WARNING] Retrying due to status code 502. text=
tinker_cookbook.utils.ml_log:192 [INFO] Wrote metrics to logs/sweep-rollouts/llama-rlct-nr128-ctrl/metrics.jsonl
tinker_cookbook.utils.ml_log:265 [INFO] 
                         Step 74                         
┏━━━━━━━━━━━━━━━━━━━━━━━━━━━━━━━━━━━━━━━┳━━━━━━━━━━━━━━━┓
┃ Metric                                ┃ Value         ┃
┡━━━━━━━━━━━━━━━━━━━━━━━━━━━━━━━━━━━━━━━╇━━━━━━━━━━━━━━━┩
│ optim/entropy                         │ 5.870127      │
│ optim/kl_sample_train_v1              │ 0.000711      │
│ optim/kl_sample_train_v2              │ 0.000506      │
│ train/advantage_abs_mean              │ 0.424118      │
│ train/anchor_reward_mean              │ 0.000000      │
│ train/anchor_reward_std               │ 0.007125      │
│ train/avg_response_length             │ 852.074074    │
│ train/consistency_gap_1               │ -0.038857     │
│ train/consistency_reward_mean         │ 0.004836      │
│ train/consistency_reward_std          │ 0.018011      │
│ train/epoch                           │ 0             │
│ train/kl_policy_base                  │ 0.035353      │
│ train/n_anchor_rollouts               │ 119           │
│ train/n_consistency_rollouts          │ 16            │
│ train/n_ref_parsed                    │ 119           │
│ train/n_training_parsed               │ 117           │
│ train/p_hat_1                         │ 0.188034      │
│ train/p_ref                           │ 0.226891      │
│ train/p_ref_drift                     │ -0.017012     │
│ train/p_ref_init                      │ 0.243902      │
│ train/parse_rate                      │ 0.921875      │
│ train/rate_var                        │ 0.000377      │
│ train/reward_pert0_trait0_count       │ 92            │
│ train/reward_pert0_trait0_mean        │ -0.003860     │
│ train/reward_pert0_trait1_count       │ 27            │
│ train/reward_pert0_trait1_mean        │ 0.013152      │
│ train/reward_pert1_trait0_count       │ 11            │
│ train/reward_pert1_trait0_mean        │ -0.007306     │
│ train/reward_pert1_trait1_count       │ 5             │
│ train/reward_pert1_trait1_mean        │ 0.031550      │
│ train/train/clock_cycle:unique        │ 100865.000000 │
│ train/train/clock_cycle:unique_1      │ 100866.000000 │
│ train/train/loss:sum                  │ 2286.495560   │
│ train/train/ppo_clipped_fraction:mean │ 0.117785      │
│ train/train/ppo_kl_div:mean           │ 0.371577      │
│ train/train/ppo_mean_ratio:mean       │ 0.908232      │
└───────────────────────────────────────┴───────────────┘
tinker_cookbook.utils.ml_log:192 [INFO] Wrote metrics to logs/sweep-rollouts/llama-rlct-nr128-ctrl/metrics.jsonl
tinker_cookbook.utils.ml_log:265 [INFO] 
                         Step 75                         
┏━━━━━━━━━━━━━━━━━━━━━━━━━━━━━━━━━━━━━━━┳━━━━━━━━━━━━━━━┓
┃ Metric                                ┃ Value         ┃
┡━━━━━━━━━━━━━━━━━━━━━━━━━━━━━━━━━━━━━━━╇━━━━━━━━━━━━━━━┩
│ optim/entropy                         │ 1.836217      │
│ optim/kl_sample_train_v1              │ 0.000665      │
│ optim/kl_sample_train_v2              │ 0.000627      │
│ train/advantage_abs_mean              │ 0.027084      │
│ train/anchor_reward_mean              │ 0.000000      │
│ train/anchor_reward_std               │ 0.000000      │
│ train/avg_response_length             │ 329.461538    │
│ train/consistency_gap_1               │ 0.007936      │
│ train/consistency_reward_mean         │ 0.000434      │
│ train/consistency_reward_std          │ 0.001921      │
│ train/epoch                           │ 0             │
│ train/kl_policy_base                  │ 0.025789      │
│ train/n_anchor_rollouts               │ 127           │
│ train/n_consistency_rollouts          │ 16            │
│ train/n_ref_parsed                    │ 127           │
│ train/n_training_parsed               │ 128           │
│ train/p_hat_1                         │ 0.992188      │
│ train/p_ref                           │ 0.984252      │
│ train/p_ref_drift                     │ 0.000000      │
│ train/p_ref_init                      │ 0.984252      │
│ train/parse_rate                      │ 0.996094      │
│ train/rate_var                        │ 0.000016      │
│ train/reward_pert0_trait0_count       │ 2             │
│ train/reward_pert0_trait0_mean        │ 0.000000      │
│ train/reward_pert0_trait1_count       │ 125           │
│ train/reward_pert0_trait1_mean        │ 0.000000      │
│ train/reward_pert1_trait0_count       │ 1             │
│ train/reward_pert1_trait0_mean        │ 0.007874      │
│ train/reward_pert1_trait1_count       │ 15            │
│ train/reward_pert1_trait1_mean        │ -0.000062     │
│ train/train/clock_cycle:unique        │ 100880.000000 │
│ train/train/loss:sum                  │ 444.013068    │
│ train/train/ppo_clipped_fraction:mean │ 0.148516      │
│ train/train/ppo_kl_div:mean           │ 0.653135      │
│ train/train/ppo_mean_ratio:mean       │ 0.872888      │
└───────────────────────────────────────┴───────────────┘
tinker_cookbook.checkpoint_utils:461 [INFO] Saved checkpoints: {'sampler_path': 'tinker://b88c4aee-d0b2-5e7a-b751-a6a46adee180:train:0/sampler_weights/sweep-rollouts_llama-rlct-nr128-ctrl_step75'}
tinker_cookbook.utils.ml_log:192 [INFO] Wrote metrics to logs/sweep-rollouts/llama-rlct-nr128-ctrl/metrics.jsonl
tinker_cookbook.utils.ml_log:265 [INFO] 
                                    Step 75                                     
┏━━━━━━━━━━━━━━━━━━━━━━┳━━━━━━━━━━━━━━━━━━━━━━━━━━━━━━━━━━━━━━━━━━━━━━━━━━━━━━━┓
┃ Metric               ┃ Value                                                 ┃
┡━━━━━━━━━━━━━━━━━━━━━━╇━━━━━━━━━━━━━━━━━━━━━━━━━━━━━━━━━━━━━━━━━━━━━━━━━━━━━━━┩
│ checkpoint           │ tinker://b88c4aee-d0b2-5e7a-b751-a6a46adee180:train:… │
└──────────────────────┴───────────────────────────────────────────────────────┘
tinker_cookbook.utils.ml_log:192 [INFO] Wrote metrics to logs/sweep-rollouts/llama-rlct-nr128-ctrl/metrics.jsonl
tinker_cookbook.utils.ml_log:265 [INFO] 
                         Step 76                         
┏━━━━━━━━━━━━━━━━━━━━━━━━━━━━━━━━━━━━━━━┳━━━━━━━━━━━━━━━┓
┃ Metric                                ┃ Value         ┃
┡━━━━━━━━━━━━━━━━━━━━━━━━━━━━━━━━━━━━━━━╇━━━━━━━━━━━━━━━┩
│ optim/entropy                         │ 5.549857      │
│ optim/kl_sample_train_v1              │ 0.000427      │
│ optim/kl_sample_train_v2              │ 0.000496      │
│ train/advantage_abs_mean              │ 0.471797      │
│ train/anchor_reward_mean              │ -0.000000     │
│ train/anchor_reward_std               │ 0.107483      │
│ train/avg_response_length             │ 916.388489    │
│ train/consistency_gap_1               │ -0.045568     │
│ train/consistency_reward_mean         │ 0.006615      │
│ train/consistency_reward_std          │ 0.019731      │
│ train/epoch                           │ 0             │
│ train/kl_policy_base                  │ 0.018012      │
│ train/n_anchor_rollouts               │ 123           │
│ train/n_consistency_rollouts          │ 16            │
│ train/n_ref_parsed                    │ 123           │
│ train/n_training_parsed               │ 124           │
│ train/p_hat_1                         │ 0.604839      │
│ train/p_ref                           │ 0.650407      │
│ train/p_ref_drift                     │ 0.225407      │
│ train/p_ref_init                      │ 0.425000      │
│ train/parse_rate                      │ 0.964844      │
│ train/rate_var                        │ 0.000519      │
│ train/reward_pert0_trait0_count       │ 43            │
│ train/reward_pert0_trait0_mean        │ 0.146606      │
│ train/reward_pert0_trait1_count       │ 80            │
│ train/reward_pert0_trait1_mean        │ -0.078801     │
│ train/reward_pert1_trait0_count       │ 4             │
│ train/reward_pert1_trait0_mean        │ -0.027561     │
│ train/reward_pert1_trait1_count       │ 12            │
│ train/reward_pert1_trait1_mean        │ 0.018007      │
│ train/train/clock_cycle:unique        │ 100919.000000 │
│ train/train/clock_cycle:unique_1      │ 100920.000000 │
│ train/train/loss:sum                  │ 11495.266586  │
│ train/train/ppo_clipped_fraction:mean │ 0.108930      │
│ train/train/ppo_kl_div:mean           │ 0.394424      │
│ train/train/ppo_mean_ratio:mean       │ 0.910391      │
└───────────────────────────────────────┴───────────────┘
tinker_cookbook.utils.ml_log:192 [INFO] Wrote metrics to logs/sweep-rollouts/llama-rlct-nr128-ctrl/metrics.jsonl
tinker_cookbook.utils.ml_log:265 [INFO] 
                         Step 77                         
┏━━━━━━━━━━━━━━━━━━━━━━━━━━━━━━━━━━━━━━━┳━━━━━━━━━━━━━━━┓
┃ Metric                                ┃ Value         ┃
┡━━━━━━━━━━━━━━━━━━━━━━━━━━━━━━━━━━━━━━━╇━━━━━━━━━━━━━━━┩
│ optim/entropy                         │ 1.737784      │
│ optim/kl_sample_train_v1              │ 0.000274      │
│ optim/kl_sample_train_v2              │ 0.000513      │
│ train/advantage_abs_mean              │ 0.300634      │
│ train/anchor_reward_mean              │ -0.000000     │
│ train/anchor_reward_std               │ 0.018427      │
│ train/avg_response_length             │ 416.100719    │
│ train/consistency_gap_1               │ 0.054439      │
│ train/consistency_reward_mean         │ 0.001470      │
│ train/consistency_reward_std          │ 0.018004      │
│ train/epoch                           │ 0             │
│ train/kl_policy_base                  │ 0.023264      │
│ train/n_anchor_rollouts               │ 123           │
│ train/n_consistency_rollouts          │ 16            │
│ train/n_ref_parsed                    │ 123           │
│ train/n_training_parsed               │ 125           │
│ train/p_hat_1                         │ 0.152000      │
│ train/p_ref                           │ 0.097561      │
│ train/p_ref_drift                     │ -0.062103     │
│ train/p_ref_init                      │ 0.159664      │
│ train/parse_rate                      │ 0.968750      │
│ train/rate_var                        │ 0.000741      │
│ train/reward_pert0_trait0_count       │ 111           │
│ train/reward_pert0_trait0_mean        │ -0.006059     │
│ train/reward_pert0_trait1_count       │ 12            │
│ train/reward_pert0_trait1_mean        │ 0.056044      │
│ train/reward_pert1_trait0_count       │ 14            │
│ train/reward_pert1_trait0_mean        │ 0.008275      │
│ train/reward_pert1_trait1_count       │ 2             │
│ train/reward_pert1_trait1_mean        │ -0.046164     │
│ train/train/clock_cycle:unique        │ 100940.000000 │
│ train/train/loss:sum                  │ -881.311718   │
│ train/train/ppo_clipped_fraction:mean │ 0.142158      │
│ train/train/ppo_kl_div:mean           │ 0.548582      │
│ train/train/ppo_mean_ratio:mean       │ 0.882712      │
└───────────────────────────────────────┴───────────────┘
tinker_cookbook.utils.ml_log:192 [INFO] Wrote metrics to logs/sweep-rollouts/llama-rlct-nr128-ctrl/metrics.jsonl
tinker_cookbook.utils.ml_log:265 [INFO] 
                         Step 78                         
┏━━━━━━━━━━━━━━━━━━━━━━━━━━━━━━━━━━━━━━━┳━━━━━━━━━━━━━━━┓
┃ Metric                                ┃ Value         ┃
┡━━━━━━━━━━━━━━━━━━━━━━━━━━━━━━━━━━━━━━━╇━━━━━━━━━━━━━━━┩
│ optim/entropy                         │ 2.500639      │
│ optim/kl_sample_train_v1              │ 0.000622      │
│ optim/kl_sample_train_v2              │ 0.000510      │
│ train/advantage_abs_mean              │ 0.256281      │
│ train/anchor_reward_mean              │ 0.000000      │
│ train/anchor_reward_std               │ 0.004010      │
│ train/avg_response_length             │ 446.748201    │
│ train/consistency_gap_1               │ -0.017422     │
│ train/consistency_reward_mean         │ 0.001348      │
│ train/consistency_reward_std          │ 0.005762      │
│ train/epoch                           │ 0             │
│ train/kl_policy_base                  │ 0.019113      │
│ train/n_anchor_rollouts               │ 123           │
│ train/n_consistency_rollouts          │ 16            │
│ train/n_ref_parsed                    │ 123           │
│ train/n_training_parsed               │ 126           │
│ train/p_hat_1                         │ 0.047619      │
│ train/p_ref                           │ 0.065041      │
│ train/p_ref_drift                     │ 0.016260      │
│ train/p_ref_init                      │ 0.048780      │
│ train/parse_rate                      │ 0.972656      │
│ train/rate_var                        │ 0.000076      │
│ train/reward_pert0_trait0_count       │ 115           │
│ train/reward_pert0_trait0_mean        │ 0.001058      │
│ train/reward_pert0_trait1_count       │ 8             │
│ train/reward_pert0_trait1_mean        │ -0.015203     │
│ train/reward_pert1_trait0_count       │ 14            │
│ train/reward_pert1_trait0_mean        │ -0.000830     │
│ train/reward_pert1_trait1_count       │ 2             │
│ train/reward_pert1_trait1_mean        │ 0.016592      │
│ train/train/clock_cycle:unique        │ 100966.000000 │
│ train/train/loss:sum                  │ 12054.103439  │
│ train/train/ppo_clipped_fraction:mean │ 0.124010      │
│ train/train/ppo_kl_div:mean           │ 0.556074      │
│ train/train/ppo_mean_ratio:mean       │ 0.896984      │
└───────────────────────────────────────┴───────────────┘
tinker_cookbook.utils.ml_log:192 [INFO] Wrote metrics to logs/sweep-rollouts/llama-rlct-nr128-ctrl/metrics.jsonl
tinker_cookbook.utils.ml_log:265 [INFO] 
                         Step 79                         
┏━━━━━━━━━━━━━━━━━━━━━━━━━━━━━━━━━━━━━━━┳━━━━━━━━━━━━━━━┓
┃ Metric                                ┃ Value         ┃
┡━━━━━━━━━━━━━━━━━━━━━━━━━━━━━━━━━━━━━━━╇━━━━━━━━━━━━━━━┩
│ optim/entropy                         │ 4.464640      │
│ optim/kl_sample_train_v1              │ 0.000914      │
│ optim/kl_sample_train_v2              │ 0.000618      │
│ train/advantage_abs_mean              │ 0.487816      │
│ train/anchor_reward_mean              │ 0.000000      │
│ train/anchor_reward_std               │ 0.046496      │
│ train/avg_response_length             │ 475.790698    │
│ train/consistency_gap_1               │ -0.007050     │
│ train/consistency_reward_mean         │ 0.001344      │
│ train/consistency_reward_std          │ 0.003053      │
│ train/epoch                           │ 0             │
│ train/kl_policy_base                  │ 0.019997      │
│ train/n_anchor_rollouts               │ 113           │
│ train/n_consistency_rollouts          │ 16            │
│ train/n_ref_parsed                    │ 113           │
│ train/n_training_parsed               │ 118           │
│ train/p_hat_1                         │ 0.559322      │
│ train/p_ref                           │ 0.566372      │
│ train/p_ref_drift                     │ -0.093822     │
│ train/p_ref_init                      │ 0.660194      │
│ train/parse_rate                      │ 0.902344      │
│ train/rate_var                        │ 0.000012      │
│ train/reward_pert0_trait0_count       │ 49            │
│ train/reward_pert0_trait0_mean        │ -0.053138     │
│ train/reward_pert0_trait1_count       │ 64            │
│ train/reward_pert0_trait1_mean        │ 0.040684      │
│ train/reward_pert1_trait0_count       │ 4             │
│ train/reward_pert1_trait0_mean        │ -0.003943     │
│ train/reward_pert1_trait1_count       │ 12            │
│ train/reward_pert1_trait1_mean        │ 0.003107      │
│ train/train/clock_cycle:unique        │ 101008.000000 │
│ train/train/loss:sum                  │ 4124.225769   │
│ train/train/ppo_clipped_fraction:mean │ 0.096333      │
│ train/train/ppo_kl_div:mean           │ 0.452206      │
│ train/train/ppo_mean_ratio:mean       │ 0.918483      │
└───────────────────────────────────────┴───────────────┘
tinker_cookbook.utils.ml_log:192 [INFO] Wrote metrics to logs/sweep-rollouts/llama-rlct-nr128-ctrl/metrics.jsonl
tinker_cookbook.utils.ml_log:265 [INFO] 
                         Step 80                         
┏━━━━━━━━━━━━━━━━━━━━━━━━━━━━━━━━━━━━━━━┳━━━━━━━━━━━━━━━┓
┃ Metric                                ┃ Value         ┃
┡━━━━━━━━━━━━━━━━━━━━━━━━━━━━━━━━━━━━━━━╇━━━━━━━━━━━━━━━┩
│ optim/entropy                         │ 2.714365      │
│ optim/kl_sample_train_v1              │ 0.000391      │
│ optim/kl_sample_train_v2              │ 0.000433      │
│ train/advantage_abs_mean              │ 0.268509      │
│ train/anchor_reward_mean              │ -0.000000     │
│ train/anchor_reward_std               │ 0.012017      │
│ train/avg_response_length             │ 525.647482    │
│ train/consistency_gap_1               │ 0.009474      │
│ train/consistency_reward_mean         │ -0.000401     │
│ train/consistency_reward_std          │ 0.003133      │
│ train/epoch                           │ 0             │
│ train/kl_policy_base                  │ 0.015681      │
│ train/n_anchor_rollouts               │ 123           │
│ train/n_consistency_rollouts          │ 16            │
│ train/n_ref_parsed                    │ 123           │
│ train/n_training_parsed               │ 121           │
│ train/p_hat_1                         │ 0.082645      │
│ train/p_ref                           │ 0.073171      │
│ train/p_ref_drift                     │ 0.046144      │
│ train/p_ref_init                      │ 0.027027      │
│ train/parse_rate                      │ 0.953125      │
│ train/rate_var                        │ 0.000022      │
│ train/reward_pert0_trait0_count       │ 114           │
│ train/reward_pert0_trait0_mean        │ 0.003376      │
│ train/reward_pert0_trait1_count       │ 9             │
│ train/reward_pert0_trait1_mean        │ -0.042767     │
│ train/reward_pert1_trait0_count       │ 14            │
│ train/reward_pert1_trait0_mean        │ 0.000783      │
│ train/reward_pert1_trait1_count       │ 2             │
│ train/reward_pert1_trait1_mean        │ -0.008691     │
│ train/train/clock_cycle:unique        │ 101026.000000 │
│ train/train/loss:sum                  │ 765.754269    │
│ train/train/ppo_clipped_fraction:mean │ 0.107704      │
│ train/train/ppo_kl_div:mean           │ 0.419999      │
│ train/train/ppo_mean_ratio:mean       │ 0.912502      │
└───────────────────────────────────────┴───────────────┘
tinker_cookbook.utils.ml_log:192 [INFO] Wrote metrics to logs/sweep-rollouts/llama-rlct-nr128-ctrl/metrics.jsonl
tinker_cookbook.utils.ml_log:265 [INFO] 
                         Step 81                         
┏━━━━━━━━━━━━━━━━━━━━━━━━━━━━━━━━━━━━━━━┳━━━━━━━━━━━━━━━┓
┃ Metric                                ┃ Value         ┃
┡━━━━━━━━━━━━━━━━━━━━━━━━━━━━━━━━━━━━━━━╇━━━━━━━━━━━━━━━┩
│ optim/entropy                         │ 1.066830      │
│ optim/kl_sample_train_v1              │ 0.000386      │
│ optim/kl_sample_train_v2              │ 0.000547      │
│ train/advantage_abs_mean              │ 0.499055      │
│ train/anchor_reward_mean              │ -0.000000     │
│ train/anchor_reward_std               │ 0.056928      │
│ train/avg_response_length             │ 485.570423    │
│ train/consistency_gap_1               │ 0.052190      │
│ train/consistency_reward_mean         │ 0.000705      │
│ train/consistency_reward_std          │ 0.025891      │
│ train/epoch                           │ 0             │
│ train/kl_policy_base                  │ 0.025826      │
│ train/n_anchor_rollouts               │ 126           │
│ train/n_consistency_rollouts          │ 16            │
│ train/n_ref_parsed                    │ 126           │
│ train/n_training_parsed               │ 125           │
│ train/p_hat_1                         │ 0.576000      │
│ train/p_ref                           │ 0.523810      │
│ train/p_ref_drift                     │ -0.113986     │
│ train/p_ref_init                      │ 0.637795      │
│ train/parse_rate                      │ 0.980469      │
│ train/rate_var                        │ 0.000681      │
│ train/reward_pert0_trait0_count       │ 60            │
│ train/reward_pert0_trait0_mean        │ -0.059707     │
│ train/reward_pert0_trait1_count       │ 66            │
│ train/reward_pert0_trait1_mean        │ 0.054279      │
│ train/reward_pert1_trait0_count       │ 7             │
│ train/reward_pert1_trait0_mean        │ 0.030062      │
│ train/reward_pert1_trait1_count       │ 9             │
│ train/reward_pert1_trait1_mean        │ -0.022129     │
│ train/train/clock_cycle:unique        │ 101045.000000 │
│ train/train/loss:sum                  │ 2495.507534   │
│ train/train/ppo_clipped_fraction:mean │ 0.133026      │
│ train/train/ppo_kl_div:mean           │ 0.552564      │
│ train/train/ppo_mean_ratio:mean       │ 0.886206      │
└───────────────────────────────────────┴───────────────┘
tinker_cookbook.utils.ml_log:192 [INFO] Wrote metrics to logs/sweep-rollouts/llama-rlct-nr128-ctrl/metrics.jsonl
tinker_cookbook.utils.ml_log:265 [INFO] 
                         Step 82                         
┏━━━━━━━━━━━━━━━━━━━━━━━━━━━━━━━━━━━━━━━┳━━━━━━━━━━━━━━━┓
┃ Metric                                ┃ Value         ┃
┡━━━━━━━━━━━━━━━━━━━━━━━━━━━━━━━━━━━━━━━╇━━━━━━━━━━━━━━━┩
│ optim/entropy                         │ 2.656096      │
│ optim/kl_sample_train_v1              │ 0.000705      │
│ optim/kl_sample_train_v2              │ 0.000549      │
│ train/advantage_abs_mean              │ 0.373119      │
│ train/anchor_reward_mean              │ 0.000000      │
│ train/anchor_reward_std               │ 0.001671      │
│ train/avg_response_length             │ 481.058394    │
│ train/consistency_gap_1               │ 0.002822      │
│ train/consistency_reward_mean         │ -0.000129     │
│ train/consistency_reward_std          │ 0.000933      │
│ train/epoch                           │ 0             │
│ train/kl_policy_base                  │ 0.020563      │
│ train/n_anchor_rollouts               │ 121           │
│ train/n_consistency_rollouts          │ 16            │
│ train/n_ref_parsed                    │ 121           │
│ train/n_training_parsed               │ 123           │
│ train/p_hat_1                         │ 0.829268      │
│ train/p_ref                           │ 0.826446      │
│ train/p_ref_drift                     │ 0.004412      │
│ train/p_ref_init                      │ 0.822034      │
│ train/parse_rate                      │ 0.953125      │
│ train/rate_var                        │ 0.000002      │
│ train/reward_pert0_trait0_count       │ 21            │
│ train/reward_pert0_trait0_mean        │ 0.003647      │
│ train/reward_pert0_trait1_count       │ 100           │
│ train/reward_pert0_trait1_mean        │ -0.000766     │
│ train/reward_pert1_trait0_count       │ 2             │
│ train/reward_pert1_trait0_mean        │ 0.002340      │
│ train/reward_pert1_trait1_count       │ 14            │
│ train/reward_pert1_trait1_mean        │ -0.000482     │
│ train/train/clock_cycle:unique        │ 101085.000000 │
│ train/train/loss:sum                  │ -9794.070099  │
│ train/train/ppo_clipped_fraction:mean │ 0.119198      │
│ train/train/ppo_kl_div:mean           │ 0.424000      │
│ train/train/ppo_mean_ratio:mean       │ 0.903810      │
└───────────────────────────────────────┴───────────────┘
tinker_cookbook.utils.ml_log:192 [INFO] Wrote metrics to logs/sweep-rollouts/llama-rlct-nr128-ctrl/metrics.jsonl
tinker_cookbook.utils.ml_log:265 [INFO] 
                         Step 83                         
┏━━━━━━━━━━━━━━━━━━━━━━━━━━━━━━━━━━━━━━━┳━━━━━━━━━━━━━━━┓
┃ Metric                                ┃ Value         ┃
┡━━━━━━━━━━━━━━━━━━━━━━━━━━━━━━━━━━━━━━━╇━━━━━━━━━━━━━━━┩
│ optim/entropy                         │ 5.890889      │
│ optim/kl_sample_train_v1              │ 0.000515      │
│ optim/kl_sample_train_v2              │ 0.000517      │
│ train/advantage_abs_mean              │ 0.321047      │
│ train/anchor_reward_mean              │ -0.000000     │
│ train/anchor_reward_std               │ 0.021287      │
│ train/avg_response_length             │ 1251.220339   │
│ train/consistency_gap_1               │ 0.032344      │
│ train/consistency_reward_mean         │ -0.001530     │
│ train/consistency_reward_std          │ 0.012624      │
│ train/epoch                           │ 0             │
│ train/kl_policy_base                  │ 0.016849      │
│ train/n_anchor_rollouts               │ 102           │
│ train/n_consistency_rollouts          │ 16            │
│ train/n_ref_parsed                    │ 102           │
│ train/n_training_parsed               │ 107           │
│ train/p_hat_1                         │ 0.140187      │
│ train/p_ref                           │ 0.107843      │
│ train/p_ref_drift                     │ -0.068627     │
│ train/p_ref_init                      │ 0.176471      │
│ train/parse_rate                      │ 0.816406      │
│ train/rate_var                        │ 0.000262      │
│ train/reward_pert0_trait0_count       │ 91            │
│ train/reward_pert0_trait0_mean        │ -0.007401     │
│ train/reward_pert0_trait1_count       │ 11            │
│ train/reward_pert0_trait1_mean        │ 0.061226      │
│ train/reward_pert1_trait0_count       │ 13            │
│ train/reward_pert1_trait0_mean        │ 0.004534      │
│ train/reward_pert1_trait1_count       │ 3             │
│ train/reward_pert1_trait1_mean        │ -0.027810     │
│ train/train/clock_cycle:unique        │ 101128.000000 │
│ train/train/clock_cycle:unique_1      │ 101129.000000 │
│ train/train/loss:sum                  │ -2311.201965  │
│ train/train/ppo_clipped_fraction:mean │ 0.064284      │
│ train/train/ppo_kl_div:mean           │ 0.238461      │
│ train/train/ppo_mean_ratio:mean       │ 0.949810      │
└───────────────────────────────────────┴───────────────┘
tinker_cookbook.utils.ml_log:192 [INFO] Wrote metrics to logs/sweep-rollouts/llama-rlct-nr128-ctrl/metrics.jsonl
tinker_cookbook.utils.ml_log:265 [INFO] 
               Step 84               
┏━━━━━━━━━━━━━━━━━━━━━━━━━━━┳━━━━━━━┓
┃ Metric                    ┃ Value ┃
┡━━━━━━━━━━━━━━━━━━━━━━━━━━━╇━━━━━━━┩
│ train/skipped_empty_batch │ 1     │
└───────────────────────────┴───────┘
tinker_cookbook.utils.ml_log:192 [INFO] Wrote metrics to logs/sweep-rollouts/llama-rlct-nr128-ctrl/metrics.jsonl
tinker_cookbook.utils.ml_log:265 [INFO] 
                         Step 85                         
┏━━━━━━━━━━━━━━━━━━━━━━━━━━━━━━━━━━━━━━━┳━━━━━━━━━━━━━━━┓
┃ Metric                                ┃ Value         ┃
┡━━━━━━━━━━━━━━━━━━━━━━━━━━━━━━━━━━━━━━━╇━━━━━━━━━━━━━━━┩
│ optim/entropy                         │ 0.899893      │
│ optim/kl_sample_train_v1              │ 0.000405      │
│ optim/kl_sample_train_v2              │ 0.000593      │
│ train/advantage_abs_mean              │ 0.295404      │
│ train/anchor_reward_mean              │ 0.000000      │
│ train/anchor_reward_std               │ 0.030679      │
│ train/avg_response_length             │ 440.430556    │
│ train/consistency_gap_1               │ -0.015625     │
│ train/consistency_reward_mean         │ -0.000366     │
│ train/consistency_reward_std          │ 0.003782      │
│ train/epoch                           │ 0             │
│ train/kl_policy_base                  │ 0.028831      │
│ train/n_anchor_rollouts               │ 128           │
│ train/n_consistency_rollouts          │ 16            │
│ train/n_ref_parsed                    │ 128           │
│ train/n_training_parsed               │ 128           │
│ train/p_hat_1                         │ 0.085938      │
│ train/p_ref                           │ 0.101562      │
│ train/p_ref_drift                     │ 0.101562      │
│ train/p_ref_init                      │ 0.000000      │
│ train/parse_rate                      │ 1.000000      │
│ train/rate_var                        │ 0.000061      │
│ train/reward_pert0_trait0_count       │ 115           │
│ train/reward_pert0_trait0_mean        │ 0.010315      │
│ train/reward_pert0_trait1_count       │ 13            │
│ train/reward_pert0_trait1_mean        │ -0.091248     │
│ train/reward_pert1_trait0_count       │ 15            │
│ train/reward_pert1_trait0_mean        │ -0.001343     │
│ train/reward_pert1_trait1_count       │ 1             │
│ train/reward_pert1_trait1_mean        │ 0.014282      │
│ train/train/clock_cycle:unique        │ 101198.000000 │
│ train/train/loss:sum                  │ 1460.347351   │
│ train/train/ppo_clipped_fraction:mean │ 0.180058      │
│ train/train/ppo_kl_div:mean           │ 0.704945      │
│ train/train/ppo_mean_ratio:mean       │ 0.848875      │
└───────────────────────────────────────┴───────────────┘
tinker_cookbook.utils.ml_log:192 [INFO] Wrote metrics to logs/sweep-rollouts/llama-rlct-nr128-ctrl/metrics.jsonl
tinker_cookbook.utils.ml_log:265 [INFO] 
                         Step 86                         
┏━━━━━━━━━━━━━━━━━━━━━━━━━━━━━━━━━━━━━━━┳━━━━━━━━━━━━━━━┓
┃ Metric                                ┃ Value         ┃
┡━━━━━━━━━━━━━━━━━━━━━━━━━━━━━━━━━━━━━━━╇━━━━━━━━━━━━━━━┩
│ optim/entropy                         │ 0.718092      │
│ optim/kl_sample_train_v1              │ 0.000493      │
│ optim/kl_sample_train_v2              │ 0.000556      │
│ train/advantage_abs_mean              │ 0.078260      │
│ train/anchor_reward_mean              │ 0.000000      │
│ train/anchor_reward_std               │ 0.000688      │
│ train/avg_response_length             │ 282.340278    │
│ train/consistency_gap_1               │ -0.007812     │
│ train/consistency_reward_mean         │ 0.000000      │
│ train/consistency_reward_std          │ 0.000000      │
│ train/epoch                           │ 0             │
│ train/kl_policy_base                  │ 0.025537      │
│ train/n_anchor_rollouts               │ 128           │
│ train/n_consistency_rollouts          │ 16            │
│ train/n_ref_parsed                    │ 128           │
│ train/n_training_parsed               │ 127           │
│ train/p_hat_1                         │ 0.000000      │
│ train/p_ref                           │ 0.007812      │
│ train/p_ref_drift                     │ 0.007812      │
│ train/p_ref_init                      │ 0.000000      │
│ train/parse_rate                      │ 0.996094      │
│ train/rate_var                        │ 0.000015      │
│ train/reward_pert0_trait0_count       │ 127           │
│ train/reward_pert0_trait0_mean        │ 0.000061      │
│ train/reward_pert0_trait1_count       │ 1             │
│ train/reward_pert0_trait1_mean        │ -0.007751     │
│ train/reward_pert1_trait0_count       │ 16            │
│ train/reward_pert1_trait0_mean        │ 0.000000      │
│ train/train/clock_cycle:unique        │ 101231.000000 │
│ train/train/loss:sum                  │ 590.188248    │
│ train/train/ppo_clipped_fraction:mean │ 0.242029      │
│ train/train/ppo_kl_div:mean           │ 0.925273      │
│ train/train/ppo_mean_ratio:mean       │ 0.807508      │
└───────────────────────────────────────┴───────────────┘
tinker_cookbook.utils.ml_log:192 [INFO] Wrote metrics to logs/sweep-rollouts/llama-rlct-nr128-ctrl/metrics.jsonl
tinker_cookbook.utils.ml_log:265 [INFO] 
               Step 87               
┏━━━━━━━━━━━━━━━━━━━━━━━━━━━┳━━━━━━━┓
┃ Metric                    ┃ Value ┃
┡━━━━━━━━━━━━━━━━━━━━━━━━━━━╇━━━━━━━┩
│ train/skipped_empty_batch │ 1     │
└───────────────────────────┴───────┘
tinker_cookbook.utils.ml_log:192 [INFO] Wrote metrics to logs/sweep-rollouts/llama-rlct-nr128-ctrl/metrics.jsonl
tinker_cookbook.utils.ml_log:265 [INFO] 
                         Step 88                         
┏━━━━━━━━━━━━━━━━━━━━━━━━━━━━━━━━━━━━━━━┳━━━━━━━━━━━━━━━┓
┃ Metric                                ┃ Value         ┃
┡━━━━━━━━━━━━━━━━━━━━━━━━━━━━━━━━━━━━━━━╇━━━━━━━━━━━━━━━┩
│ optim/entropy                         │ 4.514423      │
│ optim/kl_sample_train_v1              │ 0.000555      │
│ optim/kl_sample_train_v2              │ 0.000560      │
│ train/advantage_abs_mean              │ 0.415760      │
│ train/anchor_reward_mean              │ 0.000000      │
│ train/anchor_reward_std               │ 0.039005      │
│ train/avg_response_length             │ 822.883721    │
│ train/consistency_gap_1               │ 0.048480      │
│ train/consistency_reward_mean         │ -0.002503     │
│ train/consistency_reward_std          │ 0.022471      │
│ train/epoch                           │ 0             │
│ train/kl_policy_base                  │ 0.020992      │
│ train/n_anchor_rollouts               │ 113           │
│ train/n_consistency_rollouts          │ 16            │
│ train/n_ref_parsed                    │ 113           │
│ train/n_training_parsed               │ 115           │
│ train/p_hat_1                         │ 0.260870      │
│ train/p_ref                           │ 0.212389      │
│ train/p_ref_drift                     │ 0.095368      │
│ train/p_ref_init                      │ 0.117021      │
│ train/parse_rate                      │ 0.890625      │
│ train/rate_var                        │ 0.000588      │
│ train/reward_pert0_trait0_count       │ 89            │
│ train/reward_pert0_trait0_mean        │ 0.020255      │
│ train/reward_pert0_trait1_count       │ 24            │
│ train/reward_pert0_trait1_mean        │ -0.075113     │
│ train/reward_pert1_trait0_count       │ 11            │
│ train/reward_pert1_trait0_mean        │ 0.012647      │
│ train/reward_pert1_trait1_count       │ 5             │
│ train/reward_pert1_trait1_mean        │ -0.035833     │
│ train/train/clock_cycle:unique        │ 101313.000000 │
│ train/train/loss:sum                  │ -9972.024799  │
│ train/train/ppo_clipped_fraction:mean │ 0.091314      │
│ train/train/ppo_kl_div:mean           │ 0.320755      │
│ train/train/ppo_mean_ratio:mean       │ 0.929041      │
└───────────────────────────────────────┴───────────────┘
tinker_cookbook.utils.ml_log:192 [INFO] Wrote metrics to logs/sweep-rollouts/llama-rlct-nr128-ctrl/metrics.jsonl
tinker_cookbook.utils.ml_log:265 [INFO] 
                         Step 89                         
┏━━━━━━━━━━━━━━━━━━━━━━━━━━━━━━━━━━━━━━━┳━━━━━━━━━━━━━━━┓
┃ Metric                                ┃ Value         ┃
┡━━━━━━━━━━━━━━━━━━━━━━━━━━━━━━━━━━━━━━━╇━━━━━━━━━━━━━━━┩
│ optim/entropy                         │ 0.735641      │
│ optim/kl_sample_train_v1              │ 0.000577      │
│ optim/kl_sample_train_v2              │ 0.000585      │
│ train/advantage_abs_mean              │ 0.322714      │
│ train/anchor_reward_mean              │ 0.000000      │
│ train/anchor_reward_std               │ 0.000333      │
│ train/avg_response_length             │ 296.225352    │
│ train/consistency_gap_1               │ -0.063992     │
│ train/consistency_reward_mean         │ -0.000031     │
│ train/consistency_reward_std          │ 0.015490      │
│ train/epoch                           │ 0             │
│ train/kl_policy_base                  │ 0.054513      │
│ train/n_anchor_rollouts               │ 126           │
│ train/n_consistency_rollouts          │ 16            │
│ train/n_ref_parsed                    │ 126           │
│ train/n_training_parsed               │ 127           │
│ train/p_hat_1                         │ 0.062992      │
│ train/p_ref                           │ 0.126984      │
│ train/p_ref_drift                     │ 0.001000      │
│ train/p_ref_init                      │ 0.125984      │
│ train/parse_rate                      │ 0.988281      │
│ train/rate_var                        │ 0.001024      │
│ train/reward_pert0_trait0_count       │ 110           │
│ train/reward_pert0_trait0_mean        │ 0.000127      │
│ train/reward_pert0_trait1_count       │ 16            │
│ train/reward_pert0_trait1_mean        │ -0.000873     │
│ train/reward_pert1_trait0_count       │ 15            │
│ train/reward_pert1_trait0_mean        │ -0.004031     │
│ train/reward_pert1_trait1_count       │ 1             │
│ train/reward_pert1_trait1_mean        │ 0.059961      │
│ train/train/clock_cycle:unique        │ 101330.000000 │
│ train/train/loss:sum                  │ 871.381404    │
│ train/train/ppo_clipped_fraction:mean │ 0.369027      │
│ train/train/ppo_kl_div:mean           │ 1.494987      │
│ train/train/ppo_mean_ratio:mean       │ 0.686666      │
└───────────────────────────────────────┴───────────────┘
tinker_cookbook.utils.ml_log:192 [INFO] Wrote metrics to logs/sweep-rollouts/llama-rlct-nr128-ctrl/metrics.jsonl
tinker_cookbook.utils.ml_log:265 [INFO] 
                         Step 90                         
┏━━━━━━━━━━━━━━━━━━━━━━━━━━━━━━━━━━━━━━━┳━━━━━━━━━━━━━━━┓
┃ Metric                                ┃ Value         ┃
┡━━━━━━━━━━━━━━━━━━━━━━━━━━━━━━━━━━━━━━━╇━━━━━━━━━━━━━━━┩
│ optim/entropy                         │ 0.637670      │
│ optim/kl_sample_train_v1              │ 0.000645      │
│ optim/kl_sample_train_v2              │ 0.000547      │
│ train/advantage_abs_mean              │ 0.408956      │
│ train/anchor_reward_mean              │ -0.000000     │
│ train/anchor_reward_std               │ 0.003247      │
│ train/avg_response_length             │ 255.921986    │
│ train/consistency_gap_1               │ -0.008000     │
│ train/consistency_reward_mean         │ -0.000272     │
│ train/consistency_reward_std          │ 0.003464      │
│ train/epoch                           │ 0             │
│ train/kl_policy_base                  │ 0.043380      │
│ train/n_anchor_rollouts               │ 125           │
│ train/n_consistency_rollouts          │ 16            │
│ train/n_ref_parsed                    │ 125           │
│ train/n_training_parsed               │ 125           │
│ train/p_hat_1                         │ 0.784000      │
│ train/p_ref                           │ 0.792000      │
│ train/p_ref_drift                     │ -0.008000     │
│ train/p_ref_init                      │ 0.800000      │
│ train/parse_rate                      │ 0.976562      │
│ train/rate_var                        │ 0.000016      │
│ train/reward_pert0_trait0_count       │ 26            │
│ train/reward_pert0_trait0_mean        │ -0.006336     │
│ train/reward_pert0_trait1_count       │ 99            │
│ train/reward_pert0_trait1_mean        │ 0.001664      │
│ train/reward_pert1_trait0_count       │ 4             │
│ train/reward_pert1_trait0_mean        │ -0.006272     │
│ train/reward_pert1_trait1_count       │ 12            │
│ train/reward_pert1_trait1_mean        │ 0.001728      │
│ train/train/clock_cycle:unique        │ 101345.000000 │
│ train/train/loss:sum                  │ -656.854057   │
│ train/train/ppo_clipped_fraction:mean │ 0.402315      │
│ train/train/ppo_kl_div:mean           │ 1.460315      │
│ train/train/ppo_mean_ratio:mean       │ 0.664912      │
└───────────────────────────────────────┴───────────────┘
tinker_cookbook.utils.ml_log:192 [INFO] Wrote metrics to logs/sweep-rollouts/llama-rlct-nr128-ctrl/metrics.jsonl
tinker_cookbook.utils.ml_log:265 [INFO] 
                         Step 91                         
┏━━━━━━━━━━━━━━━━━━━━━━━━━━━━━━━━━━━━━━━┳━━━━━━━━━━━━━━━┓
┃ Metric                                ┃ Value         ┃
┡━━━━━━━━━━━━━━━━━━━━━━━━━━━━━━━━━━━━━━━╇━━━━━━━━━━━━━━━┩
│ optim/entropy                         │ 0.246315      │
│ optim/kl_sample_train_v1              │ 0.000228      │
│ optim/kl_sample_train_v2              │ 0.000229      │
│ train/advantage_abs_mean              │ 0.078735      │
│ train/anchor_reward_mean              │ -0.000000     │
│ train/anchor_reward_std               │ 0.000704      │
│ train/avg_response_length             │ 171.619718    │
│ train/consistency_gap_1               │ -0.007937     │
│ train/consistency_reward_mean         │ 0.000000      │
│ train/consistency_reward_std          │ 0.000000      │
│ train/epoch                           │ 0             │
│ train/kl_policy_base                  │ 0.015424      │
│ train/n_anchor_rollouts               │ 126           │
│ train/n_consistency_rollouts          │ 16            │
│ train/n_ref_parsed                    │ 126           │
│ train/n_training_parsed               │ 124           │
│ train/p_hat_1                         │ 0.000000      │
│ train/p_ref                           │ 0.007937      │
│ train/p_ref_drift                     │ 0.007937      │
│ train/p_ref_init                      │ 0.000000      │
│ train/parse_rate                      │ 0.976562      │
│ train/rate_var                        │ 0.000016      │
│ train/reward_pert0_trait0_count       │ 125           │
│ train/reward_pert0_trait0_mean        │ 0.000063      │
│ train/reward_pert0_trait1_count       │ 1             │
│ train/reward_pert0_trait1_mean        │ -0.007874     │
│ train/reward_pert1_trait0_count       │ 16            │
│ train/reward_pert1_trait0_mean        │ 0.000000      │
│ train/train/clock_cycle:unique        │ 101361.000000 │
│ train/train/loss:sum                  │ 56.539692     │
│ train/train/ppo_clipped_fraction:mean │ 0.229257      │
│ train/train/ppo_kl_div:mean           │ 0.914010      │
│ train/train/ppo_mean_ratio:mean       │ 0.809331      │
└───────────────────────────────────────┴───────────────┘
tinker_cookbook.utils.ml_log:192 [INFO] Wrote metrics to logs/sweep-rollouts/llama-rlct-nr128-ctrl/metrics.jsonl
tinker_cookbook.utils.ml_log:265 [INFO] 
               Step 92               
┏━━━━━━━━━━━━━━━━━━━━━━━━━━━┳━━━━━━━┓
┃ Metric                    ┃ Value ┃
┡━━━━━━━━━━━━━━━━━━━━━━━━━━━╇━━━━━━━┩
│ train/skipped_empty_batch │ 1     │
└───────────────────────────┴───────┘
tinker_cookbook.utils.ml_log:192 [INFO] Wrote metrics to logs/sweep-rollouts/llama-rlct-nr128-ctrl/metrics.jsonl
tinker_cookbook.utils.ml_log:265 [INFO] 
               Step 93               
┏━━━━━━━━━━━━━━━━━━━━━━━━━━━┳━━━━━━━┓
┃ Metric                    ┃ Value ┃
┡━━━━━━━━━━━━━━━━━━━━━━━━━━━╇━━━━━━━┩
│ train/skipped_empty_batch │ 1     │
└───────────────────────────┴───────┘
tinker_cookbook.utils.ml_log:192 [INFO] Wrote metrics to logs/sweep-rollouts/llama-rlct-nr128-ctrl/metrics.jsonl
tinker_cookbook.utils.ml_log:265 [INFO] 
                         Step 94                         
┏━━━━━━━━━━━━━━━━━━━━━━━━━━━━━━━━━━━━━━━┳━━━━━━━━━━━━━━━┓
┃ Metric                                ┃ Value         ┃
┡━━━━━━━━━━━━━━━━━━━━━━━━━━━━━━━━━━━━━━━╇━━━━━━━━━━━━━━━┩
│ optim/entropy                         │ 3.573870      │
│ optim/kl_sample_train_v1              │ 0.000357      │
│ optim/kl_sample_train_v2              │ 0.000443      │
│ train/advantage_abs_mean              │ 0.435276      │
│ train/anchor_reward_mean              │ -0.000000     │
│ train/anchor_reward_std               │ 0.078313      │
│ train/avg_response_length             │ 592.222222    │
│ train/consistency_gap_1               │ -0.032323     │
│ train/consistency_reward_mean         │ 0.000898      │
│ train/consistency_reward_std          │ 0.013996      │
│ train/epoch                           │ 0             │
│ train/kl_policy_base                  │ 0.015782      │
│ train/n_anchor_rollouts               │ 110           │
│ train/n_consistency_rollouts          │ 16            │
│ train/n_ref_parsed                    │ 110           │
│ train/n_training_parsed               │ 99            │
│ train/p_hat_1                         │ 0.222222      │
│ train/p_ref                           │ 0.254545      │
│ train/p_ref_drift                     │ 0.179779      │
│ train/p_ref_init                      │ 0.074766      │
│ train/parse_rate                      │ 0.816406      │
│ train/rate_var                        │ 0.000261      │
│ train/reward_pert0_trait0_count       │ 82            │
│ train/reward_pert0_trait0_mean        │ 0.045762      │
│ train/reward_pert0_trait1_count       │ 28            │
│ train/reward_pert0_trait1_mean        │ -0.134017     │
│ train/reward_pert1_trait0_count       │ 12            │
│ train/reward_pert1_trait0_mean        │ -0.007183     │
│ train/reward_pert1_trait1_count       │ 4             │
│ train/reward_pert1_trait1_mean        │ 0.025140      │
│ train/train/clock_cycle:unique        │ 101436.000000 │
│ train/train/loss:sum                  │ 11152.043922  │
│ train/train/ppo_clipped_fraction:mean │ 0.112643      │
│ train/train/ppo_kl_div:mean           │ 0.410208      │
│ train/train/ppo_mean_ratio:mean       │ 0.909810      │
└───────────────────────────────────────┴───────────────┘
tinker_cookbook.utils.ml_log:192 [INFO] Wrote metrics to logs/sweep-rollouts/llama-rlct-nr128-ctrl/metrics.jsonl
tinker_cookbook.utils.ml_log:265 [INFO] 
                         Step 95                         
┏━━━━━━━━━━━━━━━━━━━━━━━━━━━━━━━━━━━━━━━┳━━━━━━━━━━━━━━━┓
┃ Metric                                ┃ Value         ┃
┡━━━━━━━━━━━━━━━━━━━━━━━━━━━━━━━━━━━━━━━╇━━━━━━━━━━━━━━━┩
│ optim/entropy                         │ 1.218506      │
│ optim/kl_sample_train_v1              │ 0.000420      │
│ optim/kl_sample_train_v2              │ 0.000486      │
│ train/advantage_abs_mean              │ 0.144323      │
│ train/anchor_reward_mean              │ -0.000000     │
│ train/anchor_reward_std               │ 0.006981      │
│ train/avg_response_length             │ 295.061069    │
│ train/consistency_gap_1               │ 0.007609      │
│ train/consistency_reward_mean         │ -0.000285     │
│ train/consistency_reward_std          │ 0.001842      │
│ train/epoch                           │ 0             │
│ train/kl_policy_base                  │ 0.047716      │
│ train/n_anchor_rollouts               │ 115           │
│ train/n_consistency_rollouts          │ 16            │
│ train/n_ref_parsed                    │ 115           │
│ train/n_training_parsed               │ 120           │
│ train/p_hat_1                         │ 0.025000      │
│ train/p_ref                           │ 0.017391      │
│ train/p_ref_drift                     │ -0.053405     │
│ train/p_ref_init                      │ 0.070796      │
│ train/parse_rate                      │ 0.917969      │
│ train/rate_var                        │ 0.000014      │
│ train/reward_pert0_trait0_count       │ 113           │
│ train/reward_pert0_trait0_mean        │ -0.000929     │
│ train/reward_pert0_trait1_count       │ 2             │
│ train/reward_pert0_trait1_mean        │ 0.052476      │
│ train/reward_pert1_trait0_count       │ 15            │
│ train/reward_pert1_trait0_mean        │ 0.000190      │
│ train/reward_pert1_trait1_count       │ 1             │
│ train/reward_pert1_trait1_mean        │ -0.007418     │
│ train/train/clock_cycle:unique        │ 101477.000000 │
│ train/train/loss:sum                  │ -9379.895473  │
│ train/train/ppo_clipped_fraction:mean │ 0.164545      │
│ train/train/ppo_kl_div:mean           │ 0.675256      │
│ train/train/ppo_mean_ratio:mean       │ 0.859195      │
└───────────────────────────────────────┴───────────────┘
tinker_cookbook.utils.ml_log:192 [INFO] Wrote metrics to logs/sweep-rollouts/llama-rlct-nr128-ctrl/metrics.jsonl
tinker_cookbook.utils.ml_log:265 [INFO] 
               Step 96               
┏━━━━━━━━━━━━━━━━━━━━━━━━━━━┳━━━━━━━┓
┃ Metric                    ┃ Value ┃
┡━━━━━━━━━━━━━━━━━━━━━━━━━━━╇━━━━━━━┩
│ train/skipped_empty_batch │ 1     │
└───────────────────────────┴───────┘
tinker_cookbook.utils.ml_log:192 [INFO] Wrote metrics to logs/sweep-rollouts/llama-rlct-nr128-ctrl/metrics.jsonl
tinker_cookbook.utils.ml_log:265 [INFO] 
                         Step 97                         
┏━━━━━━━━━━━━━━━━━━━━━━━━━━━━━━━━━━━━━━━┳━━━━━━━━━━━━━━━┓
┃ Metric                                ┃ Value         ┃
┡━━━━━━━━━━━━━━━━━━━━━━━━━━━━━━━━━━━━━━━╇━━━━━━━━━━━━━━━┩
│ optim/entropy                         │ 0.639325      │
│ optim/kl_sample_train_v1              │ 0.000621      │
│ optim/kl_sample_train_v2              │ 0.000564      │
│ train/advantage_abs_mean              │ 0.172217      │
│ train/anchor_reward_mean              │ -0.000000     │
│ train/anchor_reward_std               │ 0.009346      │
│ train/avg_response_length             │ 245.333333    │
│ train/consistency_gap_1               │ 0.023438      │
│ train/consistency_reward_mean         │ -0.000366     │
│ train/consistency_reward_std          │ 0.000000      │
│ train/epoch                           │ 0             │
│ train/kl_policy_base                  │ 0.038784      │
│ train/n_anchor_rollouts               │ 128           │
│ train/n_consistency_rollouts          │ 16            │
│ train/n_ref_parsed                    │ 128           │
│ train/n_training_parsed               │ 128           │
│ train/p_hat_1                         │ 0.984375      │
│ train/p_ref                           │ 0.960938      │
│ train/p_ref_drift                     │ 0.048239      │
│ train/p_ref_init                      │ 0.912698      │
│ train/parse_rate                      │ 1.000000      │
│ train/rate_var                        │ 0.000137      │
│ train/reward_pert0_trait0_count       │ 5             │
│ train/reward_pert0_trait0_mean        │ 0.046355      │
│ train/reward_pert0_trait1_count       │ 123           │
│ train/reward_pert0_trait1_mean        │ -0.001884     │
│ train/reward_pert1_trait1_count       │ 16            │
│ train/reward_pert1_trait1_mean        │ -0.000366     │
│ train/train/clock_cycle:unique        │ 101511.000000 │
│ train/train/loss:sum                  │ -907.714478   │
│ train/train/ppo_clipped_fraction:mean │ 0.217130      │
│ train/train/ppo_kl_div:mean           │ 0.952664      │
│ train/train/ppo_mean_ratio:mean       │ 0.815187      │
└───────────────────────────────────────┴───────────────┘
tinker_cookbook.utils.ml_log:192 [INFO] Wrote metrics to logs/sweep-rollouts/llama-rlct-nr128-ctrl/metrics.jsonl
tinker_cookbook.utils.ml_log:265 [INFO] 
                         Step 98                         
┏━━━━━━━━━━━━━━━━━━━━━━━━━━━━━━━━━━━━━━━┳━━━━━━━━━━━━━━━┓
┃ Metric                                ┃ Value         ┃
┡━━━━━━━━━━━━━━━━━━━━━━━━━━━━━━━━━━━━━━━╇━━━━━━━━━━━━━━━┩
│ optim/entropy                         │ 0.746479      │
│ optim/kl_sample_train_v1              │ 0.000614      │
│ optim/kl_sample_train_v2              │ 0.000581      │
│ train/advantage_abs_mean              │ 0.139239      │
│ train/anchor_reward_mean              │ -0.000000     │
│ train/anchor_reward_std               │ 0.002032      │
│ train/avg_response_length             │ 332.607143    │
│ train/consistency_gap_1               │ 0.015121      │
│ train/consistency_reward_mean         │ -0.000473     │
│ train/consistency_reward_std          │ 0.003660      │
│ train/epoch                           │ 0             │
│ train/kl_policy_base                  │ 0.047074      │
│ train/n_anchor_rollouts               │ 124           │
│ train/n_consistency_rollouts          │ 16            │
│ train/n_ref_parsed                    │ 124           │
│ train/n_training_parsed               │ 128           │
│ train/p_hat_1                         │ 0.031250      │
│ train/p_ref                           │ 0.016129      │
│ train/p_ref_drift                     │ 0.016129      │
│ train/p_ref_init                      │ 0.000000      │
│ train/parse_rate                      │ 0.984375      │
│ train/rate_var                        │ 0.000057      │
│ train/reward_pert0_trait0_count       │ 122           │
│ train/reward_pert0_trait0_mean        │ 0.000260      │
│ train/reward_pert0_trait1_count       │ 2             │
│ train/reward_pert0_trait1_mean        │ -0.015869     │
│ train/reward_pert1_trait0_count       │ 15            │
│ train/reward_pert1_trait0_mean        │ 0.000473      │
│ train/reward_pert1_trait1_count       │ 1             │
│ train/reward_pert1_trait1_mean        │ -0.014648     │
│ train/train/clock_cycle:unique        │ 101542.000000 │
│ train/train/loss:sum                  │ -39.314346    │
│ train/train/ppo_clipped_fraction:mean │ 0.159785      │
│ train/train/ppo_kl_div:mean           │ 0.733146      │
│ train/train/ppo_mean_ratio:mean       │ 0.858358      │
└───────────────────────────────────────┴───────────────┘
tinker_cookbook.utils.ml_log:192 [INFO] Wrote metrics to logs/sweep-rollouts/llama-rlct-nr128-ctrl/metrics.jsonl
tinker_cookbook.utils.ml_log:265 [INFO] 
                         Step 99                         
┏━━━━━━━━━━━━━━━━━━━━━━━━━━━━━━━━━━━━━━━┳━━━━━━━━━━━━━━━┓
┃ Metric                                ┃ Value         ┃
┡━━━━━━━━━━━━━━━━━━━━━━━━━━━━━━━━━━━━━━━╇━━━━━━━━━━━━━━━┩
│ optim/entropy                         │ 0.739817      │
│ optim/kl_sample_train_v1              │ 0.000692      │
│ optim/kl_sample_train_v2              │ 0.000565      │
│ train/advantage_abs_mean              │ 0.269912      │
│ train/anchor_reward_mean              │ -0.000000     │
│ train/anchor_reward_std               │ 0.026356      │
│ train/avg_response_length             │ 333.126761    │
│ train/consistency_gap_1               │ -0.094841     │
│ train/consistency_reward_mean         │ -0.000790     │
│ train/consistency_reward_std          │ 0.000000      │
│ train/epoch                           │ 0             │
│ train/kl_policy_base                  │ 0.038245      │
│ train/n_anchor_rollouts               │ 126           │
│ train/n_consistency_rollouts          │ 16            │
│ train/n_ref_parsed                    │ 126           │
│ train/n_training_parsed               │ 120           │
│ train/p_hat_1                         │ 0.008333      │
│ train/p_ref                           │ 0.103175      │
│ train/p_ref_drift                     │ 0.086646      │
│ train/p_ref_init                      │ 0.016529      │
│ train/parse_rate                      │ 0.960938      │
│ train/rate_var                        │ 0.002249      │
│ train/reward_pert0_trait0_count       │ 113           │
│ train/reward_pert0_trait0_mean        │ 0.008940      │
│ train/reward_pert0_trait1_count       │ 13            │
│ train/reward_pert0_trait1_mean        │ -0.077706     │
│ train/reward_pert1_trait0_count       │ 16            │
│ train/reward_pert1_trait0_mean        │ -0.000790     │
│ train/train/clock_cycle:unique        │ 101577.000000 │
│ train/train/loss:sum                  │ 245.511608    │
│ train/train/ppo_clipped_fraction:mean │ 0.174997      │
│ train/train/ppo_kl_div:mean           │ 0.708481      │
│ train/train/ppo_mean_ratio:mean       │ 0.854870      │
└───────────────────────────────────────┴───────────────┘
tinker_cookbook.utils.ml_log:192 [INFO] Wrote metrics to logs/sweep-rollouts/llama-rlct-nr128-ctrl/metrics.jsonl
tinker_cookbook.utils.ml_log:265 [INFO] 
              Step 100               
┏━━━━━━━━━━━━━━━━━━━━━━━━━━━┳━━━━━━━┓
┃ Metric                    ┃ Value ┃
┡━━━━━━━━━━━━━━━━━━━━━━━━━━━╇━━━━━━━┩
│ train/skipped_empty_batch │ 1     │
└───────────────────────────┴───────┘
tinker_cookbook.checkpoint_utils:461 [INFO] Saved checkpoints: {'sampler_path': 'tinker://b88c4aee-d0b2-5e7a-b751-a6a46adee180:train:0/sampler_weights/sweep-rollouts_llama-rlct-nr128-ctrl'}
tinker_cookbook.utils.ml_log:192 [INFO] Wrote metrics to logs/sweep-rollouts/llama-rlct-nr128-ctrl/metrics.jsonl
tinker_cookbook.utils.ml_log:265 [INFO] 
                                    Step 100                                    
┏━━━━━━━━━━━━━━━━━━━━━━┳━━━━━━━━━━━━━━━━━━━━━━━━━━━━━━━━━━━━━━━━━━━━━━━━━━━━━━━┓
┃ Metric               ┃ Value                                                 ┃
┡━━━━━━━━━━━━━━━━━━━━━━╇━━━━━━━━━━━━━━━━━━━━━━━━━━━━━━━━━━━━━━━━━━━━━━━━━━━━━━━┩
│ final_checkpoint     │ tinker://b88c4aee-d0b2-5e7a-b751-a6a46adee180:train:… │
└──────────────────────┴───────────────────────────────────────────────────────┘
tinker_cookbook.utils.ml_log:265 [INFO] 
Configuration:
  final_checkpoint: 
'tinker://b88c4aee-d0b2-5e7a-b751-a6a46adee180:train:0/sampler_weights/sweep-rol
louts_llama-rlct-nr128-ctrl'
  all_checkpoints: 
['tinker://b88c4aee-d0b2-5e7a-b751-a6a46adee180:train:0/sampler_weights/sweep-ro
llouts_llama-rlct-nr128-ctrl_step25', 'tinker:// ... r128-ctrl_step75', 
'tinker://b88c4aee-d0b2-5e7a-b751-a6a46adee180:train:0/sampler_weights/sweep-rol
louts_llama-rlct-nr128-ctrl']
