root:654 [INFO] Command line invocation: scripts/tinker_training/train_rl.py --model meta-llama/Llama-3.1-8B-Instruct --experiment-name sweep-rollouts --run-name llama-rlct-nr128 --bias-types suggested_answer --datasets mmlu --n-datapoints 100 --lora-rank 8 --kl-coef 0.05 --anchor-weight 0.5 --loss-fn ppo --n-ref-rollouts 128 --n-train-rollouts 128 --n-consistency-rollouts 16 --refresh-every 1 --checkpoint-every 25 -y
tinker_cookbook.utils.ml_log:592 [INFO] Logging to: logs/sweep-rollouts/llama-rlct-nr128
tinker_cookbook.utils.ml_log:265 [INFO] 
Configuration:
  git: {'git_sha': 'b296646255c456fc21b4109249e3c7019974d5cf', 'git_branch': 
'tinker-rl-consistency', 'git_dirty': True, 'git_dirty_fil ... y countries focus
on different types of new technology.\\n\\n(C) Medical advances are not 
important in some c\n... (truncated)'}
tinker_cookbook.utils.ml_log:265 [INFO] 
Configuration:
  n_datapoints: 100
  total_steps: 100
  n_perturbations: 2
  base_lr: 0.0002856415043086949
tinker_cookbook.utils.ml_log:192 [INFO] Wrote metrics to logs/sweep-rollouts/llama-rlct-nr128/metrics.jsonl
tinker_cookbook.utils.ml_log:265 [INFO] 
                          Step 1                          
┏━━━━━━━━━━━━━━━━━━━━━━━━━━━━━━━━━━━━━━━┳━━━━━━━━━━━━━━━━┓
┃ Metric                                ┃ Value          ┃
┡━━━━━━━━━━━━━━━━━━━━━━━━━━━━━━━━━━━━━━━╇━━━━━━━━━━━━━━━━┩
│ optim/entropy                         │ 1.676769       │
│ optim/kl_sample_train_v1              │ 0.000475       │
│ optim/kl_sample_train_v2              │ 0.000590       │
│ train/advantage_abs_mean              │ 0.050943       │
│ train/anchor_reward_mean              │ 0.000000       │
│ train/anchor_reward_std               │ 0.000000       │
│ train/avg_response_length             │ 242.485294     │
│ train/consistency_gap_1               │ 0.155510       │
│ train/consistency_reward_mean         │ 0.013816       │
│ train/consistency_reward_std          │ 0.067338       │
│ train/epoch                           │ 0              │
│ train/kl_policy_base                  │ 0.000324       │
│ train/n_anchor_rollouts               │ 120            │
│ train/n_consistency_rollouts          │ 16             │
│ train/n_ref_parsed                    │ 120            │
│ train/n_training_parsed               │ 121            │
│ train/p_hat_1                         │ 0.338843       │
│ train/p_ref                           │ 0.183333       │
│ train/p_ref_drift                     │ 0.000000       │
│ train/p_ref_init                      │ 0.183333       │
│ train/parse_rate                      │ 0.941406       │
│ train/rate_var                        │ 0.006046       │
│ train/reward_pert0_trait0_count       │ 98             │
│ train/reward_pert0_trait0_mean        │ 0.000000       │
│ train/reward_pert0_trait1_count       │ 22             │
│ train/reward_pert0_trait1_mean        │ 0.000000       │
│ train/reward_pert1_trait0_count       │ 12             │
│ train/reward_pert1_trait0_mean        │ 0.052693       │
│ train/reward_pert1_trait1_count       │ 4              │
│ train/reward_pert1_trait1_mean        │ -0.102816      │
│ train/train/clock_cycle:unique        │ 8674590.000000 │
│ train/train/loss:sum                  │ 16.044092      │
│ train/train/ppo_clipped_fraction:mean │ 0.190115       │
│ train/train/ppo_kl_div:mean           │ 0.822869       │
│ train/train/ppo_mean_ratio:mean       │ 0.839628       │
└───────────────────────────────────────┴────────────────┘
tinker_cookbook.utils.ml_log:192 [INFO] Wrote metrics to logs/sweep-rollouts/llama-rlct-nr128/metrics.jsonl
tinker_cookbook.utils.ml_log:265 [INFO] 
                          Step 2                          
┏━━━━━━━━━━━━━━━━━━━━━━━━━━━━━━━━━━━━━━━┳━━━━━━━━━━━━━━━━┓
┃ Metric                                ┃ Value          ┃
┡━━━━━━━━━━━━━━━━━━━━━━━━━━━━━━━━━━━━━━━╇━━━━━━━━━━━━━━━━┩
│ optim/entropy                         │ 5.669659       │
│ optim/kl_sample_train_v1              │ 0.000353       │
│ optim/kl_sample_train_v2              │ 0.000525       │
│ train/advantage_abs_mean              │ 0.364155       │
│ train/anchor_reward_mean              │ 0.000000       │
│ train/anchor_reward_std               │ 0.007338       │
│ train/avg_response_length             │ 988.419643     │
│ train/consistency_gap_1               │ 0.297573       │
│ train/consistency_reward_mean         │ -0.038539      │
│ train/consistency_reward_std          │ 0.147620       │
│ train/epoch                           │ 0              │
│ train/kl_policy_base                  │ 0.000904       │
│ train/n_anchor_rollouts               │ 96             │
│ train/n_consistency_rollouts          │ 16             │
│ train/n_ref_parsed                    │ 96             │
│ train/n_training_parsed               │ 97             │
│ train/p_hat_1                         │ 0.432990       │
│ train/p_ref                           │ 0.135417       │
│ train/p_ref_drift                     │ -0.021446      │
│ train/p_ref_init                      │ 0.156863       │
│ train/parse_rate                      │ 0.753906       │
│ train/rate_var                        │ 0.022137       │
│ train/reward_pert0_trait0_count       │ 83             │
│ train/reward_pert0_trait0_mean        │ -0.002904      │
│ train/reward_pert0_trait1_count       │ 13             │
│ train/reward_pert0_trait1_mean        │ 0.018542       │
│ train/reward_pert1_trait0_count       │ 7              │
│ train/reward_pert1_trait0_mean        │ 0.128846       │
│ train/reward_pert1_trait1_count       │ 9              │
│ train/reward_pert1_trait1_mean        │ -0.168727      │
│ train/train/clock_cycle:unique        │ 8674593.000000 │
│ train/train/clock_cycle:unique_1      │ 8674594.000000 │
│ train/train/loss:sum                  │ 10187.604454   │
│ train/train/ppo_clipped_fraction:mean │ 0.080800       │
│ train/train/ppo_kl_div:mean           │ 0.305630       │
│ train/train/ppo_mean_ratio:mean       │ 0.936664       │
└───────────────────────────────────────┴────────────────┘
tinker_cookbook.utils.ml_log:192 [INFO] Wrote metrics to logs/sweep-rollouts/llama-rlct-nr128/metrics.jsonl
tinker_cookbook.utils.ml_log:265 [INFO] 
                          Step 3                          
┏━━━━━━━━━━━━━━━━━━━━━━━━━━━━━━━━━━━━━━━┳━━━━━━━━━━━━━━━━┓
┃ Metric                                ┃ Value          ┃
┡━━━━━━━━━━━━━━━━━━━━━━━━━━━━━━━━━━━━━━━╇━━━━━━━━━━━━━━━━┩
│ optim/entropy                         │ 1.582106       │
│ optim/kl_sample_train_v1              │ 0.000484       │
│ optim/kl_sample_train_v2              │ 0.000658       │
│ train/advantage_abs_mean              │ 0.028065       │
│ train/anchor_reward_mean              │ 0.000000       │
│ train/anchor_reward_std               │ 0.000000       │
│ train/avg_response_length             │ 424.021739     │
│ train/consistency_gap_1               │ 0.025210       │
│ train/consistency_reward_mean         │ -0.000940      │
│ train/consistency_reward_std          │ 0.006102       │
│ train/epoch                           │ 0              │
│ train/kl_policy_base                  │ 0.003402       │
│ train/n_anchor_rollouts               │ 122            │
│ train/n_consistency_rollouts          │ 16             │
│ train/n_ref_parsed                    │ 122            │
│ train/n_training_parsed               │ 119            │
│ train/p_hat_1                         │ 0.025210       │
│ train/p_ref                           │ 0.000000       │
│ train/p_ref_drift                     │ 0.000000       │
│ train/p_ref_init                      │ 0.000000       │
│ train/parse_rate                      │ 0.941406       │
│ train/rate_var                        │ 0.000159       │
│ train/reward_pert0_trait0_count       │ 122            │
│ train/reward_pert0_trait0_mean        │ 0.000000       │
│ train/reward_pert1_trait0_count       │ 15             │
│ train/reward_pert1_trait0_mean        │ 0.000636       │
│ train/reward_pert1_trait1_count       │ 1              │
│ train/reward_pert1_trait1_mean        │ -0.024575      │
│ train/train/clock_cycle:unique        │ 8674596.000000 │
│ train/train/loss:sum                  │ -328.259735    │
│ train/train/ppo_clipped_fraction:mean │ 0.175214       │
│ train/train/ppo_kl_div:mean           │ 0.668355       │
│ train/train/ppo_mean_ratio:mean       │ 0.855273       │
└───────────────────────────────────────┴────────────────┘
tinker_cookbook.utils.ml_log:192 [INFO] Wrote metrics to logs/sweep-rollouts/llama-rlct-nr128/metrics.jsonl
tinker_cookbook.utils.ml_log:265 [INFO] 
                          Step 4                          
┏━━━━━━━━━━━━━━━━━━━━━━━━━━━━━━━━━━━━━━━┳━━━━━━━━━━━━━━━━┓
┃ Metric                                ┃ Value          ┃
┡━━━━━━━━━━━━━━━━━━━━━━━━━━━━━━━━━━━━━━━╇━━━━━━━━━━━━━━━━┩
│ optim/entropy                         │ 0.637124       │
│ optim/kl_sample_train_v1              │ 0.000448       │
│ optim/kl_sample_train_v2              │ 0.000442       │
│ train/advantage_abs_mean              │ 0.469084       │
│ train/anchor_reward_mean              │ 0.000000       │
│ train/anchor_reward_std               │ 0.001405       │
│ train/avg_response_length             │ 317.093525     │
│ train/consistency_gap_1               │ 0.148046       │
│ train/consistency_reward_mean         │ -0.003283      │
│ train/consistency_reward_std          │ 0.057784       │
│ train/epoch                           │ 0              │
│ train/kl_policy_base                  │ 0.002589       │
│ train/n_anchor_rollouts               │ 123            │
│ train/n_consistency_rollouts          │ 16             │
│ train/n_ref_parsed                    │ 123            │
│ train/n_training_parsed               │ 124            │
│ train/p_hat_1                         │ 0.790323       │
│ train/p_ref                           │ 0.642276       │
│ train/p_ref_drift                     │ 0.002932       │
│ train/p_ref_init                      │ 0.639344       │
│ train/parse_rate                      │ 0.964844       │
│ train/rate_var                        │ 0.005479       │
│ train/reward_pert0_trait0_count       │ 44             │
│ train/reward_pert0_trait0_mean        │ 0.001883       │
│ train/reward_pert0_trait1_count       │ 79             │
│ train/reward_pert0_trait1_mean        │ -0.001049      │
│ train/reward_pert1_trait0_count       │ 3              │
│ train/reward_pert1_trait0_mean        │ 0.117004       │
│ train/reward_pert1_trait1_count       │ 13             │
│ train/reward_pert1_trait1_mean        │ -0.031042      │
│ train/train/clock_cycle:unique        │ 8674600.000000 │
│ train/train/loss:sum                  │ -1400.788063   │
│ train/train/ppo_clipped_fraction:mean │ 0.180589       │
│ train/train/ppo_kl_div:mean           │ 0.768759       │
│ train/train/ppo_mean_ratio:mean       │ 0.844619       │
└───────────────────────────────────────┴────────────────┘
tinker_cookbook.utils.ml_log:192 [INFO] Wrote metrics to logs/sweep-rollouts/llama-rlct-nr128/metrics.jsonl
tinker_cookbook.utils.ml_log:265 [INFO] 
               Step 5                
┏━━━━━━━━━━━━━━━━━━━━━━━━━━━┳━━━━━━━┓
┃ Metric                    ┃ Value ┃
┡━━━━━━━━━━━━━━━━━━━━━━━━━━━╇━━━━━━━┩
│ train/skipped_empty_batch │ 1     │
└───────────────────────────┴───────┘
tinker_cookbook.utils.ml_log:192 [INFO] Wrote metrics to logs/sweep-rollouts/llama-rlct-nr128/metrics.jsonl
tinker_cookbook.utils.ml_log:265 [INFO] 
                          Step 6                          
┏━━━━━━━━━━━━━━━━━━━━━━━━━━━━━━━━━━━━━━━┳━━━━━━━━━━━━━━━━┓
┃ Metric                                ┃ Value          ┃
┡━━━━━━━━━━━━━━━━━━━━━━━━━━━━━━━━━━━━━━━╇━━━━━━━━━━━━━━━━┩
│ optim/entropy                         │ 0.892446       │
│ optim/kl_sample_train_v1              │ 0.000617       │
│ optim/kl_sample_train_v2              │ 0.000693       │
│ train/advantage_abs_mean              │ 0.271040       │
│ train/anchor_reward_mean              │ -0.000000      │
│ train/anchor_reward_std               │ 0.012437       │
│ train/avg_response_length             │ 373.176471     │
│ train/consistency_gap_1               │ 0.068927       │
│ train/consistency_reward_mean         │ -0.007886      │
│ train/consistency_reward_std          │ 0.029846       │
│ train/epoch                           │ 0              │
│ train/kl_policy_base                  │ 0.005165       │
│ train/n_anchor_rollouts               │ 120            │
│ train/n_consistency_rollouts          │ 16             │
│ train/n_ref_parsed                    │ 120            │
│ train/n_training_parsed               │ 118            │
│ train/p_hat_1                         │ 0.135593       │
│ train/p_ref                           │ 0.066667       │
│ train/p_ref_drift                     │ 0.049860       │
│ train/p_ref_init                      │ 0.016807       │
│ train/parse_rate                      │ 0.929688       │
│ train/rate_var                        │ 0.001188       │
│ train/reward_pert0_trait0_count       │ 112            │
│ train/reward_pert0_trait0_mean        │ 0.003324       │
│ train/reward_pert0_trait1_count       │ 8              │
│ train/reward_pert0_trait1_mean        │ -0.046536      │
│ train/reward_pert1_trait0_count       │ 12             │
│ train/reward_pert1_trait0_mean        │ 0.009346       │
│ train/reward_pert1_trait1_count       │ 4              │
│ train/reward_pert1_trait1_mean        │ -0.059581      │
│ train/train/clock_cycle:unique        │ 8674604.000000 │
│ train/train/loss:sum                  │ -685.503892    │
│ train/train/ppo_clipped_fraction:mean │ 0.229253       │
│ train/train/ppo_kl_div:mean           │ 0.941806       │
│ train/train/ppo_mean_ratio:mean       │ 0.812025       │
└───────────────────────────────────────┴────────────────┘
tinker_cookbook.utils.ml_log:192 [INFO] Wrote metrics to logs/sweep-rollouts/llama-rlct-nr128/metrics.jsonl
tinker_cookbook.utils.ml_log:265 [INFO] 
                          Step 7                          
┏━━━━━━━━━━━━━━━━━━━━━━━━━━━━━━━━━━━━━━━┳━━━━━━━━━━━━━━━━┓
┃ Metric                                ┃ Value          ┃
┡━━━━━━━━━━━━━━━━━━━━━━━━━━━━━━━━━━━━━━━╇━━━━━━━━━━━━━━━━┩
│ optim/entropy                         │ 0.892553       │
│ optim/kl_sample_train_v1              │ 0.000475       │
│ optim/kl_sample_train_v2              │ 0.000837       │
│ train/advantage_abs_mean              │ 0.110902       │
│ train/anchor_reward_mean              │ 0.000000       │
│ train/anchor_reward_std               │ 0.001090       │
│ train/avg_response_length             │ 357.866197     │
│ train/consistency_gap_1               │ 0.024127       │
│ train/consistency_reward_mean         │ 0.000965       │
│ train/consistency_reward_std          │ 0.000000       │
│ train/epoch                           │ 0              │
│ train/kl_policy_base                  │ 0.011400       │
│ train/n_anchor_rollouts               │ 126            │
│ train/n_consistency_rollouts          │ 16             │
│ train/n_ref_parsed                    │ 126            │
│ train/n_training_parsed               │ 125            │
│ train/p_hat_1                         │ 0.040000       │
│ train/p_ref                           │ 0.015873       │
│ train/p_ref_drift                     │ -0.008717      │
│ train/p_ref_init                      │ 0.024590       │
│ train/parse_rate                      │ 0.980469       │
│ train/rate_var                        │ 0.000146       │
│ train/reward_pert0_trait0_count       │ 124            │
│ train/reward_pert0_trait0_mean        │ -0.000138      │
│ train/reward_pert0_trait1_count       │ 2              │
│ train/reward_pert0_trait1_mean        │ 0.008579       │
│ train/reward_pert1_trait0_count       │ 16             │
│ train/reward_pert1_trait0_mean        │ 0.000965       │
│ train/train/clock_cycle:unique        │ 8674607.000000 │
│ train/train/clock_cycle:unique_1      │ 8674608.000000 │
│ train/train/loss:sum                  │ 531.333630     │
│ train/train/ppo_clipped_fraction:mean │ 0.520893       │
│ train/train/ppo_kl_div:mean           │ 1.717269       │
│ train/train/ppo_mean_ratio:mean       │ 0.581355       │
└───────────────────────────────────────┴────────────────┘
tinker_cookbook.utils.ml_log:192 [INFO] Wrote metrics to logs/sweep-rollouts/llama-rlct-nr128/metrics.jsonl
tinker_cookbook.utils.ml_log:265 [INFO] 
               Step 8                
┏━━━━━━━━━━━━━━━━━━━━━━━━━━━┳━━━━━━━┓
┃ Metric                    ┃ Value ┃
┡━━━━━━━━━━━━━━━━━━━━━━━━━━━╇━━━━━━━┩
│ train/skipped_empty_batch │ 1     │
└───────────────────────────┴───────┘
tinker_cookbook.utils.ml_log:192 [INFO] Wrote metrics to logs/sweep-rollouts/llama-rlct-nr128/metrics.jsonl
tinker_cookbook.utils.ml_log:265 [INFO] 
                          Step 9                          
┏━━━━━━━━━━━━━━━━━━━━━━━━━━━━━━━━━━━━━━━┳━━━━━━━━━━━━━━━━┓
┃ Metric                                ┃ Value          ┃
┡━━━━━━━━━━━━━━━━━━━━━━━━━━━━━━━━━━━━━━━╇━━━━━━━━━━━━━━━━┩
│ optim/entropy                         │ 1.294472       │
│ optim/kl_sample_train_v1              │ 0.000623       │
│ optim/kl_sample_train_v2              │ 0.000770       │
│ train/advantage_abs_mean              │ 0.203491       │
│ train/anchor_reward_mean              │ 0.000000       │
│ train/anchor_reward_std               │ 0.002955       │
│ train/avg_response_length             │ 399.240876     │
│ train/consistency_gap_1               │ 0.091942       │
│ train/consistency_reward_mean         │ -0.005746      │
│ train/consistency_reward_std          │ 0.035886       │
│ train/epoch                           │ 0              │
│ train/kl_policy_base                  │ 0.007391       │
│ train/n_anchor_rollouts               │ 121            │
│ train/n_consistency_rollouts          │ 16             │
│ train/n_ref_parsed                    │ 121            │
│ train/n_training_parsed               │ 120            │
│ train/p_hat_1                         │ 0.125000       │
│ train/p_ref                           │ 0.033058       │
│ train/p_ref_drift                     │ 0.016529       │
│ train/p_ref_init                      │ 0.016529       │
│ train/parse_rate                      │ 0.941406       │
│ train/rate_var                        │ 0.002113       │
│ train/reward_pert0_trait0_count       │ 117            │
│ train/reward_pert0_trait0_mean        │ 0.000546       │
│ train/reward_pert0_trait1_count       │ 4              │
│ train/reward_pert0_trait1_mean        │ -0.015983      │
│ train/reward_pert1_trait0_count       │ 13             │
│ train/reward_pert1_trait0_mean        │ 0.011493       │
│ train/reward_pert1_trait1_count       │ 3              │
│ train/reward_pert1_trait1_mean        │ -0.080449      │
│ train/train/clock_cycle:unique        │ 8674610.000000 │
│ train/train/loss:sum                  │ -519.284941    │
│ train/train/ppo_clipped_fraction:mean │ 0.157723       │
│ train/train/ppo_kl_div:mean           │ 0.638413       │
│ train/train/ppo_mean_ratio:mean       │ 0.871294       │
└───────────────────────────────────────┴────────────────┘
tinker_cookbook.utils.ml_log:192 [INFO] Wrote metrics to logs/sweep-rollouts/llama-rlct-nr128/metrics.jsonl
tinker_cookbook.utils.ml_log:265 [INFO] 
               Step 10               
┏━━━━━━━━━━━━━━━━━━━━━━━━━━━┳━━━━━━━┓
┃ Metric                    ┃ Value ┃
┡━━━━━━━━━━━━━━━━━━━━━━━━━━━╇━━━━━━━┩
│ train/skipped_empty_batch │ 1     │
└───────────────────────────┴───────┘
tinker_cookbook.utils.ml_log:192 [INFO] Wrote metrics to logs/sweep-rollouts/llama-rlct-nr128/metrics.jsonl
tinker_cookbook.utils.ml_log:265 [INFO] 
                         Step 11                          
┏━━━━━━━━━━━━━━━━━━━━━━━━━━━━━━━━━━━━━━━┳━━━━━━━━━━━━━━━━┓
┃ Metric                                ┃ Value          ┃
┡━━━━━━━━━━━━━━━━━━━━━━━━━━━━━━━━━━━━━━━╇━━━━━━━━━━━━━━━━┩
│ optim/entropy                         │ 1.699558       │
│ optim/kl_sample_train_v1              │ 0.000810       │
│ optim/kl_sample_train_v2              │ 0.000553       │
│ train/advantage_abs_mean              │ 0.405019       │
│ train/anchor_reward_mean              │ -0.000000      │
│ train/anchor_reward_std               │ 0.002093       │
│ train/avg_response_length             │ 518.555556     │
│ train/consistency_gap_1               │ 0.435487       │
│ train/consistency_reward_mean         │ -0.049137      │
│ train/consistency_reward_std          │ 0.188572       │
│ train/epoch                           │ 0              │
│ train/kl_policy_base                  │ 0.007872       │
│ train/n_anchor_rollouts               │ 119            │
│ train/n_consistency_rollouts          │ 16             │
│ train/n_ref_parsed                    │ 119            │
│ train/n_training_parsed               │ 113            │
│ train/p_hat_1                         │ 0.637168       │
│ train/p_ref                           │ 0.201681       │
│ train/p_ref_drift                     │ -0.005216      │
│ train/p_ref_init                      │ 0.206897       │
│ train/parse_rate                      │ 0.906250       │
│ train/rate_var                        │ 0.047412       │
│ train/reward_pert0_trait0_count       │ 95             │
│ train/reward_pert0_trait0_mean        │ -0.001052      │
│ train/reward_pert0_trait1_count       │ 24             │
│ train/reward_pert0_trait1_mean        │ 0.004164       │
│ train/reward_pert1_trait0_count       │ 4              │
│ train/reward_pert1_trait0_mean        │ 0.277479       │
│ train/reward_pert1_trait1_count       │ 12             │
│ train/reward_pert1_trait1_mean        │ -0.158009      │
│ train/train/clock_cycle:unique        │ 8674902.000000 │
│ train/train/loss:sum                  │ -7168.981667   │
│ train/train/ppo_clipped_fraction:mean │ 0.134503       │
│ train/train/ppo_kl_div:mean           │ 0.452534       │
│ train/train/ppo_mean_ratio:mean       │ 0.896138       │
└───────────────────────────────────────┴────────────────┘
tinker_cookbook.utils.ml_log:192 [INFO] Wrote metrics to logs/sweep-rollouts/llama-rlct-nr128/metrics.jsonl
tinker_cookbook.utils.ml_log:265 [INFO] 
                         Step 12                          
┏━━━━━━━━━━━━━━━━━━━━━━━━━━━━━━━━━━━━━━━┳━━━━━━━━━━━━━━━━┓
┃ Metric                                ┃ Value          ┃
┡━━━━━━━━━━━━━━━━━━━━━━━━━━━━━━━━━━━━━━━╇━━━━━━━━━━━━━━━━┩
│ optim/entropy                         │ 5.987957       │
│ optim/kl_sample_train_v1              │ 0.000467       │
│ optim/kl_sample_train_v2              │ 0.000580       │
│ train/advantage_abs_mean              │ 0.386401       │
│ train/anchor_reward_mean              │ -0.000000      │
│ train/anchor_reward_std               │ 0.007297       │
│ train/avg_response_length             │ 1414.453704    │
│ train/consistency_gap_1               │ 0.241451       │
│ train/consistency_reward_mean         │ 0.007121       │
│ train/consistency_reward_std          │ 0.116892       │
│ train/epoch                           │ 0              │
│ train/kl_policy_base                  │ 0.007511       │
│ train/n_anchor_rollouts               │ 92             │
│ train/n_consistency_rollouts          │ 16             │
│ train/n_ref_parsed                    │ 92             │
│ train/n_training_parsed               │ 89             │
│ train/p_hat_1                         │ 0.404494       │
│ train/p_ref                           │ 0.163043       │
│ train/p_ref_drift                     │ -0.019752      │
│ train/p_ref_init                      │ 0.182796       │
│ train/parse_rate                      │ 0.707031       │
│ train/rate_var                        │ 0.014575       │
│ train/reward_pert0_trait0_count       │ 77             │
│ train/reward_pert0_trait0_mean        │ -0.003220      │
│ train/reward_pert0_trait1_count       │ 15             │
│ train/reward_pert0_trait1_mean        │ 0.016532       │
│ train/reward_pert1_trait0_count       │ 10             │
│ train/reward_pert1_trait0_mean        │ 0.097666       │
│ train/reward_pert1_trait1_count       │ 6              │
│ train/reward_pert1_trait1_mean        │ -0.143785      │
│ train/train/clock_cycle:unique        │ 8675326.000000 │
│ train/train/clock_cycle:unique_1      │ 8675327.000000 │
│ train/train/loss:sum                  │ 3846.852112    │
│ train/train/ppo_clipped_fraction:mean │ 0.057542       │
│ train/train/ppo_kl_div:mean           │ 0.208526       │
│ train/train/ppo_mean_ratio:mean       │ 0.954504       │
└───────────────────────────────────────┴────────────────┘
tinker_cookbook.utils.ml_log:192 [INFO] Wrote metrics to logs/sweep-rollouts/llama-rlct-nr128/metrics.jsonl
tinker_cookbook.utils.ml_log:265 [INFO] 
                         Step 13                          
┏━━━━━━━━━━━━━━━━━━━━━━━━━━━━━━━━━━━━━━━┳━━━━━━━━━━━━━━━━┓
┃ Metric                                ┃ Value          ┃
┡━━━━━━━━━━━━━━━━━━━━━━━━━━━━━━━━━━━━━━━╇━━━━━━━━━━━━━━━━┩
│ optim/entropy                         │ 1.215985       │
│ optim/kl_sample_train_v1              │ 0.000547       │
│ optim/kl_sample_train_v2              │ 0.000621       │
│ train/advantage_abs_mean              │ 0.280854       │
│ train/anchor_reward_mean              │ -0.000000      │
│ train/anchor_reward_std               │ 0.009422       │
│ train/avg_response_length             │ 318.463768     │
│ train/consistency_gap_1               │ 0.068033       │
│ train/consistency_reward_mean         │ 0.001701       │
│ train/consistency_reward_std          │ 0.022500       │
│ train/epoch                           │ 0              │
│ train/kl_policy_base                  │ 0.020724       │
│ train/n_anchor_rollouts               │ 122            │
│ train/n_consistency_rollouts          │ 16             │
│ train/n_ref_parsed                    │ 122            │
│ train/n_training_parsed               │ 120            │
│ train/p_hat_1                         │ 0.150000       │
│ train/p_ref                           │ 0.081967       │
│ train/p_ref_drift                     │ 0.034348       │
│ train/p_ref_init                      │ 0.047619       │
│ train/parse_rate                      │ 0.945312       │
│ train/rate_var                        │ 0.001157       │
│ train/reward_pert0_trait0_count       │ 112            │
│ train/reward_pert0_trait0_mean        │ 0.002815       │
│ train/reward_pert0_trait1_count       │ 10             │
│ train/reward_pert0_trait1_mean        │ -0.031533      │
│ train/reward_pert1_trait0_count       │ 14             │
│ train/reward_pert1_trait0_mean        │ 0.010205       │
│ train/reward_pert1_trait1_count       │ 2              │
│ train/reward_pert1_trait1_mean        │ -0.057828      │
│ train/train/clock_cycle:unique        │ 8675451.000000 │
│ train/train/loss:sum                  │ 2376.288480    │
│ train/train/ppo_clipped_fraction:mean │ 0.239691       │
│ train/train/ppo_kl_div:mean           │ 1.007933       │
│ train/train/ppo_mean_ratio:mean       │ 0.801271       │
└───────────────────────────────────────┴────────────────┘
tinker_cookbook.utils.ml_log:192 [INFO] Wrote metrics to logs/sweep-rollouts/llama-rlct-nr128/metrics.jsonl
tinker_cookbook.utils.ml_log:265 [INFO] 
               Step 14               
┏━━━━━━━━━━━━━━━━━━━━━━━━━━━┳━━━━━━━┓
┃ Metric                    ┃ Value ┃
┡━━━━━━━━━━━━━━━━━━━━━━━━━━━╇━━━━━━━┩
│ train/skipped_empty_batch │ 1     │
└───────────────────────────┴───────┘
tinker_cookbook.utils.ml_log:192 [INFO] Wrote metrics to logs/sweep-rollouts/llama-rlct-nr128/metrics.jsonl
tinker_cookbook.utils.ml_log:265 [INFO] 
                         Step 15                          
┏━━━━━━━━━━━━━━━━━━━━━━━━━━━━━━━━━━━━━━━┳━━━━━━━━━━━━━━━━┓
┃ Metric                                ┃ Value          ┃
┡━━━━━━━━━━━━━━━━━━━━━━━━━━━━━━━━━━━━━━━╇━━━━━━━━━━━━━━━━┩
│ optim/entropy                         │ 1.111628       │
│ optim/kl_sample_train_v1              │ 0.000548       │
│ optim/kl_sample_train_v2              │ 0.000677       │
│ train/advantage_abs_mean              │ 0.412882       │
│ train/anchor_reward_mean              │ 0.000000       │
│ train/anchor_reward_std               │ 0.001891       │
│ train/avg_response_length             │ 330.626761     │
│ train/consistency_gap_1               │ 0.078286       │
│ train/consistency_reward_mean         │ 0.008925       │
│ train/consistency_reward_std          │ 0.033899       │
│ train/epoch                           │ 0              │
│ train/kl_policy_base                  │ 0.016560       │
│ train/n_anchor_rollouts               │ 126            │
│ train/n_consistency_rollouts          │ 16             │
│ train/n_ref_parsed                    │ 126            │
│ train/n_training_parsed               │ 125            │
│ train/p_hat_1                         │ 0.864000       │
│ train/p_ref                           │ 0.785714       │
│ train/p_ref_drift                     │ -0.004608      │
│ train/p_ref_init                      │ 0.790323       │
│ train/parse_rate                      │ 0.980469       │
│ train/rate_var                        │ 0.001532       │
│ train/reward_pert0_trait0_count       │ 27             │
│ train/reward_pert0_trait0_mean        │ -0.003621      │
│ train/reward_pert0_trait1_count       │ 99             │
│ train/reward_pert0_trait1_mean        │ 0.000987       │
│ train/reward_pert1_trait0_count       │ 4              │
│ train/reward_pert1_trait0_mean        │ 0.067639       │
│ train/reward_pert1_trait1_count       │ 12             │
│ train/reward_pert1_trait1_mean        │ -0.010647      │
│ train/train/clock_cycle:unique        │ 8675721.000000 │
│ train/train/loss:sum                  │ 1238.123962    │
│ train/train/ppo_clipped_fraction:mean │ 0.142887       │
│ train/train/ppo_kl_div:mean           │ 0.716376       │
│ train/train/ppo_mean_ratio:mean       │ 0.879743       │
└───────────────────────────────────────┴────────────────┘
tinker_cookbook.utils.ml_log:192 [INFO] Wrote metrics to logs/sweep-rollouts/llama-rlct-nr128/metrics.jsonl
tinker_cookbook.utils.ml_log:265 [INFO] 
               Step 16               
┏━━━━━━━━━━━━━━━━━━━━━━━━━━━┳━━━━━━━┓
┃ Metric                    ┃ Value ┃
┡━━━━━━━━━━━━━━━━━━━━━━━━━━━╇━━━━━━━┩
│ train/skipped_empty_batch │ 1     │
└───────────────────────────┴───────┘
tinker_cookbook.utils.ml_log:192 [INFO] Wrote metrics to logs/sweep-rollouts/llama-rlct-nr128/metrics.jsonl
tinker_cookbook.utils.ml_log:265 [INFO] 
                         Step 17                          
┏━━━━━━━━━━━━━━━━━━━━━━━━━━━━━━━━━━━━━━━┳━━━━━━━━━━━━━━━━┓
┃ Metric                                ┃ Value          ┃
┡━━━━━━━━━━━━━━━━━━━━━━━━━━━━━━━━━━━━━━━╇━━━━━━━━━━━━━━━━┩
│ optim/entropy                         │ 0.699197       │
│ optim/kl_sample_train_v1              │ 0.000645       │
│ optim/kl_sample_train_v2              │ 0.000592       │
│ train/advantage_abs_mean              │ 0.179973       │
│ train/anchor_reward_mean              │ -0.000000      │
│ train/anchor_reward_std               │ 0.001244       │
│ train/avg_response_length             │ 420.893617     │
│ train/consistency_gap_1               │ 0.767667       │
│ train/consistency_reward_mean         │ -0.015993      │
│ train/consistency_reward_std          │ 0.299630       │
│ train/epoch                           │ 0              │
│ train/kl_policy_base                  │ 0.015270       │
│ train/n_anchor_rollouts               │ 125            │
│ train/n_consistency_rollouts          │ 16             │
│ train/n_ref_parsed                    │ 125            │
│ train/n_training_parsed               │ 120            │
│ train/p_hat_1                         │ 0.791667       │
│ train/p_ref                           │ 0.024000       │
│ train/p_ref_drift                     │ 0.008127       │
│ train/p_ref_init                      │ 0.015873       │
│ train/parse_rate                      │ 0.957031       │
│ train/rate_var                        │ 0.147328       │
│ train/reward_pert0_trait0_count       │ 122            │
│ train/reward_pert0_trait0_mean        │ 0.000195       │
│ train/reward_pert0_trait1_count       │ 3              │
│ train/reward_pert0_trait1_mean        │ -0.007932      │
│ train/reward_pert1_trait0_count       │ 3              │
│ train/reward_pert1_trait0_mean        │ 0.607736       │
│ train/reward_pert1_trait1_count       │ 13             │
│ train/reward_pert1_trait1_mean        │ -0.159931      │
│ train/train/clock_cycle:unique        │ 8675779.000000 │
│ train/train/loss:sum                  │ 624.912032     │
│ train/train/ppo_clipped_fraction:mean │ 0.188049       │
│ train/train/ppo_kl_div:mean           │ 0.733551       │
│ train/train/ppo_mean_ratio:mean       │ 0.841977       │
└───────────────────────────────────────┴────────────────┘
tinker_cookbook.utils.ml_log:192 [INFO] Wrote metrics to logs/sweep-rollouts/llama-rlct-nr128/metrics.jsonl
tinker_cookbook.utils.ml_log:265 [INFO] 
                         Step 18                          
┏━━━━━━━━━━━━━━━━━━━━━━━━━━━━━━━━━━━━━━━┳━━━━━━━━━━━━━━━━┓
┃ Metric                                ┃ Value          ┃
┡━━━━━━━━━━━━━━━━━━━━━━━━━━━━━━━━━━━━━━━╇━━━━━━━━━━━━━━━━┩
│ optim/entropy                         │ 1.415404       │
│ optim/kl_sample_train_v1              │ 0.000567       │
│ optim/kl_sample_train_v2              │ 0.000573       │
│ train/advantage_abs_mean              │ 0.449172       │
│ train/anchor_reward_mean              │ -0.000000      │
│ train/anchor_reward_std               │ 0.095278       │
│ train/avg_response_length             │ 502.611511     │
│ train/consistency_gap_1               │ 0.143472       │
│ train/consistency_reward_mean         │ -0.003692      │
│ train/consistency_reward_std          │ 0.071173       │
│ train/epoch                           │ 0              │
│ train/kl_policy_base                  │ 0.012479       │
│ train/n_anchor_rollouts               │ 123            │
│ train/n_consistency_rollouts          │ 16             │
│ train/n_ref_parsed                    │ 123            │
│ train/n_training_parsed               │ 119            │
│ train/p_hat_1                         │ 0.411765       │
│ train/p_ref                           │ 0.268293       │
│ train/p_ref_drift                     │ -0.215041      │
│ train/p_ref_init                      │ 0.483333       │
│ train/parse_rate                      │ 0.945312       │
│ train/rate_var                        │ 0.005146       │
│ train/reward_pert0_trait0_count       │ 90             │
│ train/reward_pert0_trait0_mean        │ -0.057694      │
│ train/reward_pert0_trait1_count       │ 33             │
│ train/reward_pert0_trait1_mean        │ 0.157347       │
│ train/reward_pert1_trait0_count       │ 9              │
│ train/reward_pert1_trait0_mean        │ 0.059077       │
│ train/reward_pert1_trait1_count       │ 7              │
│ train/reward_pert1_trait1_mean        │ -0.084395      │
│ train/train/clock_cycle:unique        │ 8675782.000000 │
│ train/train/loss:sum                  │ 1521.510147    │
│ train/train/ppo_clipped_fraction:mean │ 0.175003       │
│ train/train/ppo_kl_div:mean           │ 0.641613       │
│ train/train/ppo_mean_ratio:mean       │ 0.858621       │
└───────────────────────────────────────┴────────────────┘
tinker_cookbook.utils.ml_log:192 [INFO] Wrote metrics to logs/sweep-rollouts/llama-rlct-nr128/metrics.jsonl
tinker_cookbook.utils.ml_log:265 [INFO] 
                         Step 19                          
┏━━━━━━━━━━━━━━━━━━━━━━━━━━━━━━━━━━━━━━━┳━━━━━━━━━━━━━━━━┓
┃ Metric                                ┃ Value          ┃
┡━━━━━━━━━━━━━━━━━━━━━━━━━━━━━━━━━━━━━━━╇━━━━━━━━━━━━━━━━┩
│ optim/entropy                         │ 0.802750       │
│ optim/kl_sample_train_v1              │ 0.000679       │
│ optim/kl_sample_train_v2              │ 0.000581       │
│ train/advantage_abs_mean              │ 0.416104       │
│ train/anchor_reward_mean              │ -0.000000      │
│ train/anchor_reward_std               │ 0.025905       │
│ train/avg_response_length             │ 767.040650     │
│ train/consistency_gap_1               │ 0.250703       │
│ train/consistency_reward_mean         │ -0.026622      │
│ train/consistency_reward_std          │ 0.124368       │
│ train/epoch                           │ 0              │
│ train/kl_policy_base                  │ 0.007355       │
│ train/n_anchor_rollouts               │ 107            │
│ train/n_consistency_rollouts          │ 16             │
│ train/n_ref_parsed                    │ 107            │
│ train/n_training_parsed               │ 103            │
│ train/p_hat_1                         │ 0.456311       │
│ train/p_ref                           │ 0.205607       │
│ train/p_ref_drift                     │ 0.064098       │
│ train/p_ref_init                      │ 0.141509       │
│ train/parse_rate                      │ 0.820312       │
│ train/rate_var                        │ 0.015713       │
│ train/reward_pert0_trait0_count       │ 85             │
│ train/reward_pert0_trait0_mean        │ 0.013179       │
│ train/reward_pert0_trait1_count       │ 22             │
│ train/reward_pert0_trait1_mean        │ -0.050919      │
│ train/reward_pert1_trait0_count       │ 7              │
│ train/reward_pert1_trait0_mean        │ 0.114399       │
│ train/reward_pert1_trait1_count       │ 9              │
│ train/reward_pert1_trait1_mean        │ -0.136305      │
│ train/train/clock_cycle:unique        │ 8675786.000000 │
│ train/train/loss:sum                  │ 1105.231134    │
│ train/train/ppo_clipped_fraction:mean │ 0.137477       │
│ train/train/ppo_kl_div:mean           │ 0.462136       │
│ train/train/ppo_mean_ratio:mean       │ 0.890619       │
└───────────────────────────────────────┴────────────────┘
tinker_cookbook.utils.ml_log:192 [INFO] Wrote metrics to logs/sweep-rollouts/llama-rlct-nr128/metrics.jsonl
tinker_cookbook.utils.ml_log:265 [INFO] 
                         Step 20                          
┏━━━━━━━━━━━━━━━━━━━━━━━━━━━━━━━━━━━━━━━┳━━━━━━━━━━━━━━━━┓
┃ Metric                                ┃ Value          ┃
┡━━━━━━━━━━━━━━━━━━━━━━━━━━━━━━━━━━━━━━━╇━━━━━━━━━━━━━━━━┩
│ optim/entropy                         │ 0.727469       │
│ optim/kl_sample_train_v1              │ 0.000683       │
│ optim/kl_sample_train_v2              │ 0.000639       │
│ train/advantage_abs_mean              │ 0.475784       │
│ train/anchor_reward_mean              │ -0.000000      │
│ train/anchor_reward_std               │ 0.043144       │
│ train/avg_response_length             │ 401.587413     │
│ train/consistency_gap_1               │ 0.247355       │
│ train/consistency_reward_mean         │ 0.005797       │
│ train/consistency_reward_std          │ 0.122707       │
│ train/epoch                           │ 0              │
│ train/kl_policy_base                  │ 0.024969       │
│ train/n_anchor_rollouts               │ 127            │
│ train/n_consistency_rollouts          │ 16             │
│ train/n_ref_parsed                    │ 127            │
│ train/n_training_parsed               │ 128            │
│ train/p_hat_1                         │ 0.585938       │
│ train/p_ref                           │ 0.338583       │
│ train/p_ref_drift                     │ -0.091169      │
│ train/p_ref_init                      │ 0.429752       │
│ train/parse_rate                      │ 0.996094       │
│ train/rate_var                        │ 0.015296       │
│ train/reward_pert0_trait0_count       │ 84             │
│ train/reward_pert0_trait0_mean        │ -0.030868      │
│ train/reward_pert0_trait1_count       │ 43             │
│ train/reward_pert0_trait1_mean        │ 0.060301       │
│ train/reward_pert1_trait0_count       │ 7              │
│ train/reward_pert1_trait0_mean        │ 0.144934       │
│ train/reward_pert1_trait1_count       │ 9              │
│ train/reward_pert1_trait1_mean        │ -0.102420      │
│ train/train/clock_cycle:unique        │ 8675789.000000 │
│ train/train/loss:sum                  │ 351.982559     │
│ train/train/ppo_clipped_fraction:mean │ 0.173599       │
│ train/train/ppo_kl_div:mean           │ 0.667313       │
│ train/train/ppo_mean_ratio:mean       │ 0.860290       │
└───────────────────────────────────────┴────────────────┘
tinker_cookbook.utils.ml_log:192 [INFO] Wrote metrics to logs/sweep-rollouts/llama-rlct-nr128/metrics.jsonl
tinker_cookbook.utils.ml_log:265 [INFO] 
                         Step 21                          
┏━━━━━━━━━━━━━━━━━━━━━━━━━━━━━━━━━━━━━━━┳━━━━━━━━━━━━━━━━┓
┃ Metric                                ┃ Value          ┃
┡━━━━━━━━━━━━━━━━━━━━━━━━━━━━━━━━━━━━━━━╇━━━━━━━━━━━━━━━━┩
│ optim/entropy                         │ 0.679530       │
│ optim/kl_sample_train_v1              │ 0.000695       │
│ optim/kl_sample_train_v2              │ 0.000584       │
│ train/advantage_abs_mean              │ 0.259779       │
│ train/anchor_reward_mean              │ -0.000000      │
│ train/anchor_reward_std               │ 0.194027       │
│ train/avg_response_length             │ 218.174825     │
│ train/consistency_gap_1               │ 0.078863       │
│ train/consistency_reward_mean         │ -0.001232      │
│ train/consistency_reward_std          │ 0.000000       │
│ train/epoch                           │ 0              │
│ train/kl_policy_base                  │ 0.036695       │
│ train/n_anchor_rollouts               │ 127            │
│ train/n_consistency_rollouts          │ 16             │
│ train/n_ref_parsed                    │ 127            │
│ train/n_training_parsed               │ 128            │
│ train/p_hat_1                         │ 0.984375       │
│ train/p_ref                           │ 0.905512       │
│ train/p_ref_drift                     │ 0.663324       │
│ train/p_ref_init                      │ 0.242188       │
│ train/parse_rate                      │ 0.996094       │
│ train/rate_var                        │ 0.001555       │
│ train/reward_pert0_trait0_count       │ 12             │
│ train/reward_pert0_trait0_mean        │ 0.600648       │
│ train/reward_pert0_trait1_count       │ 115            │
│ train/reward_pert0_trait1_mean        │ -0.062676      │
│ train/reward_pert1_trait1_count       │ 16             │
│ train/reward_pert1_trait1_mean        │ -0.001232      │
│ train/train/clock_cycle:unique        │ 8675792.000000 │
│ train/train/loss:sum                  │ 675.679474     │
│ train/train/ppo_clipped_fraction:mean │ 0.297278       │
│ train/train/ppo_kl_div:mean           │ 1.308514       │
│ train/train/ppo_mean_ratio:mean       │ 0.752413       │
└───────────────────────────────────────┴────────────────┘
tinker_cookbook.utils.ml_log:192 [INFO] Wrote metrics to logs/sweep-rollouts/llama-rlct-nr128/metrics.jsonl
tinker_cookbook.utils.ml_log:265 [INFO] 
                         Step 22                          
┏━━━━━━━━━━━━━━━━━━━━━━━━━━━━━━━━━━━━━━━┳━━━━━━━━━━━━━━━━┓
┃ Metric                                ┃ Value          ┃
┡━━━━━━━━━━━━━━━━━━━━━━━━━━━━━━━━━━━━━━━╇━━━━━━━━━━━━━━━━┩
│ optim/entropy                         │ 1.013435       │
│ optim/kl_sample_train_v1              │ 0.000511       │
│ optim/kl_sample_train_v2              │ 0.000600       │
│ train/advantage_abs_mean              │ 0.443482       │
│ train/anchor_reward_mean              │ -0.000000      │
│ train/anchor_reward_std               │ 0.077444       │
│ train/avg_response_length             │ 336.530303     │
│ train/consistency_gap_1               │ 0.245653       │
│ train/consistency_reward_mean         │ -0.029657      │
│ train/consistency_reward_std          │ 0.118926       │
│ train/epoch                           │ 0              │
│ train/kl_policy_base                  │ 0.017064       │
│ train/n_anchor_rollouts               │ 116            │
│ train/n_consistency_rollouts          │ 16             │
│ train/n_ref_parsed                    │ 116            │
│ train/n_training_parsed               │ 117            │
│ train/p_hat_1                         │ 0.504274       │
│ train/p_ref                           │ 0.258621       │
│ train/p_ref_drift                     │ -0.176863      │
│ train/p_ref_init                      │ 0.435484       │
│ train/parse_rate                      │ 0.910156       │
│ train/rate_var                        │ 0.015086       │
│ train/reward_pert0_trait0_count       │ 86             │
│ train/reward_pert0_trait0_mean        │ -0.045740      │
│ train/reward_pert0_trait1_count       │ 30             │
│ train/reward_pert0_trait1_mean        │ 0.131123       │
│ train/reward_pert1_trait0_count       │ 6              │
│ train/reward_pert1_trait0_mean        │ 0.123876       │
│ train/reward_pert1_trait1_count       │ 10             │
│ train/reward_pert1_trait1_mean        │ -0.121777      │
│ train/train/clock_cycle:unique        │ 8675795.000000 │
│ train/train/loss:sum                  │ -279.881916    │
│ train/train/ppo_clipped_fraction:mean │ 0.206168       │
│ train/train/ppo_kl_div:mean           │ 0.935599       │
│ train/train/ppo_mean_ratio:mean       │ 0.820266       │
└───────────────────────────────────────┴────────────────┘
tinker_cookbook.utils.ml_log:192 [INFO] Wrote metrics to logs/sweep-rollouts/llama-rlct-nr128/metrics.jsonl
tinker_cookbook.utils.ml_log:265 [INFO] 
                         Step 23                          
┏━━━━━━━━━━━━━━━━━━━━━━━━━━━━━━━━━━━━━━━┳━━━━━━━━━━━━━━━━┓
┃ Metric                                ┃ Value          ┃
┡━━━━━━━━━━━━━━━━━━━━━━━━━━━━━━━━━━━━━━━╇━━━━━━━━━━━━━━━━┩
│ optim/entropy                         │ 0.581615       │
│ optim/kl_sample_train_v1              │ 0.000371       │
│ optim/kl_sample_train_v2              │ 0.000470       │
│ train/advantage_abs_mean              │ 0.040393       │
│ train/anchor_reward_mean              │ 0.000000       │
│ train/anchor_reward_std               │ 0.000000       │
│ train/avg_response_length             │ 237.358779     │
│ train/consistency_gap_1               │ 0.076923       │
│ train/consistency_reward_mean         │ -0.003698      │
│ train/consistency_reward_std          │ 0.025440       │
│ train/epoch                           │ 0              │
│ train/kl_policy_base                  │ 0.017757       │
│ train/n_anchor_rollouts               │ 115            │
│ train/n_consistency_rollouts          │ 16             │
│ train/n_ref_parsed                    │ 115            │
│ train/n_training_parsed               │ 117            │
│ train/p_hat_1                         │ 0.076923       │
│ train/p_ref                           │ 0.000000       │
│ train/p_ref_drift                     │ 0.000000       │
│ train/p_ref_init                      │ 0.000000       │
│ train/parse_rate                      │ 0.906250       │
│ train/rate_var                        │ 0.001479       │
│ train/reward_pert0_trait0_count       │ 115            │
│ train/reward_pert0_trait0_mean        │ 0.000000       │
│ train/reward_pert1_trait0_count       │ 14             │
│ train/reward_pert1_trait0_mean        │ 0.005917       │
│ train/reward_pert1_trait1_count       │ 2              │
│ train/reward_pert1_trait1_mean        │ -0.071006      │
│ train/train/clock_cycle:unique        │ 8675798.000000 │
│ train/train/loss:sum                  │ 226.036978     │
│ train/train/ppo_clipped_fraction:mean │ 0.244694       │
│ train/train/ppo_kl_div:mean           │ 0.907766       │
│ train/train/ppo_mean_ratio:mean       │ 0.796257       │
└───────────────────────────────────────┴────────────────┘
tinker_cookbook.utils.ml_log:192 [INFO] Wrote metrics to logs/sweep-rollouts/llama-rlct-nr128/metrics.jsonl
tinker_cookbook.utils.ml_log:265 [INFO] 
               Step 24               
┏━━━━━━━━━━━━━━━━━━━━━━━━━━━┳━━━━━━━┓
┃ Metric                    ┃ Value ┃
┡━━━━━━━━━━━━━━━━━━━━━━━━━━━╇━━━━━━━┩
│ train/skipped_empty_batch │ 1     │
└───────────────────────────┴───────┘
tinker_cookbook.utils.ml_log:192 [INFO] Wrote metrics to logs/sweep-rollouts/llama-rlct-nr128/metrics.jsonl
tinker_cookbook.utils.ml_log:265 [INFO] 
                         Step 25                          
┏━━━━━━━━━━━━━━━━━━━━━━━━━━━━━━━━━━━━━━━┳━━━━━━━━━━━━━━━━┓
┃ Metric                                ┃ Value          ┃
┡━━━━━━━━━━━━━━━━━━━━━━━━━━━━━━━━━━━━━━━╇━━━━━━━━━━━━━━━━┩
│ optim/entropy                         │ 2.372386       │
│ optim/kl_sample_train_v1              │ 0.000929       │
│ optim/kl_sample_train_v2              │ 0.000594       │
│ train/advantage_abs_mean              │ 0.378564       │
│ train/anchor_reward_mean              │ -0.000000      │
│ train/anchor_reward_std               │ 0.007145       │
│ train/avg_response_length             │ 450.111111     │
│ train/consistency_gap_1               │ 0.362998       │
│ train/consistency_reward_mean         │ 0.029056       │
│ train/consistency_reward_std          │ 0.180076       │
│ train/epoch                           │ 0              │
│ train/kl_policy_base                  │ 0.015946       │
│ train/n_anchor_rollouts               │ 110            │
│ train/n_consistency_rollouts          │ 16             │
│ train/n_ref_parsed                    │ 110            │
│ train/n_training_parsed               │ 114            │
│ train/p_hat_1                         │ 0.517544       │
│ train/p_ref                           │ 0.154545       │
│ train/p_ref_drift                     │ -0.019766      │
│ train/p_ref_init                      │ 0.174312       │
│ train/parse_rate                      │ 0.875000       │
│ train/rate_var                        │ 0.032942       │
│ train/reward_pert0_trait0_count       │ 93             │
│ train/reward_pert0_trait0_mean        │ -0.003055      │
│ train/reward_pert0_trait1_count       │ 17             │
│ train/reward_pert0_trait1_mean        │ 0.016712       │
│ train/reward_pert1_trait0_count       │ 9              │
│ train/reward_pert1_trait0_mean        │ 0.187868       │
│ train/reward_pert1_trait1_count       │ 7              │
│ train/reward_pert1_trait1_mean        │ -0.175131      │
│ train/train/clock_cycle:unique        │ 8675806.000000 │
│ train/train/loss:sum                  │ -3337.724510   │
│ train/train/ppo_clipped_fraction:mean │ 0.190009       │
│ train/train/ppo_kl_div:mean           │ 0.721142       │
│ train/train/ppo_mean_ratio:mean       │ 0.843643       │
└───────────────────────────────────────┴────────────────┘
tinker_cookbook.checkpoint_utils:461 [INFO] Saved checkpoints: {'sampler_path': 'tinker://eb1ffa0a-492b-5467-8716-1cf7f56ee89f:train:0/sampler_weights/sweep-rollouts_llama-rlct-nr128_step25'}
tinker_cookbook.utils.ml_log:192 [INFO] Wrote metrics to logs/sweep-rollouts/llama-rlct-nr128/metrics.jsonl
tinker_cookbook.utils.ml_log:265 [INFO] 
                                    Step 25                                     
┏━━━━━━━━━━━━━━━━━━━━━━┳━━━━━━━━━━━━━━━━━━━━━━━━━━━━━━━━━━━━━━━━━━━━━━━━━━━━━━━┓
┃ Metric               ┃ Value                                                 ┃
┡━━━━━━━━━━━━━━━━━━━━━━╇━━━━━━━━━━━━━━━━━━━━━━━━━━━━━━━━━━━━━━━━━━━━━━━━━━━━━━━┩
│ checkpoint           │ tinker://eb1ffa0a-492b-5467-8716-1cf7f56ee89f:train:… │
└──────────────────────┴───────────────────────────────────────────────────────┘
tinker_cookbook.utils.ml_log:192 [INFO] Wrote metrics to logs/sweep-rollouts/llama-rlct-nr128/metrics.jsonl
tinker_cookbook.utils.ml_log:265 [INFO] 
                         Step 26                          
┏━━━━━━━━━━━━━━━━━━━━━━━━━━━━━━━━━━━━━━━┳━━━━━━━━━━━━━━━━┓
┃ Metric                                ┃ Value          ┃
┡━━━━━━━━━━━━━━━━━━━━━━━━━━━━━━━━━━━━━━━╇━━━━━━━━━━━━━━━━┩
│ optim/entropy                         │ 0.948706       │
│ optim/kl_sample_train_v1              │ 0.000196       │
│ optim/kl_sample_train_v2              │ 0.000629       │
│ train/advantage_abs_mean              │ 0.028270       │
│ train/anchor_reward_mean              │ 0.000000       │
│ train/anchor_reward_std               │ 0.000000       │
│ train/avg_response_length             │ 202.722628     │
│ train/consistency_gap_1               │ 0.016807       │
│ train/consistency_reward_mean         │ -0.000768      │
│ train/consistency_reward_std          │ 0.004068       │
│ train/epoch                           │ 0              │
│ train/kl_policy_base                  │ 0.050492       │
│ train/n_anchor_rollouts               │ 121            │
│ train/n_consistency_rollouts          │ 16             │
│ train/n_ref_parsed                    │ 121            │
│ train/n_training_parsed               │ 119            │
│ train/p_hat_1                         │ 0.016807       │
│ train/p_ref                           │ 0.000000       │
│ train/p_ref_drift                     │ -0.777778      │
│ train/p_ref_init                      │ 0.777778       │
│ train/parse_rate                      │ 0.937500       │
│ train/rate_var                        │ 0.000071       │
│ train/reward_pert0_trait0_count       │ 121            │
│ train/reward_pert0_trait0_mean        │ 0.000000       │
│ train/reward_pert1_trait0_count       │ 15             │
│ train/reward_pert1_trait0_mean        │ 0.000282       │
│ train/reward_pert1_trait1_count       │ 1              │
│ train/reward_pert1_trait1_mean        │ -0.016524      │
│ train/train/clock_cycle:unique        │ 8675810.000000 │
│ train/train/loss:sum                  │ -175.130638    │
│ train/train/ppo_clipped_fraction:mean │ 0.307569       │
│ train/train/ppo_kl_div:mean           │ 1.273470       │
│ train/train/ppo_mean_ratio:mean       │ 0.742173       │
└───────────────────────────────────────┴────────────────┘
tinker_cookbook.utils.ml_log:192 [INFO] Wrote metrics to logs/sweep-rollouts/llama-rlct-nr128/metrics.jsonl
tinker_cookbook.utils.ml_log:265 [INFO] 
                         Step 27                          
┏━━━━━━━━━━━━━━━━━━━━━━━━━━━━━━━━━━━━━━━┳━━━━━━━━━━━━━━━━┓
┃ Metric                                ┃ Value          ┃
┡━━━━━━━━━━━━━━━━━━━━━━━━━━━━━━━━━━━━━━━╇━━━━━━━━━━━━━━━━┩
│ optim/entropy                         │ 1.041037       │
│ optim/kl_sample_train_v1              │ 0.000234       │
│ optim/kl_sample_train_v2              │ 0.000421       │
│ train/advantage_abs_mean              │ 0.232404       │
│ train/anchor_reward_mean              │ -0.000000      │
│ train/anchor_reward_std               │ 0.001745       │
│ train/avg_response_length             │ 310.279412     │
│ train/consistency_gap_1               │ 0.076261       │
│ train/consistency_reward_mean         │ 0.011535       │
│ train/consistency_reward_std          │ 0.000000       │
│ train/epoch                           │ 0              │
│ train/kl_policy_base                  │ 0.022656       │
│ train/n_anchor_rollouts               │ 120            │
│ train/n_consistency_rollouts          │ 16             │
│ train/n_ref_parsed                    │ 120            │
│ train/n_training_parsed               │ 119            │
│ train/p_hat_1                         │ 0.151261       │
│ train/p_ref                           │ 0.075000       │
│ train/p_ref_drift                     │ 0.006624       │
│ train/p_ref_init                      │ 0.068376       │
│ train/parse_rate                      │ 0.933594       │
│ train/rate_var                        │ 0.001454       │
│ train/reward_pert0_trait0_count       │ 111            │
│ train/reward_pert0_trait0_mean        │ 0.000497       │
│ train/reward_pert0_trait1_count       │ 9              │
│ train/reward_pert0_trait1_mean        │ -0.006127      │
│ train/reward_pert1_trait0_count       │ 16             │
│ train/reward_pert1_trait0_mean        │ 0.011535       │
│ train/train/clock_cycle:unique        │ 8675813.000000 │
│ train/train/loss:sum                  │ 275.564804     │
│ train/train/ppo_clipped_fraction:mean │ 0.166201       │
│ train/train/ppo_kl_div:mean           │ 0.649450       │
│ train/train/ppo_mean_ratio:mean       │ 0.864662       │
└───────────────────────────────────────┴────────────────┘
tinker_cookbook.utils.ml_log:192 [INFO] Wrote metrics to logs/sweep-rollouts/llama-rlct-nr128/metrics.jsonl
tinker_cookbook.utils.ml_log:265 [INFO] 
                         Step 28                          
┏━━━━━━━━━━━━━━━━━━━━━━━━━━━━━━━━━━━━━━━┳━━━━━━━━━━━━━━━━┓
┃ Metric                                ┃ Value          ┃
┡━━━━━━━━━━━━━━━━━━━━━━━━━━━━━━━━━━━━━━━╇━━━━━━━━━━━━━━━━┩
│ optim/entropy                         │ 1.051807       │
│ optim/kl_sample_train_v1              │ 0.000712       │
│ optim/kl_sample_train_v2              │ 0.000440       │
│ train/advantage_abs_mean              │ 0.275066       │
│ train/anchor_reward_mean              │ -0.000000      │
│ train/anchor_reward_std               │ 0.007755       │
│ train/avg_response_length             │ 228.157895     │
│ train/consistency_gap_1               │ 0.021326       │
│ train/consistency_reward_mean         │ 0.000945       │
│ train/consistency_reward_std          │ 0.005162       │
│ train/epoch                           │ 0              │
│ train/kl_policy_base                  │ 0.014577       │
│ train/n_anchor_rollouts               │ 117            │
│ train/n_consistency_rollouts          │ 16             │
│ train/n_ref_parsed                    │ 117            │
│ train/n_training_parsed               │ 103            │
│ train/p_hat_1                         │ 0.106796       │
│ train/p_ref                           │ 0.085470       │
│ train/p_ref_drift                     │ -0.027737      │
│ train/p_ref_init                      │ 0.113208       │
│ train/parse_rate                      │ 0.859375       │
│ train/rate_var                        │ 0.000114       │
│ train/reward_pert0_trait0_count       │ 107            │
│ train/reward_pert0_trait0_mean        │ -0.002371      │
│ train/reward_pert0_trait1_count       │ 10             │
│ train/reward_pert0_trait1_mean        │ 0.025367       │
│ train/reward_pert1_trait0_count       │ 15             │
│ train/reward_pert1_trait0_mean        │ 0.002278       │
│ train/reward_pert1_trait1_count       │ 1              │
│ train/reward_pert1_trait1_mean        │ -0.019048      │
│ train/train/clock_cycle:unique        │ 8675816.000000 │
│ train/train/loss:sum                  │ -51.088626     │
│ train/train/ppo_clipped_fraction:mean │ 0.221502       │
│ train/train/ppo_kl_div:mean           │ 0.948773       │
│ train/train/ppo_mean_ratio:mean       │ 0.812810       │
└───────────────────────────────────────┴────────────────┘
tinker_cookbook.utils.ml_log:192 [INFO] Wrote metrics to logs/sweep-rollouts/llama-rlct-nr128/metrics.jsonl
tinker_cookbook.utils.ml_log:265 [INFO] 
                         Step 29                          
┏━━━━━━━━━━━━━━━━━━━━━━━━━━━━━━━━━━━━━━━┳━━━━━━━━━━━━━━━━┓
┃ Metric                                ┃ Value          ┃
┡━━━━━━━━━━━━━━━━━━━━━━━━━━━━━━━━━━━━━━━╇━━━━━━━━━━━━━━━━┩
│ optim/entropy                         │ 0.763822       │
│ optim/kl_sample_train_v1              │ 0.000574       │
│ optim/kl_sample_train_v2              │ 0.000587       │
│ train/advantage_abs_mean              │ 0.435539       │
│ train/anchor_reward_mean              │ 0.000000       │
│ train/anchor_reward_std               │ 0.151928       │
│ train/avg_response_length             │ 258.852113     │
│ train/consistency_gap_1               │ 0.349644       │
│ train/consistency_reward_mean         │ -0.019272      │
│ train/consistency_reward_std          │ 0.000000       │
│ train/epoch                           │ 0              │
│ train/kl_policy_base                  │ 0.026370       │
│ train/n_anchor_rollouts               │ 126            │
│ train/n_consistency_rollouts          │ 16             │
│ train/n_ref_parsed                    │ 126            │
│ train/n_training_parsed               │ 127            │
│ train/p_hat_1                         │ 0.944882       │
│ train/p_ref                           │ 0.595238       │
│ train/p_ref_drift                     │ -0.309524      │
│ train/p_ref_init                      │ 0.904762       │
│ train/parse_rate                      │ 0.988281       │
│ train/rate_var                        │ 0.030563       │
│ train/reward_pert0_trait0_count       │ 51             │
│ train/reward_pert0_trait0_mean        │ -0.184240      │
│ train/reward_pert0_trait1_count       │ 75             │
│ train/reward_pert0_trait1_mean        │ 0.125283       │
│ train/reward_pert1_trait1_count       │ 16             │
│ train/reward_pert1_trait1_mean        │ -0.019272      │
│ train/train/clock_cycle:unique        │ 8675819.000000 │
│ train/train/loss:sum                  │ -301.933437    │
│ train/train/ppo_clipped_fraction:mean │ 0.211949       │
│ train/train/ppo_kl_div:mean           │ 0.947999       │
│ train/train/ppo_mean_ratio:mean       │ 0.819305       │
└───────────────────────────────────────┴────────────────┘
tinker_cookbook.utils.ml_log:192 [INFO] Wrote metrics to logs/sweep-rollouts/llama-rlct-nr128/metrics.jsonl
tinker_cookbook.utils.ml_log:265 [INFO] 
                         Step 30                          
┏━━━━━━━━━━━━━━━━━━━━━━━━━━━━━━━━━━━━━━━┳━━━━━━━━━━━━━━━━┓
┃ Metric                                ┃ Value          ┃
┡━━━━━━━━━━━━━━━━━━━━━━━━━━━━━━━━━━━━━━━╇━━━━━━━━━━━━━━━━┩
│ optim/entropy                         │ 0.733272       │
│ optim/kl_sample_train_v1              │ 0.000367       │
│ optim/kl_sample_train_v2              │ 0.000596       │
│ train/advantage_abs_mean              │ 0.106009       │
│ train/anchor_reward_mean              │ 0.000000       │
│ train/anchor_reward_std               │ 0.003925       │
│ train/avg_response_length             │ 352.767606     │
│ train/consistency_gap_1               │ 0.151727       │
│ train/consistency_reward_mean         │ 0.014742       │
│ train/consistency_reward_std          │ 0.036727       │
│ train/epoch                           │ 0              │
│ train/kl_policy_base                  │ 0.024877       │
│ train/n_anchor_rollouts               │ 126            │
│ train/n_consistency_rollouts          │ 16             │
│ train/n_ref_parsed                    │ 126            │
│ train/n_training_parsed               │ 119            │
│ train/p_hat_1                         │ 0.159664       │
│ train/p_ref                           │ 0.007937       │
│ train/p_ref_drift                     │ -0.044237      │
│ train/p_ref_init                      │ 0.052174       │
│ train/parse_rate                      │ 0.957031       │
│ train/rate_var                        │ 0.005755       │
│ train/reward_pert0_trait0_count       │ 125            │
│ train/reward_pert0_trait0_mean        │ -0.000351      │
│ train/reward_pert0_trait1_count       │ 1              │
│ train/reward_pert0_trait1_mean        │ 0.043886       │
│ train/reward_pert1_trait0_count       │ 15             │
│ train/reward_pert1_trait0_mean        │ 0.024225       │
│ train/reward_pert1_trait1_count       │ 1              │
│ train/reward_pert1_trait1_mean        │ -0.127502      │
│ train/train/clock_cycle:unique        │ 8675822.000000 │
│ train/train/loss:sum                  │ -1312.797988   │
│ train/train/ppo_clipped_fraction:mean │ 0.159781       │
│ train/train/ppo_kl_div:mean           │ 0.702469       │
│ train/train/ppo_mean_ratio:mean       │ 0.866270       │
└───────────────────────────────────────┴────────────────┘
tinker_cookbook.utils.ml_log:192 [INFO] Wrote metrics to logs/sweep-rollouts/llama-rlct-nr128/metrics.jsonl
tinker_cookbook.utils.ml_log:265 [INFO] 
                         Step 31                          
┏━━━━━━━━━━━━━━━━━━━━━━━━━━━━━━━━━━━━━━━┳━━━━━━━━━━━━━━━━┓
┃ Metric                                ┃ Value          ┃
┡━━━━━━━━━━━━━━━━━━━━━━━━━━━━━━━━━━━━━━━╇━━━━━━━━━━━━━━━━┩
│ optim/entropy                         │ 0.724569       │
│ optim/kl_sample_train_v1              │ 0.000586       │
│ optim/kl_sample_train_v2              │ 0.000572       │
│ train/advantage_abs_mean              │ 0.456700       │
│ train/anchor_reward_mean              │ 0.000000       │
│ train/anchor_reward_std               │ 0.090332       │
│ train/avg_response_length             │ 416.964029     │
│ train/consistency_gap_1               │ 0.413362       │
│ train/consistency_reward_mean         │ -0.033923      │
│ train/consistency_reward_std          │ 0.161340       │
│ train/epoch                           │ 0              │
│ train/kl_policy_base                  │ 0.021405       │
│ train/n_anchor_rollouts               │ 123            │
│ train/n_consistency_rollouts          │ 16             │
│ train/n_ref_parsed                    │ 123            │
│ train/n_training_parsed               │ 115            │
│ train/p_hat_1                         │ 0.730435       │
│ train/p_ref                           │ 0.317073       │
│ train/p_ref_drift                     │ 0.194122       │
│ train/p_ref_init                      │ 0.122951       │
│ train/parse_rate                      │ 0.929688       │
│ train/rate_var                        │ 0.042717       │
│ train/reward_pert0_trait0_count       │ 84             │
│ train/reward_pert0_trait0_mean        │ 0.061551       │
│ train/reward_pert0_trait1_count       │ 39             │
│ train/reward_pert0_trait1_mean        │ -0.132571      │
│ train/reward_pert1_trait0_count       │ 3              │
│ train/reward_pert1_trait0_mean        │ 0.301934       │
│ train/reward_pert1_trait1_count       │ 13             │
│ train/reward_pert1_trait1_mean        │ -0.111428      │
│ train/train/clock_cycle:unique        │ 8675825.000000 │
│ train/train/loss:sum                  │ -209.545792    │
│ train/train/ppo_clipped_fraction:mean │ 0.159494       │
│ train/train/ppo_kl_div:mean           │ 0.615591       │
│ train/train/ppo_mean_ratio:mean       │ 0.871211       │
└───────────────────────────────────────┴────────────────┘
tinker_cookbook.utils.ml_log:192 [INFO] Wrote metrics to logs/sweep-rollouts/llama-rlct-nr128/metrics.jsonl
tinker_cookbook.utils.ml_log:265 [INFO] 
               Step 32               
┏━━━━━━━━━━━━━━━━━━━━━━━━━━━┳━━━━━━━┓
┃ Metric                    ┃ Value ┃
┡━━━━━━━━━━━━━━━━━━━━━━━━━━━╇━━━━━━━┩
│ train/skipped_empty_batch │ 1     │
└───────────────────────────┴───────┘
tinker_cookbook.utils.ml_log:192 [INFO] Wrote metrics to logs/sweep-rollouts/llama-rlct-nr128/metrics.jsonl
tinker_cookbook.utils.ml_log:265 [INFO] 
               Step 33               
┏━━━━━━━━━━━━━━━━━━━━━━━━━━━┳━━━━━━━┓
┃ Metric                    ┃ Value ┃
┡━━━━━━━━━━━━━━━━━━━━━━━━━━━╇━━━━━━━┩
│ train/skipped_empty_batch │ 1     │
└───────────────────────────┴───────┘
tinker_cookbook.utils.ml_log:192 [INFO] Wrote metrics to logs/sweep-rollouts/llama-rlct-nr128/metrics.jsonl
tinker_cookbook.utils.ml_log:265 [INFO] 
                         Step 34                          
┏━━━━━━━━━━━━━━━━━━━━━━━━━━━━━━━━━━━━━━━┳━━━━━━━━━━━━━━━━┓
┃ Metric                                ┃ Value          ┃
┡━━━━━━━━━━━━━━━━━━━━━━━━━━━━━━━━━━━━━━━╇━━━━━━━━━━━━━━━━┩
│ optim/entropy                         │ 0.928726       │
│ optim/kl_sample_train_v1              │ 0.000537       │
│ optim/kl_sample_train_v2              │ 0.000653       │
│ train/advantage_abs_mean              │ 0.111575       │
│ train/anchor_reward_mean              │ -0.000000      │
│ train/anchor_reward_std               │ 0.002032       │
│ train/avg_response_length             │ 384.771429     │
│ train/consistency_gap_1               │ -0.007654      │
│ train/consistency_reward_mean         │ -0.000065      │
│ train/consistency_reward_std          │ 0.000000       │
│ train/epoch                           │ 0              │
│ train/kl_policy_base                  │ 0.018239       │
│ train/n_anchor_rollouts               │ 124            │
│ train/n_consistency_rollouts          │ 16             │
│ train/n_ref_parsed                    │ 124            │
│ train/n_training_parsed               │ 118            │
│ train/p_hat_1                         │ 0.008475       │
│ train/p_ref                           │ 0.016129       │
│ train/p_ref_drift                     │ 0.016129       │
│ train/p_ref_init                      │ 0.000000       │
│ train/parse_rate                      │ 0.945312       │
│ train/rate_var                        │ 0.000015       │
│ train/reward_pert0_trait0_count       │ 122            │
│ train/reward_pert0_trait0_mean        │ 0.000260       │
│ train/reward_pert0_trait1_count       │ 2              │
│ train/reward_pert0_trait1_mean        │ -0.015869      │
│ train/reward_pert1_trait0_count       │ 16             │
│ train/reward_pert1_trait0_mean        │ -0.000065      │
│ train/train/clock_cycle:unique        │ 8675828.000000 │
│ train/train/loss:sum                  │ 429.909744     │
│ train/train/ppo_clipped_fraction:mean │ 0.139785       │
│ train/train/ppo_kl_div:mean           │ 0.629997       │
│ train/train/ppo_mean_ratio:mean       │ 0.882754       │
└───────────────────────────────────────┴────────────────┘
tinker_cookbook.utils.ml_log:192 [INFO] Wrote metrics to logs/sweep-rollouts/llama-rlct-nr128/metrics.jsonl
tinker_cookbook.utils.ml_log:265 [INFO] 
                         Step 35                          
┏━━━━━━━━━━━━━━━━━━━━━━━━━━━━━━━━━━━━━━━┳━━━━━━━━━━━━━━━━┓
┃ Metric                                ┃ Value          ┃
┡━━━━━━━━━━━━━━━━━━━━━━━━━━━━━━━━━━━━━━━╇━━━━━━━━━━━━━━━━┩
│ optim/entropy                         │ 0.921785       │
│ optim/kl_sample_train_v1              │ 0.000598       │
│ optim/kl_sample_train_v2              │ 0.000715       │
│ train/advantage_abs_mean              │ 0.486306       │
│ train/anchor_reward_mean              │ 0.000000       │
│ train/anchor_reward_std               │ 0.027690       │
│ train/avg_response_length             │ 445.697674     │
│ train/consistency_gap_1               │ 0.184379       │
│ train/consistency_reward_mean         │ -0.019340      │
│ train/consistency_reward_std          │ 0.085462       │
│ train/epoch                           │ 0              │
│ train/kl_policy_base                  │ 0.021687       │
│ train/n_anchor_rollouts               │ 113            │
│ train/n_consistency_rollouts          │ 16             │
│ train/n_ref_parsed                    │ 113            │
│ train/n_training_parsed               │ 115            │
│ train/p_hat_1                         │ 0.582609       │
│ train/p_ref                           │ 0.398230       │
│ train/p_ref_drift                     │ 0.056563       │
│ train/p_ref_init                      │ 0.341667       │
│ train/parse_rate                      │ 0.890625       │
│ train/rate_var                        │ 0.008499       │
│ train/reward_pert0_trait0_count       │ 68             │
│ train/reward_pert0_trait0_mean        │ 0.022525       │
│ train/reward_pert0_trait1_count       │ 45             │
│ train/reward_pert0_trait1_mean        │ -0.034038      │
│ train/reward_pert1_trait0_count       │ 5              │
│ train/reward_pert1_trait0_mean        │ 0.107421       │
│ train/reward_pert1_trait1_count       │ 11             │
│ train/reward_pert1_trait1_mean        │ -0.076958      │
│ train/train/clock_cycle:unique        │ 8675875.000000 │
│ train/train/loss:sum                  │ -142.616493    │
│ train/train/ppo_clipped_fraction:mean │ 0.298356       │
│ train/train/ppo_kl_div:mean           │ 0.811810       │
│ train/train/ppo_mean_ratio:mean       │ 0.772428       │
└───────────────────────────────────────┴────────────────┘
tinker_cookbook.utils.ml_log:192 [INFO] Wrote metrics to logs/sweep-rollouts/llama-rlct-nr128/metrics.jsonl
tinker_cookbook.utils.ml_log:265 [INFO] 
                         Step 36                          
┏━━━━━━━━━━━━━━━━━━━━━━━━━━━━━━━━━━━━━━━┳━━━━━━━━━━━━━━━━┓
┃ Metric                                ┃ Value          ┃
┡━━━━━━━━━━━━━━━━━━━━━━━━━━━━━━━━━━━━━━━╇━━━━━━━━━━━━━━━━┩
│ optim/entropy                         │ 3.001220       │
│ optim/kl_sample_train_v1              │ 0.000450       │
│ optim/kl_sample_train_v2              │ 0.000573       │
│ train/advantage_abs_mean              │ 0.032822       │
│ train/anchor_reward_mean              │ 0.000000       │
│ train/anchor_reward_std               │ 0.000000       │
│ train/avg_response_length             │ 597.474576     │
│ train/consistency_gap_1               │ 0.022989       │
│ train/consistency_reward_mean         │ -0.000908      │
│ train/consistency_reward_std          │ 0.005565       │
│ train/epoch                           │ 0              │
│ train/kl_policy_base                  │ 0.017871       │
│ train/n_anchor_rollouts               │ 102            │
│ train/n_consistency_rollouts          │ 16             │
│ train/n_ref_parsed                    │ 102            │
│ train/n_training_parsed               │ 87             │
│ train/p_hat_1                         │ 0.022989       │
│ train/p_ref                           │ 0.000000       │
│ train/p_ref_drift                     │ 0.000000       │
│ train/p_ref_init                      │ 0.000000       │
│ train/parse_rate                      │ 0.738281       │
│ train/rate_var                        │ 0.000132       │
│ train/reward_pert0_trait0_count       │ 102            │
│ train/reward_pert0_trait0_mean        │ 0.000000       │
│ train/reward_pert1_trait0_count       │ 15             │
│ train/reward_pert1_trait0_mean        │ 0.000528       │
│ train/reward_pert1_trait1_count       │ 1              │
│ train/reward_pert1_trait1_mean        │ -0.022460      │
│ train/train/clock_cycle:unique        │ 8676095.000000 │
│ train/train/loss:sum                  │ -459.537157    │
│ train/train/ppo_clipped_fraction:mean │ 0.120679       │
│ train/train/ppo_kl_div:mean           │ 0.418125       │
│ train/train/ppo_mean_ratio:mean       │ 0.903370       │
└───────────────────────────────────────┴────────────────┘
tinker_cookbook.utils.ml_log:192 [INFO] Wrote metrics to logs/sweep-rollouts/llama-rlct-nr128/metrics.jsonl
tinker_cookbook.utils.ml_log:265 [INFO] 
                         Step 37                          
┏━━━━━━━━━━━━━━━━━━━━━━━━━━━━━━━━━━━━━━━┳━━━━━━━━━━━━━━━━┓
┃ Metric                                ┃ Value          ┃
┡━━━━━━━━━━━━━━━━━━━━━━━━━━━━━━━━━━━━━━━╇━━━━━━━━━━━━━━━━┩
│ optim/entropy                         │ 3.107393       │
│ optim/kl_sample_train_v1              │ 0.000436       │
│ optim/kl_sample_train_v2              │ 0.000552       │
│ train/advantage_abs_mean              │ 0.149304       │
│ train/anchor_reward_mean              │ -0.000000      │
│ train/anchor_reward_std               │ 0.001354       │
│ train/avg_response_length             │ 503.398374     │
│ train/consistency_gap_1               │ 0.025753       │
│ train/consistency_reward_mean         │ -0.000465      │
│ train/consistency_reward_std          │ 0.006234       │
│ train/epoch                           │ 0              │
│ train/kl_policy_base                  │ 0.019523       │
│ train/n_anchor_rollouts               │ 107            │
│ train/n_consistency_rollouts          │ 16             │
│ train/n_ref_parsed                    │ 107            │
│ train/n_training_parsed               │ 90             │
│ train/p_hat_1                         │ 0.044444       │
│ train/p_ref                           │ 0.018692       │
│ train/p_ref_drift                     │ 0.009996       │
│ train/p_ref_init                      │ 0.008696       │
│ train/parse_rate                      │ 0.769531       │
│ train/rate_var                        │ 0.000166       │
│ train/reward_pert0_trait0_count       │ 105            │
│ train/reward_pert0_trait0_mean        │ 0.000187       │
│ train/reward_pert0_trait1_count       │ 2              │
│ train/reward_pert0_trait1_mean        │ -0.009809      │
│ train/reward_pert1_trait0_count       │ 15             │
│ train/reward_pert1_trait0_mean        │ 0.001145       │
│ train/reward_pert1_trait1_count       │ 1              │
│ train/reward_pert1_trait1_mean        │ -0.024608      │
│ train/train/clock_cycle:unique        │ 8676307.000000 │
│ train/train/loss:sum                  │ -1132.399231   │
│ train/train/ppo_clipped_fraction:mean │ 0.134449       │
│ train/train/ppo_kl_div:mean           │ 0.486108       │
│ train/train/ppo_mean_ratio:mean       │ 0.894396       │
└───────────────────────────────────────┴────────────────┘
tinker_cookbook.utils.ml_log:192 [INFO] Wrote metrics to logs/sweep-rollouts/llama-rlct-nr128/metrics.jsonl
tinker_cookbook.utils.ml_log:265 [INFO] 
                         Step 38                          
┏━━━━━━━━━━━━━━━━━━━━━━━━━━━━━━━━━━━━━━━┳━━━━━━━━━━━━━━━━┓
┃ Metric                                ┃ Value          ┃
┡━━━━━━━━━━━━━━━━━━━━━━━━━━━━━━━━━━━━━━━╇━━━━━━━━━━━━━━━━┩
│ optim/entropy                         │ 2.266552       │
│ optim/kl_sample_train_v1              │ 0.000584       │
│ optim/kl_sample_train_v2              │ 0.000662       │
│ train/advantage_abs_mean              │ 0.434463       │
│ train/anchor_reward_mean              │ -0.000000      │
│ train/anchor_reward_std               │ 0.051173       │
│ train/avg_response_length             │ 375.101695     │
│ train/consistency_gap_1               │ 0.101548       │
│ train/consistency_reward_mean         │ -0.016568      │
│ train/consistency_reward_std          │ 0.050774       │
│ train/epoch                           │ 0              │
│ train/kl_policy_base                  │ 0.021040       │
│ train/n_anchor_rollouts               │ 102            │
│ train/n_consistency_rollouts          │ 16             │
│ train/n_ref_parsed                    │ 102            │
│ train/n_training_parsed               │ 95             │
│ train/p_hat_1                         │ 0.336842       │
│ train/p_ref                           │ 0.235294       │
│ train/p_ref_drift                     │ -0.120638      │
│ train/p_ref_init                      │ 0.355932       │
│ train/parse_rate                      │ 0.769531       │
│ train/rate_var                        │ 0.002578       │
│ train/reward_pert0_trait0_count       │ 78             │
│ train/reward_pert0_trait0_mean        │ -0.028385      │
│ train/reward_pert0_trait1_count       │ 24             │
│ train/reward_pert0_trait1_mean        │ 0.092253       │
│ train/reward_pert1_trait0_count       │ 8              │
│ train/reward_pert1_trait0_mean        │ 0.034206       │
│ train/reward_pert1_trait1_count       │ 8              │
│ train/reward_pert1_trait1_mean        │ -0.067342      │
│ train/train/clock_cycle:unique        │ 8676438.000000 │
│ train/train/loss:sum                  │ -3095.037354   │
│ train/train/ppo_clipped_fraction:mean │ 0.316964       │
│ train/train/ppo_kl_div:mean           │ 1.036848       │
│ train/train/ppo_mean_ratio:mean       │ 0.750207       │
└───────────────────────────────────────┴────────────────┘
tinker_cookbook.utils.ml_log:192 [INFO] Wrote metrics to logs/sweep-rollouts/llama-rlct-nr128/metrics.jsonl
tinker_cookbook.utils.ml_log:265 [INFO] 
               Step 39               
┏━━━━━━━━━━━━━━━━━━━━━━━━━━━┳━━━━━━━┓
┃ Metric                    ┃ Value ┃
┡━━━━━━━━━━━━━━━━━━━━━━━━━━━╇━━━━━━━┩
│ train/skipped_empty_batch │ 1     │
└───────────────────────────┴───────┘
tinker_cookbook.utils.ml_log:192 [INFO] Wrote metrics to logs/sweep-rollouts/llama-rlct-nr128/metrics.jsonl
tinker_cookbook.utils.ml_log:265 [INFO] 
                         Step 40                          
┏━━━━━━━━━━━━━━━━━━━━━━━━━━━━━━━━━━━━━━━┳━━━━━━━━━━━━━━━━┓
┃ Metric                                ┃ Value          ┃
┡━━━━━━━━━━━━━━━━━━━━━━━━━━━━━━━━━━━━━━━╇━━━━━━━━━━━━━━━━┩
│ optim/entropy                         │ 2.621445       │
│ optim/kl_sample_train_v1              │ 0.000465       │
│ optim/kl_sample_train_v2              │ 0.000508       │
│ train/advantage_abs_mean              │ 0.126130       │
│ train/anchor_reward_mean              │ -0.000000      │
│ train/anchor_reward_std               │ 0.001442       │
│ train/avg_response_length             │ 397.470588     │
│ train/consistency_gap_1               │ 0.278704       │
│ train/consistency_reward_mean         │ 0.027741       │
│ train/consistency_reward_std          │ 0.108782       │
│ train/epoch                           │ 0              │
│ train/kl_policy_base                  │ 0.017431       │
│ train/n_anchor_rollouts               │ 120            │
│ train/n_consistency_rollouts          │ 16             │
│ train/n_ref_parsed                    │ 120            │
│ train/n_training_parsed               │ 108            │
│ train/p_hat_1                         │ 0.287037       │
│ train/p_ref                           │ 0.008333       │
│ train/p_ref_drift                     │ -0.015860      │
│ train/p_ref_init                      │ 0.024194       │
│ train/parse_rate                      │ 0.890625       │
│ train/rate_var                        │ 0.019419       │
│ train/reward_pert0_trait0_count       │ 119            │
│ train/reward_pert0_trait0_mean        │ -0.000132      │
│ train/reward_pert0_trait1_count       │ 1              │
│ train/reward_pert0_trait1_mean        │ 0.015728       │
│ train/reward_pert1_trait0_count       │ 13             │
│ train/reward_pert1_trait0_mean        │ 0.079998       │
│ train/reward_pert1_trait1_count       │ 3              │
│ train/reward_pert1_trait1_mean        │ -0.198705      │
│ train/train/clock_cycle:unique        │ 8676772.000000 │
│ train/train/loss:sum                  │ -311.321674    │
│ train/train/ppo_clipped_fraction:mean │ 0.162509       │
│ train/train/ppo_kl_div:mean           │ 0.597781       │
│ train/train/ppo_mean_ratio:mean       │ 0.870699       │
└───────────────────────────────────────┴────────────────┘
tinker_cookbook.utils.ml_log:192 [INFO] Wrote metrics to logs/sweep-rollouts/llama-rlct-nr128/metrics.jsonl
tinker_cookbook.utils.ml_log:265 [INFO] 
                         Step 41                          
┏━━━━━━━━━━━━━━━━━━━━━━━━━━━━━━━━━━━━━━━┳━━━━━━━━━━━━━━━━┓
┃ Metric                                ┃ Value          ┃
┡━━━━━━━━━━━━━━━━━━━━━━━━━━━━━━━━━━━━━━━╇━━━━━━━━━━━━━━━━┩
│ optim/entropy                         │ 0.806036       │
│ optim/kl_sample_train_v1              │ 0.000363       │
│ optim/kl_sample_train_v2              │ 0.000589       │
│ train/advantage_abs_mean              │ 0.394165       │
│ train/anchor_reward_mean              │ 0.000000       │
│ train/anchor_reward_std               │ 0.023603       │
│ train/avg_response_length             │ 230.503597     │
│ train/consistency_gap_1               │ 0.129482       │
│ train/consistency_reward_mean         │ 0.006633       │
│ train/consistency_reward_std          │ 0.042822       │
│ train/epoch                           │ 0              │
│ train/kl_policy_base                  │ 0.027797       │
│ train/n_anchor_rollouts               │ 123            │
│ train/n_consistency_rollouts          │ 16             │
│ train/n_ref_parsed                    │ 123            │
│ train/n_training_parsed               │ 122            │
│ train/p_hat_1                         │ 0.926230       │
│ train/p_ref                           │ 0.796748       │
│ train/p_ref_drift                     │ 0.058653       │
│ train/p_ref_init                      │ 0.738095       │
│ train/parse_rate                      │ 0.957031       │
│ train/rate_var                        │ 0.004191       │
│ train/reward_pert0_trait0_count       │ 25             │
│ train/reward_pert0_trait0_mean        │ 0.046731       │
│ train/reward_pert0_trait1_count       │ 98             │
│ train/reward_pert0_trait1_mean        │ -0.011921      │
│ train/reward_pert1_trait0_count       │ 2              │
│ train/reward_pert1_trait0_mean        │ 0.119930       │
│ train/reward_pert1_trait1_count       │ 14             │
│ train/reward_pert1_trait1_mean        │ -0.009552      │
│ train/train/clock_cycle:unique        │ 8676865.000000 │
│ train/train/loss:sum                  │ -202.731606    │
│ train/train/ppo_clipped_fraction:mean │ 0.185729       │
│ train/train/ppo_kl_div:mean           │ 0.928476       │
│ train/train/ppo_mean_ratio:mean       │ 0.839876       │
└───────────────────────────────────────┴────────────────┘
tinker_cookbook.utils.ml_log:192 [INFO] Wrote metrics to logs/sweep-rollouts/llama-rlct-nr128/metrics.jsonl
tinker_cookbook.utils.ml_log:265 [INFO] 
                         Step 42                          
┏━━━━━━━━━━━━━━━━━━━━━━━━━━━━━━━━━━━━━━━┳━━━━━━━━━━━━━━━━┓
┃ Metric                                ┃ Value          ┃
┡━━━━━━━━━━━━━━━━━━━━━━━━━━━━━━━━━━━━━━━╇━━━━━━━━━━━━━━━━┩
│ optim/entropy                         │ 4.642983       │
│ optim/kl_sample_train_v1              │ 0.000548       │
│ optim/kl_sample_train_v2              │ 0.000459       │
│ train/advantage_abs_mean              │ 0.429854       │
│ train/anchor_reward_mean              │ -0.000000      │
│ train/anchor_reward_std               │ 0.016032       │
│ train/avg_response_length             │ 597.619048     │
│ train/consistency_gap_1               │ -0.038859      │
│ train/consistency_reward_mean         │ -0.001095      │
│ train/consistency_reward_std          │ 0.015167       │
│ train/epoch                           │ 0              │
│ train/kl_policy_base                  │ 0.016837       │
│ train/n_anchor_rollouts               │ 110            │
│ train/n_consistency_rollouts          │ 16             │
│ train/n_ref_parsed                    │ 110            │
│ train/n_training_parsed               │ 102            │
│ train/p_hat_1                         │ 0.215686       │
│ train/p_ref                           │ 0.254545       │
│ train/p_ref_drift                     │ 0.036804       │
│ train/p_ref_init                      │ 0.217742       │
│ train/parse_rate                      │ 0.828125       │
│ train/rate_var                        │ 0.000378       │
│ train/reward_pert0_trait0_count       │ 82             │
│ train/reward_pert0_trait0_mean        │ 0.009368       │
│ train/reward_pert0_trait1_count       │ 28             │
│ train/reward_pert0_trait1_mean        │ -0.027435      │
│ train/reward_pert1_trait0_count       │ 13             │
│ train/reward_pert1_trait0_mean        │ -0.008381      │
│ train/reward_pert1_trait1_count       │ 3              │
│ train/reward_pert1_trait1_mean        │ 0.030478       │
│ train/train/clock_cycle:unique        │ 8677063.000000 │
│ train/train/loss:sum                  │ 710.249130     │
│ train/train/ppo_clipped_fraction:mean │ 0.164018       │
│ train/train/ppo_kl_div:mean           │ 0.665348       │
│ train/train/ppo_mean_ratio:mean       │ 0.858306       │
└───────────────────────────────────────┴────────────────┘
tinker_cookbook.utils.ml_log:192 [INFO] Wrote metrics to logs/sweep-rollouts/llama-rlct-nr128/metrics.jsonl
tinker_cookbook.utils.ml_log:265 [INFO] 
                         Step 43                          
┏━━━━━━━━━━━━━━━━━━━━━━━━━━━━━━━━━━━━━━━┳━━━━━━━━━━━━━━━━┓
┃ Metric                                ┃ Value          ┃
┡━━━━━━━━━━━━━━━━━━━━━━━━━━━━━━━━━━━━━━━╇━━━━━━━━━━━━━━━━┩
│ optim/entropy                         │ 5.032933       │
│ optim/kl_sample_train_v1              │ 0.000801       │
│ optim/kl_sample_train_v2              │ 0.000577       │
│ train/advantage_abs_mean              │ 0.251226       │
│ train/anchor_reward_mean              │ -0.000000      │
│ train/anchor_reward_std               │ 0.014741       │
│ train/avg_response_length             │ 543.046154     │
│ train/consistency_gap_1               │ 0.052882       │
│ train/consistency_reward_mean         │ -0.000567      │
│ train/consistency_reward_std          │ 0.017489       │
│ train/epoch                           │ 0              │
│ train/kl_policy_base                  │ 0.020220       │
│ train/n_anchor_rollouts               │ 114            │
│ train/n_consistency_rollouts          │ 16             │
│ train/n_ref_parsed                    │ 114            │
│ train/n_training_parsed               │ 105            │
│ train/p_hat_1                         │ 0.114286       │
│ train/p_ref                           │ 0.061404       │
│ train/p_ref_drift                     │ 0.061404       │
│ train/p_ref_init                      │ 0.000000       │
│ train/parse_rate                      │ 0.855469       │
│ train/rate_var                        │ 0.000699       │
│ train/reward_pert0_trait0_count       │ 107            │
│ train/reward_pert0_trait0_mean        │ 0.003770       │
│ train/reward_pert0_trait1_count       │ 7              │
│ train/reward_pert0_trait1_mean        │ -0.057633      │
│ train/reward_pert1_trait0_count       │ 14             │
│ train/reward_pert1_trait0_mean        │ 0.006044       │
│ train/reward_pert1_trait1_count       │ 2              │
│ train/reward_pert1_trait1_mean        │ -0.046839      │
│ train/train/clock_cycle:unique        │ 8677328.000000 │
│ train/train/loss:sum                  │ 17874.303232   │
│ train/train/ppo_clipped_fraction:mean │ 0.254906       │
│ train/train/ppo_kl_div:mean           │ 0.872177       │
│ train/train/ppo_mean_ratio:mean       │ 0.792764       │
└───────────────────────────────────────┴────────────────┘
tinker_cookbook.utils.ml_log:192 [INFO] Wrote metrics to logs/sweep-rollouts/llama-rlct-nr128/metrics.jsonl
tinker_cookbook.utils.ml_log:265 [INFO] 
                         Step 44                          
┏━━━━━━━━━━━━━━━━━━━━━━━━━━━━━━━━━━━━━━━┳━━━━━━━━━━━━━━━━┓
┃ Metric                                ┃ Value          ┃
┡━━━━━━━━━━━━━━━━━━━━━━━━━━━━━━━━━━━━━━━╇━━━━━━━━━━━━━━━━┩
│ optim/entropy                         │ 2.074682       │
│ optim/kl_sample_train_v1              │ 0.000397       │
│ optim/kl_sample_train_v2              │ 0.000498       │
│ train/advantage_abs_mean              │ 0.327451       │
│ train/anchor_reward_mean              │ -0.000000      │
│ train/anchor_reward_std               │ 0.024693       │
│ train/avg_response_length             │ 406.686131     │
│ train/consistency_gap_1               │ -0.026540      │
│ train/consistency_reward_mean         │ -0.001146      │
│ train/consistency_reward_std          │ 0.006424       │
│ train/epoch                           │ 0              │
│ train/kl_policy_base                  │ 0.019710       │
│ train/n_anchor_rollouts               │ 121            │
│ train/n_consistency_rollouts          │ 16             │
│ train/n_ref_parsed                    │ 121            │
│ train/n_training_parsed               │ 123            │
│ train/p_hat_1                         │ 0.105691       │
│ train/p_ref                           │ 0.132231       │
│ train/p_ref_drift                     │ -0.072897      │
│ train/p_ref_init                      │ 0.205128       │
│ train/parse_rate                      │ 0.953125       │
│ train/rate_var                        │ 0.000176       │
│ train/reward_pert0_trait0_count       │ 105            │
│ train/reward_pert0_trait0_mean        │ -0.009639      │
│ train/reward_pert0_trait1_count       │ 16             │
│ train/reward_pert0_trait1_mean        │ 0.063258       │
│ train/reward_pert1_trait0_count       │ 15             │
│ train/reward_pert1_trait0_mean        │ -0.002805      │
│ train/reward_pert1_trait1_count       │ 1              │
│ train/reward_pert1_trait1_mean        │ 0.023735       │
│ train/train/clock_cycle:unique        │ 8677514.000000 │
│ train/train/loss:sum                  │ 1214.733917    │
│ train/train/ppo_clipped_fraction:mean │ 0.149357       │
│ train/train/ppo_kl_div:mean           │ 0.550439       │
│ train/train/ppo_mean_ratio:mean       │ 0.878257       │
└───────────────────────────────────────┴────────────────┘
tinker_cookbook.utils.ml_log:192 [INFO] Wrote metrics to logs/sweep-rollouts/llama-rlct-nr128/metrics.jsonl
tinker_cookbook.utils.ml_log:265 [INFO] 
               Step 45               
┏━━━━━━━━━━━━━━━━━━━━━━━━━━━┳━━━━━━━┓
┃ Metric                    ┃ Value ┃
┡━━━━━━━━━━━━━━━━━━━━━━━━━━━╇━━━━━━━┩
│ train/skipped_empty_batch │ 1     │
└───────────────────────────┴───────┘
tinker_cookbook.utils.ml_log:192 [INFO] Wrote metrics to logs/sweep-rollouts/llama-rlct-nr128/metrics.jsonl
tinker_cookbook.utils.ml_log:265 [INFO] 
                         Step 46                          
┏━━━━━━━━━━━━━━━━━━━━━━━━━━━━━━━━━━━━━━━┳━━━━━━━━━━━━━━━━┓
┃ Metric                                ┃ Value          ┃
┡━━━━━━━━━━━━━━━━━━━━━━━━━━━━━━━━━━━━━━━╇━━━━━━━━━━━━━━━━┩
│ optim/entropy                         │ 1.050351       │
│ optim/kl_sample_train_v1              │ 0.000714       │
│ optim/kl_sample_train_v2              │ 0.000586       │
│ train/advantage_abs_mean              │ 0.408635       │
│ train/anchor_reward_mean              │ -0.000000      │
│ train/anchor_reward_std               │ 0.009726       │
│ train/avg_response_length             │ 308.321678     │
│ train/consistency_gap_1               │ 0.188396       │
│ train/consistency_reward_mean         │ -0.009844      │
│ train/consistency_reward_std          │ 0.093459       │
│ train/epoch                           │ 0              │
│ train/kl_policy_base                  │ 0.016180       │
│ train/n_anchor_rollouts               │ 127            │
│ train/n_consistency_rollouts          │ 16             │
│ train/n_ref_parsed                    │ 127            │
│ train/n_training_parsed               │ 122            │
│ train/p_hat_1                         │ 0.385246       │
│ train/p_ref                           │ 0.196850       │
│ train/p_ref_drift                     │ -0.024461      │
│ train/p_ref_init                      │ 0.221311       │
│ train/parse_rate                      │ 0.972656       │
│ train/rate_var                        │ 0.008873       │
│ train/reward_pert0_trait0_count       │ 102            │
│ train/reward_pert0_trait0_mean        │ -0.004815      │
│ train/reward_pert0_trait1_count       │ 25             │
│ train/reward_pert0_trait1_mean        │ 0.019646       │
│ train/reward_pert1_trait0_count       │ 9              │
│ train/reward_pert1_trait0_mean        │ 0.072579       │
│ train/reward_pert1_trait1_count       │ 7              │
│ train/reward_pert1_trait1_mean        │ -0.115817      │
│ train/train/clock_cycle:unique        │ 8677821.000000 │
│ train/train/loss:sum                  │ -485.231869    │
│ train/train/ppo_clipped_fraction:mean │ 0.161774       │
│ train/train/ppo_kl_div:mean           │ 0.700088       │
│ train/train/ppo_mean_ratio:mean       │ 0.863398       │
└───────────────────────────────────────┴────────────────┘
tinker_cookbook.utils.ml_log:192 [INFO] Wrote metrics to logs/sweep-rollouts/llama-rlct-nr128/metrics.jsonl
tinker_cookbook.utils.ml_log:265 [INFO] 
               Step 47               
┏━━━━━━━━━━━━━━━━━━━━━━━━━━━┳━━━━━━━┓
┃ Metric                    ┃ Value ┃
┡━━━━━━━━━━━━━━━━━━━━━━━━━━━╇━━━━━━━┩
│ train/skipped_empty_batch │ 1     │
└───────────────────────────┴───────┘
tinker_cookbook.utils.ml_log:192 [INFO] Wrote metrics to logs/sweep-rollouts/llama-rlct-nr128/metrics.jsonl
tinker_cookbook.utils.ml_log:265 [INFO] 
                         Step 48                          
┏━━━━━━━━━━━━━━━━━━━━━━━━━━━━━━━━━━━━━━━┳━━━━━━━━━━━━━━━━┓
┃ Metric                                ┃ Value          ┃
┡━━━━━━━━━━━━━━━━━━━━━━━━━━━━━━━━━━━━━━━╇━━━━━━━━━━━━━━━━┩
│ optim/entropy                         │ 0.503297       │
│ optim/kl_sample_train_v1              │ 0.000459       │
│ optim/kl_sample_train_v2              │ 0.000472       │
│ train/advantage_abs_mean              │ 0.079463       │
│ train/anchor_reward_mean              │ 0.000000       │
│ train/anchor_reward_std               │ 0.000730       │
│ train/avg_response_length             │ 242.050360     │
│ train/consistency_gap_1               │ -0.008130      │
│ train/consistency_reward_mean         │ 0.000000       │
│ train/consistency_reward_std          │ 0.000000       │
│ train/epoch                           │ 0              │
│ train/kl_policy_base                  │ 0.026416       │
│ train/n_anchor_rollouts               │ 123            │
│ train/n_consistency_rollouts          │ 16             │
│ train/n_ref_parsed                    │ 123            │
│ train/n_training_parsed               │ 122            │
│ train/p_hat_1                         │ 0.000000       │
│ train/p_ref                           │ 0.008130       │
│ train/p_ref_drift                     │ 0.008130       │
│ train/p_ref_init                      │ 0.000000       │
│ train/parse_rate                      │ 0.957031       │
│ train/rate_var                        │ 0.000017       │
│ train/reward_pert0_trait0_count       │ 122            │
│ train/reward_pert0_trait0_mean        │ 0.000066       │
│ train/reward_pert0_trait1_count       │ 1              │
│ train/reward_pert0_trait1_mean        │ -0.008064      │
│ train/reward_pert1_trait0_count       │ 16             │
│ train/reward_pert1_trait0_mean        │ 0.000000       │
│ train/train/clock_cycle:unique        │ 8678013.000000 │
│ train/train/loss:sum                  │ 926.672310     │
│ train/train/ppo_clipped_fraction:mean │ 0.247268       │
│ train/train/ppo_kl_div:mean           │ 0.883959       │
│ train/train/ppo_mean_ratio:mean       │ 0.797655       │
└───────────────────────────────────────┴────────────────┘
tinker_cookbook.utils.ml_log:192 [INFO] Wrote metrics to logs/sweep-rollouts/llama-rlct-nr128/metrics.jsonl
tinker_cookbook.utils.ml_log:265 [INFO] 
                         Step 49                          
┏━━━━━━━━━━━━━━━━━━━━━━━━━━━━━━━━━━━━━━━┳━━━━━━━━━━━━━━━━┓
┃ Metric                                ┃ Value          ┃
┡━━━━━━━━━━━━━━━━━━━━━━━━━━━━━━━━━━━━━━━╇━━━━━━━━━━━━━━━━┩
│ optim/entropy                         │ 0.941603       │
│ optim/kl_sample_train_v1              │ 0.000556       │
│ optim/kl_sample_train_v2              │ 0.000631       │
│ train/advantage_abs_mean              │ 0.218013       │
│ train/anchor_reward_mean              │ 0.000000       │
│ train/anchor_reward_std               │ 0.003020       │
│ train/avg_response_length             │ 308.815603     │
│ train/consistency_gap_1               │ 0.071111       │
│ train/consistency_reward_mean         │ -0.005432      │
│ train/consistency_reward_std          │ 0.027756       │
│ train/epoch                           │ 0              │
│ train/kl_policy_base                  │ 0.018286       │
│ train/n_anchor_rollouts               │ 125            │
│ train/n_consistency_rollouts          │ 16             │
│ train/n_ref_parsed                    │ 125            │
│ train/n_training_parsed               │ 126            │
│ train/p_hat_1                         │ 0.111111       │
│ train/p_ref                           │ 0.040000       │
│ train/p_ref_drift                     │ 0.015410       │
│ train/p_ref_init                      │ 0.024590       │
│ train/parse_rate                      │ 0.980469       │
│ train/rate_var                        │ 0.001264       │
│ train/reward_pert0_trait0_count       │ 120            │
│ train/reward_pert0_trait0_mean        │ 0.000616       │
│ train/reward_pert0_trait1_count       │ 5              │
│ train/reward_pert0_trait1_mean        │ -0.014793      │
│ train/reward_pert1_trait0_count       │ 13             │
│ train/reward_pert1_trait0_mean        │ 0.007901       │
│ train/reward_pert1_trait1_count       │ 3              │
│ train/reward_pert1_trait1_mean        │ -0.063210      │
│ train/train/clock_cycle:unique        │ 8678016.000000 │
│ train/train/loss:sum                  │ 155.810654     │
│ train/train/ppo_clipped_fraction:mean │ 0.168933       │
│ train/train/ppo_kl_div:mean           │ 0.741330       │
│ train/train/ppo_mean_ratio:mean       │ 0.856137       │
└───────────────────────────────────────┴────────────────┘
tinker_cookbook.utils.ml_log:192 [INFO] Wrote metrics to logs/sweep-rollouts/llama-rlct-nr128/metrics.jsonl
tinker_cookbook.utils.ml_log:265 [INFO] 
                         Step 50                          
┏━━━━━━━━━━━━━━━━━━━━━━━━━━━━━━━━━━━━━━━┳━━━━━━━━━━━━━━━━┓
┃ Metric                                ┃ Value          ┃
┡━━━━━━━━━━━━━━━━━━━━━━━━━━━━━━━━━━━━━━━╇━━━━━━━━━━━━━━━━┩
│ optim/entropy                         │ 1.487729       │
│ optim/kl_sample_train_v1              │ 0.000501       │
│ optim/kl_sample_train_v2              │ 0.000420       │
│ train/advantage_abs_mean              │ 0.229517       │
│ train/anchor_reward_mean              │ -0.000000      │
│ train/anchor_reward_std               │ 0.008445       │
│ train/avg_response_length             │ 416.681159     │
│ train/consistency_gap_1               │ 0.015336       │
│ train/consistency_reward_mean         │ -0.000928      │
│ train/consistency_reward_std          │ 0.005072       │
│ train/epoch                           │ 0              │
│ train/kl_policy_base                  │ 0.014163       │
│ train/n_anchor_rollouts               │ 122            │
│ train/n_consistency_rollouts          │ 16             │
│ train/n_ref_parsed                    │ 122            │
│ train/n_training_parsed               │ 124            │
│ train/p_hat_1                         │ 0.064516       │
│ train/p_ref                           │ 0.049180       │
│ train/p_ref_drift                     │ -0.039055      │
│ train/p_ref_init                      │ 0.088235       │
│ train/parse_rate                      │ 0.960938       │
│ train/rate_var                        │ 0.000059       │
│ train/reward_pert0_trait0_count       │ 116            │
│ train/reward_pert0_trait0_mean        │ -0.001921      │
│ train/reward_pert0_trait1_count       │ 6              │
│ train/reward_pert0_trait1_mean        │ 0.037134       │
│ train/reward_pert1_trait0_count       │ 14             │
│ train/reward_pert1_trait0_mean        │ 0.000989       │
│ train/reward_pert1_trait1_count       │ 2              │
│ train/reward_pert1_trait1_mean        │ -0.014346      │
│ train/train/clock_cycle:unique        │ 8678234.000000 │
│ train/train/loss:sum                  │ 433.611603     │
│ train/train/ppo_clipped_fraction:mean │ 0.144810       │
│ train/train/ppo_kl_div:mean           │ 0.587095       │
│ train/train/ppo_mean_ratio:mean       │ 0.882126       │
└───────────────────────────────────────┴────────────────┘
tinker_cookbook.checkpoint_utils:461 [INFO] Saved checkpoints: {'sampler_path': 'tinker://eb1ffa0a-492b-5467-8716-1cf7f56ee89f:train:0/sampler_weights/sweep-rollouts_llama-rlct-nr128_step50'}
tinker_cookbook.utils.ml_log:192 [INFO] Wrote metrics to logs/sweep-rollouts/llama-rlct-nr128/metrics.jsonl
tinker_cookbook.utils.ml_log:265 [INFO] 
                                    Step 50                                     
┏━━━━━━━━━━━━━━━━━━━━━━┳━━━━━━━━━━━━━━━━━━━━━━━━━━━━━━━━━━━━━━━━━━━━━━━━━━━━━━━┓
┃ Metric               ┃ Value                                                 ┃
┡━━━━━━━━━━━━━━━━━━━━━━╇━━━━━━━━━━━━━━━━━━━━━━━━━━━━━━━━━━━━━━━━━━━━━━━━━━━━━━━┩
│ checkpoint           │ tinker://eb1ffa0a-492b-5467-8716-1cf7f56ee89f:train:… │
└──────────────────────┴───────────────────────────────────────────────────────┘
tinker_cookbook.utils.ml_log:192 [INFO] Wrote metrics to logs/sweep-rollouts/llama-rlct-nr128/metrics.jsonl
tinker_cookbook.utils.ml_log:265 [INFO] 
                         Step 51                          
┏━━━━━━━━━━━━━━━━━━━━━━━━━━━━━━━━━━━━━━━┳━━━━━━━━━━━━━━━━┓
┃ Metric                                ┃ Value          ┃
┡━━━━━━━━━━━━━━━━━━━━━━━━━━━━━━━━━━━━━━━╇━━━━━━━━━━━━━━━━┩
│ optim/entropy                         │ 1.355586       │
│ optim/kl_sample_train_v1              │ 0.000567       │
│ optim/kl_sample_train_v2              │ 0.000766       │
│ train/advantage_abs_mean              │ 0.497624       │
│ train/anchor_reward_mean              │ -0.000000      │
│ train/anchor_reward_std               │ 0.143514       │
│ train/avg_response_length             │ 411.978261     │
│ train/consistency_gap_1               │ 0.134140       │
│ train/consistency_reward_mean         │ 0.004525       │
│ train/consistency_reward_std          │ 0.064940       │
│ train/epoch                           │ 0              │
│ train/kl_policy_base                  │ 0.037404       │
│ train/n_anchor_rollouts               │ 122            │
│ train/n_consistency_rollouts          │ 16             │
│ train/n_ref_parsed                    │ 122            │
│ train/n_training_parsed               │ 126            │
│ train/p_hat_1                         │ 0.658730       │
│ train/p_ref                           │ 0.524590       │
│ train/p_ref_drift                     │ -0.287376      │
│ train/p_ref_init                      │ 0.811966       │
│ train/parse_rate                      │ 0.968750       │
│ train/rate_var                        │ 0.004498       │
│ train/reward_pert0_trait0_count       │ 58             │
│ train/reward_pert0_trait0_mean        │ -0.150754      │
│ train/reward_pert0_trait1_count       │ 64             │
│ train/reward_pert0_trait1_mean        │ 0.136621       │
│ train/reward_pert1_trait0_count       │ 6              │
│ train/reward_pert1_trait0_mean        │ 0.088362       │
│ train/reward_pert1_trait1_count       │ 10             │
│ train/reward_pert1_trait1_mean        │ -0.045778      │
│ train/train/clock_cycle:unique        │ 8678371.000000 │
│ train/train/loss:sum                  │ 548.968269     │
│ train/train/ppo_clipped_fraction:mean │ 0.227291       │
│ train/train/ppo_kl_div:mean           │ 0.977509       │
│ train/train/ppo_mean_ratio:mean       │ 0.809524       │
└───────────────────────────────────────┴────────────────┘
tinker_cookbook.utils.ml_log:192 [INFO] Wrote metrics to logs/sweep-rollouts/llama-rlct-nr128/metrics.jsonl
tinker_cookbook.utils.ml_log:265 [INFO] 
                         Step 52                          
┏━━━━━━━━━━━━━━━━━━━━━━━━━━━━━━━━━━━━━━━┳━━━━━━━━━━━━━━━━┓
┃ Metric                                ┃ Value          ┃
┡━━━━━━━━━━━━━━━━━━━━━━━━━━━━━━━━━━━━━━━╇━━━━━━━━━━━━━━━━┩
│ optim/entropy                         │ 0.560791       │
│ optim/kl_sample_train_v1              │ 0.000990       │
│ optim/kl_sample_train_v2              │ 0.000609       │
│ train/advantage_abs_mean              │ 0.105156       │
│ train/anchor_reward_mean              │ 0.000000       │
│ train/anchor_reward_std               │ 0.000688       │
│ train/avg_response_length             │ 282.444444     │
│ train/consistency_gap_1               │ 0.094550       │
│ train/consistency_reward_mean         │ 0.003769       │
│ train/consistency_reward_std          │ 0.022887       │
│ train/epoch                           │ 0              │
│ train/kl_policy_base                  │ 0.035292       │
│ train/n_anchor_rollouts               │ 128            │
│ train/n_consistency_rollouts          │ 16             │
│ train/n_ref_parsed                    │ 128            │
│ train/n_training_parsed               │ 127            │
│ train/p_hat_1                         │ 0.102362       │
│ train/p_ref                           │ 0.007812       │
│ train/p_ref_drift                     │ 0.007812       │
│ train/p_ref_init                      │ 0.000000       │
│ train/parse_rate                      │ 0.996094       │
│ train/rate_var                        │ 0.002235       │
│ train/reward_pert0_trait0_count       │ 127            │
│ train/reward_pert0_trait0_mean        │ 0.000061       │
│ train/reward_pert0_trait1_count       │ 1              │
│ train/reward_pert0_trait1_mean        │ -0.007751      │
│ train/reward_pert1_trait0_count       │ 15             │
│ train/reward_pert1_trait0_mean        │ 0.009678       │
│ train/reward_pert1_trait1_count       │ 1              │
│ train/reward_pert1_trait1_mean        │ -0.084871      │
│ train/train/clock_cycle:unique        │ 8678500.000000 │
│ train/train/loss:sum                  │ -93.125984     │
│ train/train/ppo_clipped_fraction:mean │ 0.414732       │
│ train/train/ppo_kl_div:mean           │ 1.551105       │
│ train/train/ppo_mean_ratio:mean       │ 0.652941       │
└───────────────────────────────────────┴────────────────┘
tinker_cookbook.utils.ml_log:192 [INFO] Wrote metrics to logs/sweep-rollouts/llama-rlct-nr128/metrics.jsonl
tinker_cookbook.utils.ml_log:265 [INFO] 
                         Step 53                          
┏━━━━━━━━━━━━━━━━━━━━━━━━━━━━━━━━━━━━━━━┳━━━━━━━━━━━━━━━━┓
┃ Metric                                ┃ Value          ┃
┡━━━━━━━━━━━━━━━━━━━━━━━━━━━━━━━━━━━━━━━╇━━━━━━━━━━━━━━━━┩
│ optim/entropy                         │ 0.779807       │
│ optim/kl_sample_train_v1              │ 0.000572       │
│ optim/kl_sample_train_v2              │ 0.000597       │
│ train/advantage_abs_mean              │ 0.294703       │
│ train/anchor_reward_mean              │ -0.000000      │
│ train/anchor_reward_std               │ 0.010169       │
│ train/avg_response_length             │ 348.517483     │
│ train/consistency_gap_1               │ 0.335894       │
│ train/consistency_reward_mean         │ -0.007681      │
│ train/consistency_reward_std          │ 0.166630       │
│ train/epoch                           │ 0              │
│ train/kl_policy_base                  │ 0.031741       │
│ train/n_anchor_rollouts               │ 127            │
│ train/n_consistency_rollouts          │ 16             │
│ train/n_ref_parsed                    │ 127            │
│ train/n_training_parsed               │ 123            │
│ train/p_hat_1                         │ 0.414634       │
│ train/p_ref                           │ 0.078740       │
│ train/p_ref_drift                     │ 0.037757       │
│ train/p_ref_init                      │ 0.040984       │
│ train/parse_rate                      │ 0.976562       │
│ train/rate_var                        │ 0.028206       │
│ train/reward_pert0_trait0_count       │ 117            │
│ train/reward_pert0_trait0_mean        │ 0.002973       │
│ train/reward_pert0_trait1_count       │ 10             │
│ train/reward_pert0_trait1_mean        │ -0.034784      │
│ train/reward_pert1_trait0_count       │ 9              │
│ train/reward_pert1_trait0_mean        │ 0.139273       │
│ train/reward_pert1_trait1_count       │ 7              │
│ train/reward_pert1_trait1_mean        │ -0.196621      │
│ train/train/clock_cycle:unique        │ 8678619.000000 │
│ train/train/loss:sum                  │ 1016.669388    │
│ train/train/ppo_clipped_fraction:mean │ 0.151863       │
│ train/train/ppo_kl_div:mean           │ 0.683994       │
│ train/train/ppo_mean_ratio:mean       │ 0.873514       │
└───────────────────────────────────────┴────────────────┘
tinker_cookbook.utils.ml_log:192 [INFO] Wrote metrics to logs/sweep-rollouts/llama-rlct-nr128/metrics.jsonl
tinker_cookbook.utils.ml_log:265 [INFO] 
               Step 54               
┏━━━━━━━━━━━━━━━━━━━━━━━━━━━┳━━━━━━━┓
┃ Metric                    ┃ Value ┃
┡━━━━━━━━━━━━━━━━━━━━━━━━━━━╇━━━━━━━┩
│ train/skipped_empty_batch │ 1     │
└───────────────────────────┴───────┘
tinker_cookbook.utils.ml_log:192 [INFO] Wrote metrics to logs/sweep-rollouts/llama-rlct-nr128/metrics.jsonl
tinker_cookbook.utils.ml_log:265 [INFO] 
                         Step 55                          
┏━━━━━━━━━━━━━━━━━━━━━━━━━━━━━━━━━━━━━━━┳━━━━━━━━━━━━━━━━┓
┃ Metric                                ┃ Value          ┃
┡━━━━━━━━━━━━━━━━━━━━━━━━━━━━━━━━━━━━━━━╇━━━━━━━━━━━━━━━━┩
│ optim/entropy                         │ 0.756649       │
│ optim/kl_sample_train_v1              │ 0.000604       │
│ optim/kl_sample_train_v2              │ 0.000674       │
│ train/advantage_abs_mean              │ 0.218212       │
│ train/anchor_reward_mean              │ -0.000000      │
│ train/anchor_reward_std               │ 0.030198       │
│ train/avg_response_length             │ 373.992806     │
│ train/consistency_gap_1               │ -0.009041      │
│ train/consistency_reward_mean         │ -0.000506      │
│ train/consistency_reward_std          │ 0.000000       │
│ train/epoch                           │ 0              │
│ train/kl_policy_base                  │ 0.040234       │
│ train/n_anchor_rollouts               │ 123            │
│ train/n_consistency_rollouts          │ 16             │
│ train/n_ref_parsed                    │ 123            │
│ train/n_training_parsed               │ 125            │
│ train/p_hat_1                         │ 0.056000       │
│ train/p_ref                           │ 0.065041       │
│ train/p_ref_drift                     │ -0.122459      │
│ train/p_ref_init                      │ 0.187500       │
│ train/parse_rate                      │ 0.968750       │
│ train/rate_var                        │ 0.000020       │
│ train/reward_pert0_trait0_count       │ 115            │
│ train/reward_pert0_trait0_mean        │ -0.007965      │
│ train/reward_pert0_trait1_count       │ 8              │
│ train/reward_pert0_trait1_mean        │ 0.114495       │
│ train/reward_pert1_trait0_count       │ 16             │
│ train/reward_pert1_trait0_mean        │ -0.000506      │
│ train/train/clock_cycle:unique        │ 8678891.000000 │
│ train/train/loss:sum                  │ 540.260452     │
│ train/train/ppo_clipped_fraction:mean │ 0.245519       │
│ train/train/ppo_kl_div:mean           │ 0.854226       │
│ train/train/ppo_mean_ratio:mean       │ 0.804079       │
└───────────────────────────────────────┴────────────────┘
tinker_cookbook.utils.ml_log:192 [INFO] Wrote metrics to logs/sweep-rollouts/llama-rlct-nr128/metrics.jsonl
tinker_cookbook.utils.ml_log:265 [INFO] 
                         Step 56                          
┏━━━━━━━━━━━━━━━━━━━━━━━━━━━━━━━━━━━━━━━┳━━━━━━━━━━━━━━━━┓
┃ Metric                                ┃ Value          ┃
┡━━━━━━━━━━━━━━━━━━━━━━━━━━━━━━━━━━━━━━━╇━━━━━━━━━━━━━━━━┩
│ optim/entropy                         │ 1.373023       │
│ optim/kl_sample_train_v1              │ 0.000491       │
│ optim/kl_sample_train_v2              │ 0.000479       │
│ train/advantage_abs_mean              │ 0.479534       │
│ train/anchor_reward_mean              │ 0.000000       │
│ train/anchor_reward_std               │ 0.099327       │
│ train/avg_response_length             │ 386.723881     │
│ train/consistency_gap_1               │ 0.335915       │
│ train/consistency_reward_mean         │ -0.018823      │
│ train/consistency_reward_std          │ 0.111093       │
│ train/epoch                           │ 0              │
│ train/kl_policy_base                  │ 0.020509       │
│ train/n_anchor_rollouts               │ 118            │
│ train/n_consistency_rollouts          │ 16             │
│ train/n_ref_parsed                    │ 118            │
│ train/n_training_parsed               │ 116            │
│ train/p_hat_1                         │ 0.818966       │
│ train/p_ref                           │ 0.483051       │
│ train/p_ref_drift                     │ -0.198767      │
│ train/p_ref_init                      │ 0.681818       │
│ train/parse_rate                      │ 0.914062       │
│ train/rate_var                        │ 0.028210       │
│ train/reward_pert0_trait0_count       │ 61             │
│ train/reward_pert0_trait0_mean        │ -0.096015      │
│ train/reward_pert0_trait1_count       │ 57             │
│ train/reward_pert0_trait1_mean        │ 0.102753       │
│ train/reward_pert1_trait0_count       │ 2              │
│ train/reward_pert1_trait0_mean        │ 0.275103       │
│ train/reward_pert1_trait1_count       │ 14             │
│ train/reward_pert1_trait1_mean        │ -0.060812      │
│ train/train/clock_cycle:unique        │ 8679033.000000 │
│ train/train/loss:sum                  │ -908.664585    │
│ train/train/ppo_clipped_fraction:mean │ 0.150332       │
│ train/train/ppo_kl_div:mean           │ 0.608931       │
│ train/train/ppo_mean_ratio:mean       │ 0.882019       │
└───────────────────────────────────────┴────────────────┘
tinker_cookbook.utils.ml_log:192 [INFO] Wrote metrics to logs/sweep-rollouts/llama-rlct-nr128/metrics.jsonl
tinker_cookbook.utils.ml_log:265 [INFO] 
               Step 57               
┏━━━━━━━━━━━━━━━━━━━━━━━━━━━┳━━━━━━━┓
┃ Metric                    ┃ Value ┃
┡━━━━━━━━━━━━━━━━━━━━━━━━━━━╇━━━━━━━┩
│ train/skipped_empty_batch │ 1     │
└───────────────────────────┴───────┘
tinker_cookbook.utils.ml_log:192 [INFO] Wrote metrics to logs/sweep-rollouts/llama-rlct-nr128/metrics.jsonl
tinker_cookbook.utils.ml_log:265 [INFO] 
               Step 58               
┏━━━━━━━━━━━━━━━━━━━━━━━━━━━┳━━━━━━━┓
┃ Metric                    ┃ Value ┃
┡━━━━━━━━━━━━━━━━━━━━━━━━━━━╇━━━━━━━┩
│ train/skipped_empty_batch │ 1     │
└───────────────────────────┴───────┘
tinker_cookbook.utils.ml_log:192 [INFO] Wrote metrics to logs/sweep-rollouts/llama-rlct-nr128/metrics.jsonl
tinker_cookbook.utils.ml_log:265 [INFO] 
               Step 59               
┏━━━━━━━━━━━━━━━━━━━━━━━━━━━┳━━━━━━━┓
┃ Metric                    ┃ Value ┃
┡━━━━━━━━━━━━━━━━━━━━━━━━━━━╇━━━━━━━┩
│ train/skipped_empty_batch │ 1     │
└───────────────────────────┴───────┘
tinker_cookbook.utils.ml_log:192 [INFO] Wrote metrics to logs/sweep-rollouts/llama-rlct-nr128/metrics.jsonl
tinker_cookbook.utils.ml_log:265 [INFO] 
                         Step 60                          
┏━━━━━━━━━━━━━━━━━━━━━━━━━━━━━━━━━━━━━━━┳━━━━━━━━━━━━━━━━┓
┃ Metric                                ┃ Value          ┃
┡━━━━━━━━━━━━━━━━━━━━━━━━━━━━━━━━━━━━━━━╇━━━━━━━━━━━━━━━━┩
│ optim/entropy                         │ 2.203872       │
│ optim/kl_sample_train_v1              │ 0.000524       │
│ optim/kl_sample_train_v2              │ 0.000552       │
│ train/advantage_abs_mean              │ 0.450787       │
│ train/anchor_reward_mean              │ -0.000000      │
│ train/anchor_reward_std               │ 0.001437       │
│ train/avg_response_length             │ 403.609929     │
│ train/consistency_gap_1               │ 0.207675       │
│ train/consistency_reward_mean         │ 0.008759       │
│ train/consistency_reward_std          │ 0.103023       │
│ train/epoch                           │ 0              │
│ train/kl_policy_base                  │ 0.034296       │
│ train/n_anchor_rollouts               │ 125            │
│ train/n_consistency_rollouts          │ 16             │
│ train/n_ref_parsed                    │ 125            │
│ train/n_training_parsed               │ 123            │
│ train/p_hat_1                         │ 0.479675       │
│ train/p_ref                           │ 0.272000       │
│ train/p_ref_drift                     │ -0.003229      │
│ train/p_ref_init                      │ 0.275229       │
│ train/parse_rate                      │ 0.968750       │
│ train/rate_var                        │ 0.010782       │
│ train/reward_pert0_trait0_count       │ 91             │
│ train/reward_pert0_trait0_mean        │ -0.000878      │
│ train/reward_pert0_trait1_count       │ 34             │
│ train/reward_pert0_trait1_mean        │ 0.002351       │
│ train/reward_pert1_trait0_count       │ 9              │
│ train/reward_pert1_trait0_mean        │ 0.099616       │
│ train/reward_pert1_trait1_count       │ 7              │
│ train/reward_pert1_trait1_mean        │ -0.108058      │
│ train/train/clock_cycle:unique        │ 8679038.000000 │
│ train/train/loss:sum                  │ 1550.531502    │
│ train/train/ppo_clipped_fraction:mean │ 0.201618       │
│ train/train/ppo_kl_div:mean           │ 0.623645       │
│ train/train/ppo_mean_ratio:mean       │ 0.842253       │
└───────────────────────────────────────┴────────────────┘
root:654 [INFO] Command line invocation: scripts/tinker_training/train_rl.py --model meta-llama/Llama-3.1-8B-Instruct --experiment-name sweep-rollouts --run-name llama-rlct-nr128 --bias-types suggested_answer --datasets mmlu --n-datapoints 100 --lora-rank 8 --kl-coef 0.05 --anchor-weight 0.5 --loss-fn ppo --n-ref-rollouts 128 --n-train-rollouts 128 --n-consistency-rollouts 16 --refresh-every 1 --checkpoint-every 25 -y
tinker_cookbook.utils.ml_log:592 [INFO] Logging to: logs/sweep-rollouts/llama-rlct-nr128
tinker_cookbook.utils.ml_log:265 [INFO] 
Configuration:
  git: {'git_sha': '805c2833db224d35988f5e2311dd9512bd71fdca', 'git_branch': 
'reasoning-history-last-fix', 'git_dirty': True, 'git_dirt ...     "hatch": 
"//",\n+      "edgecolor": "black",\n+      "training_biases": []\n     }\n   
}\n }\n\\ No newline at end of file'}
tinker_cookbook.utils.ml_log:265 [INFO] 
Configuration:
  n_datapoints: 100
  total_steps: 100
  n_perturbations: 2
  base_lr: 0.0002856415043086949
tinker_cookbook.utils.ml_log:192 [INFO] Wrote metrics to logs/sweep-rollouts/llama-rlct-nr128/metrics.jsonl
tinker_cookbook.utils.ml_log:265 [INFO] 
               Step 1                
┏━━━━━━━━━━━━━━━━━━━━━━━━━━━┳━━━━━━━┓
┃ Metric                    ┃ Value ┃
┡━━━━━━━━━━━━━━━━━━━━━━━━━━━╇━━━━━━━┩
│ train/skipped_empty_batch │ 1     │
└───────────────────────────┴───────┘
tinker_cookbook.utils.ml_log:192 [INFO] Wrote metrics to logs/sweep-rollouts/llama-rlct-nr128/metrics.jsonl
tinker_cookbook.utils.ml_log:265 [INFO] 
                          Step 2                          
┏━━━━━━━━━━━━━━━━━━━━━━━━━━━━━━━━━━━━━━━┳━━━━━━━━━━━━━━━━┓
┃ Metric                                ┃ Value          ┃
┡━━━━━━━━━━━━━━━━━━━━━━━━━━━━━━━━━━━━━━━╇━━━━━━━━━━━━━━━━┩
│ optim/entropy                         │ 4.473429       │
│ optim/kl_sample_train_v1              │ 0.000417       │
│ optim/kl_sample_train_v2              │ 0.000455       │
│ train/advantage_abs_mean              │ 0.355358       │
│ train/anchor_reward_mean              │ 0.000000       │
│ train/anchor_reward_std               │ 0.037400       │
│ train/avg_response_length             │ 585.884058     │
│ train/consistency_gap_1               │ 0.067443       │
│ train/consistency_reward_mean         │ -0.002292      │
│ train/consistency_reward_std          │ 0.016325       │
│ train/epoch                           │ 0              │
│ train/kl_policy_base                  │ 0.000328       │
│ train/n_anchor_rollouts               │ 122            │
│ train/n_consistency_rollouts          │ 16             │
│ train/n_ref_parsed                    │ 122            │
│ train/n_training_parsed               │ 114            │
│ train/p_hat_1                         │ 0.903509       │
│ train/p_ref                           │ 0.836066       │
│ train/p_ref_drift                     │ 0.101023       │
│ train/p_ref_init                      │ 0.735043       │
│ train/parse_rate                      │ 0.921875       │
│ train/rate_var                        │ 0.001137       │
│ train/reward_pert0_trait0_count       │ 20             │
│ train/reward_pert0_trait0_mean        │ 0.084462       │
│ train/reward_pert0_trait1_count       │ 102            │
│ train/reward_pert0_trait1_mean        │ -0.016561      │
│ train/reward_pert1_trait0_count       │ 1              │
│ train/reward_pert1_trait0_mean        │ 0.060936       │
│ train/reward_pert1_trait1_count       │ 15             │
│ train/reward_pert1_trait1_mean        │ -0.006508      │
│ train/train/clock_cycle:unique        │ 1644474.000000 │
│ train/train/loss:sum                  │ -10461.212448  │
│ train/train/ppo_clipped_fraction:mean │ 0.114868       │
│ train/train/ppo_kl_div:mean           │ 0.399506       │
│ train/train/ppo_mean_ratio:mean       │ 0.909414       │
└───────────────────────────────────────┴────────────────┘
tinker_cookbook.utils.ml_log:192 [INFO] Wrote metrics to logs/sweep-rollouts/llama-rlct-nr128/metrics.jsonl
tinker_cookbook.utils.ml_log:265 [INFO] 
                          Step 3                          
┏━━━━━━━━━━━━━━━━━━━━━━━━━━━━━━━━━━━━━━━┳━━━━━━━━━━━━━━━━┓
┃ Metric                                ┃ Value          ┃
┡━━━━━━━━━━━━━━━━━━━━━━━━━━━━━━━━━━━━━━━╇━━━━━━━━━━━━━━━━┩
│ optim/entropy                         │ 0.957074       │
│ optim/kl_sample_train_v1              │ 0.000830       │
│ optim/kl_sample_train_v2              │ 0.000716       │
│ train/advantage_abs_mean              │ 0.449487       │
│ train/anchor_reward_mean              │ 0.000000       │
│ train/anchor_reward_std               │ 0.009838       │
│ train/avg_response_length             │ 355.537879     │
│ train/consistency_gap_1               │ 0.236824       │
│ train/consistency_reward_mean         │ 0.000963       │
│ train/consistency_reward_std          │ 0.118412       │
│ train/epoch                           │ 0              │
│ train/kl_policy_base                  │ 0.001355       │
│ train/n_anchor_rollouts               │ 116            │
│ train/n_consistency_rollouts          │ 16             │
│ train/n_ref_parsed                    │ 116            │
│ train/n_training_parsed               │ 123            │
│ train/p_hat_1                         │ 0.504065       │
│ train/p_ref                           │ 0.267241       │
│ train/p_ref_drift                     │ -0.022232      │
│ train/p_ref_init                      │ 0.289474       │
│ train/parse_rate                      │ 0.933594       │
│ train/rate_var                        │ 0.014021       │
│ train/reward_pert0_trait0_count       │ 85             │
│ train/reward_pert0_trait0_mean        │ -0.005941      │
│ train/reward_pert0_trait1_count       │ 31             │
│ train/reward_pert0_trait1_mean        │ 0.016291       │
│ train/reward_pert1_trait0_count       │ 8              │
│ train/reward_pert1_trait0_mean        │ 0.119375       │
│ train/reward_pert1_trait1_count       │ 8              │
│ train/reward_pert1_trait1_mean        │ -0.117449      │
│ train/train/clock_cycle:unique        │ 1644483.000000 │
│ train/train/loss:sum                  │ -1453.127193   │
│ train/train/ppo_clipped_fraction:mean │ 0.319749       │
│ train/train/ppo_kl_div:mean           │ 1.080737       │
│ train/train/ppo_mean_ratio:mean       │ 0.744749       │
└───────────────────────────────────────┴────────────────┘
tinker_cookbook.utils.ml_log:192 [INFO] Wrote metrics to logs/sweep-rollouts/llama-rlct-nr128/metrics.jsonl
tinker_cookbook.utils.ml_log:265 [INFO] 
                          Step 4                          
┏━━━━━━━━━━━━━━━━━━━━━━━━━━━━━━━━━━━━━━━┳━━━━━━━━━━━━━━━━┓
┃ Metric                                ┃ Value          ┃
┡━━━━━━━━━━━━━━━━━━━━━━━━━━━━━━━━━━━━━━━╇━━━━━━━━━━━━━━━━┩
│ optim/entropy                         │ 6.584517       │
│ optim/kl_sample_train_v1              │ 0.000497       │
│ optim/kl_sample_train_v2              │ 0.000589       │
│ train/advantage_abs_mean              │ 0.348262       │
│ train/anchor_reward_mean              │ 0.000000       │
│ train/anchor_reward_std               │ 0.012072       │
│ train/avg_response_length             │ 1812.185841    │
│ train/consistency_gap_1               │ 0.178372       │
│ train/consistency_reward_mean         │ -0.001858      │
│ train/consistency_reward_std          │ 0.082678       │
│ train/epoch                           │ 0              │
│ train/kl_policy_base                  │ 0.003898       │
│ train/n_anchor_rollouts               │ 97             │
│ train/n_consistency_rollouts          │ 16             │
│ train/n_ref_parsed                    │ 97             │
│ train/n_training_parsed               │ 96             │
│ train/p_hat_1                         │ 0.302083       │
│ train/p_ref                           │ 0.123711       │
│ train/p_ref_drift                     │ -0.036666      │
│ train/p_ref_init                      │ 0.160377       │
│ train/parse_rate                      │ 0.753906       │
│ train/rate_var                        │ 0.007954       │
│ train/reward_pert0_trait0_count       │ 85             │
│ train/reward_pert0_trait0_mean        │ -0.004536      │
│ train/reward_pert0_trait1_count       │ 12             │
│ train/reward_pert0_trait1_mean        │ 0.032130       │
│ train/reward_pert1_trait0_count       │ 11             │
│ train/reward_pert1_trait0_mean        │ 0.053883       │
│ train/reward_pert1_trait1_count       │ 5              │
│ train/reward_pert1_trait1_mean        │ -0.124489      │
│ train/train/clock_cycle:unique        │ 1644506.000000 │
│ train/train/clock_cycle:unique_1      │ 1644507.000000 │
│ train/train/loss:sum                  │ -1039.698238   │
│ train/train/ppo_clipped_fraction:mean │ 0.047387       │
│ train/train/ppo_kl_div:mean           │ 0.167938       │
│ train/train/ppo_mean_ratio:mean       │ 0.963101       │
└───────────────────────────────────────┴────────────────┘
tinker_cookbook.utils.ml_log:192 [INFO] Wrote metrics to logs/sweep-rollouts/llama-rlct-nr128/metrics.jsonl
tinker_cookbook.utils.ml_log:265 [INFO] 
                          Step 5                          
┏━━━━━━━━━━━━━━━━━━━━━━━━━━━━━━━━━━━━━━━┳━━━━━━━━━━━━━━━━┓
┃ Metric                                ┃ Value          ┃
┡━━━━━━━━━━━━━━━━━━━━━━━━━━━━━━━━━━━━━━━╇━━━━━━━━━━━━━━━━┩
│ optim/entropy                         │ 1.503381       │
│ optim/kl_sample_train_v1              │ 0.000501       │
│ optim/kl_sample_train_v2              │ 0.000659       │
│ train/advantage_abs_mean              │ 0.125543       │
│ train/anchor_reward_mean              │ 0.000000       │
│ train/anchor_reward_std               │ 0.000748       │
│ train/avg_response_length             │ 421.131387     │
│ train/consistency_gap_1               │ 0.050069       │
│ train/consistency_reward_mean         │ -0.006467      │
│ train/consistency_reward_std          │ 0.019542       │
│ train/epoch                           │ 0              │
│ train/kl_policy_base                  │ 0.005786       │
│ train/n_anchor_rollouts               │ 121            │
│ train/n_consistency_rollouts          │ 16             │
│ train/n_ref_parsed                    │ 121            │
│ train/n_training_parsed               │ 120            │
│ train/p_hat_1                         │ 0.058333       │
│ train/p_ref                           │ 0.008264       │
│ train/p_ref_drift                     │ 0.008264       │
│ train/p_ref_init                      │ 0.000000       │
│ train/parse_rate                      │ 0.941406       │
│ train/rate_var                        │ 0.000627       │
│ train/reward_pert0_trait0_count       │ 120            │
│ train/reward_pert0_trait0_mean        │ 0.000068       │
│ train/reward_pert0_trait1_count       │ 1              │
│ train/reward_pert0_trait1_mean        │ -0.008196      │
│ train/reward_pert1_trait0_count       │ 13             │
│ train/reward_pert1_trait0_mean        │ 0.002921       │
│ train/reward_pert1_trait1_count       │ 3              │
│ train/reward_pert1_trait1_mean        │ -0.047148      │
│ train/train/clock_cycle:unique        │ 1644512.000000 │
│ train/train/loss:sum                  │ -169.817642    │
│ train/train/ppo_clipped_fraction:mean │ 0.132630       │
│ train/train/ppo_kl_div:mean           │ 0.590249       │
│ train/train/ppo_mean_ratio:mean       │ 0.890137       │
└───────────────────────────────────────┴────────────────┘
tinker_cookbook.utils.ml_log:192 [INFO] Wrote metrics to logs/sweep-rollouts/llama-rlct-nr128/metrics.jsonl
tinker_cookbook.utils.ml_log:265 [INFO] 
                          Step 6                          
┏━━━━━━━━━━━━━━━━━━━━━━━━━━━━━━━━━━━━━━━┳━━━━━━━━━━━━━━━━┓
┃ Metric                                ┃ Value          ┃
┡━━━━━━━━━━━━━━━━━━━━━━━━━━━━━━━━━━━━━━━╇━━━━━━━━━━━━━━━━┩
│ optim/entropy                         │ 2.016536       │
│ optim/kl_sample_train_v1              │ 0.001039       │
│ optim/kl_sample_train_v2              │ 0.000815       │
│ train/advantage_abs_mean              │ 0.486860       │
│ train/anchor_reward_mean              │ -0.000000      │
│ train/anchor_reward_std               │ 0.000302       │
│ train/avg_response_length             │ 641.288889     │
│ train/consistency_gap_1               │ 0.269653       │
│ train/consistency_reward_mean         │ -0.008155      │
│ train/consistency_reward_std          │ 0.105249       │
│ train/epoch                           │ 0              │
│ train/kl_policy_base                  │ 0.007430       │
│ train/n_anchor_rollouts               │ 119            │
│ train/n_consistency_rollouts          │ 16             │
│ train/n_ref_parsed                    │ 119            │
│ train/n_training_parsed               │ 124            │
│ train/p_hat_1                         │ 0.782258       │
│ train/p_ref                           │ 0.512605       │
│ train/p_ref_drift                     │ 0.000605       │
│ train/p_ref_init                      │ 0.512000       │
│ train/parse_rate                      │ 0.949219       │
│ train/rate_var                        │ 0.018178       │
│ train/reward_pert0_trait0_count       │ 58             │
│ train/reward_pert0_trait0_mean        │ 0.000310       │
│ train/reward_pert0_trait1_count       │ 61             │
│ train/reward_pert0_trait1_mean        │ -0.000295      │
│ train/reward_pert1_trait0_count       │ 3              │
│ train/reward_pert1_trait0_mean        │ 0.210938       │
│ train/reward_pert1_trait1_count       │ 13             │
│ train/reward_pert1_trait1_mean        │ -0.058715      │
│ train/train/clock_cycle:unique        │ 1644515.000000 │
│ train/train/clock_cycle:unique_1      │ 1644516.000000 │
│ train/train/loss:sum                  │ -2008.069733   │
│ train/train/ppo_clipped_fraction:mean │ 0.267592       │
│ train/train/ppo_kl_div:mean           │ 0.806960       │
│ train/train/ppo_mean_ratio:mean       │ 0.793088       │
└───────────────────────────────────────┴────────────────┘
tinker_cookbook.utils.ml_log:192 [INFO] Wrote metrics to logs/sweep-rollouts/llama-rlct-nr128/metrics.jsonl
tinker_cookbook.utils.ml_log:265 [INFO] 
                          Step 7                          
┏━━━━━━━━━━━━━━━━━━━━━━━━━━━━━━━━━━━━━━━┳━━━━━━━━━━━━━━━━┓
┃ Metric                                ┃ Value          ┃
┡━━━━━━━━━━━━━━━━━━━━━━━━━━━━━━━━━━━━━━━╇━━━━━━━━━━━━━━━━┩
│ optim/entropy                         │ 2.546387       │
│ optim/kl_sample_train_v1              │ 0.000656       │
│ optim/kl_sample_train_v2              │ 0.000617       │
│ train/advantage_abs_mean              │ 0.251261       │
│ train/anchor_reward_mean              │ 0.000000       │
│ train/anchor_reward_std               │ 0.007656       │
│ train/avg_response_length             │ 490.208955     │
│ train/consistency_gap_1               │ 0.125153       │
│ train/consistency_reward_mean         │ -0.024905      │
│ train/consistency_reward_std          │ 0.060589       │
│ train/epoch                           │ 0              │
│ train/kl_policy_base                  │ 0.005479       │
│ train/n_anchor_rollouts               │ 118            │
│ train/n_consistency_rollouts          │ 16             │
│ train/n_ref_parsed                    │ 118            │
│ train/n_training_parsed               │ 125            │
│ train/p_hat_1                         │ 0.176000       │
│ train/p_ref                           │ 0.050847       │
│ train/p_ref_drift                     │ 0.034847       │
│ train/p_ref_init                      │ 0.016000       │
│ train/parse_rate                      │ 0.949219       │
│ train/rate_var                        │ 0.003916       │
│ train/reward_pert0_trait0_count       │ 112            │
│ train/reward_pert0_trait0_mean        │ 0.001772       │
│ train/reward_pert0_trait1_count       │ 6              │
│ train/reward_pert0_trait1_mean        │ -0.033076      │
│ train/reward_pert1_trait0_count       │ 10             │
│ train/reward_pert1_trait0_mean        │ 0.022027       │
│ train/reward_pert1_trait1_count       │ 6              │
│ train/reward_pert1_trait1_mean        │ -0.103126      │
│ train/train/clock_cycle:unique        │ 1644527.000000 │
│ train/train/loss:sum                  │ -1042.781349   │
│ train/train/ppo_clipped_fraction:mean │ 0.132170       │
│ train/train/ppo_kl_div:mean           │ 0.530026       │
│ train/train/ppo_mean_ratio:mean       │ 0.892411       │
└───────────────────────────────────────┴────────────────┘
tinker_cookbook.utils.ml_log:192 [INFO] Wrote metrics to logs/sweep-rollouts/llama-rlct-nr128/metrics.jsonl
tinker_cookbook.utils.ml_log:265 [INFO] 
                          Step 8                          
┏━━━━━━━━━━━━━━━━━━━━━━━━━━━━━━━━━━━━━━━┳━━━━━━━━━━━━━━━━┓
┃ Metric                                ┃ Value          ┃
┡━━━━━━━━━━━━━━━━━━━━━━━━━━━━━━━━━━━━━━━╇━━━━━━━━━━━━━━━━┩
│ optim/entropy                         │ 1.245530       │
│ optim/kl_sample_train_v1              │ 0.000378       │
│ optim/kl_sample_train_v2              │ 0.000602       │
│ train/advantage_abs_mean              │ 0.252517       │
│ train/anchor_reward_mean              │ 0.000000       │
│ train/anchor_reward_std               │ 0.021666       │
│ train/avg_response_length             │ 261.043165     │
│ train/consistency_gap_1               │ 0.862950       │
│ train/consistency_reward_mean         │ -0.041093      │
│ train/consistency_reward_std          │ 0.000000       │
│ train/epoch                           │ 0              │
│ train/kl_policy_base                  │ 0.007396       │
│ train/n_anchor_rollouts               │ 123            │
│ train/n_consistency_rollouts          │ 16             │
│ train/n_ref_parsed                    │ 123            │
│ train/n_training_parsed               │ 126            │
│ train/p_hat_1                         │ 0.952381       │
│ train/p_ref                           │ 0.089431       │
│ train/p_ref_drift                     │ -0.075923      │
│ train/p_ref_init                      │ 0.165354       │
│ train/parse_rate                      │ 0.972656       │
│ train/rate_var                        │ 0.186171       │
│ train/reward_pert0_trait0_count       │ 112            │
│ train/reward_pert0_trait0_mean        │ -0.006790      │
│ train/reward_pert0_trait1_count       │ 11             │
│ train/reward_pert0_trait1_mean        │ 0.069134       │
│ train/reward_pert1_trait1_count       │ 16             │
│ train/reward_pert1_trait1_mean        │ -0.041093      │
│ train/train/clock_cycle:unique        │ 1644530.000000 │
│ train/train/loss:sum                  │ 246.557606     │
│ train/train/ppo_clipped_fraction:mean │ 0.267175       │
│ train/train/ppo_kl_div:mean           │ 1.132470       │
│ train/train/ppo_mean_ratio:mean       │ 0.775975       │
└───────────────────────────────────────┴────────────────┘
tinker_cookbook.utils.ml_log:192 [INFO] Wrote metrics to logs/sweep-rollouts/llama-rlct-nr128/metrics.jsonl
tinker_cookbook.utils.ml_log:265 [INFO] 
                          Step 9                          
┏━━━━━━━━━━━━━━━━━━━━━━━━━━━━━━━━━━━━━━━┳━━━━━━━━━━━━━━━━┓
┃ Metric                                ┃ Value          ┃
┡━━━━━━━━━━━━━━━━━━━━━━━━━━━━━━━━━━━━━━━╇━━━━━━━━━━━━━━━━┩
│ optim/entropy                         │ 4.747966       │
│ optim/kl_sample_train_v1              │ 0.000663       │
│ optim/kl_sample_train_v2              │ 0.000751       │
│ train/advantage_abs_mean              │ 0.360986       │
│ train/anchor_reward_mean              │ 0.000000       │
│ train/anchor_reward_std               │ 0.003010       │
│ train/avg_response_length             │ 1616.061947    │
│ train/consistency_gap_1               │ 0.192066       │
│ train/consistency_reward_mean         │ -0.009395      │
│ train/consistency_reward_std          │ 0.092984       │
│ train/epoch                           │ 0              │
│ train/kl_policy_base                  │ 0.006323       │
│ train/n_anchor_rollouts               │ 97             │
│ train/n_consistency_rollouts          │ 16             │
│ train/n_ref_parsed                    │ 97             │
│ train/n_training_parsed               │ 92             │
│ train/p_hat_1                         │ 0.326087       │
│ train/p_ref                           │ 0.134021       │
│ train/p_ref_drift                     │ -0.008837      │
│ train/p_ref_init                      │ 0.142857       │
│ train/parse_rate                      │ 0.738281       │
│ train/rate_var                        │ 0.009222       │
│ train/reward_pert0_trait0_count       │ 84             │
│ train/reward_pert0_trait0_mean        │ -0.001184      │
│ train/reward_pert0_trait1_count       │ 13             │
│ train/reward_pert0_trait1_mean        │ 0.007652       │
│ train/reward_pert1_trait0_count       │ 10             │
│ train/reward_pert1_trait0_mean        │ 0.062630       │
│ train/reward_pert1_trait1_count       │ 6              │
│ train/reward_pert1_trait1_mean        │ -0.129436      │
│ train/train/clock_cycle:unique        │ 1644554.000000 │
│ train/train/clock_cycle:unique_1      │ 1644555.000000 │
│ train/train/loss:sum                  │ 10173.115515   │
│ train/train/ppo_clipped_fraction:mean │ 0.083527       │
│ train/train/ppo_kl_div:mean           │ 0.267710       │
│ train/train/ppo_mean_ratio:mean       │ 0.935381       │
└───────────────────────────────────────┴────────────────┘
tinker_cookbook.utils.ml_log:192 [INFO] Wrote metrics to logs/sweep-rollouts/llama-rlct-nr128/metrics.jsonl
tinker_cookbook.utils.ml_log:265 [INFO] 
               Step 10               
┏━━━━━━━━━━━━━━━━━━━━━━━━━━━┳━━━━━━━┓
┃ Metric                    ┃ Value ┃
┡━━━━━━━━━━━━━━━━━━━━━━━━━━━╇━━━━━━━┩
│ train/skipped_empty_batch │ 1     │
└───────────────────────────┴───────┘
tinker_cookbook.utils.ml_log:192 [INFO] Wrote metrics to logs/sweep-rollouts/llama-rlct-nr128/metrics.jsonl
tinker_cookbook.utils.ml_log:265 [INFO] 
                         Step 11                          
┏━━━━━━━━━━━━━━━━━━━━━━━━━━━━━━━━━━━━━━━┳━━━━━━━━━━━━━━━━┓
┃ Metric                                ┃ Value          ┃
┡━━━━━━━━━━━━━━━━━━━━━━━━━━━━━━━━━━━━━━━╇━━━━━━━━━━━━━━━━┩
│ optim/entropy                         │ 3.199047       │
│ optim/kl_sample_train_v1              │ 0.000904       │
│ optim/kl_sample_train_v2              │ 0.001035       │
│ train/advantage_abs_mean              │ 0.466700       │
│ train/anchor_reward_mean              │ -0.000000      │
│ train/anchor_reward_std               │ 0.050196       │
│ train/avg_response_length             │ 420.916031     │
│ train/consistency_gap_1               │ 0.316916       │
│ train/consistency_reward_mean         │ -0.015480      │
│ train/consistency_reward_std          │ 0.146895       │
│ train/epoch                           │ 0              │
│ train/kl_policy_base                  │ 0.025333       │
│ train/n_anchor_rollouts               │ 115            │
│ train/n_consistency_rollouts          │ 16             │
│ train/n_ref_parsed                    │ 115            │
│ train/n_training_parsed               │ 119            │
│ train/p_hat_1                         │ 0.638655       │
│ train/p_ref                           │ 0.321739       │
│ train/p_ref_drift                     │ 0.107453       │
│ train/p_ref_init                      │ 0.214286       │
│ train/parse_rate                      │ 0.914062       │
│ train/rate_var                        │ 0.025109       │
│ train/reward_pert0_trait0_count       │ 78             │
│ train/reward_pert0_trait0_mean        │ 0.034572       │
│ train/reward_pert0_trait1_count       │ 37             │
│ train/reward_pert0_trait1_mean        │ -0.072881      │
│ train/reward_pert1_trait0_count       │ 5              │
│ train/reward_pert1_trait0_mean        │ 0.202400       │
│ train/reward_pert1_trait1_count       │ 11             │
│ train/reward_pert1_trait1_mean        │ -0.114516      │
│ train/train/clock_cycle:unique        │ 1644566.000000 │
│ train/train/loss:sum                  │ -2384.520290   │
│ train/train/ppo_clipped_fraction:mean │ 0.351903       │
│ train/train/ppo_kl_div:mean           │ 1.021400       │
│ train/train/ppo_mean_ratio:mean       │ 0.730319       │
└───────────────────────────────────────┴────────────────┘
tinker_cookbook.utils.ml_log:192 [INFO] Wrote metrics to logs/sweep-rollouts/llama-rlct-nr128/metrics.jsonl
tinker_cookbook.utils.ml_log:265 [INFO] 
                         Step 12                          
┏━━━━━━━━━━━━━━━━━━━━━━━━━━━━━━━━━━━━━━━┳━━━━━━━━━━━━━━━━┓
┃ Metric                                ┃ Value          ┃
┡━━━━━━━━━━━━━━━━━━━━━━━━━━━━━━━━━━━━━━━╇━━━━━━━━━━━━━━━━┩
│ optim/entropy                         │ 2.814498       │
│ optim/kl_sample_train_v1              │ 0.000711       │
│ optim/kl_sample_train_v2              │ 0.000653       │
│ train/advantage_abs_mean              │ 0.249144       │
│ train/anchor_reward_mean              │ 0.000000       │
│ train/anchor_reward_std               │ 0.005229       │
│ train/avg_response_length             │ 471.028986     │
│ train/consistency_gap_1               │ 0.611837       │
│ train/consistency_reward_mean         │ 0.098516       │
│ train/consistency_reward_std          │ 0.305918       │
│ train/epoch                           │ 0              │
│ train/kl_policy_base                  │ 0.006700       │
│ train/n_anchor_rollouts               │ 122            │
│ train/n_consistency_rollouts          │ 16             │
│ train/n_ref_parsed                    │ 122            │
│ train/n_training_parsed               │ 118            │
│ train/p_hat_1                         │ 0.661017       │
│ train/p_ref                           │ 0.049180       │
│ train/p_ref_drift                     │ 0.024180       │
│ train/p_ref_init                      │ 0.025000       │
│ train/parse_rate                      │ 0.937500       │
│ train/rate_var                        │ 0.093586       │
│ train/reward_pert0_trait0_count       │ 116            │
│ train/reward_pert0_trait0_mean        │ 0.001189       │
│ train/reward_pert0_trait1_count       │ 6              │
│ train/reward_pert0_trait1_mean        │ -0.022991      │
│ train/reward_pert1_trait0_count       │ 8              │
│ train/reward_pert1_trait0_mean        │ 0.404434       │
│ train/reward_pert1_trait1_count       │ 8              │
│ train/reward_pert1_trait1_mean        │ -0.207402      │
│ train/train/clock_cycle:unique        │ 1644581.000000 │
│ train/train/loss:sum                  │ 525.774343     │
│ train/train/ppo_clipped_fraction:mean │ 0.129588       │
│ train/train/ppo_kl_div:mean           │ 0.583850       │
│ train/train/ppo_mean_ratio:mean       │ 0.891340       │
└───────────────────────────────────────┴────────────────┘
tinker_cookbook.utils.ml_log:192 [INFO] Wrote metrics to logs/sweep-rollouts/llama-rlct-nr128/metrics.jsonl
tinker_cookbook.utils.ml_log:265 [INFO] 
                         Step 13                          
┏━━━━━━━━━━━━━━━━━━━━━━━━━━━━━━━━━━━━━━━┳━━━━━━━━━━━━━━━━┓
┃ Metric                                ┃ Value          ┃
┡━━━━━━━━━━━━━━━━━━━━━━━━━━━━━━━━━━━━━━━╇━━━━━━━━━━━━━━━━┩
│ optim/entropy                         │ 2.319240       │
│ optim/kl_sample_train_v1              │ 0.000404       │
│ optim/kl_sample_train_v2              │ 0.000513       │
│ train/advantage_abs_mean              │ 0.118054       │
│ train/anchor_reward_mean              │ -0.000000      │
│ train/anchor_reward_std               │ 0.000032       │
│ train/avg_response_length             │ 398.739130     │
│ train/consistency_gap_1               │ 0.068726       │
│ train/consistency_reward_mean         │ -0.003304      │
│ train/consistency_reward_std          │ 0.022729       │
│ train/epoch                           │ 0              │
│ train/kl_policy_base                  │ 0.011470       │
│ train/n_anchor_rollouts               │ 122            │
│ train/n_consistency_rollouts          │ 16             │
│ train/n_ref_parsed                    │ 122            │
│ train/n_training_parsed               │ 117            │
│ train/p_hat_1                         │ 0.076923       │
│ train/p_ref                           │ 0.008197       │
│ train/p_ref_drift                     │ -0.000350      │
│ train/p_ref_init                      │ 0.008547       │
│ train/parse_rate                      │ 0.933594       │
│ train/rate_var                        │ 0.001181       │
│ train/reward_pert0_trait0_count       │ 121            │
│ train/reward_pert0_trait0_mean        │ -0.000003      │
│ train/reward_pert0_trait1_count       │ 1              │
│ train/reward_pert0_trait1_mean        │ 0.000347       │
│ train/reward_pert1_trait0_count       │ 14             │
│ train/reward_pert1_trait0_mean        │ 0.005287       │
│ train/reward_pert1_trait1_count       │ 2              │
│ train/reward_pert1_trait1_mean        │ -0.063440      │
│ train/train/clock_cycle:unique        │ 1644590.000000 │
│ train/train/loss:sum                  │ 242.727849     │
│ train/train/ppo_clipped_fraction:mean │ 0.158799       │
│ train/train/ppo_kl_div:mean           │ 0.609455       │
│ train/train/ppo_mean_ratio:mean       │ 0.872530       │
└───────────────────────────────────────┴────────────────┘
tinker_cookbook.utils.ml_log:192 [INFO] Wrote metrics to logs/sweep-rollouts/llama-rlct-nr128/metrics.jsonl
tinker_cookbook.utils.ml_log:265 [INFO] 
                         Step 14                          
┏━━━━━━━━━━━━━━━━━━━━━━━━━━━━━━━━━━━━━━━┳━━━━━━━━━━━━━━━━┓
┃ Metric                                ┃ Value          ┃
┡━━━━━━━━━━━━━━━━━━━━━━━━━━━━━━━━━━━━━━━╇━━━━━━━━━━━━━━━━┩
│ optim/entropy                         │ 0.917295       │
│ optim/kl_sample_train_v1              │ 0.000578       │
│ optim/kl_sample_train_v2              │ 0.000678       │
│ train/advantage_abs_mean              │ 0.434307       │
│ train/anchor_reward_mean              │ -0.000000      │
│ train/anchor_reward_std               │ 0.108683       │
│ train/avg_response_length             │ 387.723404     │
│ train/consistency_gap_1               │ 0.334959       │
│ train/consistency_reward_mean         │ -0.021786      │
│ train/consistency_reward_std          │ 0.000000       │
│ train/epoch                           │ 0              │
│ train/kl_policy_base                  │ 0.027728       │
│ train/n_anchor_rollouts               │ 125            │
│ train/n_consistency_rollouts          │ 16             │
│ train/n_ref_parsed                    │ 125            │
│ train/n_training_parsed               │ 123            │
│ train/p_hat_1                         │ 0.934959       │
│ train/p_ref                           │ 0.600000       │
│ train/p_ref_drift                     │ 0.221849       │
│ train/p_ref_init                      │ 0.378151       │
│ train/parse_rate                      │ 0.968750       │
│ train/rate_var                        │ 0.028049       │
│ train/reward_pert0_trait0_count       │ 50             │
│ train/reward_pert0_trait0_mean        │ 0.133109       │
│ train/reward_pert0_trait1_count       │ 75             │
│ train/reward_pert0_trait1_mean        │ -0.088739      │
│ train/reward_pert1_trait1_count       │ 16             │
│ train/reward_pert1_trait1_mean        │ -0.021786      │
│ train/train/clock_cycle:unique        │ 1644596.000000 │
│ train/train/loss:sum                  │ -1398.092751   │
│ train/train/ppo_clipped_fraction:mean │ 0.316790       │
│ train/train/ppo_kl_div:mean           │ 0.893467       │
│ train/train/ppo_mean_ratio:mean       │ 0.753297       │
└───────────────────────────────────────┴────────────────┘
tinker_cookbook.utils.ml_log:192 [INFO] Wrote metrics to logs/sweep-rollouts/llama-rlct-nr128/metrics.jsonl
tinker_cookbook.utils.ml_log:265 [INFO] 
               Step 15               
┏━━━━━━━━━━━━━━━━━━━━━━━━━━━┳━━━━━━━┓
┃ Metric                    ┃ Value ┃
┡━━━━━━━━━━━━━━━━━━━━━━━━━━━╇━━━━━━━┩
│ train/skipped_empty_batch │ 1     │
└───────────────────────────┴───────┘
tinker_cookbook.utils.ml_log:192 [INFO] Wrote metrics to logs/sweep-rollouts/llama-rlct-nr128/metrics.jsonl
tinker_cookbook.utils.ml_log:265 [INFO] 
                         Step 16                          
┏━━━━━━━━━━━━━━━━━━━━━━━━━━━━━━━━━━━━━━━┳━━━━━━━━━━━━━━━━┓
┃ Metric                                ┃ Value          ┃
┡━━━━━━━━━━━━━━━━━━━━━━━━━━━━━━━━━━━━━━━╇━━━━━━━━━━━━━━━━┩
│ optim/entropy                         │ 7.139018       │
│ optim/kl_sample_train_v1              │ 0.000414       │
│ optim/kl_sample_train_v2              │ 0.000515       │
│ train/advantage_abs_mean              │ 0.309523       │
│ train/anchor_reward_mean              │ -0.000000      │
│ train/anchor_reward_std               │ 0.001580       │
│ train/avg_response_length             │ 1646.891473    │
│ train/consistency_gap_1               │ 0.082758       │
│ train/consistency_reward_mean         │ 0.011197       │
│ train/consistency_reward_std          │ 0.020033       │
│ train/epoch                           │ 0              │
│ train/kl_policy_base                  │ 0.006494       │
│ train/n_anchor_rollouts               │ 113            │
│ train/n_consistency_rollouts          │ 16             │
│ train/n_ref_parsed                    │ 113            │
│ train/n_training_parsed               │ 91             │
│ train/p_hat_1                         │ 0.197802       │
│ train/p_ref                           │ 0.115044       │
│ train/p_ref_drift                     │ 0.004953       │
│ train/p_ref_init                      │ 0.110092       │
│ train/parse_rate                      │ 0.796875       │
│ train/rate_var                        │ 0.001712       │
│ train/reward_pert0_trait0_count       │ 100            │
│ train/reward_pert0_trait0_mean        │ 0.000570       │
│ train/reward_pert0_trait1_count       │ 13             │
│ train/reward_pert0_trait1_mean        │ -0.004383      │
│ train/reward_pert1_trait0_count       │ 15             │
│ train/reward_pert1_trait0_mean        │ 0.016370       │
│ train/reward_pert1_trait1_count       │ 1              │
│ train/reward_pert1_trait1_mean        │ -0.066388      │
│ train/train/clock_cycle:unique        │ 1644617.000000 │
│ train/train/clock_cycle:unique_1      │ 1644618.000000 │
│ train/train/loss:sum                  │ 67213.353516   │
│ train/train/ppo_clipped_fraction:mean │ 0.052231       │
│ train/train/ppo_kl_div:mean           │ 0.197020       │
│ train/train/ppo_mean_ratio:mean       │ 0.958124       │
└───────────────────────────────────────┴────────────────┘
tinker_cookbook.utils.ml_log:192 [INFO] Wrote metrics to logs/sweep-rollouts/llama-rlct-nr128/metrics.jsonl
tinker_cookbook.utils.ml_log:265 [INFO] 
                         Step 17                          
┏━━━━━━━━━━━━━━━━━━━━━━━━━━━━━━━━━━━━━━━┳━━━━━━━━━━━━━━━━┓
┃ Metric                                ┃ Value          ┃
┡━━━━━━━━━━━━━━━━━━━━━━━━━━━━━━━━━━━━━━━╇━━━━━━━━━━━━━━━━┩
│ optim/entropy                         │ 0.804282       │
│ optim/kl_sample_train_v1              │ 0.000703       │
│ optim/kl_sample_train_v2              │ 0.000645       │
│ train/advantage_abs_mean              │ 0.078735       │
│ train/anchor_reward_mean              │ 0.000000       │
│ train/anchor_reward_std               │ 0.000704       │
│ train/avg_response_length             │ 265.873239     │
│ train/consistency_gap_1               │ -0.000062      │
│ train/consistency_reward_mean         │ -0.000000      │
│ train/consistency_reward_std          │ 0.000000       │
│ train/epoch                           │ 0              │
│ train/kl_policy_base                  │ 0.031052       │
│ train/n_anchor_rollouts               │ 126            │
│ train/n_consistency_rollouts          │ 16             │
│ train/n_ref_parsed                    │ 126            │
│ train/n_training_parsed               │ 127            │
│ train/p_hat_1                         │ 0.007874       │
│ train/p_ref                           │ 0.007937       │
│ train/p_ref_drift                     │ -0.007937      │
│ train/p_ref_init                      │ 0.015873       │
│ train/parse_rate                      │ 0.988281       │
│ train/rate_var                        │ 0.000000       │
│ train/reward_pert0_trait0_count       │ 125            │
│ train/reward_pert0_trait0_mean        │ -0.000063      │
│ train/reward_pert0_trait1_count       │ 1              │
│ train/reward_pert0_trait1_mean        │ 0.007874       │
│ train/reward_pert1_trait0_count       │ 16             │
│ train/reward_pert1_trait0_mean        │ -0.000000      │
│ train/train/clock_cycle:unique        │ 1644621.000000 │
│ train/train/loss:sum                  │ 113.117981     │
│ train/train/ppo_clipped_fraction:mean │ 0.271940       │
│ train/train/ppo_kl_div:mean           │ 1.161661       │
│ train/train/ppo_mean_ratio:mean       │ 0.772979       │
└───────────────────────────────────────┴────────────────┘
tinker_cookbook.utils.ml_log:192 [INFO] Wrote metrics to logs/sweep-rollouts/llama-rlct-nr128/metrics.jsonl
tinker_cookbook.utils.ml_log:265 [INFO] 
               Step 18               
┏━━━━━━━━━━━━━━━━━━━━━━━━━━━┳━━━━━━━┓
┃ Metric                    ┃ Value ┃
┡━━━━━━━━━━━━━━━━━━━━━━━━━━━╇━━━━━━━┩
│ train/skipped_empty_batch │ 1     │
└───────────────────────────┴───────┘
tinker_cookbook.utils.ml_log:192 [INFO] Wrote metrics to logs/sweep-rollouts/llama-rlct-nr128/metrics.jsonl
tinker_cookbook.utils.ml_log:265 [INFO] 
               Step 19               
┏━━━━━━━━━━━━━━━━━━━━━━━━━━━┳━━━━━━━┓
┃ Metric                    ┃ Value ┃
┡━━━━━━━━━━━━━━━━━━━━━━━━━━━╇━━━━━━━┩
│ train/skipped_empty_batch │ 1     │
└───────────────────────────┴───────┘
tinker_cookbook.utils.ml_log:192 [INFO] Wrote metrics to logs/sweep-rollouts/llama-rlct-nr128/metrics.jsonl
tinker_cookbook.utils.ml_log:265 [INFO] 
                         Step 20                          
┏━━━━━━━━━━━━━━━━━━━━━━━━━━━━━━━━━━━━━━━┳━━━━━━━━━━━━━━━━┓
┃ Metric                                ┃ Value          ┃
┡━━━━━━━━━━━━━━━━━━━━━━━━━━━━━━━━━━━━━━━╇━━━━━━━━━━━━━━━━┩
│ optim/entropy                         │ 2.647883       │
│ optim/kl_sample_train_v1              │ 0.000384       │
│ optim/kl_sample_train_v2              │ 0.000513       │
│ train/advantage_abs_mean              │ 0.388517       │
│ train/anchor_reward_mean              │ -0.000000      │
│ train/anchor_reward_std               │ 0.035655       │
│ train/avg_response_length             │ 266.537313     │
│ train/consistency_gap_1               │ 0.223743       │
│ train/consistency_reward_mean         │ 0.033944       │
│ train/consistency_reward_std          │ 0.096884       │
│ train/epoch                           │ 0              │
│ train/kl_policy_base                  │ 0.013417       │
│ train/n_anchor_rollouts               │ 118            │
│ train/n_consistency_rollouts          │ 16             │
│ train/n_ref_parsed                    │ 118            │
│ train/n_training_parsed               │ 117            │
│ train/p_hat_1                         │ 0.401709       │
│ train/p_ref                           │ 0.177966       │
│ train/p_ref_drift                     │ 0.093220       │
│ train/p_ref_init                      │ 0.084746       │
│ train/parse_rate                      │ 0.917969       │
│ train/rate_var                        │ 0.012515       │
│ train/reward_pert0_trait0_count       │ 97             │
│ train/reward_pert0_trait0_mean        │ 0.016590       │
│ train/reward_pert0_trait1_count       │ 21             │
│ train/reward_pert0_trait1_mean        │ -0.076630      │
│ train/reward_pert1_trait0_count       │ 12             │
│ train/reward_pert1_trait0_mean        │ 0.089880       │
│ train/reward_pert1_trait1_count       │ 4              │
│ train/reward_pert1_trait1_mean        │ -0.133864      │
│ train/train/clock_cycle:unique        │ 1644630.000000 │
│ train/train/loss:sum                  │ 2543.791927    │
│ train/train/ppo_clipped_fraction:mean │ 0.174480       │
│ train/train/ppo_kl_div:mean           │ 0.796423       │
│ train/train/ppo_mean_ratio:mean       │ 0.847034       │
└───────────────────────────────────────┴────────────────┘
tinker_cookbook.utils.ml_log:192 [INFO] Wrote metrics to logs/sweep-rollouts/llama-rlct-nr128/metrics.jsonl
tinker_cookbook.utils.ml_log:265 [INFO] 
                         Step 21                          
┏━━━━━━━━━━━━━━━━━━━━━━━━━━━━━━━━━━━━━━━┳━━━━━━━━━━━━━━━━┓
┃ Metric                                ┃ Value          ┃
┡━━━━━━━━━━━━━━━━━━━━━━━━━━━━━━━━━━━━━━━╇━━━━━━━━━━━━━━━━┩
│ optim/entropy                         │ 2.292726       │
│ optim/kl_sample_train_v1              │ 0.000663       │
│ optim/kl_sample_train_v2              │ 0.000565       │
│ train/advantage_abs_mean              │ 0.488069       │
│ train/anchor_reward_mean              │ 0.000000       │
│ train/anchor_reward_std               │ 0.071905       │
│ train/avg_response_length             │ 502.595420     │
│ train/consistency_gap_1               │ 0.156522       │
│ train/consistency_reward_mean         │ -0.004423      │
│ train/consistency_reward_std          │ 0.067776       │
│ train/epoch                           │ 0              │
│ train/kl_policy_base                  │ 0.018737       │
│ train/n_anchor_rollouts               │ 115            │
│ train/n_consistency_rollouts          │ 16             │
│ train/n_ref_parsed                    │ 115            │
│ train/n_training_parsed               │ 115            │
│ train/p_hat_1                         │ 0.721739       │
│ train/p_ref                           │ 0.565217       │
│ train/p_ref_drift                     │ 0.145049       │
│ train/p_ref_init                      │ 0.420168       │
│ train/parse_rate                      │ 0.898438       │
│ train/rate_var                        │ 0.006125       │
│ train/reward_pert0_trait0_count       │ 50             │
│ train/reward_pert0_trait0_mean        │ 0.081984       │
│ train/reward_pert0_trait1_count       │ 65             │
│ train/reward_pert0_trait1_mean        │ -0.063065      │
│ train/reward_pert1_trait0_count       │ 4              │
│ train/reward_pert1_trait0_mean        │ 0.112968       │
│ train/reward_pert1_trait1_count       │ 12             │
│ train/reward_pert1_trait1_mean        │ -0.043554      │
│ train/train/clock_cycle:unique        │ 1644638.000000 │
│ train/train/loss:sum                  │ -756.904060    │
│ train/train/ppo_clipped_fraction:mean │ 0.169331       │
│ train/train/ppo_kl_div:mean           │ 0.655384       │
│ train/train/ppo_mean_ratio:mean       │ 0.856672       │
└───────────────────────────────────────┴────────────────┘
tinker_cookbook.utils.ml_log:192 [INFO] Wrote metrics to logs/sweep-rollouts/llama-rlct-nr128/metrics.jsonl
tinker_cookbook.utils.ml_log:265 [INFO] 
                         Step 22                          
┏━━━━━━━━━━━━━━━━━━━━━━━━━━━━━━━━━━━━━━━┳━━━━━━━━━━━━━━━━┓
┃ Metric                                ┃ Value          ┃
┡━━━━━━━━━━━━━━━━━━━━━━━━━━━━━━━━━━━━━━━╇━━━━━━━━━━━━━━━━┩
│ optim/entropy                         │ 3.786459       │
│ optim/kl_sample_train_v1              │ 0.000650       │
│ optim/kl_sample_train_v2              │ 0.000616       │
│ train/advantage_abs_mean              │ 0.426113       │
│ train/anchor_reward_mean              │ 0.000000       │
│ train/anchor_reward_std               │ 0.010060       │
│ train/avg_response_length             │ 540.261538     │
│ train/consistency_gap_1               │ 0.399522       │
│ train/consistency_reward_mean         │ -0.045400      │
│ train/consistency_reward_std          │ 0.172998       │
│ train/epoch                           │ 0              │
│ train/kl_policy_base                  │ 0.025294       │
│ train/n_anchor_rollouts               │ 114            │
│ train/n_consistency_rollouts          │ 16             │
│ train/n_ref_parsed                    │ 114            │
│ train/n_training_parsed               │ 110            │
│ train/p_hat_1                         │ 0.636364       │
│ train/p_ref                           │ 0.236842       │
│ train/p_ref_drift                     │ -0.023662      │
│ train/p_ref_init                      │ 0.260504       │
│ train/parse_rate                      │ 0.875000       │
│ train/rate_var                        │ 0.039904       │
│ train/reward_pert0_trait0_count       │ 87             │
│ train/reward_pert0_trait0_mean        │ -0.005604      │
│ train/reward_pert0_trait1_count       │ 27             │
│ train/reward_pert0_trait1_mean        │ 0.018058       │
│ train/reward_pert1_trait0_count       │ 4              │
│ train/reward_pert1_trait0_mean        │ 0.254241       │
│ train/reward_pert1_trait1_count       │ 12             │
│ train/reward_pert1_trait1_mean        │ -0.145281      │
│ train/train/clock_cycle:unique        │ 1644647.000000 │
│ train/train/loss:sum                  │ -4489.446602   │
│ train/train/ppo_clipped_fraction:mean │ 0.164688       │
│ train/train/ppo_kl_div:mean           │ 0.486594       │
│ train/train/ppo_mean_ratio:mean       │ 0.874583       │
└───────────────────────────────────────┴────────────────┘
tinker_cookbook.utils.ml_log:192 [INFO] Wrote metrics to logs/sweep-rollouts/llama-rlct-nr128/metrics.jsonl
tinker_cookbook.utils.ml_log:265 [INFO] 
                         Step 23                          
┏━━━━━━━━━━━━━━━━━━━━━━━━━━━━━━━━━━━━━━━┳━━━━━━━━━━━━━━━━┓
┃ Metric                                ┃ Value          ┃
┡━━━━━━━━━━━━━━━━━━━━━━━━━━━━━━━━━━━━━━━╇━━━━━━━━━━━━━━━━┩
│ optim/entropy                         │ 4.122970       │
│ optim/kl_sample_train_v1              │ 0.000704       │
│ optim/kl_sample_train_v2              │ 0.000449       │
│ train/advantage_abs_mean              │ 0.083991       │
│ train/anchor_reward_mean              │ 0.000000       │
│ train/anchor_reward_std               │ 0.001588       │
│ train/avg_response_length             │ 647.483607     │
│ train/consistency_gap_1               │ 0.010174       │
│ train/consistency_reward_mean         │ 0.000199       │
│ train/consistency_reward_std          │ 0.000000       │
│ train/epoch                           │ 0              │
│ train/kl_policy_base                  │ 0.019137       │
│ train/n_anchor_rollouts               │ 106            │
│ train/n_consistency_rollouts          │ 16             │
│ train/n_ref_parsed                    │ 106            │
│ train/n_training_parsed               │ 102            │
│ train/p_hat_1                         │ 0.019608       │
│ train/p_ref                           │ 0.009434       │
│ train/p_ref_drift                     │ -0.016428      │
│ train/p_ref_init                      │ 0.025862       │
│ train/parse_rate                      │ 0.812500       │
│ train/rate_var                        │ 0.000026       │
│ train/reward_pert0_trait0_count       │ 105            │
│ train/reward_pert0_trait0_mean        │ -0.000155      │
│ train/reward_pert0_trait1_count       │ 1              │
│ train/reward_pert0_trait1_mean        │ 0.016273       │
│ train/reward_pert1_trait0_count       │ 16             │
│ train/reward_pert1_trait0_mean        │ 0.000199       │
│ train/train/clock_cycle:unique        │ 1644656.000000 │
│ train/train/loss:sum                  │ 2615.615921    │
│ train/train/ppo_clipped_fraction:mean │ 0.094629       │
│ train/train/ppo_kl_div:mean           │ 0.370439       │
│ train/train/ppo_mean_ratio:mean       │ 0.921871       │
└───────────────────────────────────────┴────────────────┘
tinker_cookbook.utils.ml_log:192 [INFO] Wrote metrics to logs/sweep-rollouts/llama-rlct-nr128/metrics.jsonl
tinker_cookbook.utils.ml_log:265 [INFO] 
               Step 24               
┏━━━━━━━━━━━━━━━━━━━━━━━━━━━┳━━━━━━━┓
┃ Metric                    ┃ Value ┃
┡━━━━━━━━━━━━━━━━━━━━━━━━━━━╇━━━━━━━┩
│ train/skipped_empty_batch │ 1     │
└───────────────────────────┴───────┘
tinker_cookbook.utils.ml_log:192 [INFO] Wrote metrics to logs/sweep-rollouts/llama-rlct-nr128/metrics.jsonl
tinker_cookbook.utils.ml_log:265 [INFO] 
                         Step 25                          
┏━━━━━━━━━━━━━━━━━━━━━━━━━━━━━━━━━━━━━━━┳━━━━━━━━━━━━━━━━┓
┃ Metric                                ┃ Value          ┃
┡━━━━━━━━━━━━━━━━━━━━━━━━━━━━━━━━━━━━━━━╇━━━━━━━━━━━━━━━━┩
│ optim/entropy                         │ 1.674563       │
│ optim/kl_sample_train_v1              │ 0.000167       │
│ optim/kl_sample_train_v2              │ 0.000620       │
│ train/advantage_abs_mean              │ 0.440873       │
│ train/anchor_reward_mean              │ 0.000000       │
│ train/anchor_reward_std               │ 0.010450       │
│ train/avg_response_length             │ 326.000000     │
│ train/consistency_gap_1               │ 0.112094       │
│ train/consistency_reward_mean         │ 0.002498       │
│ train/consistency_reward_std          │ 0.043751       │
│ train/epoch                           │ 0              │
│ train/kl_policy_base                  │ 0.016995       │
│ train/n_anchor_rollouts               │ 119            │
│ train/n_consistency_rollouts          │ 16             │
│ train/n_ref_parsed                    │ 119            │
│ train/n_training_parsed               │ 115            │
│ train/p_hat_1                         │ 0.834783       │
│ train/p_ref                           │ 0.722689       │
│ train/p_ref_drift                     │ -0.023343      │
│ train/p_ref_init                      │ 0.746032       │
│ train/parse_rate                      │ 0.914062       │
│ train/rate_var                        │ 0.003141       │
│ train/reward_pert0_trait0_count       │ 33             │
│ train/reward_pert0_trait0_mean        │ -0.016869      │
│ train/reward_pert0_trait1_count       │ 86             │
│ train/reward_pert0_trait1_mean        │ 0.006473       │
│ train/reward_pert1_trait0_count       │ 3              │
│ train/reward_pert1_trait0_mean        │ 0.093574       │
│ train/reward_pert1_trait1_count       │ 13             │
│ train/reward_pert1_trait1_mean        │ -0.018520      │
│ train/train/clock_cycle:unique        │ 1644674.000000 │
│ train/train/loss:sum                  │ 968.714516     │
│ train/train/ppo_clipped_fraction:mean │ 0.141895       │
│ train/train/ppo_kl_div:mean           │ 0.722178       │
│ train/train/ppo_mean_ratio:mean       │ 0.878160       │
└───────────────────────────────────────┴────────────────┘
tinker_cookbook.checkpoint_utils:461 [INFO] Saved checkpoints: {'sampler_path': 'tinker://7c2334b2-c39e-50ef-a7d2-3ee5441e5f9f:train:0/sampler_weights/sweep-rollouts_llama-rlct-nr128_step25'}
tinker_cookbook.utils.ml_log:192 [INFO] Wrote metrics to logs/sweep-rollouts/llama-rlct-nr128/metrics.jsonl
tinker_cookbook.utils.ml_log:265 [INFO] 
                                    Step 25                                     
┏━━━━━━━━━━━━━━━━━━━━━━┳━━━━━━━━━━━━━━━━━━━━━━━━━━━━━━━━━━━━━━━━━━━━━━━━━━━━━━━┓
┃ Metric               ┃ Value                                                 ┃
┡━━━━━━━━━━━━━━━━━━━━━━╇━━━━━━━━━━━━━━━━━━━━━━━━━━━━━━━━━━━━━━━━━━━━━━━━━━━━━━━┩
│ checkpoint           │ tinker://7c2334b2-c39e-50ef-a7d2-3ee5441e5f9f:train:… │
└──────────────────────┴───────────────────────────────────────────────────────┘
tinker_cookbook.utils.ml_log:192 [INFO] Wrote metrics to logs/sweep-rollouts/llama-rlct-nr128/metrics.jsonl
tinker_cookbook.utils.ml_log:265 [INFO] 
               Step 26               
┏━━━━━━━━━━━━━━━━━━━━━━━━━━━┳━━━━━━━┓
┃ Metric                    ┃ Value ┃
┡━━━━━━━━━━━━━━━━━━━━━━━━━━━╇━━━━━━━┩
│ train/skipped_empty_batch │ 1     │
└───────────────────────────┴───────┘
tinker_cookbook.utils.ml_log:192 [INFO] Wrote metrics to logs/sweep-rollouts/llama-rlct-nr128/metrics.jsonl
tinker_cookbook.utils.ml_log:265 [INFO] 
                         Step 27                          
┏━━━━━━━━━━━━━━━━━━━━━━━━━━━━━━━━━━━━━━━┳━━━━━━━━━━━━━━━━┓
┃ Metric                                ┃ Value          ┃
┡━━━━━━━━━━━━━━━━━━━━━━━━━━━━━━━━━━━━━━━╇━━━━━━━━━━━━━━━━┩
│ optim/entropy                         │ 1.236785       │
│ optim/kl_sample_train_v1              │ 0.000581       │
│ optim/kl_sample_train_v2              │ 0.000605       │
│ train/advantage_abs_mean              │ 0.079218       │
│ train/anchor_reward_mean              │ -0.000000      │
│ train/anchor_reward_std               │ 0.000721       │
│ train/avg_response_length             │ 436.700000     │
│ train/consistency_gap_1               │ 0.034308       │
│ train/consistency_reward_mean         │ 0.001454       │
│ train/consistency_reward_std          │ 0.000000       │
│ train/epoch                           │ 0              │
│ train/kl_policy_base                  │ 0.020813       │
│ train/n_anchor_rollouts               │ 124            │
│ train/n_consistency_rollouts          │ 16             │
│ train/n_ref_parsed                    │ 124            │
│ train/n_training_parsed               │ 118            │
│ train/p_hat_1                         │ 0.042373       │
│ train/p_ref                           │ 0.008065       │
│ train/p_ref_drift                     │ 0.008065       │
│ train/p_ref_init                      │ 0.000000       │
│ train/parse_rate                      │ 0.945312       │
│ train/rate_var                        │ 0.000294       │
│ train/reward_pert0_trait0_count       │ 123            │
│ train/reward_pert0_trait0_mean        │ 0.000065       │
│ train/reward_pert0_trait1_count       │ 1              │
│ train/reward_pert0_trait1_mean        │ -0.007999      │
│ train/reward_pert1_trait0_count       │ 16             │
│ train/reward_pert1_trait0_mean        │ 0.001454       │
│ train/train/clock_cycle:unique        │ 1644762.000000 │
│ train/train/loss:sum                  │ -186.959999    │
│ train/train/ppo_clipped_fraction:mean │ 0.168740       │
│ train/train/ppo_kl_div:mean           │ 0.668786       │
│ train/train/ppo_mean_ratio:mean       │ 0.858073       │
└───────────────────────────────────────┴────────────────┘
tinker_cookbook.utils.ml_log:192 [INFO] Wrote metrics to logs/sweep-rollouts/llama-rlct-nr128/metrics.jsonl
tinker_cookbook.utils.ml_log:265 [INFO] 
                         Step 28                          
┏━━━━━━━━━━━━━━━━━━━━━━━━━━━━━━━━━━━━━━━┳━━━━━━━━━━━━━━━━┓
┃ Metric                                ┃ Value          ┃
┡━━━━━━━━━━━━━━━━━━━━━━━━━━━━━━━━━━━━━━━╇━━━━━━━━━━━━━━━━┩
│ optim/entropy                         │ 0.833154       │
│ optim/kl_sample_train_v1              │ 0.000437       │
│ optim/kl_sample_train_v2              │ 0.000566       │
│ train/advantage_abs_mean              │ 0.259006       │
│ train/anchor_reward_mean              │ 0.000000       │
│ train/anchor_reward_std               │ 0.004976       │
│ train/avg_response_length             │ 398.176471     │
│ train/consistency_gap_1               │ 0.704762       │
│ train/consistency_reward_mean         │ -0.072993      │
│ train/consistency_reward_std          │ 0.233078       │
│ train/epoch                           │ 0              │
│ train/kl_policy_base                  │ 0.013185       │
│ train/n_anchor_rollouts               │ 120            │
│ train/n_consistency_rollouts          │ 16             │
│ train/n_ref_parsed                    │ 120            │
│ train/n_training_parsed               │ 105            │
│ train/p_hat_1                         │ 0.771429       │
│ train/p_ref                           │ 0.066667       │
│ train/p_ref_drift                     │ -0.019948      │
│ train/p_ref_init                      │ 0.086614       │
│ train/parse_rate                      │ 0.878906       │
│ train/rate_var                        │ 0.124172       │
│ train/reward_pert0_trait0_count       │ 112            │
│ train/reward_pert0_trait0_mean        │ -0.001330      │
│ train/reward_pert0_trait1_count       │ 8              │
│ train/reward_pert0_trait1_mean        │ 0.018618       │
│ train/reward_pert1_trait0_count       │ 2              │
│ train/reward_pert1_trait0_mean        │ 0.543673       │
│ train/reward_pert1_trait1_count       │ 14             │
│ train/reward_pert1_trait1_mean        │ -0.161088      │
│ train/train/clock_cycle:unique        │ 1644898.000000 │
│ train/train/loss:sum                  │ 121.180496     │
│ train/train/ppo_clipped_fraction:mean │ 0.160364       │
│ train/train/ppo_kl_div:mean           │ 0.656006       │
│ train/train/ppo_mean_ratio:mean       │ 0.866919       │
└───────────────────────────────────────┴────────────────┘
tinker_cookbook.utils.ml_log:192 [INFO] Wrote metrics to logs/sweep-rollouts/llama-rlct-nr128/metrics.jsonl
tinker_cookbook.utils.ml_log:265 [INFO] 
                         Step 29                          
┏━━━━━━━━━━━━━━━━━━━━━━━━━━━━━━━━━━━━━━━┳━━━━━━━━━━━━━━━━┓
┃ Metric                                ┃ Value          ┃
┡━━━━━━━━━━━━━━━━━━━━━━━━━━━━━━━━━━━━━━━╇━━━━━━━━━━━━━━━━┩
│ optim/entropy                         │ 2.010009       │
│ optim/kl_sample_train_v1              │ 0.000167       │
│ optim/kl_sample_train_v2              │ 0.000419       │
│ train/advantage_abs_mean              │ 0.227571       │
│ train/anchor_reward_mean              │ -0.000000      │
│ train/anchor_reward_std               │ 0.012777       │
│ train/avg_response_length             │ 331.139344     │
│ train/consistency_gap_1               │ 0.075472       │
│ train/consistency_reward_mean         │ -0.000178      │
│ train/consistency_reward_std          │ 0.024960       │
│ train/epoch                           │ 0              │
│ train/kl_policy_base                  │ 0.012588       │
│ train/n_anchor_rollouts               │ 106            │
│ train/n_consistency_rollouts          │ 16             │
│ train/n_ref_parsed                    │ 106            │
│ train/n_training_parsed               │ 106            │
│ train/p_hat_1                         │ 0.122642       │
│ train/p_ref                           │ 0.047170       │
│ train/p_ref_drift                     │ -0.060268      │
│ train/p_ref_init                      │ 0.107438       │
│ train/parse_rate                      │ 0.828125       │
│ train/rate_var                        │ 0.001424       │
│ train/reward_pert0_trait0_count       │ 101            │
│ train/reward_pert0_trait0_mean        │ -0.002843      │
│ train/reward_pert0_trait1_count       │ 5              │
│ train/reward_pert0_trait1_mean        │ 0.057425       │
│ train/reward_pert1_trait0_count       │ 14             │
│ train/reward_pert1_trait0_mean        │ 0.009256       │
│ train/reward_pert1_trait1_count       │ 2              │
│ train/reward_pert1_trait1_mean        │ -0.066216      │
│ train/train/clock_cycle:unique        │ 1645029.000000 │
│ train/train/loss:sum                  │ -2105.372204   │
│ train/train/ppo_clipped_fraction:mean │ 0.167661       │
│ train/train/ppo_kl_div:mean           │ 0.749194       │
│ train/train/ppo_mean_ratio:mean       │ 0.855196       │
└───────────────────────────────────────┴────────────────┘
tinker_cookbook.utils.ml_log:192 [INFO] Wrote metrics to logs/sweep-rollouts/llama-rlct-nr128/metrics.jsonl
tinker_cookbook.utils.ml_log:265 [INFO] 
               Step 30               
┏━━━━━━━━━━━━━━━━━━━━━━━━━━━┳━━━━━━━┓
┃ Metric                    ┃ Value ┃
┡━━━━━━━━━━━━━━━━━━━━━━━━━━━╇━━━━━━━┩
│ train/skipped_empty_batch │ 1     │
└───────────────────────────┴───────┘
tinker_cookbook.utils.ml_log:192 [INFO] Wrote metrics to logs/sweep-rollouts/llama-rlct-nr128/metrics.jsonl
tinker_cookbook.utils.ml_log:265 [INFO] 
                         Step 31                          
┏━━━━━━━━━━━━━━━━━━━━━━━━━━━━━━━━━━━━━━━┳━━━━━━━━━━━━━━━━┓
┃ Metric                                ┃ Value          ┃
┡━━━━━━━━━━━━━━━━━━━━━━━━━━━━━━━━━━━━━━━╇━━━━━━━━━━━━━━━━┩
│ optim/entropy                         │ 1.429648       │
│ optim/kl_sample_train_v1              │ 0.000820       │
│ optim/kl_sample_train_v2              │ 0.000606       │
│ train/advantage_abs_mean              │ 0.372019       │
│ train/anchor_reward_mean              │ 0.000000       │
│ train/anchor_reward_std               │ 0.072128       │
│ train/avg_response_length             │ 408.786765     │
│ train/consistency_gap_1               │ 0.400000       │
│ train/consistency_reward_mean         │ -0.030000      │
│ train/consistency_reward_std          │ 0.193649       │
│ train/epoch                           │ 0              │
│ train/kl_policy_base                  │ 0.029625       │
│ train/n_anchor_rollouts               │ 120            │
│ train/n_consistency_rollouts          │ 16             │
│ train/n_ref_parsed                    │ 120            │
│ train/n_training_parsed               │ 120            │
│ train/p_hat_1                         │ 0.550000       │
│ train/p_ref                           │ 0.150000       │
│ train/p_ref_drift                     │ -0.202000      │
│ train/p_ref_init                      │ 0.352000       │
│ train/parse_rate                      │ 0.937500       │
│ train/rate_var                        │ 0.040000       │
│ train/reward_pert0_trait0_count       │ 102            │
│ train/reward_pert0_trait0_mean        │ -0.030300      │
│ train/reward_pert0_trait1_count       │ 18             │
│ train/reward_pert0_trait1_mean        │ 0.171700       │
│ train/reward_pert1_trait0_count       │ 6              │
│ train/reward_pert1_trait0_mean        │ 0.220000       │
│ train/reward_pert1_trait1_count       │ 10             │
│ train/reward_pert1_trait1_mean        │ -0.180000      │
│ train/train/clock_cycle:unique        │ 1645208.000000 │
│ train/train/loss:sum                  │ -3953.139709   │
│ train/train/ppo_clipped_fraction:mean │ 0.176979       │
│ train/train/ppo_kl_div:mean           │ 0.796796       │
│ train/train/ppo_mean_ratio:mean       │ 0.845350       │
└───────────────────────────────────────┴────────────────┘
tinker_cookbook.utils.ml_log:192 [INFO] Wrote metrics to logs/sweep-rollouts/llama-rlct-nr128/metrics.jsonl
tinker_cookbook.utils.ml_log:265 [INFO] 
                         Step 32                          
┏━━━━━━━━━━━━━━━━━━━━━━━━━━━━━━━━━━━━━━━┳━━━━━━━━━━━━━━━━┓
┃ Metric                                ┃ Value          ┃
┡━━━━━━━━━━━━━━━━━━━━━━━━━━━━━━━━━━━━━━━╇━━━━━━━━━━━━━━━━┩
│ optim/entropy                         │ 0.673350       │
│ optim/kl_sample_train_v1              │ 0.000339       │
│ optim/kl_sample_train_v2              │ 0.000545       │
│ train/advantage_abs_mean              │ 0.110902       │
│ train/anchor_reward_mean              │ 0.000000       │
│ train/anchor_reward_std               │ 0.000992       │
│ train/avg_response_length             │ 328.345070     │
│ train/consistency_gap_1               │ 0.015873       │
│ train/consistency_reward_mean         │ 0.000000       │
│ train/consistency_reward_std          │ 0.000000       │
│ train/epoch                           │ 0              │
│ train/kl_policy_base                  │ 0.028058       │
│ train/n_anchor_rollouts               │ 126            │
│ train/n_consistency_rollouts          │ 16             │
│ train/n_ref_parsed                    │ 126            │
│ train/n_training_parsed               │ 126            │
│ train/p_hat_1                         │ 1.000000       │
│ train/p_ref                           │ 0.984127       │
│ train/p_ref_drift                     │ -0.007937      │
│ train/p_ref_init                      │ 0.992063       │
│ train/parse_rate                      │ 0.984375       │
│ train/rate_var                        │ 0.000063       │
│ train/reward_pert0_trait0_count       │ 2              │
│ train/reward_pert0_trait0_mean        │ -0.007811      │
│ train/reward_pert0_trait1_count       │ 124            │
│ train/reward_pert0_trait1_mean        │ 0.000126       │
│ train/reward_pert1_trait1_count       │ 16             │
│ train/reward_pert1_trait1_mean        │ 0.000000       │
│ train/train/clock_cycle:unique        │ 1645256.000000 │
│ train/train/loss:sum                  │ 739.630005     │
│ train/train/ppo_clipped_fraction:mean │ 0.146577       │
│ train/train/ppo_kl_div:mean           │ 0.708870       │
│ train/train/ppo_mean_ratio:mean       │ 0.872948       │
└───────────────────────────────────────┴────────────────┘
tinker_cookbook.utils.ml_log:192 [INFO] Wrote metrics to logs/sweep-rollouts/llama-rlct-nr128/metrics.jsonl
tinker_cookbook.utils.ml_log:265 [INFO] 
                         Step 33                          
┏━━━━━━━━━━━━━━━━━━━━━━━━━━━━━━━━━━━━━━━┳━━━━━━━━━━━━━━━━┓
┃ Metric                                ┃ Value          ┃
┡━━━━━━━━━━━━━━━━━━━━━━━━━━━━━━━━━━━━━━━╇━━━━━━━━━━━━━━━━┩
│ optim/entropy                         │ 0.761498       │
│ optim/kl_sample_train_v1              │ 0.000299       │
│ optim/kl_sample_train_v2              │ 0.000309       │
│ train/advantage_abs_mean              │ 0.286297       │
│ train/anchor_reward_mean              │ -0.000000      │
│ train/anchor_reward_std               │ 0.021409       │
│ train/avg_response_length             │ 545.770492     │
│ train/consistency_gap_1               │ 0.174528       │
│ train/consistency_reward_mean         │ 0.000000       │
│ train/consistency_reward_std          │ 0.075573       │
│ train/epoch                           │ 0              │
│ train/kl_policy_base                  │ 0.015626       │
│ train/n_anchor_rollouts               │ 106            │
│ train/n_consistency_rollouts          │ 16             │
│ train/n_ref_parsed                    │ 106            │
│ train/n_training_parsed               │ 112            │
│ train/p_hat_1                         │ 0.250000       │
│ train/p_ref                           │ 0.075472       │
│ train/p_ref_drift                     │ -0.081050      │
│ train/p_ref_init                      │ 0.156522       │
│ train/parse_rate                      │ 0.851562       │
│ train/rate_var                        │ 0.007615       │
│ train/reward_pert0_trait0_count       │ 98             │
│ train/reward_pert0_trait0_mean        │ -0.006117      │
│ train/reward_pert0_trait1_count       │ 8              │
│ train/reward_pert0_trait1_mean        │ 0.074933       │
│ train/reward_pert1_trait0_count       │ 12             │
│ train/reward_pert1_trait0_mean        │ 0.043632       │
│ train/reward_pert1_trait1_count       │ 4              │
│ train/reward_pert1_trait1_mean        │ -0.130896      │
│ train/train/clock_cycle:unique        │ 1645417.000000 │
│ train/train/loss:sum                  │ -2918.481384   │
│ train/train/ppo_clipped_fraction:mean │ 0.120142       │
│ train/train/ppo_kl_div:mean           │ 0.442956       │
│ train/train/ppo_mean_ratio:mean       │ 0.899147       │
└───────────────────────────────────────┴────────────────┘
tinker_cookbook.utils.ml_log:192 [INFO] Wrote metrics to logs/sweep-rollouts/llama-rlct-nr128/metrics.jsonl
tinker_cookbook.utils.ml_log:265 [INFO] 
                         Step 34                          
┏━━━━━━━━━━━━━━━━━━━━━━━━━━━━━━━━━━━━━━━┳━━━━━━━━━━━━━━━━┓
┃ Metric                                ┃ Value          ┃
┡━━━━━━━━━━━━━━━━━━━━━━━━━━━━━━━━━━━━━━━╇━━━━━━━━━━━━━━━━┩
│ optim/entropy                         │ 1.914028       │
│ optim/kl_sample_train_v1              │ 0.000429       │
│ optim/kl_sample_train_v2              │ 0.000551       │
│ train/advantage_abs_mean              │ 0.487532       │
│ train/anchor_reward_mean              │ 0.000000       │
│ train/anchor_reward_std               │ 0.099993       │
│ train/avg_response_length             │ 485.000000     │
│ train/consistency_gap_1               │ 0.112819       │
│ train/consistency_reward_mean         │ -0.008357      │
│ train/consistency_reward_std          │ 0.048852       │
│ train/epoch                           │ 0              │
│ train/kl_policy_base                  │ 0.040835       │
│ train/n_anchor_rollouts               │ 103            │
│ train/n_consistency_rollouts          │ 16             │
│ train/n_ref_parsed                    │ 103            │
│ train/n_training_parsed               │ 108            │
│ train/p_hat_1                         │ 0.675926       │
│ train/p_ref                           │ 0.563107       │
│ train/p_ref_drift                     │ -0.201599      │
│ train/p_ref_init                      │ 0.764706       │
│ train/parse_rate                      │ 0.824219       │
│ train/rate_var                        │ 0.003182       │
│ train/reward_pert0_trait0_count       │ 45             │
│ train/reward_pert0_trait0_mean        │ -0.113522      │
│ train/reward_pert0_trait1_count       │ 58             │
│ train/reward_pert0_trait1_mean        │ 0.088077       │
│ train/reward_pert1_trait0_count       │ 4              │
│ train/reward_pert1_trait0_mean        │ 0.076257       │
│ train/reward_pert1_trait1_count       │ 12             │
│ train/reward_pert1_trait1_mean        │ -0.036562      │
│ train/train/clock_cycle:unique        │ 1645551.000000 │
│ train/train/loss:sum                  │ 1256.626110    │
│ train/train/ppo_clipped_fraction:mean │ 0.204596       │
│ train/train/ppo_kl_div:mean           │ 0.830922       │
│ train/train/ppo_mean_ratio:mean       │ 0.831678       │
└───────────────────────────────────────┴────────────────┘
tinker_cookbook.utils.ml_log:192 [INFO] Wrote metrics to logs/sweep-rollouts/llama-rlct-nr128/metrics.jsonl
tinker_cookbook.utils.ml_log:265 [INFO] 
               Step 35               
┏━━━━━━━━━━━━━━━━━━━━━━━━━━━┳━━━━━━━┓
┃ Metric                    ┃ Value ┃
┡━━━━━━━━━━━━━━━━━━━━━━━━━━━╇━━━━━━━┩
│ train/skipped_empty_batch │ 1     │
└───────────────────────────┴───────┘
tinker_cookbook.utils.ml_log:192 [INFO] Wrote metrics to logs/sweep-rollouts/llama-rlct-nr128/metrics.jsonl
tinker_cookbook.utils.ml_log:265 [INFO] 
               Step 36               
┏━━━━━━━━━━━━━━━━━━━━━━━━━━━┳━━━━━━━┓
┃ Metric                    ┃ Value ┃
┡━━━━━━━━━━━━━━━━━━━━━━━━━━━╇━━━━━━━┩
│ train/skipped_empty_batch │ 1     │
└───────────────────────────┴───────┘
tinker_cookbook.utils.ml_log:192 [INFO] Wrote metrics to logs/sweep-rollouts/llama-rlct-nr128/metrics.jsonl
tinker_cookbook.utils.ml_log:265 [INFO] 
                         Step 37                          
┏━━━━━━━━━━━━━━━━━━━━━━━━━━━━━━━━━━━━━━━┳━━━━━━━━━━━━━━━━┓
┃ Metric                                ┃ Value          ┃
┡━━━━━━━━━━━━━━━━━━━━━━━━━━━━━━━━━━━━━━━╇━━━━━━━━━━━━━━━━┩
│ optim/entropy                         │ 1.082071       │
│ optim/kl_sample_train_v1              │ 0.000293       │
│ optim/kl_sample_train_v2              │ 0.000607       │
│ train/advantage_abs_mean              │ 0.353155       │
│ train/anchor_reward_mean              │ 0.000000       │
│ train/anchor_reward_std               │ 0.027131       │
│ train/avg_response_length             │ 379.107438     │
│ train/consistency_gap_1               │ 0.192575       │
│ train/consistency_reward_mean         │ -0.003264      │
│ train/consistency_reward_std          │ 0.000000       │
│ train/epoch                           │ 0              │
│ train/kl_policy_base                  │ 0.030151       │
│ train/n_anchor_rollouts               │ 105            │
│ train/n_consistency_rollouts          │ 16             │
│ train/n_ref_parsed                    │ 105            │
│ train/n_training_parsed               │ 118            │
│ train/p_hat_1                         │ 0.983051       │
│ train/p_ref                           │ 0.790476       │
│ train/p_ref_drift                     │ -0.066667      │
│ train/p_ref_init                      │ 0.857143       │
│ train/parse_rate                      │ 0.871094       │
│ train/rate_var                        │ 0.009271       │
│ train/reward_pert0_trait0_count       │ 22             │
│ train/reward_pert0_trait0_mean        │ -0.052698      │
│ train/reward_pert0_trait1_count       │ 83             │
│ train/reward_pert0_trait1_mean        │ 0.013968       │
│ train/reward_pert1_trait1_count       │ 16             │
│ train/reward_pert1_trait1_mean        │ -0.003264      │
│ train/train/clock_cycle:unique        │ 1645782.000000 │
│ train/train/loss:sum                  │ -407.560616    │
│ train/train/ppo_clipped_fraction:mean │ 0.180551       │
│ train/train/ppo_kl_div:mean           │ 0.752452       │
│ train/train/ppo_mean_ratio:mean       │ 0.856678       │
└───────────────────────────────────────┴────────────────┘
tinker_cookbook.utils.ml_log:192 [INFO] Wrote metrics to logs/sweep-rollouts/llama-rlct-nr128/metrics.jsonl
tinker_cookbook.utils.ml_log:265 [INFO] 
               Step 38               
┏━━━━━━━━━━━━━━━━━━━━━━━━━━━┳━━━━━━━┓
┃ Metric                    ┃ Value ┃
┡━━━━━━━━━━━━━━━━━━━━━━━━━━━╇━━━━━━━┩
│ train/skipped_empty_batch │ 1     │
└───────────────────────────┴───────┘
tinker_cookbook.utils.ml_log:192 [INFO] Wrote metrics to logs/sweep-rollouts/llama-rlct-nr128/metrics.jsonl
tinker_cookbook.utils.ml_log:265 [INFO] 
                         Step 39                          
┏━━━━━━━━━━━━━━━━━━━━━━━━━━━━━━━━━━━━━━━┳━━━━━━━━━━━━━━━━┓
┃ Metric                                ┃ Value          ┃
┡━━━━━━━━━━━━━━━━━━━━━━━━━━━━━━━━━━━━━━━╇━━━━━━━━━━━━━━━━┩
│ optim/entropy                         │ 3.591187       │
│ optim/kl_sample_train_v1              │ 0.000576       │
│ optim/kl_sample_train_v2              │ 0.000576       │
│ train/advantage_abs_mean              │ 0.471664       │
│ train/anchor_reward_mean              │ -0.000000      │
│ train/anchor_reward_std               │ 0.036054       │
│ train/avg_response_length             │ 634.568807     │
│ train/consistency_gap_1               │ 0.359238       │
│ train/consistency_reward_mean         │ 0.042864       │
│ train/consistency_reward_std          │ 0.178210       │
│ train/epoch                           │ 0              │
│ train/kl_policy_base                  │ 0.031554       │
│ train/n_anchor_rollouts               │ 93             │
│ train/n_consistency_rollouts          │ 16             │
│ train/n_ref_parsed                    │ 93             │
│ train/n_training_parsed               │ 88             │
│ train/p_hat_1                         │ 0.681818       │
│ train/p_ref                           │ 0.322581       │
│ train/p_ref_drift                     │ 0.077126       │
│ train/p_ref_init                      │ 0.245455       │
│ train/parse_rate                      │ 0.707031       │
│ train/rate_var                        │ 0.032263       │
│ train/reward_pert0_trait0_count       │ 63             │
│ train/reward_pert0_trait0_mean        │ 0.024879       │
│ train/reward_pert0_trait1_count       │ 30             │
│ train/reward_pert0_trait1_mean        │ -0.052247      │
│ train/reward_pert1_trait0_count       │ 7              │
│ train/reward_pert1_trait0_mean        │ 0.244935       │
│ train/reward_pert1_trait1_count       │ 9              │
│ train/reward_pert1_trait1_mean        │ -0.114303      │
│ train/train/clock_cycle:unique        │ 1645974.000000 │
│ train/train/loss:sum                  │ 2147.248840    │
│ train/train/ppo_clipped_fraction:mean │ 0.144292       │
│ train/train/ppo_kl_div:mean           │ 0.532965       │
│ train/train/ppo_mean_ratio:mean       │ 0.881604       │
└───────────────────────────────────────┴────────────────┘
tinker_cookbook.utils.ml_log:192 [INFO] Wrote metrics to logs/sweep-rollouts/llama-rlct-nr128/metrics.jsonl
tinker_cookbook.utils.ml_log:265 [INFO] 
               Step 40               
┏━━━━━━━━━━━━━━━━━━━━━━━━━━━┳━━━━━━━┓
┃ Metric                    ┃ Value ┃
┡━━━━━━━━━━━━━━━━━━━━━━━━━━━╇━━━━━━━┩
│ train/skipped_empty_batch │ 1     │
└───────────────────────────┴───────┘
tinker_cookbook.utils.ml_log:192 [INFO] Wrote metrics to logs/sweep-rollouts/llama-rlct-nr128/metrics.jsonl
tinker_cookbook.utils.ml_log:265 [INFO] 
               Step 41               
┏━━━━━━━━━━━━━━━━━━━━━━━━━━━┳━━━━━━━┓
┃ Metric                    ┃ Value ┃
┡━━━━━━━━━━━━━━━━━━━━━━━━━━━╇━━━━━━━┩
│ train/skipped_empty_batch │ 1     │
└───────────────────────────┴───────┘
tinker_cookbook.utils.ml_log:192 [INFO] Wrote metrics to logs/sweep-rollouts/llama-rlct-nr128/metrics.jsonl
tinker_cookbook.utils.ml_log:265 [INFO] 
                         Step 42                          
┏━━━━━━━━━━━━━━━━━━━━━━━━━━━━━━━━━━━━━━━┳━━━━━━━━━━━━━━━━┓
┃ Metric                                ┃ Value          ┃
┡━━━━━━━━━━━━━━━━━━━━━━━━━━━━━━━━━━━━━━━╇━━━━━━━━━━━━━━━━┩
│ optim/entropy                         │ 1.226927       │
│ optim/kl_sample_train_v1              │ 0.000695       │
│ optim/kl_sample_train_v2              │ 0.000778       │
│ train/advantage_abs_mean              │ 0.464350       │
│ train/anchor_reward_mean              │ -0.000000      │
│ train/anchor_reward_std               │ 0.068081       │
│ train/avg_response_length             │ 468.000000     │
│ train/consistency_gap_1               │ 0.150503       │
│ train/consistency_reward_mean         │ -0.006956      │
│ train/consistency_reward_std          │ 0.075251       │
│ train/epoch                           │ 0              │
│ train/kl_policy_base                  │ 0.043460       │
│ train/n_anchor_rollouts               │ 122            │
│ train/n_consistency_rollouts          │ 16             │
│ train/n_ref_parsed                    │ 122            │
│ train/n_training_parsed               │ 119            │
│ train/p_hat_1                         │ 0.453782       │
│ train/p_ref                           │ 0.303279       │
│ train/p_ref_drift                     │ 0.148106       │
│ train/p_ref_init                      │ 0.155172       │
│ train/parse_rate                      │ 0.941406       │
│ train/rate_var                        │ 0.005663       │
│ train/reward_pert0_trait0_count       │ 85             │
│ train/reward_pert0_trait0_mean        │ 0.044917       │
│ train/reward_pert0_trait1_count       │ 37             │
│ train/reward_pert0_trait1_mean        │ -0.103189      │
│ train/reward_pert1_trait0_count       │ 8              │
│ train/reward_pert1_trait0_mean        │ 0.068295       │
│ train/reward_pert1_trait1_count       │ 8              │
│ train/reward_pert1_trait1_mean        │ -0.082207      │
│ train/train/clock_cycle:unique        │ 1646174.000000 │
│ train/train/loss:sum                  │ -70.686354     │
│ train/train/ppo_clipped_fraction:mean │ 0.313691       │
│ train/train/ppo_kl_div:mean           │ 0.858547       │
│ train/train/ppo_mean_ratio:mean       │ 0.761861       │
└───────────────────────────────────────┴────────────────┘
tinker_cookbook.utils.ml_log:192 [INFO] Wrote metrics to logs/sweep-rollouts/llama-rlct-nr128/metrics.jsonl
tinker_cookbook.utils.ml_log:265 [INFO] 
                         Step 43                          
┏━━━━━━━━━━━━━━━━━━━━━━━━━━━━━━━━━━━━━━━┳━━━━━━━━━━━━━━━━┓
┃ Metric                                ┃ Value          ┃
┡━━━━━━━━━━━━━━━━━━━━━━━━━━━━━━━━━━━━━━━╇━━━━━━━━━━━━━━━━┩
│ optim/entropy                         │ 1.239810       │
│ optim/kl_sample_train_v1              │ 0.000672       │
│ optim/kl_sample_train_v2              │ 0.000624       │
│ train/advantage_abs_mean              │ 0.205004       │
│ train/anchor_reward_mean              │ -0.000000      │
│ train/anchor_reward_std               │ 0.003918       │
│ train/avg_response_length             │ 380.762590     │
│ train/consistency_gap_1               │ 0.105691       │
│ train/consistency_reward_mean         │ 0.017186       │
│ train/consistency_reward_std          │ 0.000000       │
│ train/epoch                           │ 0              │
│ train/kl_policy_base                  │ 0.022363       │
│ train/n_anchor_rollouts               │ 123            │
│ train/n_consistency_rollouts          │ 16             │
│ train/n_ref_parsed                    │ 123            │
│ train/n_training_parsed               │ 123            │
│ train/p_hat_1                         │ 0.162602       │
│ train/p_ref                           │ 0.056911       │
│ train/p_ref_drift                     │ 0.016911       │
│ train/p_ref_init                      │ 0.040000       │
│ train/parse_rate                      │ 0.960938       │
│ train/rate_var                        │ 0.002793       │
│ train/reward_pert0_trait0_count       │ 116            │
│ train/reward_pert0_trait0_mean        │ 0.000962       │
│ train/reward_pert0_trait1_count       │ 7              │
│ train/reward_pert0_trait1_mean        │ -0.015948      │
│ train/reward_pert1_trait0_count       │ 16             │
│ train/reward_pert1_trait0_mean        │ 0.017186       │
│ train/train/clock_cycle:unique        │ 1646265.000000 │
│ train/train/loss:sum                  │ 787.828995     │
│ train/train/ppo_clipped_fraction:mean │ 0.140933       │
│ train/train/ppo_kl_div:mean           │ 0.585787       │
│ train/train/ppo_mean_ratio:mean       │ 0.880810       │
└───────────────────────────────────────┴────────────────┘
tinker_cookbook.utils.ml_log:192 [INFO] Wrote metrics to logs/sweep-rollouts/llama-rlct-nr128/metrics.jsonl
tinker_cookbook.utils.ml_log:265 [INFO] 
                         Step 44                          
┏━━━━━━━━━━━━━━━━━━━━━━━━━━━━━━━━━━━━━━━┳━━━━━━━━━━━━━━━━┓
┃ Metric                                ┃ Value          ┃
┡━━━━━━━━━━━━━━━━━━━━━━━━━━━━━━━━━━━━━━━╇━━━━━━━━━━━━━━━━┩
│ optim/entropy                         │ 0.838090       │
│ optim/kl_sample_train_v1              │ 0.000668       │
│ optim/kl_sample_train_v2              │ 0.000656       │
│ train/advantage_abs_mean              │ 0.173210       │
│ train/anchor_reward_mean              │ -0.000000      │
│ train/anchor_reward_std               │ 0.015289       │
│ train/avg_response_length             │ 408.205674     │
│ train/consistency_gap_1               │ 0.115130       │
│ train/consistency_reward_mean         │ 0.001627       │
│ train/consistency_reward_std          │ 0.038076       │
│ train/epoch                           │ 0              │
│ train/kl_policy_base                  │ 0.033368       │
│ train/n_anchor_rollouts               │ 125            │
│ train/n_consistency_rollouts          │ 16             │
│ train/n_ref_parsed                    │ 125            │
│ train/n_training_parsed               │ 115            │
│ train/p_hat_1                         │ 0.139130       │
│ train/p_ref                           │ 0.024000       │
│ train/p_ref_drift                     │ -0.099894      │
│ train/p_ref_init                      │ 0.123894       │
│ train/parse_rate                      │ 0.937500       │
│ train/rate_var                        │ 0.003314       │
│ train/reward_pert0_trait0_count       │ 122            │
│ train/reward_pert0_trait0_mean        │ -0.002397      │
│ train/reward_pert0_trait1_count       │ 3              │
│ train/reward_pert0_trait1_mean        │ 0.097496       │
│ train/reward_pert1_trait0_count       │ 14             │
│ train/reward_pert1_trait0_mean        │ 0.016018       │
│ train/reward_pert1_trait1_count       │ 2              │
│ train/reward_pert1_trait1_mean        │ -0.099112      │
│ train/train/clock_cycle:unique        │ 1646396.000000 │
│ train/train/loss:sum                  │ -2395.153770   │
│ train/train/ppo_clipped_fraction:mean │ 0.130359       │
│ train/train/ppo_kl_div:mean           │ 0.516699       │
│ train/train/ppo_mean_ratio:mean       │ 0.891449       │
└───────────────────────────────────────┴────────────────┘
tinker_cookbook.utils.ml_log:192 [INFO] Wrote metrics to logs/sweep-rollouts/llama-rlct-nr128/metrics.jsonl
tinker_cookbook.utils.ml_log:265 [INFO] 
                         Step 45                          
┏━━━━━━━━━━━━━━━━━━━━━━━━━━━━━━━━━━━━━━━┳━━━━━━━━━━━━━━━━┓
┃ Metric                                ┃ Value          ┃
┡━━━━━━━━━━━━━━━━━━━━━━━━━━━━━━━━━━━━━━━╇━━━━━━━━━━━━━━━━┩
│ optim/entropy                         │ 0.639342       │
│ optim/kl_sample_train_v1              │ 0.000641       │
│ optim/kl_sample_train_v2              │ 0.000552       │
│ train/advantage_abs_mean              │ 0.449990       │
│ train/anchor_reward_mean              │ 0.000000       │
│ train/anchor_reward_std               │ 0.082654       │
│ train/avg_response_length             │ 428.270833     │
│ train/consistency_gap_1               │ 0.093750       │
│ train/consistency_reward_mean         │ -0.000732      │
│ train/consistency_reward_std          │ 0.045387       │
│ train/epoch                           │ 0              │
│ train/kl_policy_base                  │ 0.029607       │
│ train/n_anchor_rollouts               │ 128            │
│ train/n_consistency_rollouts          │ 16             │
│ train/n_ref_parsed                    │ 128            │
│ train/n_training_parsed               │ 128            │
│ train/p_hat_1                         │ 0.367188       │
│ train/p_ref                           │ 0.273438       │
│ train/p_ref_drift                     │ 0.185438       │
│ train/p_ref_init                      │ 0.088000       │
│ train/parse_rate                      │ 1.000000       │
│ train/rate_var                        │ 0.002197       │
│ train/reward_pert0_trait0_count       │ 93             │
│ train/reward_pert0_trait0_mean        │ 0.050706       │
│ train/reward_pert0_trait1_count       │ 35             │
│ train/reward_pert0_trait1_mean        │ -0.134732      │
│ train/reward_pert1_trait0_count       │ 10             │
│ train/reward_pert1_trait0_mean        │ 0.034424       │
│ train/reward_pert1_trait1_count       │ 6              │
│ train/reward_pert1_trait1_mean        │ -0.059326      │
│ train/train/clock_cycle:unique        │ 1646474.000000 │
│ train/train/loss:sum                  │ -55.409073     │
│ train/train/ppo_clipped_fraction:mean │ 0.183285       │
│ train/train/ppo_kl_div:mean           │ 0.645947       │
│ train/train/ppo_mean_ratio:mean       │ 0.853895       │
└───────────────────────────────────────┴────────────────┘
tinker_cookbook.utils.ml_log:192 [INFO] Wrote metrics to logs/sweep-rollouts/llama-rlct-nr128/metrics.jsonl
tinker_cookbook.utils.ml_log:265 [INFO] 
               Step 46               
┏━━━━━━━━━━━━━━━━━━━━━━━━━━━┳━━━━━━━┓
┃ Metric                    ┃ Value ┃
┡━━━━━━━━━━━━━━━━━━━━━━━━━━━╇━━━━━━━┩
│ train/skipped_empty_batch │ 1     │
└───────────────────────────┴───────┘
tinker_cookbook.utils.ml_log:192 [INFO] Wrote metrics to logs/sweep-rollouts/llama-rlct-nr128/metrics.jsonl
tinker_cookbook.utils.ml_log:265 [INFO] 
               Step 47               
┏━━━━━━━━━━━━━━━━━━━━━━━━━━━┳━━━━━━━┓
┃ Metric                    ┃ Value ┃
┡━━━━━━━━━━━━━━━━━━━━━━━━━━━╇━━━━━━━┩
│ train/skipped_empty_batch │ 1     │
└───────────────────────────┴───────┘
tinker_cookbook.utils.ml_log:192 [INFO] Wrote metrics to logs/sweep-rollouts/llama-rlct-nr128/metrics.jsonl
tinker_cookbook.utils.ml_log:265 [INFO] 
               Step 48               
┏━━━━━━━━━━━━━━━━━━━━━━━━━━━┳━━━━━━━┓
┃ Metric                    ┃ Value ┃
┡━━━━━━━━━━━━━━━━━━━━━━━━━━━╇━━━━━━━┩
│ train/skipped_empty_batch │ 1     │
└───────────────────────────┴───────┘
tinker_cookbook.utils.ml_log:192 [INFO] Wrote metrics to logs/sweep-rollouts/llama-rlct-nr128/metrics.jsonl
tinker_cookbook.utils.ml_log:265 [INFO] 
                         Step 49                          
┏━━━━━━━━━━━━━━━━━━━━━━━━━━━━━━━━━━━━━━━┳━━━━━━━━━━━━━━━━┓
┃ Metric                                ┃ Value          ┃
┡━━━━━━━━━━━━━━━━━━━━━━━━━━━━━━━━━━━━━━━╇━━━━━━━━━━━━━━━━┩
│ optim/entropy                         │ 1.013039       │
│ optim/kl_sample_train_v1              │ 0.001000       │
│ optim/kl_sample_train_v2              │ 0.000789       │
│ train/advantage_abs_mean              │ 0.078260       │
│ train/anchor_reward_mean              │ -0.000000      │
│ train/anchor_reward_std               │ 0.000721       │
│ train/avg_response_length             │ 476.708333     │
│ train/consistency_gap_1               │ 0.023934       │
│ train/consistency_reward_mean         │ 0.000760       │
│ train/consistency_reward_std          │ 0.000000       │
│ train/epoch                           │ 0              │
│ train/kl_policy_base                  │ 0.039220       │
│ train/n_anchor_rollouts               │ 128            │
│ train/n_consistency_rollouts          │ 16             │
│ train/n_ref_parsed                    │ 128            │
│ train/n_training_parsed               │ 126            │
│ train/p_hat_1                         │ 0.031746       │
│ train/p_ref                           │ 0.007812       │
│ train/p_ref_drift                     │ -0.008188      │
│ train/p_ref_init                      │ 0.016000       │
│ train/parse_rate                      │ 0.992188       │
│ train/rate_var                        │ 0.000143       │
│ train/reward_pert0_trait0_count       │ 127            │
│ train/reward_pert0_trait0_mean        │ -0.000064      │
│ train/reward_pert0_trait1_count       │ 1              │
│ train/reward_pert0_trait1_mean        │ 0.008124       │
│ train/reward_pert1_trait0_count       │ 16             │
│ train/reward_pert1_trait0_mean        │ 0.000760       │
│ train/train/clock_cycle:unique        │ 1646759.000000 │
│ train/train/loss:sum                  │ -72.215363     │
│ train/train/ppo_clipped_fraction:mean │ 0.327515       │
│ train/train/ppo_kl_div:mean           │ 0.992557       │
│ train/train/ppo_mean_ratio:mean       │ 0.739319       │
└───────────────────────────────────────┴────────────────┘
tinker_cookbook.utils.ml_log:192 [INFO] Wrote metrics to logs/sweep-rollouts/llama-rlct-nr128/metrics.jsonl
tinker_cookbook.utils.ml_log:265 [INFO] 
               Step 50               
┏━━━━━━━━━━━━━━━━━━━━━━━━━━━┳━━━━━━━┓
┃ Metric                    ┃ Value ┃
┡━━━━━━━━━━━━━━━━━━━━━━━━━━━╇━━━━━━━┩
│ train/skipped_empty_batch │ 1     │
└───────────────────────────┴───────┘
tinker_cookbook.checkpoint_utils:461 [INFO] Saved checkpoints: {'sampler_path': 'tinker://7c2334b2-c39e-50ef-a7d2-3ee5441e5f9f:train:0/sampler_weights/sweep-rollouts_llama-rlct-nr128_step50'}
tinker_cookbook.utils.ml_log:192 [INFO] Wrote metrics to logs/sweep-rollouts/llama-rlct-nr128/metrics.jsonl
tinker_cookbook.utils.ml_log:265 [INFO] 
                                    Step 50                                     
┏━━━━━━━━━━━━━━━━━━━━━━┳━━━━━━━━━━━━━━━━━━━━━━━━━━━━━━━━━━━━━━━━━━━━━━━━━━━━━━━┓
┃ Metric               ┃ Value                                                 ┃
┡━━━━━━━━━━━━━━━━━━━━━━╇━━━━━━━━━━━━━━━━━━━━━━━━━━━━━━━━━━━━━━━━━━━━━━━━━━━━━━━┩
│ checkpoint           │ tinker://7c2334b2-c39e-50ef-a7d2-3ee5441e5f9f:train:… │
└──────────────────────┴───────────────────────────────────────────────────────┘
tinker_cookbook.utils.ml_log:192 [INFO] Wrote metrics to logs/sweep-rollouts/llama-rlct-nr128/metrics.jsonl
tinker_cookbook.utils.ml_log:265 [INFO] 
                         Step 51                          
┏━━━━━━━━━━━━━━━━━━━━━━━━━━━━━━━━━━━━━━━┳━━━━━━━━━━━━━━━━┓
┃ Metric                                ┃ Value          ┃
┡━━━━━━━━━━━━━━━━━━━━━━━━━━━━━━━━━━━━━━━╇━━━━━━━━━━━━━━━━┩
│ optim/entropy                         │ 0.878406       │
│ optim/kl_sample_train_v1              │ 0.000359       │
│ optim/kl_sample_train_v2              │ 0.000650       │
│ train/advantage_abs_mean              │ 0.440490       │
│ train/anchor_reward_mean              │ 0.000000       │
│ train/anchor_reward_std               │ 0.038700       │
│ train/avg_response_length             │ 251.188811     │
│ train/consistency_gap_1               │ 0.164479       │
│ train/consistency_reward_mean         │ 0.012564       │
│ train/consistency_reward_std          │ 0.064198       │
│ train/epoch                           │ 0              │
│ train/kl_policy_base                  │ 0.045460       │
│ train/n_anchor_rollouts               │ 127            │
│ train/n_consistency_rollouts          │ 16             │
│ train/n_ref_parsed                    │ 127            │
│ train/n_training_parsed               │ 126            │
│ train/p_hat_1                         │ 0.888889       │
│ train/p_ref                           │ 0.724409       │
│ train/p_ref_drift                     │ 0.086614       │
│ train/p_ref_init                      │ 0.637795       │
│ train/parse_rate                      │ 0.988281       │
│ train/rate_var                        │ 0.006763       │
│ train/reward_pert0_trait0_count       │ 35             │
│ train/reward_pert0_trait0_mean        │ 0.062744       │
│ train/reward_pert0_trait1_count       │ 92             │
│ train/reward_pert0_trait1_mean        │ -0.023870      │
│ train/reward_pert1_trait0_count       │ 3              │
│ train/reward_pert1_trait0_mean        │ 0.146204       │
│ train/reward_pert1_trait1_count       │ 13             │
│ train/reward_pert1_trait1_mean        │ -0.018275      │
│ train/train/clock_cycle:unique        │ 1646815.000000 │
│ train/train/loss:sum                  │ 190.574783     │
│ train/train/ppo_clipped_fraction:mean │ 0.168869       │
│ train/train/ppo_kl_div:mean           │ 0.789975       │
│ train/train/ppo_mean_ratio:mean       │ 0.857330       │
└───────────────────────────────────────┴────────────────┘
tinker_cookbook.utils.ml_log:192 [INFO] Wrote metrics to logs/sweep-rollouts/llama-rlct-nr128/metrics.jsonl
tinker_cookbook.utils.ml_log:265 [INFO] 
               Step 52               
┏━━━━━━━━━━━━━━━━━━━━━━━━━━━┳━━━━━━━┓
┃ Metric                    ┃ Value ┃
┡━━━━━━━━━━━━━━━━━━━━━━━━━━━╇━━━━━━━┩
│ train/skipped_empty_batch │ 1     │
└───────────────────────────┴───────┘
tinker_cookbook.utils.ml_log:192 [INFO] Wrote metrics to logs/sweep-rollouts/llama-rlct-nr128/metrics.jsonl
tinker_cookbook.utils.ml_log:265 [INFO] 
                         Step 53                          
┏━━━━━━━━━━━━━━━━━━━━━━━━━━━━━━━━━━━━━━━┳━━━━━━━━━━━━━━━━┓
┃ Metric                                ┃ Value          ┃
┡━━━━━━━━━━━━━━━━━━━━━━━━━━━━━━━━━━━━━━━╇━━━━━━━━━━━━━━━━┩
│ optim/entropy                         │ 1.596239       │
│ optim/kl_sample_train_v1              │ 0.000807       │
│ optim/kl_sample_train_v2              │ 0.000779       │
│ train/advantage_abs_mean              │ 0.260015       │
│ train/anchor_reward_mean              │ 0.000000       │
│ train/anchor_reward_std               │ 0.003683       │
│ train/avg_response_length             │ 442.759124     │
│ train/consistency_gap_1               │ -0.017470      │
│ train/consistency_reward_mean         │ 0.000098       │
│ train/consistency_reward_std          │ 0.004229       │
│ train/epoch                           │ 0              │
│ train/kl_policy_base                  │ 0.040393       │
│ train/n_anchor_rollouts               │ 121            │
│ train/n_consistency_rollouts          │ 16             │
│ train/n_ref_parsed                    │ 121            │
│ train/n_training_parsed               │ 123            │
│ train/p_hat_1                         │ 0.056911       │
│ train/p_ref                           │ 0.074380       │
│ train/p_ref_drift                     │ 0.014035       │
│ train/p_ref_init                      │ 0.060345       │
│ train/parse_rate                      │ 0.953125       │
│ train/rate_var                        │ 0.000076       │
│ train/reward_pert0_trait0_count       │ 112            │
│ train/reward_pert0_trait0_mean        │ 0.001044       │
│ train/reward_pert0_trait1_count       │ 9              │
│ train/reward_pert0_trait1_mean        │ -0.012991      │
│ train/reward_pert1_trait0_count       │ 15             │
│ train/reward_pert1_trait0_mean        │ -0.000994      │
│ train/reward_pert1_trait1_count       │ 1              │
│ train/reward_pert1_trait1_mean        │ 0.016475       │
│ train/train/clock_cycle:unique        │ 1646833.000000 │
│ train/train/loss:sum                  │ 56.091675      │
│ train/train/ppo_clipped_fraction:mean │ 0.231356       │
│ train/train/ppo_kl_div:mean           │ 0.709088       │
│ train/train/ppo_mean_ratio:mean       │ 0.820026       │
└───────────────────────────────────────┴────────────────┘
tinker_cookbook.utils.ml_log:192 [INFO] Wrote metrics to logs/sweep-rollouts/llama-rlct-nr128/metrics.jsonl
tinker_cookbook.utils.ml_log:265 [INFO] 
                         Step 54                          
┏━━━━━━━━━━━━━━━━━━━━━━━━━━━━━━━━━━━━━━━┳━━━━━━━━━━━━━━━━┓
┃ Metric                                ┃ Value          ┃
┡━━━━━━━━━━━━━━━━━━━━━━━━━━━━━━━━━━━━━━━╇━━━━━━━━━━━━━━━━┩
│ optim/entropy                         │ 0.893344       │
│ optim/kl_sample_train_v1              │ 0.000602       │
│ optim/kl_sample_train_v2              │ 0.000608       │
│ train/advantage_abs_mean              │ 0.466696       │
│ train/anchor_reward_mean              │ 0.000000       │
│ train/anchor_reward_std               │ 0.110010       │
│ train/avg_response_length             │ 203.139860     │
│ train/consistency_gap_1               │ -0.070866      │
│ train/consistency_reward_mean         │ 0.000767       │
│ train/consistency_reward_std          │ 0.034308       │
│ train/epoch                           │ 0              │
│ train/kl_policy_base                  │ 0.044278       │
│ train/n_anchor_rollouts               │ 127            │
│ train/n_consistency_rollouts          │ 16             │
│ train/n_ref_parsed                    │ 127            │
│ train/n_training_parsed               │ 127            │
│ train/p_hat_1                         │ 0.614173       │
│ train/p_ref                           │ 0.685039       │
│ train/p_ref_drift                     │ -0.236836      │
│ train/p_ref_init                      │ 0.921875       │
│ train/parse_rate                      │ 0.992188       │
│ train/rate_var                        │ 0.001256       │
│ train/reward_pert0_trait0_count       │ 40             │
│ train/reward_pert0_trait0_mean        │ -0.162242      │
│ train/reward_pert0_trait1_count       │ 87             │
│ train/reward_pert0_trait1_mean        │ 0.074594       │
│ train/reward_pert1_trait0_count       │ 6              │
│ train/reward_pert1_trait0_mean        │ -0.043524      │
│ train/reward_pert1_trait1_count       │ 10             │
│ train/reward_pert1_trait1_mean        │ 0.027342       │
│ train/train/clock_cycle:unique        │ 1646838.000000 │
│ train/train/loss:sum                  │ -646.026714    │
│ train/train/ppo_clipped_fraction:mean │ 0.251376       │
│ train/train/ppo_kl_div:mean           │ 1.055558       │
│ train/train/ppo_mean_ratio:mean       │ 0.790077       │
└───────────────────────────────────────┴────────────────┘
tinker_cookbook.utils.ml_log:192 [INFO] Wrote metrics to logs/sweep-rollouts/llama-rlct-nr128/metrics.jsonl
tinker_cookbook.utils.ml_log:265 [INFO] 
                         Step 55                          
┏━━━━━━━━━━━━━━━━━━━━━━━━━━━━━━━━━━━━━━━┳━━━━━━━━━━━━━━━━┓
┃ Metric                                ┃ Value          ┃
┡━━━━━━━━━━━━━━━━━━━━━━━━━━━━━━━━━━━━━━━╇━━━━━━━━━━━━━━━━┩
│ optim/entropy                         │ 1.263360       │
│ optim/kl_sample_train_v1              │ 0.000740       │
│ optim/kl_sample_train_v2              │ 0.000628       │
│ train/advantage_abs_mean              │ 0.416114       │
│ train/anchor_reward_mean              │ 0.000000       │
│ train/anchor_reward_std               │ 0.034113       │
│ train/avg_response_length             │ 295.086331     │
│ train/consistency_gap_1               │ 0.012488       │
│ train/consistency_reward_mean         │ -0.000225      │
│ train/consistency_reward_std          │ 0.005407       │
│ train/epoch                           │ 0              │
│ train/kl_policy_base                  │ 0.037281       │
│ train/n_anchor_rollouts               │ 123            │
│ train/n_consistency_rollouts          │ 16             │
│ train/n_ref_parsed                    │ 123            │
│ train/n_training_parsed               │ 125            │
│ train/p_hat_1                         │ 0.232000       │
│ train/p_ref                           │ 0.219512       │
│ train/p_ref_drift                     │ 0.082415       │
│ train/p_ref_init                      │ 0.137097       │
│ train/parse_rate                      │ 0.968750       │
│ train/rate_var                        │ 0.000039       │
│ train/reward_pert0_trait0_count       │ 96             │
│ train/reward_pert0_trait0_mean        │ 0.018091       │
│ train/reward_pert0_trait1_count       │ 27             │
│ train/reward_pert0_trait1_mean        │ -0.064324      │
│ train/reward_pert1_trait0_count       │ 12             │
│ train/reward_pert1_trait0_mean        │ 0.002897       │
│ train/reward_pert1_trait1_count       │ 4              │
│ train/reward_pert1_trait1_mean        │ -0.009591      │
│ train/train/clock_cycle:unique        │ 1646859.000000 │
│ train/train/loss:sum                  │ 432.764084     │
│ train/train/ppo_clipped_fraction:mean │ 0.248923       │
│ train/train/ppo_kl_div:mean           │ 0.816452       │
│ train/train/ppo_mean_ratio:mean       │ 0.800410       │
└───────────────────────────────────────┴────────────────┘
tinker_cookbook.utils.ml_log:192 [INFO] Wrote metrics to logs/sweep-rollouts/llama-rlct-nr128/metrics.jsonl
tinker_cookbook.utils.ml_log:265 [INFO] 
                         Step 56                          
┏━━━━━━━━━━━━━━━━━━━━━━━━━━━━━━━━━━━━━━━┳━━━━━━━━━━━━━━━━┓
┃ Metric                                ┃ Value          ┃
┡━━━━━━━━━━━━━━━━━━━━━━━━━━━━━━━━━━━━━━━╇━━━━━━━━━━━━━━━━┩
│ optim/entropy                         │ 1.845496       │
│ optim/kl_sample_train_v1              │ 0.000644       │
│ optim/kl_sample_train_v2              │ 0.000625       │
│ train/advantage_abs_mean              │ 0.457833       │
│ train/anchor_reward_mean              │ 0.000000       │
│ train/anchor_reward_std               │ 0.106537       │
│ train/avg_response_length             │ 317.702128     │
│ train/consistency_gap_1               │ 0.133008       │
│ train/consistency_reward_mean         │ 0.000068       │
│ train/consistency_reward_std          │ 0.051915       │
│ train/epoch                           │ 0              │
│ train/kl_policy_base                  │ 0.031510       │
│ train/n_anchor_rollouts               │ 125            │
│ train/n_consistency_rollouts          │ 16             │
│ train/n_ref_parsed                    │ 125            │
│ train/n_training_parsed               │ 123            │
│ train/p_hat_1                         │ 0.813008       │
│ train/p_ref                           │ 0.680000       │
│ train/p_ref_drift                     │ 0.228387       │
│ train/p_ref_init                      │ 0.451613       │
│ train/parse_rate                      │ 0.968750       │
│ train/rate_var                        │ 0.004423       │
│ train/reward_pert0_trait0_count       │ 40             │
│ train/reward_pert0_trait0_mean        │ 0.155303       │
│ train/reward_pert0_trait1_count       │ 85             │
│ train/reward_pert0_trait1_mean        │ -0.073084      │
│ train/reward_pert1_trait0_count       │ 3              │
│ train/reward_pert1_trait0_mean        │ 0.108137       │
│ train/reward_pert1_trait1_count       │ 13             │
│ train/reward_pert1_trait1_mean        │ -0.024871      │
│ train/train/clock_cycle:unique        │ 1646868.000000 │
│ train/train/loss:sum                  │ -489.884415    │
│ train/train/ppo_clipped_fraction:mean │ 0.213721       │
│ train/train/ppo_kl_div:mean           │ 0.764891       │
│ train/train/ppo_mean_ratio:mean       │ 0.824254       │
└───────────────────────────────────────┴────────────────┘
tinker_cookbook.utils.ml_log:192 [INFO] Wrote metrics to logs/sweep-rollouts/llama-rlct-nr128/metrics.jsonl
tinker_cookbook.utils.ml_log:265 [INFO] 
                         Step 57                          
┏━━━━━━━━━━━━━━━━━━━━━━━━━━━━━━━━━━━━━━━┳━━━━━━━━━━━━━━━━┓
┃ Metric                                ┃ Value          ┃
┡━━━━━━━━━━━━━━━━━━━━━━━━━━━━━━━━━━━━━━━╇━━━━━━━━━━━━━━━━┩
│ optim/entropy                         │ 0.850634       │
│ optim/kl_sample_train_v1              │ 0.000613       │
│ optim/kl_sample_train_v2              │ 0.000481       │
│ train/advantage_abs_mean              │ 0.498211       │
│ train/anchor_reward_mean              │ 0.000000       │
│ train/anchor_reward_std               │ 0.056452       │
│ train/avg_response_length             │ 284.809859     │
│ train/consistency_gap_1               │ 0.004065       │
│ train/consistency_reward_mean         │ -0.000492      │
│ train/consistency_reward_std          │ 0.001968       │
│ train/epoch                           │ 0              │
│ train/kl_policy_base                  │ 0.025514       │
│ train/n_anchor_rollouts               │ 126            │
│ train/n_consistency_rollouts          │ 16             │
│ train/n_ref_parsed                    │ 126            │
│ train/n_training_parsed               │ 123            │
│ train/p_hat_1                         │ 0.504065       │
│ train/p_ref                           │ 0.500000       │
│ train/p_ref_drift                     │ -0.112903      │
│ train/p_ref_init                      │ 0.612903       │
│ train/parse_rate                      │ 0.972656       │
│ train/rate_var                        │ 0.000004       │
│ train/reward_pert0_trait0_count       │ 63             │
│ train/reward_pert0_trait0_mean        │ -0.056452      │
│ train/reward_pert0_trait1_count       │ 63             │
│ train/reward_pert0_trait1_mean        │ 0.056452       │
│ train/reward_pert1_trait0_count       │ 6              │
│ train/reward_pert1_trait0_mean        │ 0.002049       │
│ train/reward_pert1_trait1_count       │ 10             │
│ train/reward_pert1_trait1_mean        │ -0.002016      │
│ train/train/clock_cycle:unique        │ 1646871.000000 │
│ train/train/loss:sum                  │ 1261.272312    │
│ train/train/ppo_clipped_fraction:mean │ 0.192322       │
│ train/train/ppo_kl_div:mean           │ 0.767966       │
│ train/train/ppo_mean_ratio:mean       │ 0.835477       │
└───────────────────────────────────────┴────────────────┘
tinker_cookbook.utils.ml_log:192 [INFO] Wrote metrics to logs/sweep-rollouts/llama-rlct-nr128/metrics.jsonl
tinker_cookbook.utils.ml_log:265 [INFO] 
               Step 58               
┏━━━━━━━━━━━━━━━━━━━━━━━━━━━┳━━━━━━━┓
┃ Metric                    ┃ Value ┃
┡━━━━━━━━━━━━━━━━━━━━━━━━━━━╇━━━━━━━┩
│ train/skipped_empty_batch │ 1     │
└───────────────────────────┴───────┘
tinker_cookbook.utils.ml_log:192 [INFO] Wrote metrics to logs/sweep-rollouts/llama-rlct-nr128/metrics.jsonl
tinker_cookbook.utils.ml_log:265 [INFO] 
                         Step 59                          
┏━━━━━━━━━━━━━━━━━━━━━━━━━━━━━━━━━━━━━━━┳━━━━━━━━━━━━━━━━┓
┃ Metric                                ┃ Value          ┃
┡━━━━━━━━━━━━━━━━━━━━━━━━━━━━━━━━━━━━━━━╇━━━━━━━━━━━━━━━━┩
│ optim/entropy                         │ 2.632501       │
│ optim/kl_sample_train_v1              │ 0.000612       │
│ optim/kl_sample_train_v2              │ 0.000493       │
│ train/advantage_abs_mean              │ 0.431434       │
│ train/anchor_reward_mean              │ 0.000000       │
│ train/anchor_reward_std               │ 0.061310       │
│ train/avg_response_length             │ 263.929688     │
│ train/consistency_gap_1               │ -0.072619      │
│ train/consistency_reward_mean         │ -0.009639      │
│ train/consistency_reward_std          │ 0.036025       │
│ train/epoch                           │ 0              │
│ train/kl_policy_base                  │ 0.027966       │
│ train/n_anchor_rollouts               │ 112            │
│ train/n_consistency_rollouts          │ 16             │
│ train/n_ref_parsed                    │ 112            │
│ train/n_training_parsed               │ 105            │
│ train/p_hat_1                         │ 0.695238       │
│ train/p_ref                           │ 0.767857       │
│ train/p_ref_drift                     │ 0.145216       │
│ train/p_ref_init                      │ 0.622642       │
│ train/parse_rate                      │ 0.847656       │
│ train/rate_var                        │ 0.001318       │
│ train/reward_pert0_trait0_count       │ 26             │
│ train/reward_pert0_trait0_mean        │ 0.111505       │
│ train/reward_pert0_trait1_count       │ 86             │
│ train/reward_pert0_trait1_mean        │ -0.033711      │
│ train/reward_pert1_trait0_count       │ 7              │
│ train/reward_pert1_trait0_mean        │ -0.050488      │
│ train/reward_pert1_trait1_count       │ 9              │
│ train/reward_pert1_trait1_mean        │ 0.022132       │
│ train/train/clock_cycle:unique        │ 1646887.000000 │
│ train/train/loss:sum                  │ -4442.129539   │
│ train/train/ppo_clipped_fraction:mean │ 0.163230       │
│ train/train/ppo_kl_div:mean           │ 0.750382       │
│ train/train/ppo_mean_ratio:mean       │ 0.861033       │
└───────────────────────────────────────┴────────────────┘
tinker_cookbook.utils.ml_log:192 [INFO] Wrote metrics to logs/sweep-rollouts/llama-rlct-nr128/metrics.jsonl
tinker_cookbook.utils.ml_log:265 [INFO] 
                         Step 60                          
┏━━━━━━━━━━━━━━━━━━━━━━━━━━━━━━━━━━━━━━━┳━━━━━━━━━━━━━━━━┓
┃ Metric                                ┃ Value          ┃
┡━━━━━━━━━━━━━━━━━━━━━━━━━━━━━━━━━━━━━━━╇━━━━━━━━━━━━━━━━┩
│ optim/entropy                         │ 2.527035       │
│ optim/kl_sample_train_v1              │ 0.000461       │
│ optim/kl_sample_train_v2              │ 0.000456       │
│ train/advantage_abs_mean              │ 0.113312       │
│ train/anchor_reward_mean              │ -0.000000      │
│ train/anchor_reward_std               │ 0.001053       │
│ train/avg_response_length             │ 443.392593     │
│ train/consistency_gap_1               │ -0.000140      │
│ train/consistency_reward_mean         │ -0.000002      │
│ train/consistency_reward_std          │ 0.000000       │
│ train/epoch                           │ 0              │
│ train/kl_policy_base                  │ 0.024198       │
│ train/n_anchor_rollouts               │ 119            │
│ train/n_consistency_rollouts          │ 16             │
│ train/n_ref_parsed                    │ 119            │
│ train/n_training_parsed               │ 120            │
│ train/p_hat_1                         │ 0.016667       │
│ train/p_ref                           │ 0.016807       │
│ train/p_ref_drift                     │ -0.008193      │
│ train/p_ref_init                      │ 0.025000       │
│ train/parse_rate                      │ 0.933594       │
│ train/rate_var                        │ 0.000000       │
│ train/reward_pert0_trait0_count       │ 117            │
│ train/reward_pert0_trait0_mean        │ -0.000138      │
│ train/reward_pert0_trait1_count       │ 2              │
│ train/reward_pert0_trait1_mean        │ 0.008056       │
│ train/reward_pert1_trait0_count       │ 16             │
│ train/reward_pert1_trait0_mean        │ -0.000002      │
│ train/train/clock_cycle:unique        │ 1646901.000000 │
│ train/train/loss:sum                  │ 360.179688     │
│ train/train/ppo_clipped_fraction:mean │ 0.173554       │
│ train/train/ppo_kl_div:mean           │ 0.599139       │
│ train/train/ppo_mean_ratio:mean       │ 0.864711       │
└───────────────────────────────────────┴────────────────┘
tinker_cookbook.utils.ml_log:192 [INFO] Wrote metrics to logs/sweep-rollouts/llama-rlct-nr128/metrics.jsonl
tinker_cookbook.utils.ml_log:265 [INFO] 
               Step 61               
┏━━━━━━━━━━━━━━━━━━━━━━━━━━━┳━━━━━━━┓
┃ Metric                    ┃ Value ┃
┡━━━━━━━━━━━━━━━━━━━━━━━━━━━╇━━━━━━━┩
│ train/skipped_empty_batch │ 1     │
└───────────────────────────┴───────┘
tinker_cookbook.utils.ml_log:192 [INFO] Wrote metrics to logs/sweep-rollouts/llama-rlct-nr128/metrics.jsonl
tinker_cookbook.utils.ml_log:265 [INFO] 
                         Step 62                          
┏━━━━━━━━━━━━━━━━━━━━━━━━━━━━━━━━━━━━━━━┳━━━━━━━━━━━━━━━━┓
┃ Metric                                ┃ Value          ┃
┡━━━━━━━━━━━━━━━━━━━━━━━━━━━━━━━━━━━━━━━╇━━━━━━━━━━━━━━━━┩
│ optim/entropy                         │ 5.495536       │
│ optim/kl_sample_train_v1              │ 0.000371       │
│ optim/kl_sample_train_v2              │ 0.000492       │
│ train/advantage_abs_mean              │ 0.415607       │
│ train/anchor_reward_mean              │ 0.000000       │
│ train/anchor_reward_std               │ 0.022476       │
│ train/avg_response_length             │ 667.851562     │
│ train/consistency_gap_1               │ 0.059814       │
│ train/consistency_reward_mean         │ 0.010520       │
│ train/consistency_reward_std          │ 0.019781       │
│ train/epoch                           │ 0              │
│ train/kl_policy_base                  │ 0.031392       │
│ train/n_anchor_rollouts               │ 112            │
│ train/n_consistency_rollouts          │ 16             │
│ train/n_ref_parsed                    │ 112            │
│ train/n_training_parsed               │ 113            │
│ train/p_hat_1                         │ 0.300885       │
│ train/p_ref                           │ 0.241071       │
│ train/p_ref_drift                     │ 0.052547       │
│ train/p_ref_init                      │ 0.188525       │
│ train/parse_rate                      │ 0.878906       │
│ train/rate_var                        │ 0.000894       │
│ train/reward_pert0_trait0_count       │ 85             │
│ train/reward_pert0_trait0_mean        │ 0.012668       │
│ train/reward_pert0_trait1_count       │ 27             │
│ train/reward_pert0_trait1_mean        │ -0.039879      │
│ train/reward_pert1_trait0_count       │ 14             │
│ train/reward_pert1_trait0_mean        │ 0.017997       │
│ train/reward_pert1_trait1_count       │ 2              │
│ train/reward_pert1_trait1_mean        │ -0.041817      │
│ train/train/clock_cycle:unique        │ 1646922.000000 │
│ train/train/loss:sum                  │ -1950.991325   │
│ train/train/ppo_clipped_fraction:mean │ 0.095801       │
│ train/train/ppo_kl_div:mean           │ 0.396624       │
│ train/train/ppo_mean_ratio:mean       │ 0.921862       │
└───────────────────────────────────────┴────────────────┘
tinker_cookbook.utils.ml_log:192 [INFO] Wrote metrics to logs/sweep-rollouts/llama-rlct-nr128/metrics.jsonl
tinker_cookbook.utils.ml_log:265 [INFO] 
                         Step 63                          
┏━━━━━━━━━━━━━━━━━━━━━━━━━━━━━━━━━━━━━━━┳━━━━━━━━━━━━━━━━┓
┃ Metric                                ┃ Value          ┃
┡━━━━━━━━━━━━━━━━━━━━━━━━━━━━━━━━━━━━━━━╇━━━━━━━━━━━━━━━━┩
│ optim/entropy                         │ 1.216207       │
│ optim/kl_sample_train_v1              │ 0.000544       │
│ optim/kl_sample_train_v2              │ 0.000514       │
│ train/advantage_abs_mean              │ 0.198726       │
│ train/anchor_reward_mean              │ 0.000000       │
│ train/anchor_reward_std               │ 0.001087       │
│ train/avg_response_length             │ 392.315789     │
│ train/consistency_gap_1               │ 0.427350       │
│ train/consistency_reward_mean         │ 0.006620       │
│ train/consistency_reward_std          │ 0.211999       │
│ train/epoch                           │ 0              │
│ train/kl_policy_base                  │ 0.040165       │
│ train/n_anchor_rollouts               │ 117            │
│ train/n_consistency_rollouts          │ 16             │
│ train/n_ref_parsed                    │ 117            │
│ train/n_training_parsed               │ 117            │
│ train/p_hat_1                         │ 0.452991       │
│ train/p_ref                           │ 0.025641       │
│ train/p_ref_drift                     │ -0.006879      │
│ train/p_ref_init                      │ 0.032520       │
│ train/parse_rate                      │ 0.914062       │
│ train/rate_var                        │ 0.045657       │
│ train/reward_pert0_trait0_count       │ 114            │
│ train/reward_pert0_trait0_mean        │ -0.000176      │
│ train/reward_pert0_trait1_count       │ 3              │
│ train/reward_pert0_trait1_mean        │ 0.006703       │
│ train/reward_pert1_trait0_count       │ 9              │
│ train/reward_pert1_trait0_mean        │ 0.193586       │
│ train/reward_pert1_trait1_count       │ 7              │
│ train/reward_pert1_trait1_mean        │ -0.233764      │
│ train/train/clock_cycle:unique        │ 1646968.000000 │
│ train/train/loss:sum                  │ 43.348875      │
│ train/train/ppo_clipped_fraction:mean │ 0.142269       │
│ train/train/ppo_kl_div:mean           │ 0.571301       │
│ train/train/ppo_mean_ratio:mean       │ 0.886151       │
└───────────────────────────────────────┴────────────────┘
tinker_cookbook.utils.ml_log:192 [INFO] Wrote metrics to logs/sweep-rollouts/llama-rlct-nr128/metrics.jsonl
tinker_cookbook.utils.ml_log:265 [INFO] 
               Step 64               
┏━━━━━━━━━━━━━━━━━━━━━━━━━━━┳━━━━━━━┓
┃ Metric                    ┃ Value ┃
┡━━━━━━━━━━━━━━━━━━━━━━━━━━━╇━━━━━━━┩
│ train/skipped_empty_batch │ 1     │
└───────────────────────────┴───────┘
tinker_cookbook.utils.ml_log:192 [INFO] Wrote metrics to logs/sweep-rollouts/llama-rlct-nr128/metrics.jsonl
tinker_cookbook.utils.ml_log:265 [INFO] 
                         Step 65                          
┏━━━━━━━━━━━━━━━━━━━━━━━━━━━━━━━━━━━━━━━┳━━━━━━━━━━━━━━━━┓
┃ Metric                                ┃ Value          ┃
┡━━━━━━━━━━━━━━━━━━━━━━━━━━━━━━━━━━━━━━━╇━━━━━━━━━━━━━━━━┩
│ optim/entropy                         │ 3.174658       │
│ optim/kl_sample_train_v1              │ 0.000240       │
│ optim/kl_sample_train_v2              │ 0.000458       │
│ train/advantage_abs_mean              │ 0.226502       │
│ train/anchor_reward_mean              │ -0.000000      │
│ train/anchor_reward_std               │ 0.029201       │
│ train/avg_response_length             │ 656.016949     │
│ train/consistency_gap_1               │ 0.185083       │
│ train/consistency_reward_mean         │ -0.004757      │
│ train/consistency_reward_std          │ 0.080143       │
│ train/epoch                           │ 0              │
│ train/kl_policy_base                  │ 0.029993       │
│ train/n_anchor_rollouts               │ 102            │
│ train/n_consistency_rollouts          │ 16             │
│ train/n_ref_parsed                    │ 102            │
│ train/n_training_parsed               │ 107            │
│ train/p_hat_1                         │ 0.224299       │
│ train/p_ref                           │ 0.039216       │
│ train/p_ref_drift                     │ -0.150439      │
│ train/p_ref_init                      │ 0.189655       │
│ train/parse_rate                      │ 0.816406       │
│ train/rate_var                        │ 0.008564       │
│ train/reward_pert0_trait0_count       │ 98             │
│ train/reward_pert0_trait0_mean        │ -0.005900      │
│ train/reward_pert0_trait1_count       │ 4              │
│ train/reward_pert0_trait1_mean        │ 0.144540       │
│ train/reward_pert1_trait0_count       │ 12             │
│ train/reward_pert1_trait0_mean        │ 0.041514       │
│ train/reward_pert1_trait1_count       │ 4              │
│ train/reward_pert1_trait1_mean        │ -0.143569      │
│ train/train/clock_cycle:unique        │ 1647007.000000 │
│ train/train/loss:sum                  │ 4118.362915    │
│ train/train/ppo_clipped_fraction:mean │ 0.110576       │
│ train/train/ppo_kl_div:mean           │ 0.351756       │
│ train/train/ppo_mean_ratio:mean       │ 0.913624       │
└───────────────────────────────────────┴────────────────┘
tinker_cookbook.utils.ml_log:192 [INFO] Wrote metrics to logs/sweep-rollouts/llama-rlct-nr128/metrics.jsonl
tinker_cookbook.utils.ml_log:265 [INFO] 
                         Step 66                          
┏━━━━━━━━━━━━━━━━━━━━━━━━━━━━━━━━━━━━━━━┳━━━━━━━━━━━━━━━━┓
┃ Metric                                ┃ Value          ┃
┡━━━━━━━━━━━━━━━━━━━━━━━━━━━━━━━━━━━━━━━╇━━━━━━━━━━━━━━━━┩
│ optim/entropy                         │ 0.755414       │
│ optim/kl_sample_train_v1              │ 0.000282       │
│ optim/kl_sample_train_v2              │ 0.000557       │
│ train/advantage_abs_mean              │ 0.139923       │
│ train/anchor_reward_mean              │ 0.000000       │
│ train/anchor_reward_std               │ 0.000694       │
│ train/avg_response_length             │ 380.590909     │
│ train/consistency_gap_1               │ 0.396338       │
│ train/consistency_reward_mean         │ 0.011874       │
│ train/consistency_reward_std          │ 0.191876       │
│ train/epoch                           │ 0              │
│ train/kl_policy_base                  │ 0.024883       │
│ train/n_anchor_rollouts               │ 116            │
│ train/n_consistency_rollouts          │ 16             │
│ train/n_ref_parsed                    │ 116            │
│ train/n_training_parsed               │ 121            │
│ train/p_hat_1                         │ 0.404959       │
│ train/p_ref                           │ 0.008621       │
│ train/p_ref_drift                     │ -0.007508      │
│ train/p_ref_init                      │ 0.016129       │
│ train/parse_rate                      │ 0.925781       │
│ train/rate_var                        │ 0.039271       │
│ train/reward_pert0_trait0_count       │ 115            │
│ train/reward_pert0_trait0_mean        │ -0.000065      │
│ train/reward_pert0_trait1_count       │ 1              │
│ train/reward_pert0_trait1_mean        │ 0.007444       │
│ train/reward_pert1_trait0_count       │ 10             │
│ train/reward_pert1_trait0_mean        │ 0.160501       │
│ train/reward_pert1_trait1_count       │ 6              │
│ train/reward_pert1_trait1_mean        │ -0.235837      │
│ train/train/clock_cycle:unique        │ 1647013.000000 │
│ train/train/loss:sum                  │ -726.665980    │
│ train/train/ppo_clipped_fraction:mean │ 0.167845       │
│ train/train/ppo_kl_div:mean           │ 0.569889       │
│ train/train/ppo_mean_ratio:mean       │ 0.868504       │
└───────────────────────────────────────┴────────────────┘
tinker_cookbook.utils.ml_log:192 [INFO] Wrote metrics to logs/sweep-rollouts/llama-rlct-nr128/metrics.jsonl
tinker_cookbook.utils.ml_log:265 [INFO] 
                         Step 67                          
┏━━━━━━━━━━━━━━━━━━━━━━━━━━━━━━━━━━━━━━━┳━━━━━━━━━━━━━━━━┓
┃ Metric                                ┃ Value          ┃
┡━━━━━━━━━━━━━━━━━━━━━━━━━━━━━━━━━━━━━━━╇━━━━━━━━━━━━━━━━┩
│ optim/entropy                         │ 2.719755       │
│ optim/kl_sample_train_v1              │ 0.000520       │
│ optim/kl_sample_train_v2              │ 0.000582       │
│ train/advantage_abs_mean              │ 0.340211       │
│ train/anchor_reward_mean              │ 0.000000       │
│ train/anchor_reward_std               │ 0.019618       │
│ train/avg_response_length             │ 449.904412     │
│ train/consistency_gap_1               │ 0.570290       │
│ train/consistency_reward_mean         │ 0.035333       │
│ train/consistency_reward_std          │ 0.276090       │
│ train/epoch                           │ 0              │
│ train/kl_policy_base                  │ 0.024960       │
│ train/n_anchor_rollouts               │ 120            │
│ train/n_consistency_rollouts          │ 16             │
│ train/n_ref_parsed                    │ 120            │
│ train/n_training_parsed               │ 115            │
│ train/p_hat_1                         │ 0.686957       │
│ train/p_ref                           │ 0.116667       │
│ train/p_ref_drift                     │ 0.061111       │
│ train/p_ref_init                      │ 0.055556       │
│ train/parse_rate                      │ 0.917969       │
│ train/rate_var                        │ 0.081308       │
│ train/reward_pert0_trait0_count       │ 106            │
│ train/reward_pert0_trait0_mean        │ 0.007130       │
│ train/reward_pert0_trait1_count       │ 14             │
│ train/reward_pert0_trait1_mean        │ -0.053981      │
│ train/reward_pert1_trait0_count       │ 6              │
│ train/reward_pert1_trait0_mean        │ 0.391764       │
│ train/reward_pert1_trait1_count       │ 10             │
│ train/reward_pert1_trait1_mean        │ -0.178526      │
│ train/train/clock_cycle:unique        │ 1647026.000000 │
│ train/train/loss:sum                  │ 4346.772995    │
│ train/train/ppo_clipped_fraction:mean │ 0.148655       │
│ train/train/ppo_kl_div:mean           │ 0.574658       │
│ train/train/ppo_mean_ratio:mean       │ 0.878827       │
└───────────────────────────────────────┴────────────────┘
tinker_cookbook.utils.ml_log:192 [INFO] Wrote metrics to logs/sweep-rollouts/llama-rlct-nr128/metrics.jsonl
tinker_cookbook.utils.ml_log:265 [INFO] 
                         Step 68                          
┏━━━━━━━━━━━━━━━━━━━━━━━━━━━━━━━━━━━━━━━┳━━━━━━━━━━━━━━━━┓
┃ Metric                                ┃ Value          ┃
┡━━━━━━━━━━━━━━━━━━━━━━━━━━━━━━━━━━━━━━━╇━━━━━━━━━━━━━━━━┩
│ optim/entropy                         │ 1.121039       │
│ optim/kl_sample_train_v1              │ 0.000572       │
│ optim/kl_sample_train_v2              │ 0.000775       │
│ train/advantage_abs_mean              │ 0.492632       │
│ train/anchor_reward_mean              │ -0.000000      │
│ train/anchor_reward_std               │ 0.003236       │
│ train/avg_response_length             │ 521.640000     │
│ train/consistency_gap_1               │ -0.016613      │
│ train/consistency_reward_mean         │ -0.000505      │
│ train/consistency_reward_std          │ 0.008043       │
│ train/epoch                           │ 0              │
│ train/kl_policy_base                  │ 0.045260       │
│ train/n_anchor_rollouts               │ 109            │
│ train/n_consistency_rollouts          │ 16             │
│ train/n_ref_parsed                    │ 109            │
│ train/n_training_parsed               │ 111            │
│ train/p_hat_1                         │ 0.405405       │
│ train/p_ref                           │ 0.422018       │
│ train/p_ref_drift                     │ -0.006553      │
│ train/p_ref_init                      │ 0.428571       │
│ train/parse_rate                      │ 0.859375       │
│ train/rate_var                        │ 0.000069       │
│ train/reward_pert0_trait0_count       │ 63             │
│ train/reward_pert0_trait0_mean        │ -0.002766      │
│ train/reward_pert0_trait1_count       │ 46             │
│ train/reward_pert0_trait1_mean        │ 0.003788       │
│ train/reward_pert1_trait0_count       │ 10             │
│ train/reward_pert1_trait0_mean        │ -0.006735      │
│ train/reward_pert1_trait1_count       │ 6              │
│ train/reward_pert1_trait1_mean        │ 0.009878       │
│ train/train/clock_cycle:unique        │ 1647298.000000 │
│ train/train/loss:sum                  │ 1473.667517    │
│ train/train/ppo_clipped_fraction:mean │ 0.308839       │
│ train/train/ppo_kl_div:mean           │ 0.911983       │
│ train/train/ppo_mean_ratio:mean       │ 0.754654       │
└───────────────────────────────────────┴────────────────┘
tinker_cookbook.utils.ml_log:192 [INFO] Wrote metrics to logs/sweep-rollouts/llama-rlct-nr128/metrics.jsonl
tinker_cookbook.utils.ml_log:265 [INFO] 
               Step 69               
┏━━━━━━━━━━━━━━━━━━━━━━━━━━━┳━━━━━━━┓
┃ Metric                    ┃ Value ┃
┡━━━━━━━━━━━━━━━━━━━━━━━━━━━╇━━━━━━━┩
│ train/skipped_empty_batch │ 1     │
└───────────────────────────┴───────┘
tinker_cookbook.utils.ml_log:192 [INFO] Wrote metrics to logs/sweep-rollouts/llama-rlct-nr128/metrics.jsonl
tinker_cookbook.utils.ml_log:265 [INFO] 
                         Step 70                          
┏━━━━━━━━━━━━━━━━━━━━━━━━━━━━━━━━━━━━━━━┳━━━━━━━━━━━━━━━━┓
┃ Metric                                ┃ Value          ┃
┡━━━━━━━━━━━━━━━━━━━━━━━━━━━━━━━━━━━━━━━╇━━━━━━━━━━━━━━━━┩
│ optim/entropy                         │ 0.892722       │
│ optim/kl_sample_train_v1              │ 0.000433       │
│ optim/kl_sample_train_v2              │ 0.000564       │
│ train/advantage_abs_mean              │ 0.386830       │
│ train/anchor_reward_mean              │ 0.000000       │
│ train/anchor_reward_std               │ 0.029963       │
│ train/avg_response_length             │ 262.595420     │
│ train/consistency_gap_1               │ 0.027436       │
│ train/consistency_reward_mean         │ 0.000887       │
│ train/consistency_reward_std          │ 0.010709       │
│ train/epoch                           │ 0              │
│ train/kl_policy_base                  │ 0.058451       │
│ train/n_anchor_rollouts               │ 115            │
│ train/n_consistency_rollouts          │ 16             │
│ train/n_ref_parsed                    │ 115            │
│ train/n_training_parsed               │ 116            │
│ train/p_hat_1                         │ 0.844828       │
│ train/p_ref                           │ 0.817391       │
│ train/p_ref_drift                     │ 0.077554       │
│ train/p_ref_init                      │ 0.739837       │
│ train/parse_rate                      │ 0.902344       │
│ train/rate_var                        │ 0.000188       │
│ train/reward_pert0_trait0_count       │ 21             │
│ train/reward_pert0_trait0_mean        │ 0.063392       │
│ train/reward_pert0_trait1_count       │ 94             │
│ train/reward_pert0_trait1_mean        │ -0.014162      │
│ train/reward_pert1_trait0_count       │ 3              │
│ train/reward_pert1_trait0_mean        │ 0.023179       │
│ train/reward_pert1_trait1_count       │ 13             │
│ train/reward_pert1_trait1_mean        │ -0.004257      │
│ train/train/clock_cycle:unique        │ 1647518.000000 │
│ train/train/loss:sum                  │ 28.032589      │
│ train/train/ppo_clipped_fraction:mean │ 0.259366       │
│ train/train/ppo_kl_div:mean           │ 1.023538       │
│ train/train/ppo_mean_ratio:mean       │ 0.780120       │
└───────────────────────────────────────┴────────────────┘
tinker_cookbook.utils.ml_log:192 [INFO] Wrote metrics to logs/sweep-rollouts/llama-rlct-nr128/metrics.jsonl
tinker_cookbook.utils.ml_log:265 [INFO] 
                         Step 71                          
┏━━━━━━━━━━━━━━━━━━━━━━━━━━━━━━━━━━━━━━━┳━━━━━━━━━━━━━━━━┓
┃ Metric                                ┃ Value          ┃
┡━━━━━━━━━━━━━━━━━━━━━━━━━━━━━━━━━━━━━━━╇━━━━━━━━━━━━━━━━┩
│ optim/entropy                         │ 0.733538       │
│ optim/kl_sample_train_v1              │ 0.000517       │
│ optim/kl_sample_train_v2              │ 0.000563       │
│ train/advantage_abs_mean              │ 0.294871       │
│ train/anchor_reward_mean              │ 0.000000       │
│ train/anchor_reward_std               │ 0.034457       │
│ train/avg_response_length             │ 328.075758     │
│ train/consistency_gap_1               │ 0.094828       │
│ train/consistency_reward_mean         │ -0.003270      │
│ train/consistency_reward_std          │ 0.000000       │
│ train/epoch                           │ 0              │
│ train/kl_policy_base                  │ 0.043834       │
│ train/n_anchor_rollouts               │ 116            │
│ train/n_consistency_rollouts          │ 16             │
│ train/n_ref_parsed                    │ 116            │
│ train/n_training_parsed               │ 116            │
│ train/p_hat_1                         │ 0.965517       │
│ train/p_ref                           │ 0.870690       │
│ train/p_ref_drift                     │ 0.102690       │
│ train/p_ref_init                      │ 0.768000       │
│ train/parse_rate                      │ 0.906250       │
│ train/rate_var                        │ 0.002248       │
│ train/reward_pert0_trait0_count       │ 15             │
│ train/reward_pert0_trait0_mean        │ 0.089411       │
│ train/reward_pert0_trait1_count       │ 101            │
│ train/reward_pert0_trait1_mean        │ -0.013279      │
│ train/reward_pert1_trait1_count       │ 16             │
│ train/reward_pert1_trait1_mean        │ -0.003270      │
│ train/train/clock_cycle:unique        │ 1647619.000000 │
│ train/train/loss:sum                  │ -199.270485    │
│ train/train/ppo_clipped_fraction:mean │ 0.350504       │
│ train/train/ppo_kl_div:mean           │ 1.222097       │
│ train/train/ppo_mean_ratio:mean       │ 0.708931       │
└───────────────────────────────────────┴────────────────┘
tinker_cookbook.utils.ml_log:192 [INFO] Wrote metrics to logs/sweep-rollouts/llama-rlct-nr128/metrics.jsonl
tinker_cookbook.utils.ml_log:265 [INFO] 
                         Step 72                          
┏━━━━━━━━━━━━━━━━━━━━━━━━━━━━━━━━━━━━━━━┳━━━━━━━━━━━━━━━━┓
┃ Metric                                ┃ Value          ┃
┡━━━━━━━━━━━━━━━━━━━━━━━━━━━━━━━━━━━━━━━╇━━━━━━━━━━━━━━━━┩
│ optim/entropy                         │ 1.231950       │
│ optim/kl_sample_train_v1              │ 0.000405       │
│ optim/kl_sample_train_v2              │ 0.000568       │
│ train/advantage_abs_mean              │ 0.085168       │
│ train/anchor_reward_mean              │ 0.000000       │
│ train/anchor_reward_std               │ 0.000054       │
│ train/avg_response_length             │ 314.796610     │
│ train/consistency_gap_1               │ -0.009804      │
│ train/consistency_reward_mean         │ 0.000000       │
│ train/consistency_reward_std          │ 0.000000       │
│ train/epoch                           │ 0              │
│ train/kl_policy_base                  │ 0.032148       │
│ train/n_anchor_rollouts               │ 102            │
│ train/n_consistency_rollouts          │ 16             │
│ train/n_ref_parsed                    │ 102            │
│ train/n_training_parsed               │ 98             │
│ train/p_hat_1                         │ 0.000000       │
│ train/p_ref                           │ 0.009804       │
│ train/p_ref_drift                     │ 0.000545       │
│ train/p_ref_init                      │ 0.009259       │
│ train/parse_rate                      │ 0.781250       │
│ train/rate_var                        │ 0.000024       │
│ train/reward_pert0_trait0_count       │ 101            │
│ train/reward_pert0_trait0_mean        │ 0.000005       │
│ train/reward_pert0_trait1_count       │ 1              │
│ train/reward_pert0_trait1_mean        │ -0.000539      │
│ train/reward_pert1_trait0_count       │ 16             │
│ train/reward_pert1_trait0_mean        │ 0.000000       │
│ train/train/clock_cycle:unique        │ 1647960.000000 │
│ train/train/loss:sum                  │ -714.993973    │
│ train/train/ppo_clipped_fraction:mean │ 0.211331       │
│ train/train/ppo_kl_div:mean           │ 0.723045       │
│ train/train/ppo_mean_ratio:mean       │ 0.826015       │
└───────────────────────────────────────┴────────────────┘
tinker_cookbook.utils.ml_log:192 [INFO] Wrote metrics to logs/sweep-rollouts/llama-rlct-nr128/metrics.jsonl
tinker_cookbook.utils.ml_log:265 [INFO] 
                         Step 73                          
┏━━━━━━━━━━━━━━━━━━━━━━━━━━━━━━━━━━━━━━━┳━━━━━━━━━━━━━━━━┓
┃ Metric                                ┃ Value          ┃
┡━━━━━━━━━━━━━━━━━━━━━━━━━━━━━━━━━━━━━━━╇━━━━━━━━━━━━━━━━┩
│ optim/entropy                         │ 0.659965       │
│ optim/kl_sample_train_v1              │ 0.000237       │
│ optim/kl_sample_train_v2              │ 0.000510       │
│ train/advantage_abs_mean              │ 0.078975       │
│ train/anchor_reward_mean              │ -0.000000      │
│ train/anchor_reward_std               │ 0.000713       │
│ train/avg_response_length             │ 323.843972     │
│ train/consistency_gap_1               │ 0.008000       │
│ train/consistency_reward_mean         │ 0.000128       │
│ train/consistency_reward_std          │ 0.000000       │
│ train/epoch                           │ 0              │
│ train/kl_policy_base                  │ 0.035881       │
│ train/n_anchor_rollouts               │ 125            │
│ train/n_consistency_rollouts          │ 16             │
│ train/n_ref_parsed                    │ 125            │
│ train/n_training_parsed               │ 125            │
│ train/p_hat_1                         │ 0.016000       │
│ train/p_ref                           │ 0.008000       │
│ train/p_ref_drift                     │ 0.008000       │
│ train/p_ref_init                      │ 0.000000       │
│ train/parse_rate                      │ 0.976562       │
│ train/rate_var                        │ 0.000016       │
│ train/reward_pert0_trait0_count       │ 124            │
│ train/reward_pert0_trait0_mean        │ 0.000064       │
│ train/reward_pert0_trait1_count       │ 1              │
│ train/reward_pert0_trait1_mean        │ -0.007936      │
│ train/reward_pert1_trait0_count       │ 16             │
│ train/reward_pert1_trait0_mean        │ 0.000128       │
│ train/train/clock_cycle:unique        │ 1648106.000000 │
│ train/train/loss:sum                  │ 244.208786     │
│ train/train/ppo_clipped_fraction:mean │ 0.165692       │
│ train/train/ppo_kl_div:mean           │ 0.621000       │
│ train/train/ppo_mean_ratio:mean       │ 0.863807       │
└───────────────────────────────────────┴────────────────┘
tinker_cookbook.utils.ml_log:192 [INFO] Wrote metrics to logs/sweep-rollouts/llama-rlct-nr128/metrics.jsonl
tinker_cookbook.utils.ml_log:265 [INFO] 
               Step 74               
┏━━━━━━━━━━━━━━━━━━━━━━━━━━━┳━━━━━━━┓
┃ Metric                    ┃ Value ┃
┡━━━━━━━━━━━━━━━━━━━━━━━━━━━╇━━━━━━━┩
│ train/skipped_empty_batch │ 1     │
└───────────────────────────┴───────┘
tinker_cookbook.utils.ml_log:192 [INFO] Wrote metrics to logs/sweep-rollouts/llama-rlct-nr128/metrics.jsonl
tinker_cookbook.utils.ml_log:265 [INFO] 
                         Step 75                          
┏━━━━━━━━━━━━━━━━━━━━━━━━━━━━━━━━━━━━━━━┳━━━━━━━━━━━━━━━━┓
┃ Metric                                ┃ Value          ┃
┡━━━━━━━━━━━━━━━━━━━━━━━━━━━━━━━━━━━━━━━╇━━━━━━━━━━━━━━━━┩
│ optim/entropy                         │ 2.172757       │
│ optim/kl_sample_train_v1              │ 0.000693       │
│ optim/kl_sample_train_v2              │ 0.000658       │
│ train/advantage_abs_mean              │ 0.414704       │
│ train/anchor_reward_mean              │ -0.000000      │
│ train/anchor_reward_std               │ 0.186551       │
│ train/avg_response_length             │ 470.530973     │
│ train/consistency_gap_1               │ 0.528866       │
│ train/consistency_reward_mean         │ -0.052887      │
│ train/consistency_reward_std          │ 0.000000       │
│ train/epoch                           │ 0              │
│ train/kl_policy_base                  │ 0.037342       │
│ train/n_anchor_rollouts               │ 97             │
│ train/n_consistency_rollouts          │ 16             │
│ train/n_ref_parsed                    │ 97             │
│ train/n_training_parsed               │ 110            │
│ train/p_hat_1                         │ 0.900000       │
│ train/p_ref                           │ 0.371134       │
│ train/p_ref_drift                     │ -0.386148      │
│ train/p_ref_init                      │ 0.757282       │
│ train/parse_rate                      │ 0.808594       │
│ train/rate_var                        │ 0.069925       │
│ train/reward_pert0_trait0_count       │ 61             │
│ train/reward_pert0_trait0_mean        │ -0.143312      │
│ train/reward_pert0_trait1_count       │ 36             │
│ train/reward_pert0_trait1_mean        │ 0.242835       │
│ train/reward_pert1_trait1_count       │ 16             │
│ train/reward_pert1_trait1_mean        │ -0.052887      │
│ train/train/clock_cycle:unique        │ 1648560.000000 │
│ train/train/loss:sum                  │ -1792.759754   │
│ train/train/ppo_clipped_fraction:mean │ 0.323613       │
│ train/train/ppo_kl_div:mean           │ 1.051312       │
│ train/train/ppo_mean_ratio:mean       │ 0.733898       │
└───────────────────────────────────────┴────────────────┘
tinker_cookbook.checkpoint_utils:461 [INFO] Saved checkpoints: {'sampler_path': 'tinker://7c2334b2-c39e-50ef-a7d2-3ee5441e5f9f:train:0/sampler_weights/sweep-rollouts_llama-rlct-nr128_step75'}
tinker_cookbook.utils.ml_log:192 [INFO] Wrote metrics to logs/sweep-rollouts/llama-rlct-nr128/metrics.jsonl
tinker_cookbook.utils.ml_log:265 [INFO] 
                                    Step 75                                     
┏━━━━━━━━━━━━━━━━━━━━━━┳━━━━━━━━━━━━━━━━━━━━━━━━━━━━━━━━━━━━━━━━━━━━━━━━━━━━━━━┓
┃ Metric               ┃ Value                                                 ┃
┡━━━━━━━━━━━━━━━━━━━━━━╇━━━━━━━━━━━━━━━━━━━━━━━━━━━━━━━━━━━━━━━━━━━━━━━━━━━━━━━┩
│ checkpoint           │ tinker://7c2334b2-c39e-50ef-a7d2-3ee5441e5f9f:train:… │
└──────────────────────┴───────────────────────────────────────────────────────┘
tinker_cookbook.utils.ml_log:192 [INFO] Wrote metrics to logs/sweep-rollouts/llama-rlct-nr128/metrics.jsonl
tinker_cookbook.utils.ml_log:265 [INFO] 
                         Step 76                          
┏━━━━━━━━━━━━━━━━━━━━━━━━━━━━━━━━━━━━━━━┳━━━━━━━━━━━━━━━━┓
┃ Metric                                ┃ Value          ┃
┡━━━━━━━━━━━━━━━━━━━━━━━━━━━━━━━━━━━━━━━╇━━━━━━━━━━━━━━━━┩
│ optim/entropy                         │ 0.737677       │
│ optim/kl_sample_train_v1              │ 0.000560       │
│ optim/kl_sample_train_v2              │ 0.000590       │
│ train/advantage_abs_mean              │ 0.270633       │
│ train/anchor_reward_mean              │ 0.000000       │
│ train/anchor_reward_std               │ 0.015980       │
│ train/avg_response_length             │ 328.875000     │
│ train/consistency_gap_1               │ 0.268270       │
│ train/consistency_reward_mean         │ 0.040531       │
│ train/consistency_reward_std          │ 0.104709       │
│ train/epoch                           │ 0              │
│ train/kl_policy_base                  │ 0.041761       │
│ train/n_anchor_rollouts               │ 128            │
│ train/n_consistency_rollouts          │ 16             │
│ train/n_ref_parsed                    │ 128            │
│ train/n_training_parsed               │ 127            │
│ train/p_hat_1                         │ 0.338583       │
│ train/p_ref                           │ 0.070312       │
│ train/p_ref_drift                     │ 0.062500       │
│ train/p_ref_init                      │ 0.007812       │
│ train/parse_rate                      │ 0.996094       │
│ train/rate_var                        │ 0.017992       │
│ train/reward_pert0_trait0_count       │ 119            │
│ train/reward_pert0_trait0_mean        │ 0.004395       │
│ train/reward_pert0_trait1_count       │ 9              │
│ train/reward_pert0_trait1_mean        │ -0.058105      │
│ train/reward_pert1_trait0_count       │ 13             │
│ train/reward_pert1_trait0_mean        │ 0.090832       │
│ train/reward_pert1_trait1_count       │ 3              │
│ train/reward_pert1_trait1_mean        │ -0.177439      │
│ train/train/clock_cycle:unique        │ 1648656.000000 │
│ train/train/loss:sum                  │ 914.758442     │
│ train/train/ppo_clipped_fraction:mean │ 0.243347       │
│ train/train/ppo_kl_div:mean           │ 0.942237       │
│ train/train/ppo_mean_ratio:mean       │ 0.799610       │
└───────────────────────────────────────┴────────────────┘
tinker_cookbook.utils.ml_log:192 [INFO] Wrote metrics to logs/sweep-rollouts/llama-rlct-nr128/metrics.jsonl
tinker_cookbook.utils.ml_log:265 [INFO] 
                         Step 77                          
┏━━━━━━━━━━━━━━━━━━━━━━━━━━━━━━━━━━━━━━━┳━━━━━━━━━━━━━━━━┓
┃ Metric                                ┃ Value          ┃
┡━━━━━━━━━━━━━━━━━━━━━━━━━━━━━━━━━━━━━━━╇━━━━━━━━━━━━━━━━┩
│ optim/entropy                         │ 3.422824       │
│ optim/kl_sample_train_v1              │ 0.000647       │
│ optim/kl_sample_train_v2              │ 0.000563       │
│ train/advantage_abs_mean              │ 0.470946       │
│ train/anchor_reward_mean              │ 0.000000       │
│ train/anchor_reward_std               │ 0.117868       │
│ train/avg_response_length             │ 390.909836     │
│ train/consistency_gap_1               │ 0.458283       │
│ train/consistency_reward_mean         │ 0.026278       │
│ train/consistency_reward_std          │ 0.198442       │
│ train/epoch                           │ 0              │
│ train/kl_policy_base                  │ 0.039461       │
│ train/n_anchor_rollouts               │ 106            │
│ train/n_consistency_rollouts          │ 16             │
│ train/n_ref_parsed                    │ 106            │
│ train/n_training_parsed               │ 109            │
│ train/p_hat_1                         │ 0.807339       │
│ train/p_ref                           │ 0.349057       │
│ train/p_ref_drift                     │ -0.247274      │
│ train/p_ref_init                      │ 0.596330       │
│ train/parse_rate                      │ 0.839844       │
│ train/rate_var                        │ 0.052506       │
│ train/reward_pert0_trait0_count       │ 69             │
│ train/reward_pert0_trait0_mean        │ -0.086313      │
│ train/reward_pert0_trait1_count       │ 37             │
│ train/reward_pert0_trait1_mean        │ 0.160961       │
│ train/reward_pert1_trait0_count       │ 4              │
│ train/reward_pert1_trait0_mean        │ 0.369990       │
│ train/reward_pert1_trait1_count       │ 12             │
│ train/reward_pert1_trait1_mean        │ -0.088293      │
│ train/train/clock_cycle:unique        │ 1648973.000000 │
│ train/train/loss:sum                  │ -1457.219513   │
│ train/train/ppo_clipped_fraction:mean │ 0.149404       │
│ train/train/ppo_kl_div:mean           │ 0.635582       │
│ train/train/ppo_mean_ratio:mean       │ 0.871797       │
└───────────────────────────────────────┴────────────────┘
tinker_cookbook.utils.ml_log:192 [INFO] Wrote metrics to logs/sweep-rollouts/llama-rlct-nr128/metrics.jsonl
tinker_cookbook.utils.ml_log:265 [INFO] 
                         Step 78                          
┏━━━━━━━━━━━━━━━━━━━━━━━━━━━━━━━━━━━━━━━┳━━━━━━━━━━━━━━━━┓
┃ Metric                                ┃ Value          ┃
┡━━━━━━━━━━━━━━━━━━━━━━━━━━━━━━━━━━━━━━━╇━━━━━━━━━━━━━━━━┩
│ optim/entropy                         │ 1.529643       │
│ optim/kl_sample_train_v1              │ 0.000611       │
│ optim/kl_sample_train_v2              │ 0.000565       │
│ train/advantage_abs_mean              │ 0.081241       │
│ train/anchor_reward_mean              │ -0.000000      │
│ train/anchor_reward_std               │ 0.000797       │
│ train/avg_response_length             │ 222.984848     │
│ train/consistency_gap_1               │ -0.008621      │
│ train/consistency_reward_mean         │ 0.000000       │
│ train/consistency_reward_std          │ 0.000000       │
│ train/epoch                           │ 0              │
│ train/kl_policy_base                  │ 0.066233       │
│ train/n_anchor_rollouts               │ 116            │
│ train/n_consistency_rollouts          │ 16             │
│ train/n_ref_parsed                    │ 116            │
│ train/n_training_parsed               │ 121            │
│ train/p_hat_1                         │ 0.000000       │
│ train/p_ref                           │ 0.008621       │
│ train/p_ref_drift                     │ 0.008621       │
│ train/p_ref_init                      │ 0.000000       │
│ train/parse_rate                      │ 0.925781       │
│ train/rate_var                        │ 0.000019       │
│ train/reward_pert0_trait0_count       │ 115            │
│ train/reward_pert0_trait0_mean        │ 0.000074       │
│ train/reward_pert0_trait1_count       │ 1              │
│ train/reward_pert0_trait1_mean        │ -0.008546      │
│ train/reward_pert1_trait0_count       │ 16             │
│ train/reward_pert1_trait0_mean        │ 0.000000       │
│ train/train/clock_cycle:unique        │ 1649176.000000 │
│ train/train/loss:sum                  │ 618.428280     │
│ train/train/ppo_clipped_fraction:mean │ 0.277828       │
│ train/train/ppo_kl_div:mean           │ 1.125507       │
│ train/train/ppo_mean_ratio:mean       │ 0.762203       │
└───────────────────────────────────────┴────────────────┘
tinker_cookbook.utils.ml_log:192 [INFO] Wrote metrics to logs/sweep-rollouts/llama-rlct-nr128/metrics.jsonl
tinker_cookbook.utils.ml_log:265 [INFO] 
                         Step 79                          
┏━━━━━━━━━━━━━━━━━━━━━━━━━━━━━━━━━━━━━━━┳━━━━━━━━━━━━━━━━┓
┃ Metric                                ┃ Value          ┃
┡━━━━━━━━━━━━━━━━━━━━━━━━━━━━━━━━━━━━━━━╇━━━━━━━━━━━━━━━━┩
│ optim/entropy                         │ 1.780474       │
│ optim/kl_sample_train_v1              │ 0.000634       │
│ optim/kl_sample_train_v2              │ 0.000518       │
│ train/advantage_abs_mean              │ 0.377729       │
│ train/anchor_reward_mean              │ -0.000000      │
│ train/anchor_reward_std               │ 0.166351       │
│ train/avg_response_length             │ 300.419118     │
│ train/consistency_gap_1               │ 0.201016       │
│ train/consistency_reward_mean         │ -0.008171      │
│ train/consistency_reward_std          │ 0.000000       │
│ train/epoch                           │ 0              │
│ train/kl_policy_base                  │ 0.033511       │
│ train/n_anchor_rollouts               │ 120            │
│ train/n_consistency_rollouts          │ 16             │
│ train/n_ref_parsed                    │ 120            │
│ train/n_training_parsed               │ 123            │
│ train/p_hat_1                         │ 0.959350       │
│ train/p_ref                           │ 0.758333       │
│ train/p_ref_drift                     │ 0.388585       │
│ train/p_ref_init                      │ 0.369748       │
│ train/parse_rate                      │ 0.949219       │
│ train/rate_var                        │ 0.010102       │
│ train/reward_pert0_trait0_count       │ 29             │
│ train/reward_pert0_trait0_mean        │ 0.294677       │
│ train/reward_pert0_trait1_count       │ 91             │
│ train/reward_pert0_trait1_mean        │ -0.093908      │
│ train/reward_pert1_trait1_count       │ 16             │
│ train/reward_pert1_trait1_mean        │ -0.008171      │
│ train/train/clock_cycle:unique        │ 1649345.000000 │
│ train/train/loss:sum                  │ -859.786163    │
│ train/train/ppo_clipped_fraction:mean │ 0.223579       │
│ train/train/ppo_kl_div:mean           │ 0.966345       │
│ train/train/ppo_mean_ratio:mean       │ 0.803662       │
└───────────────────────────────────────┴────────────────┘
tinker_cookbook.utils.ml_log:192 [INFO] Wrote metrics to logs/sweep-rollouts/llama-rlct-nr128/metrics.jsonl
tinker_cookbook.utils.ml_log:265 [INFO] 
               Step 80               
┏━━━━━━━━━━━━━━━━━━━━━━━━━━━┳━━━━━━━┓
┃ Metric                    ┃ Value ┃
┡━━━━━━━━━━━━━━━━━━━━━━━━━━━╇━━━━━━━┩
│ train/skipped_empty_batch │ 1     │
└───────────────────────────┴───────┘
tinker_cookbook.utils.ml_log:192 [INFO] Wrote metrics to logs/sweep-rollouts/llama-rlct-nr128/metrics.jsonl
tinker_cookbook.utils.ml_log:265 [INFO] 
                         Step 81                          
┏━━━━━━━━━━━━━━━━━━━━━━━━━━━━━━━━━━━━━━━┳━━━━━━━━━━━━━━━━┓
┃ Metric                                ┃ Value          ┃
┡━━━━━━━━━━━━━━━━━━━━━━━━━━━━━━━━━━━━━━━╇━━━━━━━━━━━━━━━━┩
│ optim/entropy                         │ 0.872076       │
│ optim/kl_sample_train_v1              │ 0.001045       │
│ optim/kl_sample_train_v2              │ 0.000681       │
│ train/advantage_abs_mean              │ 0.480136       │
│ train/anchor_reward_mean              │ -0.000000      │
│ train/anchor_reward_std               │ 0.096474       │
│ train/avg_response_length             │ 292.333333     │
│ train/consistency_gap_1               │ 0.197180       │
│ train/consistency_reward_mean         │ 0.009697       │
│ train/consistency_reward_std          │ 0.098590       │
│ train/epoch                           │ 0              │
│ train/kl_policy_base                  │ 0.035303       │
│ train/n_anchor_rollouts               │ 125            │
│ train/n_consistency_rollouts          │ 16             │
│ train/n_ref_parsed                    │ 125            │
│ train/n_training_parsed               │ 122            │
│ train/p_hat_1                         │ 0.549180       │
│ train/p_ref                           │ 0.352000       │
│ train/p_ref_drift                     │ 0.202000       │
│ train/p_ref_init                      │ 0.150000       │
│ train/parse_rate                      │ 0.964844       │
│ train/rate_var                        │ 0.009720       │
│ train/reward_pert0_trait0_count       │ 81             │
│ train/reward_pert0_trait0_mean        │ 0.071104       │
│ train/reward_pert0_trait1_count       │ 44             │
│ train/reward_pert0_trait1_mean        │ -0.130896      │
│ train/reward_pert1_trait0_count       │ 8              │
│ train/reward_pert1_trait0_mean        │ 0.108288       │
│ train/reward_pert1_trait1_count       │ 8              │
│ train/reward_pert1_trait1_mean        │ -0.088893      │
│ train/train/clock_cycle:unique        │ 1649586.000000 │
│ train/train/loss:sum                  │ -305.255859    │
│ train/train/ppo_clipped_fraction:mean │ 0.384283       │
│ train/train/ppo_kl_div:mean           │ 1.135659       │
│ train/train/ppo_mean_ratio:mean       │ 0.695454       │
└───────────────────────────────────────┴────────────────┘
tinker_cookbook.utils.ml_log:192 [INFO] Wrote metrics to logs/sweep-rollouts/llama-rlct-nr128/metrics.jsonl
tinker_cookbook.utils.ml_log:265 [INFO] 
                         Step 82                          
┏━━━━━━━━━━━━━━━━━━━━━━━━━━━━━━━━━━━━━━━┳━━━━━━━━━━━━━━━━┓
┃ Metric                                ┃ Value          ┃
┡━━━━━━━━━━━━━━━━━━━━━━━━━━━━━━━━━━━━━━━╇━━━━━━━━━━━━━━━━┩
│ optim/entropy                         │ 0.663780       │
│ optim/kl_sample_train_v1              │ 0.000271       │
│ optim/kl_sample_train_v2              │ 0.000518       │
│ train/advantage_abs_mean              │ 0.036747       │
│ train/anchor_reward_mean              │ 0.000000       │
│ train/anchor_reward_std               │ 0.000000       │
│ train/avg_response_length             │ 309.784722     │
│ train/consistency_gap_1               │ 0.149668       │
│ train/consistency_reward_mean         │ 0.004861       │
│ train/consistency_reward_std          │ 0.049498       │
│ train/epoch                           │ 0              │
│ train/kl_policy_base                  │ 0.031812       │
│ train/n_anchor_rollouts               │ 128            │
│ train/n_consistency_rollouts          │ 16             │
│ train/n_ref_parsed                    │ 128            │
│ train/n_training_parsed               │ 127            │
│ train/p_hat_1                         │ 0.157480       │
│ train/p_ref                           │ 0.007812       │
│ train/p_ref_drift                     │ 0.000000       │
│ train/p_ref_init                      │ 0.007812       │
│ train/parse_rate                      │ 0.996094       │
│ train/rate_var                        │ 0.005600       │
│ train/reward_pert0_trait0_count       │ 127            │
│ train/reward_pert0_trait0_mean        │ 0.000000       │
│ train/reward_pert0_trait1_count       │ 1              │
│ train/reward_pert0_trait1_mean        │ 0.000000       │
│ train/reward_pert1_trait0_count       │ 14             │
│ train/reward_pert1_trait0_mean        │ 0.023570       │
│ train/reward_pert1_trait1_count       │ 2              │
│ train/reward_pert1_trait1_mean        │ -0.126098      │
│ train/train/clock_cycle:unique        │ 1649680.000000 │
│ train/train/loss:sum                  │ -105.414749    │
│ train/train/ppo_clipped_fraction:mean │ 0.168525       │
│ train/train/ppo_kl_div:mean           │ 0.745258       │
│ train/train/ppo_mean_ratio:mean       │ 0.853774       │
└───────────────────────────────────────┴────────────────┘
tinker_cookbook.utils.ml_log:192 [INFO] Wrote metrics to logs/sweep-rollouts/llama-rlct-nr128/metrics.jsonl
tinker_cookbook.utils.ml_log:265 [INFO] 
               Step 83               
┏━━━━━━━━━━━━━━━━━━━━━━━━━━━┳━━━━━━━┓
┃ Metric                    ┃ Value ┃
┡━━━━━━━━━━━━━━━━━━━━━━━━━━━╇━━━━━━━┩
│ train/skipped_empty_batch │ 1     │
└───────────────────────────┴───────┘
tinker_cookbook.utils.ml_log:192 [INFO] Wrote metrics to logs/sweep-rollouts/llama-rlct-nr128/metrics.jsonl
tinker_cookbook.utils.ml_log:265 [INFO] 
                         Step 84                          
┏━━━━━━━━━━━━━━━━━━━━━━━━━━━━━━━━━━━━━━━┳━━━━━━━━━━━━━━━━┓
┃ Metric                                ┃ Value          ┃
┡━━━━━━━━━━━━━━━━━━━━━━━━━━━━━━━━━━━━━━━╇━━━━━━━━━━━━━━━━┩
│ optim/entropy                         │ 1.121628       │
│ optim/kl_sample_train_v1              │ 0.000546       │
│ optim/kl_sample_train_v2              │ 0.000722       │
│ train/advantage_abs_mean              │ 0.157514       │
│ train/anchor_reward_mean              │ -0.000000      │
│ train/anchor_reward_std               │ 0.000966       │
│ train/avg_response_length             │ 311.920290     │
│ train/consistency_gap_1               │ 0.086781       │
│ train/consistency_reward_mean         │ -0.007318      │
│ train/consistency_reward_std          │ 0.033872       │
│ train/epoch                           │ 0              │
│ train/kl_policy_base                  │ 0.037768       │
│ train/n_anchor_rollouts               │ 122            │
│ train/n_consistency_rollouts          │ 16             │
│ train/n_ref_parsed                    │ 122            │
│ train/n_training_parsed               │ 126            │
│ train/p_hat_1                         │ 0.103175       │
│ train/p_ref                           │ 0.016393       │
│ train/p_ref_drift                     │ -0.007607      │
│ train/p_ref_init                      │ 0.024000       │
│ train/parse_rate                      │ 0.968750       │
│ train/rate_var                        │ 0.001883       │
│ train/reward_pert0_trait0_count       │ 120            │
│ train/reward_pert0_trait0_mean        │ -0.000125      │
│ train/reward_pert0_trait1_count       │ 2              │
│ train/reward_pert0_trait1_mean        │ 0.007482       │
│ train/reward_pert1_trait0_count       │ 13             │
│ train/reward_pert1_trait0_mean        │ 0.008954       │
│ train/reward_pert1_trait1_count       │ 3              │
│ train/reward_pert1_trait1_mean        │ -0.077828      │
│ train/train/clock_cycle:unique        │ 1649887.000000 │
│ train/train/clock_cycle:unique_1      │ 1649888.000000 │
│ train/train/loss:sum                  │ 518.723223     │
│ train/train/ppo_clipped_fraction:mean │ 0.543864       │
│ train/train/ppo_kl_div:mean           │ 1.743762       │
│ train/train/ppo_mean_ratio:mean       │ 0.563129       │
└───────────────────────────────────────┴────────────────┘
tinker_cookbook.utils.ml_log:192 [INFO] Wrote metrics to logs/sweep-rollouts/llama-rlct-nr128/metrics.jsonl
tinker_cookbook.utils.ml_log:265 [INFO] 
                         Step 85                          
┏━━━━━━━━━━━━━━━━━━━━━━━━━━━━━━━━━━━━━━━┳━━━━━━━━━━━━━━━━┓
┃ Metric                                ┃ Value          ┃
┡━━━━━━━━━━━━━━━━━━━━━━━━━━━━━━━━━━━━━━━╇━━━━━━━━━━━━━━━━┩
│ optim/entropy                         │ 5.323896       │
│ optim/kl_sample_train_v1              │ 0.000561       │
│ optim/kl_sample_train_v2              │ 0.000561       │
│ train/advantage_abs_mean              │ 0.416168       │
│ train/anchor_reward_mean              │ -0.000000      │
│ train/anchor_reward_std               │ 0.029172       │
│ train/avg_response_length             │ 1085.545455    │
│ train/consistency_gap_1               │ 0.045658       │
│ train/consistency_reward_mean         │ 0.000671       │
│ train/consistency_reward_std          │ 0.019771       │
│ train/epoch                           │ 0              │
│ train/kl_policy_base                  │ 0.020955       │
│ train/n_anchor_rollouts               │ 105            │
│ train/n_consistency_rollouts          │ 16             │
│ train/n_ref_parsed                    │ 105            │
│ train/n_training_parsed               │ 102            │
│ train/p_hat_1                         │ 0.264706       │
│ train/p_ref                           │ 0.219048       │
│ train/p_ref_drift                     │ 0.070533       │
│ train/p_ref_init                      │ 0.148515       │
│ train/parse_rate                      │ 0.808594       │
│ train/rate_var                        │ 0.000521       │
│ train/reward_pert0_trait0_count       │ 82             │
│ train/reward_pert0_trait0_mean        │ 0.015450       │
│ train/reward_pert0_trait1_count       │ 23             │
│ train/reward_pert0_trait1_mean        │ -0.055083      │
│ train/reward_pert1_trait0_count       │ 12             │
│ train/reward_pert1_trait0_mean        │ 0.012086       │
│ train/reward_pert1_trait1_count       │ 4              │
│ train/reward_pert1_trait1_mean        │ -0.033572      │
│ train/train/clock_cycle:unique        │ 1650070.000000 │
│ train/train/clock_cycle:unique_1      │ 1650071.000000 │
│ train/train/loss:sum                  │ -9721.953339   │
│ train/train/ppo_clipped_fraction:mean │ 0.075958       │
│ train/train/ppo_kl_div:mean           │ 0.274066       │
│ train/train/ppo_mean_ratio:mean       │ 0.940150       │
└───────────────────────────────────────┴────────────────┘
tinker_cookbook.utils.ml_log:192 [INFO] Wrote metrics to logs/sweep-rollouts/llama-rlct-nr128/metrics.jsonl
tinker_cookbook.utils.ml_log:265 [INFO] 
               Step 86               
┏━━━━━━━━━━━━━━━━━━━━━━━━━━━┳━━━━━━━┓
┃ Metric                    ┃ Value ┃
┡━━━━━━━━━━━━━━━━━━━━━━━━━━━╇━━━━━━━┩
│ train/skipped_empty_batch │ 1     │
└───────────────────────────┴───────┘
tinker_cookbook.utils.ml_log:192 [INFO] Wrote metrics to logs/sweep-rollouts/llama-rlct-nr128/metrics.jsonl
tinker_cookbook.utils.ml_log:265 [INFO] 
                         Step 87                          
┏━━━━━━━━━━━━━━━━━━━━━━━━━━━━━━━━━━━━━━━┳━━━━━━━━━━━━━━━━┓
┃ Metric                                ┃ Value          ┃
┡━━━━━━━━━━━━━━━━━━━━━━━━━━━━━━━━━━━━━━━╇━━━━━━━━━━━━━━━━┩
│ optim/entropy                         │ 2.519659       │
│ optim/kl_sample_train_v1              │ 0.000486       │
│ optim/kl_sample_train_v2              │ 0.000428       │
│ train/advantage_abs_mean              │ 0.107326       │
│ train/anchor_reward_mean              │ 0.000000       │
│ train/anchor_reward_std               │ 0.000730       │
│ train/avg_response_length             │ 321.618705     │
│ train/consistency_gap_1               │ 0.024390       │
│ train/consistency_reward_mean         │ -0.000731      │
│ train/consistency_reward_std          │ 0.005904       │
│ train/epoch                           │ 0              │
│ train/kl_policy_base                  │ 0.027308       │
│ train/n_anchor_rollouts               │ 123            │
│ train/n_consistency_rollouts          │ 16             │
│ train/n_ref_parsed                    │ 123            │
│ train/n_training_parsed               │ 123            │
│ train/p_hat_1                         │ 0.032520       │
│ train/p_ref                           │ 0.008130       │
│ train/p_ref_drift                     │ 0.008130       │
│ train/p_ref_init                      │ 0.000000       │
│ train/parse_rate                      │ 0.960938       │
│ train/rate_var                        │ 0.000149       │
│ train/reward_pert0_trait0_count       │ 122            │
│ train/reward_pert0_trait0_mean        │ 0.000066       │
│ train/reward_pert0_trait1_count       │ 1              │
│ train/reward_pert0_trait1_mean        │ -0.008064      │
│ train/reward_pert1_trait0_count       │ 15             │
│ train/reward_pert1_trait0_mean        │ 0.000793       │
│ train/reward_pert1_trait1_count       │ 1              │
│ train/reward_pert1_trait1_mean        │ -0.023597      │
│ train/train/clock_cycle:unique        │ 1650100.000000 │
│ train/train/loss:sum                  │ 694.673512     │
│ train/train/ppo_clipped_fraction:mean │ 0.205280       │
│ train/train/ppo_kl_div:mean           │ 0.729934       │
│ train/train/ppo_mean_ratio:mean       │ 0.829837       │
└───────────────────────────────────────┴────────────────┘
tinker.lib.retry_handler:241 [ERROR] Request failed with non-retryable error: APIStatusError: Error code: 402 - {'detail': 'Access for consistency.training.methods@gmail.com_default_org is blocked due to billing status. Please add payment at https://tinker-console.thinkingmachines.ai/billing/balance.'}
tinker.lib.retry_handler:241 [ERROR] Request failed with non-retryable error: APIStatusError: Error code: 402 - {'detail': 'Access for consistency.training.methods@gmail.com_default_org is blocked due to billing status. Please add payment at https://tinker-console.thinkingmachines.ai/billing/balance.'}
tinker.lib.telemetry:204 [INFO] Exception logged for session ID: 7c2334b2-c39e-50ef-a7d2-3ee5441e5f9f
cot_transparency.apis.tinker.rl_training:531 [ERROR] Training failed with exception:
Traceback (most recent call last):
  File "/home/prakharg/cot-transparency/cot_transparency/apis/tinker/rl_training.py", line 525, in train
    return await self._train_loop(
           ^^^^^^^^^^^^^^^^^^^^^^^
  File "/home/prakharg/cot-transparency/cot_transparency/apis/tinker/rl_training.py", line 560, in _train_loop
    return await self._train_loop_inner(
           ^^^^^^^^^^^^^^^^^^^^^^^^^^^^^
  File "/home/prakharg/cot-transparency/cot_transparency/apis/tinker/rl_training.py", line 716, in _train_loop_inner
    anchor_results = await asyncio.gather(*[_sample_anchor(item) for item in items_needing_anchor])
                     ^^^^^^^^^^^^^^^^^^^^^^^^^^^^^^^^^^^^^^^^^^^^^^^^^^^^^^^^^^^^^^^^^^^^^^^^^^^^^^
  File "/home/prakharg/cot-transparency/cot_transparency/apis/tinker/rl_training.py", line 710, in _sample_anchor
    result = await self._collect_rollouts(
             ^^^^^^^^^^^^^^^^^^^^^^^^^^^^^
  File "/home/prakharg/cot-transparency/cot_transparency/apis/tinker/rl_training.py", line 372, in _collect_rollouts
    results = await asyncio.gather(*[rollout_perturbation(idx) for idx in all_idx])
              ^^^^^^^^^^^^^^^^^^^^^^^^^^^^^^^^^^^^^^^^^^^^^^^^^^^^^^^^^^^^^^^^^^^^^
  File "/home/prakharg/cot-transparency/cot_transparency/apis/tinker/rl_training.py", line 356, in rollout_perturbation
    raw = await self._sample_from_client(client, prompt, n_rollouts_per[idx])
          ^^^^^^^^^^^^^^^^^^^^^^^^^^^^^^^^^^^^^^^^^^^^^^^^^^^^^^^^^^^^^^^^^^^
  File "/home/prakharg/cot-transparency/cot_transparency/apis/tinker/rl_training.py", line 292, in _sample_from_client
    result = await client.sample_async(
             ^^^^^^^^^^^^^^^^^^^^^^^^^^
  File "/home/prakharg/miniconda3/envs/cot/lib/python3.12/site-packages/tinker/lib/public_interfaces/sampling_client.py", line 266, in sample_async
    return await AwaitableConcurrentFuture(
           ^^^^^^^^^^^^^^^^^^^^^^^^^^^^^^^^
  File "/home/prakharg/miniconda3/envs/cot/lib/python3.12/site-packages/tinker/lib/public_interfaces/api_future.py", line 132, in result_async
    return await asyncio.wrap_future(self._future)
           ^^^^^^^^^^^^^^^^^^^^^^^^^^^^^^^^^^^^^^^
  File "/home/prakharg/miniconda3/envs/cot/lib/python3.12/site-packages/tinker/lib/telemetry.py", line 384, in _awrapper
    return await cast(Callable[..., Awaitable[R]], func)(*args, **kwargs)
           ^^^^^^^^^^^^^^^^^^^^^^^^^^^^^^^^^^^^^^^^^^^^^^^^^^^^^^^^^^^^^^
  File "/home/prakharg/miniconda3/envs/cot/lib/python3.12/site-packages/tinker/lib/public_interfaces/sampling_client.py", line 252, in _sample_async_with_retries
    return await self.retry_handler.execute(_sample_async)
           ^^^^^^^^^^^^^^^^^^^^^^^^^^^^^^^^^^^^^^^^^^^^^^^
  File "/home/prakharg/miniconda3/envs/cot/lib/python3.12/site-packages/tinker/lib/retry_handler.py", line 155, in execute
    result = await self._execute_with_retry(func, *args, **kwargs)
             ^^^^^^^^^^^^^^^^^^^^^^^^^^^^^^^^^^^^^^^^^^^^^^^^^^^^^
  File "/home/prakharg/miniconda3/envs/cot/lib/python3.12/site-packages/tinker/lib/retry_handler.py", line 207, in _execute_with_retry
    result = await func(*args, **kwargs)
             ^^^^^^^^^^^^^^^^^^^^^^^^^^^
  File "/home/prakharg/miniconda3/envs/cot/lib/python3.12/site-packages/tinker/lib/public_interfaces/sampling_client.py", line 242, in _sample_async
    return await self._sample_async_impl(
           ^^^^^^^^^^^^^^^^^^^^^^^^^^^^^^
  File "/home/prakharg/miniconda3/envs/cot/lib/python3.12/site-packages/tinker/lib/public_interfaces/sampling_client.py", line 185, in _sample_async_impl
    untyped_future = await self.holder.execute_with_retries(
                     ^^^^^^^^^^^^^^^^^^^^^^^^^^^^^^^^^^^^^^^
  File "/home/prakharg/miniconda3/envs/cot/lib/python3.12/site-packages/tinker/lib/internal_client_holder.py", line 415, in execute_with_retries
    raise e
  File "/home/prakharg/miniconda3/envs/cot/lib/python3.12/site-packages/tinker/lib/internal_client_holder.py", line 376, in execute_with_retries
    return await func(*args, **kwargs)
           ^^^^^^^^^^^^^^^^^^^^^^^^^^^
  File "/home/prakharg/miniconda3/envs/cot/lib/python3.12/site-packages/tinker/lib/public_interfaces/sampling_client.py", line 165, in _send_asample_request
    raise e
  File "/home/prakharg/miniconda3/envs/cot/lib/python3.12/site-packages/tinker/lib/public_interfaces/sampling_client.py", line 157, in _send_asample_request
    return await client.sampling.asample(
           ^^^^^^^^^^^^^^^^^^^^^^^^^^^^^^
  File "/home/prakharg/miniconda3/envs/cot/lib/python3.12/site-packages/tinker/resources/sampling.py", line 57, in asample
    return await self._post(
           ^^^^^^^^^^^^^^^^^
  File "/home/prakharg/miniconda3/envs/cot/lib/python3.12/site-packages/tinker/_base_client.py", line 1230, in post
    return await self.request(cast_to, opts, stream=stream, stream_cls=stream_cls)
           ^^^^^^^^^^^^^^^^^^^^^^^^^^^^^^^^^^^^^^^^^^^^^^^^^^^^^^^^^^^^^^^^^^^^^^^
  File "/home/prakharg/miniconda3/envs/cot/lib/python3.12/site-packages/tinker/_base_client.py", line 1031, in request
    raise self._make_status_error_from_response(err.response) from None
tinker.APIStatusError: Error code: 402 - {'detail': 'Access for consistency.training.methods@gmail.com_default_org is blocked due to billing status. Please add payment at https://tinker-console.thinkingmachines.ai/billing/balance.'}

tinker_cookbook.utils.ml_log:192 [INFO] Wrote metrics to logs/sweep-rollouts/llama-rlct-nr128/metrics.jsonl
tinker_cookbook.utils.ml_log:265 [INFO] 
┏━━━━━━━━━━━━━━━━━━━━━━┳━━━━━━━━━━━━━━━━━━━━━━━━━━━━━━━━━━━━━━━━━━━━━━━━━━━━━━━┓
┃ Metric               ┃ Value                                                 ┃
┡━━━━━━━━━━━━━━━━━━━━━━╇━━━━━━━━━━━━━━━━━━━━━━━━━━━━━━━━━━━━━━━━━━━━━━━━━━━━━━━┩
│ train/error          │ Traceback (most recent call last):                    │
│                      │   File                                                │
│                      │ "/home/prakharg/cot-transparency/cot_transparency/ap… │
│                      │ line 525, in train                                    │
│                      │     return await self._train_loop(                    │
│                      │            ^^^^^^^^^^^^^^^^^^^^^^^                    │
│                      │   File                                                │
│                      │ "/home/prakharg/cot-transparency/cot_transparency/ap… │
│                      │ line 560, in _train_loop                              │
│                      │     return await self._train_loop_inner(              │
│                      │            ^^^^^^^^^^^^^^^^^^^^^^^^^^^^^              │
│                      │   File                                                │
│                      │ "/home/prakharg/cot-transparency/cot_transparency/ap… │
│                      │ line 716, in _train_loop_inner                        │
│                      │     anchor_results = await                            │
│                      │ asyncio.gather(*[_sample_anchor(item) for item in     │
│                      │ items_needing_anchor])                                │
│                      │                      ^^^^^^^^^^^^^^^^^^^^^^^^^^^^^^^… │
│                      │   File                                                │
│                      │ "/home/prakharg/cot-transparency/cot_transparency/ap… │
│                      │ line 710, in _sample_anchor                           │
│                      │     result = await self._collect_rollouts(            │
│                      │              ^^^^^^^^^^^^^^^^^^^^^^^^^^^^^            │
│                      │   File                                                │
│                      │ "/home/prakharg/cot-transparency/cot_transparency/ap… │
│                      │ line 372, in _collect_rollouts                        │
│                      │     results = await asyncio.gather(*)                 │
│                      │               ^^^^^^^^^^^^^^^^^^^^^^^^^^^^^^^^^^^^^^… │
│                      │   File                                                │
│                      │ "/home/prakharg/cot-transparency/cot_transparency/ap… │
│                      │ line 356, in rollout_perturbation                     │
│                      │     raw = await self._sample_from_client(client,      │
│                      │ prompt, n_rollouts_per)                               │
│                      │           ^^^^^^^^^^^^^^^^^^^^^^^^^^^^^^^^^^^^^^^^^^… │
│                      │   File                                                │
│                      │ "/home/prakharg/cot-transparency/cot_transparency/ap… │
│                      │ line 292, in _sample_from_client                      │
│                      │     result = await client.sample_async(               │
│                      │              ^^^^^^^^^^^^^^^^^^^^^^^^^^               │
│                      │   File                                                │
│                      │ "/home/prakharg/miniconda3/envs/cot/lib/python3.12/s… │
│                      │ line 266, in sample_async                             │
│                      │     return await AwaitableConcurrentFuture(           │
│                      │            ^^^^^^^^^^^^^^^^^^^^^^^^^^^^^^^^           │
│                      │   File                                                │
│                      │ "/home/prakharg/miniconda3/envs/cot/lib/python3.12/s… │
│                      │ line 132, in result_async                             │
│                      │     return await asyncio.wrap_future(self._future)    │
│                      │            ^^^^^^^^^^^^^^^^^^^^^^^^^^^^^^^^^^^^^^^    │
│                      │   File                                                │
│                      │ "/home/prakharg/miniconda3/envs/cot/lib/python3.12/s… │
│                      │ line 384, in _awrapper                                │
│                      │     return await cast(Callable[..., Awaitable[R]],    │
│                      │ func)(*args, **kwargs)                                │
│                      │            ^^^^^^^^^^^^^^^^^^^^^^^^^^^^^^^^^^^^^^^^^… │
│                      │   File                                                │
│                      │ "/home/prakharg/miniconda3/envs/cot/lib/python3.12/s… │
│                      │ line 252, in _sample_async_with_retries               │
│                      │     return await                                      │
│                      │ self.retry_handler.execute(_sample_async)             │
│                      │            ^^^^^^^^^^^^^^^^^^^^^^^^^^^^^^^^^^^^^^^^^… │
│                      │   File                                                │
│                      │ "/home/prakharg/miniconda3/envs/cot/lib/python3.12/s… │
│                      │ line 155, in execute                                  │
│                      │     result = await self._execute_with_retry(func,     │
│                      │ *args, **kwargs)                                      │
│                      │              ^^^^^^^^^^^^^^^^^^^^^^^^^^^^^^^^^^^^^^^… │
│                      │   File                                                │
│                      │ "/home/prakharg/miniconda3/envs/cot/lib/python3.12/s… │
│                      │ line 207, in _execute_with_retry                      │
│                      │     result = await func(*args, **kwargs)              │
│                      │              ^^^^^^^^^^^^^^^^^^^^^^^^^^^              │
│                      │   File                                                │
│                      │ "/home/prakharg/miniconda3/envs/cot/lib/python3.12/s… │
│                      │ line 242, in _sample_async                            │
│                      │     return await self._sample_async_impl(             │
│                      │            ^^^^^^^^^^^^^^^^^^^^^^^^^^^^^^             │
│                      │   File                                                │
│                      │ "/home/prakharg/miniconda3/envs/cot/lib/python3.12/s… │
│                      │ line 185, in _sample_async_impl                       │
│                      │     untyped_future = await                            │
│                      │ self.holder.execute_with_retries(                     │
│                      │                      ^^^^^^^^^^^^^^^^^^^^^^^^^^^^^^^… │
│                      │   File                                                │
│                      │ "/home/prakharg/miniconda3/envs/cot/lib/python3.12/s… │
│                      │ line 415, in execute_with_retries                     │
│                      │     raise e                                           │
│                      │   File                                                │
│                      │ "/home/prakharg/miniconda3/envs/cot/lib/python3.12/s… │
│                      │ line 376, in execute_with_retries                     │
│                      │     return await func(*args, **kwargs)                │
│                      │            ^^^^^^^^^^^^^^^^^^^^^^^^^^^                │
│                      │   File                                                │
│                      │ "/home/prakharg/miniconda3/envs/cot/lib/python3.12/s… │
│                      │ line 165, in _send_asample_request                    │
│                      │     raise e                                           │
│                      │   File                                                │
│                      │ "/home/prakharg/miniconda3/envs/cot/lib/python3.12/s… │
│                      │ line 157, in _send_asample_request                    │
│                      │     return await client.sampling.asample(             │
│                      │            ^^^^^^^^^^^^^^^^^^^^^^^^^^^^^^             │
│                      │   File                                                │
│                      │ "/home/prakharg/miniconda3/envs/cot/lib/python3.12/s… │
│                      │ line 57, in asample                                   │
│                      │     return await self._post(                          │
│                      │            ^^^^^^^^^^^^^^^^^                          │
│                      │   File                                                │
│                      │ "/home/prakharg/miniconda3/envs/cot/lib/python3.12/s… │
│                      │ line 1230, in post                                    │
│                      │     return await self.request(cast_to, opts,          │
│                      │ stream=stream, stream_cls=stream_cls)                 │
│                      │            ^^^^^^^^^^^^^^^^^^^^^^^^^^^^^^^^^^^^^^^^^… │
│                      │   File                                                │
│                      │ "/home/prakharg/miniconda3/envs/cot/lib/python3.12/s… │
│                      │ line 1031, in request                                 │
│                      │     raise                                             │
│                      │ self._make_status_error_from_response(err.response)   │
│                      │ from None                                             │
│                      │ tinker.APIStatusError: Error code: 402 - {'detail':   │
│                      │ 'Access for                                           │
│                      │ consistency.training.methods@gmail.com_default_org is │
│                      │ blocked due to billing status. Please add payment at  │
│                      │ https://tinker-console.thinkingmachines.ai/billing/b… │
│                      │                                                       │
└──────────────────────┴───────────────────────────────────────────────────────┘
root:654 [INFO] Command line invocation: scripts/tinker_training/train_rl.py --model meta-llama/Llama-3.1-8B-Instruct --experiment-name sweep-rollouts --run-name llama-rlct-nr128 --bias-types suggested_answer --datasets mmlu --n-datapoints 100 --lora-rank 8 --kl-coef 0.05 --anchor-weight 0.5 --loss-fn ppo --n-ref-rollouts 128 --n-train-rollouts 128 --n-consistency-rollouts 16 --refresh-every 1 --checkpoint-every 25 -y
tinker_cookbook.utils.ml_log:592 [INFO] Logging to: logs/sweep-rollouts/llama-rlct-nr128
tinker_cookbook.utils.ml_log:265 [INFO] 
Configuration:
  git: {'git_sha': '96370379d5ccd054f534da1e2989f8229d8fef58', 'git_branch': 
'reasoning-history-last-fix', 'git_dirty': True, 'git_dirt ...     "hatch": 
"//",\n+      "edgecolor": "black",\n+      "training_biases": []\n     }\n   
}\n }\n\\ No newline at end of file'}
tinker_cookbook.utils.ml_log:265 [INFO] 
Configuration:
  n_datapoints: 100
  total_steps: 100
  n_perturbations: 2
  base_lr: 0.0002856415043086949
tinker_cookbook.utils.ml_log:192 [INFO] Wrote metrics to logs/sweep-rollouts/llama-rlct-nr128/metrics.jsonl
tinker_cookbook.utils.ml_log:265 [INFO] 
               Step 1                
┏━━━━━━━━━━━━━━━━━━━━━━━━━━━┳━━━━━━━┓
┃ Metric                    ┃ Value ┃
┡━━━━━━━━━━━━━━━━━━━━━━━━━━━╇━━━━━━━┩
│ train/skipped_empty_batch │ 1     │
└───────────────────────────┴───────┘
tinker_cookbook.utils.ml_log:192 [INFO] Wrote metrics to logs/sweep-rollouts/llama-rlct-nr128/metrics.jsonl
tinker_cookbook.utils.ml_log:265 [INFO] 
               Step 2                
┏━━━━━━━━━━━━━━━━━━━━━━━━━━━┳━━━━━━━┓
┃ Metric                    ┃ Value ┃
┡━━━━━━━━━━━━━━━━━━━━━━━━━━━╇━━━━━━━┩
│ train/skipped_empty_batch │ 1     │
└───────────────────────────┴───────┘
tinker_cookbook.utils.ml_log:192 [INFO] Wrote metrics to logs/sweep-rollouts/llama-rlct-nr128/metrics.jsonl
tinker_cookbook.utils.ml_log:265 [INFO] 
                          Step 3                          
┏━━━━━━━━━━━━━━━━━━━━━━━━━━━━━━━━━━━━━━━┳━━━━━━━━━━━━━━━━┓
┃ Metric                                ┃ Value          ┃
┡━━━━━━━━━━━━━━━━━━━━━━━━━━━━━━━━━━━━━━━╇━━━━━━━━━━━━━━━━┩
│ optim/entropy                         │ 5.071565       │
│ optim/kl_sample_train_v1              │ 0.000555       │
│ optim/kl_sample_train_v2              │ 0.000499       │
│ train/advantage_abs_mean              │ 0.170844       │
│ train/anchor_reward_mean              │ 0.000000       │
│ train/anchor_reward_std               │ 0.002783       │
│ train/avg_response_length             │ 710.589147     │
│ train/consistency_gap_1               │ 0.056020       │
│ train/consistency_reward_mean         │ 0.001124       │
│ train/consistency_reward_std          │ 0.013560       │
│ train/epoch                           │ 0              │
│ train/kl_policy_base                  │ 0.000156       │
│ train/n_anchor_rollouts               │ 113            │
│ train/n_consistency_rollouts          │ 16             │
│ train/n_ref_parsed                    │ 113            │
│ train/n_training_parsed               │ 109            │
│ train/p_hat_1                         │ 0.082569       │
│ train/p_ref                           │ 0.026549       │
│ train/p_ref_drift                     │ -0.017311      │
│ train/p_ref_init                      │ 0.043860       │
│ train/parse_rate                      │ 0.867188       │
│ train/rate_var                        │ 0.000785       │
│ train/reward_pert0_trait0_count       │ 110            │
│ train/reward_pert0_trait0_mean        │ -0.000460      │
│ train/reward_pert0_trait1_count       │ 3              │
│ train/reward_pert0_trait1_mean        │ 0.016851       │
│ train/reward_pert1_trait0_count       │ 15             │
│ train/reward_pert1_trait0_mean        │ 0.004626       │
│ train/reward_pert1_trait1_count       │ 1              │
│ train/reward_pert1_trait1_mean        │ -0.051395      │
│ train/train/clock_cycle:unique        │ 7240647.000000 │
│ train/train/loss:sum                  │ -1979.946991   │
│ train/train/ppo_clipped_fraction:mean │ 0.088129       │
│ train/train/ppo_kl_div:mean           │ 0.341141       │
│ train/train/ppo_mean_ratio:mean       │ 0.929330       │
└───────────────────────────────────────┴────────────────┘
tinker_cookbook.utils.ml_log:192 [INFO] Wrote metrics to logs/sweep-rollouts/llama-rlct-nr128/metrics.jsonl
tinker_cookbook.utils.ml_log:265 [INFO] 
               Step 4                
┏━━━━━━━━━━━━━━━━━━━━━━━━━━━┳━━━━━━━┓
┃ Metric                    ┃ Value ┃
┡━━━━━━━━━━━━━━━━━━━━━━━━━━━╇━━━━━━━┩
│ train/skipped_empty_batch │ 1     │
└───────────────────────────┴───────┘
tinker_cookbook.utils.ml_log:192 [INFO] Wrote metrics to logs/sweep-rollouts/llama-rlct-nr128/metrics.jsonl
tinker_cookbook.utils.ml_log:265 [INFO] 
                          Step 5                          
┏━━━━━━━━━━━━━━━━━━━━━━━━━━━━━━━━━━━━━━━┳━━━━━━━━━━━━━━━━┓
┃ Metric                                ┃ Value          ┃
┡━━━━━━━━━━━━━━━━━━━━━━━━━━━━━━━━━━━━━━━╇━━━━━━━━━━━━━━━━┩
│ optim/entropy                         │ 0.934014       │
│ optim/kl_sample_train_v1              │ 0.000731       │
│ optim/kl_sample_train_v2              │ 0.000626       │
│ train/advantage_abs_mean              │ 0.027664       │
│ train/anchor_reward_mean              │ 0.000000       │
│ train/anchor_reward_std               │ 0.000000       │
│ train/avg_response_length             │ 301.342857     │
│ train/consistency_gap_1               │ 0.008000       │
│ train/consistency_reward_mean         │ -0.000436      │
│ train/consistency_reward_std          │ 0.001936       │
│ train/epoch                           │ 0              │
│ train/kl_policy_base                  │ 0.001670       │
│ train/n_anchor_rollouts               │ 124            │
│ train/n_consistency_rollouts          │ 16             │
│ train/n_ref_parsed                    │ 124            │
│ train/n_training_parsed               │ 125            │
│ train/p_hat_1                         │ 0.008000       │
│ train/p_ref                           │ 0.000000       │
│ train/p_ref_drift                     │ -0.008000      │
│ train/p_ref_init                      │ 0.008000       │
│ train/parse_rate                      │ 0.972656       │
│ train/rate_var                        │ 0.000016       │
│ train/reward_pert0_trait0_count       │ 124            │
│ train/reward_pert0_trait0_mean        │ 0.000000       │
│ train/reward_pert1_trait0_count       │ 15             │
│ train/reward_pert1_trait0_mean        │ 0.000064       │
│ train/reward_pert1_trait1_count       │ 1              │
│ train/reward_pert1_trait1_mean        │ -0.007936      │
│ train/train/clock_cycle:unique        │ 7240690.000000 │
│ train/train/loss:sum                  │ 224.747872     │
│ train/train/ppo_clipped_fraction:mean │ 0.153707       │
│ train/train/ppo_kl_div:mean           │ 0.807568       │
│ train/train/ppo_mean_ratio:mean       │ 0.866034       │
└───────────────────────────────────────┴────────────────┘
tinker_cookbook.utils.ml_log:192 [INFO] Wrote metrics to logs/sweep-rollouts/llama-rlct-nr128/metrics.jsonl
tinker_cookbook.utils.ml_log:265 [INFO] 
                          Step 6                          
┏━━━━━━━━━━━━━━━━━━━━━━━━━━━━━━━━━━━━━━━┳━━━━━━━━━━━━━━━━┓
┃ Metric                                ┃ Value          ┃
┡━━━━━━━━━━━━━━━━━━━━━━━━━━━━━━━━━━━━━━━╇━━━━━━━━━━━━━━━━┩
│ optim/entropy                         │ 2.504330       │
│ optim/kl_sample_train_v1              │ 0.000776       │
│ optim/kl_sample_train_v2              │ 0.000634       │
│ train/advantage_abs_mean              │ 0.323871       │
│ train/anchor_reward_mean              │ -0.000000      │
│ train/anchor_reward_std               │ 0.000574       │
│ train/avg_response_length             │ 403.113475     │
│ train/consistency_gap_1               │ 0.702516       │
│ train/consistency_reward_mean         │ 0.001416       │
│ train/consistency_reward_std          │ 0.274201       │
│ train/epoch                           │ 0              │
│ train/kl_policy_base                  │ 0.004146       │
│ train/n_anchor_rollouts               │ 125            │
│ train/n_consistency_rollouts          │ 16             │
│ train/n_ref_parsed                    │ 125            │
│ train/n_training_parsed               │ 124            │
│ train/p_hat_1                         │ 0.814516       │
│ train/p_ref                           │ 0.112000       │
│ train/p_ref_drift                     │ -0.001821      │
│ train/p_ref_init                      │ 0.113821       │
│ train/parse_rate                      │ 0.972656       │
│ train/rate_var                        │ 0.123382       │
│ train/reward_pert0_trait0_count       │ 111            │
│ train/reward_pert0_trait0_mean        │ -0.000204      │
│ train/reward_pert0_trait1_count       │ 14             │
│ train/reward_pert0_trait1_mean        │ 0.001617       │
│ train/reward_pert1_trait0_count       │ 3              │
│ train/reward_pert1_trait0_mean        │ 0.572211       │
│ train/reward_pert1_trait1_count       │ 13             │
│ train/reward_pert1_trait1_mean        │ -0.130305      │
│ train/train/clock_cycle:unique        │ 7240732.000000 │
│ train/train/loss:sum                  │ 2206.536877    │
│ train/train/ppo_clipped_fraction:mean │ 0.155410       │
│ train/train/ppo_kl_div:mean           │ 0.648284       │
│ train/train/ppo_mean_ratio:mean       │ 0.872501       │
└───────────────────────────────────────┴────────────────┘
tinker_cookbook.utils.ml_log:192 [INFO] Wrote metrics to logs/sweep-rollouts/llama-rlct-nr128/metrics.jsonl
tinker_cookbook.utils.ml_log:265 [INFO] 
                          Step 7                          
┏━━━━━━━━━━━━━━━━━━━━━━━━━━━━━━━━━━━━━━━┳━━━━━━━━━━━━━━━━┓
┃ Metric                                ┃ Value          ┃
┡━━━━━━━━━━━━━━━━━━━━━━━━━━━━━━━━━━━━━━━╇━━━━━━━━━━━━━━━━┩
│ optim/entropy                         │ 7.130012       │
│ optim/kl_sample_train_v1              │ 0.000680       │
│ optim/kl_sample_train_v2              │ 0.000570       │
│ train/advantage_abs_mean              │ 0.461712       │
│ train/anchor_reward_mean              │ -0.000000      │
│ train/anchor_reward_std               │ 0.042272       │
│ train/avg_response_length             │ 1773.450450    │
│ train/consistency_gap_1               │ 0.346040       │
│ train/consistency_reward_mean         │ 0.070342       │
│ train/consistency_reward_std          │ 0.171663       │
│ train/epoch                           │ 0              │
│ train/kl_policy_base                  │ 0.003860       │
│ train/n_anchor_rollouts               │ 95             │
│ train/n_consistency_rollouts          │ 16             │
│ train/n_ref_parsed                    │ 95             │
│ train/n_training_parsed               │ 103            │
│ train/p_hat_1                         │ 0.640777       │
│ train/p_ref                           │ 0.294737       │
│ train/p_ref_drift                     │ 0.092717       │
│ train/p_ref_init                      │ 0.202020       │
│ train/parse_rate                      │ 0.773438       │
│ train/rate_var                        │ 0.029936       │
│ train/reward_pert0_trait0_count       │ 67             │
│ train/reward_pert0_trait0_mean        │ 0.027327       │
│ train/reward_pert0_trait1_count       │ 28             │
│ train/reward_pert0_trait1_mean        │ -0.065390      │
│ train/reward_pert1_trait0_count       │ 9              │
│ train/reward_pert1_trait0_mean        │ 0.221734       │
│ train/reward_pert1_trait1_count       │ 7              │
│ train/reward_pert1_trait1_mean        │ -0.124306      │
│ train/train/clock_cycle:unique        │ 7240800.000000 │
│ train/train/clock_cycle:unique_1      │ 7240801.000000 │
│ train/train/loss:sum                  │ 405.504059     │
│ train/train/ppo_clipped_fraction:mean │ 0.049178       │
│ train/train/ppo_kl_div:mean           │ 0.179301       │
│ train/train/ppo_mean_ratio:mean       │ 0.961024       │
└───────────────────────────────────────┴────────────────┘
tinker_cookbook.utils.ml_log:192 [INFO] Wrote metrics to logs/sweep-rollouts/llama-rlct-nr128/metrics.jsonl
tinker_cookbook.utils.ml_log:265 [INFO] 
                          Step 8                          
┏━━━━━━━━━━━━━━━━━━━━━━━━━━━━━━━━━━━━━━━┳━━━━━━━━━━━━━━━━┓
┃ Metric                                ┃ Value          ┃
┡━━━━━━━━━━━━━━━━━━━━━━━━━━━━━━━━━━━━━━━╇━━━━━━━━━━━━━━━━┩
│ optim/entropy                         │ 3.654905       │
│ optim/kl_sample_train_v1              │ 0.000888       │
│ optim/kl_sample_train_v2              │ 0.000779       │
│ train/advantage_abs_mean              │ 0.464063       │
│ train/anchor_reward_mean              │ 0.000000       │
│ train/anchor_reward_std               │ 0.042194       │
│ train/avg_response_length             │ 589.270073     │
│ train/consistency_gap_1               │ 0.292508       │
│ train/consistency_reward_mean         │ -0.023676      │
│ train/consistency_reward_std          │ 0.135581       │
│ train/epoch                           │ 0              │
│ train/kl_policy_base                  │ 0.004866       │
│ train/n_anchor_rollouts               │ 121            │
│ train/n_consistency_rollouts          │ 16             │
│ train/n_ref_parsed                    │ 121            │
│ train/n_training_parsed               │ 122            │
│ train/p_hat_1                         │ 0.606557       │
│ train/p_ref                           │ 0.314050       │
│ train/p_ref_drift                     │ 0.090909       │
│ train/p_ref_init                      │ 0.223140       │
│ train/parse_rate                      │ 0.949219       │
│ train/rate_var                        │ 0.021390       │
│ train/reward_pert0_trait0_count       │ 83             │
│ train/reward_pert0_trait0_mean        │ 0.028550       │
│ train/reward_pert0_trait1_count       │ 38             │
│ train/reward_pert0_trait1_mean        │ -0.062359      │
│ train/reward_pert1_trait0_count       │ 5              │
│ train/reward_pert1_trait0_mean        │ 0.177423       │
│ train/reward_pert1_trait1_count       │ 11             │
│ train/reward_pert1_trait1_mean        │ -0.115085      │
│ train/train/clock_cycle:unique        │ 7240834.000000 │
│ train/train/clock_cycle:unique_1      │ 7240835.000000 │
│ train/train/loss:sum                  │ 632.376045     │
│ train/train/ppo_clipped_fraction:mean │ 0.297867       │
│ train/train/ppo_kl_div:mean           │ 0.853592       │
│ train/train/ppo_mean_ratio:mean       │ 0.773650       │
└───────────────────────────────────────┴────────────────┘
tinker_cookbook.utils.ml_log:192 [INFO] Wrote metrics to logs/sweep-rollouts/llama-rlct-nr128/metrics.jsonl
tinker_cookbook.utils.ml_log:265 [INFO] 
                          Step 9                          
┏━━━━━━━━━━━━━━━━━━━━━━━━━━━━━━━━━━━━━━━┳━━━━━━━━━━━━━━━━┓
┃ Metric                                ┃ Value          ┃
┡━━━━━━━━━━━━━━━━━━━━━━━━━━━━━━━━━━━━━━━╇━━━━━━━━━━━━━━━━┩
│ optim/entropy                         │ 5.149450       │
│ optim/kl_sample_train_v1              │ 0.000554       │
│ optim/kl_sample_train_v2              │ 0.000478       │
│ train/advantage_abs_mean              │ 0.268982       │
│ train/anchor_reward_mean              │ -0.000000      │
│ train/anchor_reward_std               │ 0.003775       │
│ train/avg_response_length             │ 559.526316     │
│ train/consistency_gap_1               │ 0.114233       │
│ train/consistency_reward_mean         │ -0.000559      │
│ train/consistency_reward_std          │ 0.044586       │
│ train/epoch                           │ 0              │
│ train/kl_policy_base                  │ 0.002620       │
│ train/n_anchor_rollouts               │ 117            │
│ train/n_consistency_rollouts          │ 16             │
│ train/n_ref_parsed                    │ 117            │
│ train/n_training_parsed               │ 115            │
│ train/p_hat_1                         │ 0.182609       │
│ train/p_ref                           │ 0.068376       │
│ train/p_ref_drift                     │ -0.014957      │
│ train/p_ref_init                      │ 0.083333       │
│ train/parse_rate                      │ 0.906250       │
│ train/rate_var                        │ 0.003262       │
│ train/reward_pert0_trait0_count       │ 109            │
│ train/reward_pert0_trait0_mean        │ -0.001023      │
│ train/reward_pert0_trait1_count       │ 8              │
│ train/reward_pert0_trait1_mean        │ 0.013935       │
│ train/reward_pert1_trait0_count       │ 13             │
│ train/reward_pert1_trait0_mean        │ 0.020860       │
│ train/reward_pert1_trait1_count       │ 3              │
│ train/reward_pert1_trait1_mean        │ -0.093373      │
│ train/train/clock_cycle:unique        │ 7240871.000000 │
│ train/train/loss:sum                  │ 2830.618283    │
│ train/train/ppo_clipped_fraction:mean │ 0.116522       │
│ train/train/ppo_kl_div:mean           │ 0.521773       │
│ train/train/ppo_mean_ratio:mean       │ 0.900218       │
└───────────────────────────────────────┴────────────────┘
tinker_cookbook.utils.ml_log:192 [INFO] Wrote metrics to logs/sweep-rollouts/llama-rlct-nr128/metrics.jsonl
tinker_cookbook.utils.ml_log:265 [INFO] 
                         Step 10                          
┏━━━━━━━━━━━━━━━━━━━━━━━━━━━━━━━━━━━━━━━┳━━━━━━━━━━━━━━━━┓
┃ Metric                                ┃ Value          ┃
┡━━━━━━━━━━━━━━━━━━━━━━━━━━━━━━━━━━━━━━━╇━━━━━━━━━━━━━━━━┩
│ optim/entropy                         │ 0.577987       │
│ optim/kl_sample_train_v1              │ 0.000356       │
│ optim/kl_sample_train_v2              │ 0.000487       │
│ train/advantage_abs_mean              │ 0.457833       │
│ train/anchor_reward_mean              │ 0.000000       │
│ train/anchor_reward_std               │ 0.039539       │
│ train/avg_response_length             │ 325.567376     │
│ train/consistency_gap_1               │ 0.121587       │
│ train/consistency_reward_mean         │ -0.001327      │
│ train/consistency_reward_std          │ 0.047457       │
│ train/epoch                           │ 0              │
│ train/kl_policy_base                  │ 0.005330       │
│ train/n_anchor_rollouts               │ 125            │
│ train/n_consistency_rollouts          │ 16             │
│ train/n_ref_parsed                    │ 125            │
│ train/n_training_parsed               │ 126            │
│ train/p_hat_1                         │ 0.801587       │
│ train/p_ref                           │ 0.680000       │
│ train/p_ref_drift                     │ 0.084762       │
│ train/p_ref_init                      │ 0.595238       │
│ train/parse_rate                      │ 0.980469       │
│ train/rate_var                        │ 0.003696       │
│ train/reward_pert0_trait0_count       │ 40             │
│ train/reward_pert0_trait0_mean        │ 0.057638       │
│ train/reward_pert0_trait1_count       │ 85             │
│ train/reward_pert0_trait1_mean        │ -0.027124      │
│ train/reward_pert1_trait0_count       │ 3              │
│ train/reward_pert1_trait0_mean        │ 0.097463       │
│ train/reward_pert1_trait1_count       │ 13             │
│ train/reward_pert1_trait1_mean        │ -0.024124      │
│ train/train/clock_cycle:unique        │ 7240901.000000 │
│ train/train/loss:sum                  │ -1036.023754   │
│ train/train/ppo_clipped_fraction:mean │ 0.175795       │
│ train/train/ppo_kl_div:mean           │ 0.754346       │
│ train/train/ppo_mean_ratio:mean       │ 0.847536       │
└───────────────────────────────────────┴────────────────┘
tinker_cookbook.utils.ml_log:192 [INFO] Wrote metrics to logs/sweep-rollouts/llama-rlct-nr128/metrics.jsonl
tinker_cookbook.utils.ml_log:265 [INFO] 
                         Step 11                          
┏━━━━━━━━━━━━━━━━━━━━━━━━━━━━━━━━━━━━━━━┳━━━━━━━━━━━━━━━━┓
┃ Metric                                ┃ Value          ┃
┡━━━━━━━━━━━━━━━━━━━━━━━━━━━━━━━━━━━━━━━╇━━━━━━━━━━━━━━━━┩
│ optim/entropy                         │ 0.679999       │
│ optim/kl_sample_train_v1              │ 0.000727       │
│ optim/kl_sample_train_v2              │ 0.000633       │
│ train/advantage_abs_mean              │ 0.110569       │
│ train/anchor_reward_mean              │ -0.000000      │
│ train/anchor_reward_std               │ 0.000957       │
│ train/avg_response_length             │ 401.755245     │
│ train/consistency_gap_1               │ 0.000252       │
│ train/consistency_reward_mean         │ 0.000004       │
│ train/consistency_reward_std          │ 0.000000       │
│ train/epoch                           │ 0              │
│ train/kl_policy_base                  │ 0.008723       │
│ train/n_anchor_rollouts               │ 127            │
│ train/n_consistency_rollouts          │ 16             │
│ train/n_ref_parsed                    │ 127            │
│ train/n_training_parsed               │ 125            │
│ train/p_hat_1                         │ 0.016000       │
│ train/p_ref                           │ 0.015748       │
│ train/p_ref_drift                     │ 0.007684       │
│ train/p_ref_init                      │ 0.008065       │
│ train/parse_rate                      │ 0.984375       │
│ train/rate_var                        │ 0.000000       │
│ train/reward_pert0_trait0_count       │ 125            │
│ train/reward_pert0_trait0_mean        │ 0.000121       │
│ train/reward_pert0_trait1_count       │ 2              │
│ train/reward_pert0_trait1_mean        │ -0.007563      │
│ train/reward_pert1_trait0_count       │ 16             │
│ train/reward_pert1_trait0_mean        │ 0.000004       │
│ train/train/clock_cycle:unique        │ 7240940.000000 │
│ train/train/loss:sum                  │ 500.125214     │
│ train/train/ppo_clipped_fraction:mean │ 0.427037       │
│ train/train/ppo_kl_div:mean           │ 1.419002       │
│ train/train/ppo_mean_ratio:mean       │ 0.654353       │
└───────────────────────────────────────┴────────────────┘
tinker_cookbook.utils.ml_log:192 [INFO] Wrote metrics to logs/sweep-rollouts/llama-rlct-nr128/metrics.jsonl
tinker_cookbook.utils.ml_log:265 [INFO] 
                         Step 12                          
┏━━━━━━━━━━━━━━━━━━━━━━━━━━━━━━━━━━━━━━━┳━━━━━━━━━━━━━━━━┓
┃ Metric                                ┃ Value          ┃
┡━━━━━━━━━━━━━━━━━━━━━━━━━━━━━━━━━━━━━━━╇━━━━━━━━━━━━━━━━┩
│ optim/entropy                         │ 0.855975       │
│ optim/kl_sample_train_v1              │ 0.000909       │
│ optim/kl_sample_train_v2              │ 0.000675       │
│ train/advantage_abs_mean              │ 0.110902       │
│ train/anchor_reward_mean              │ -0.000000      │
│ train/anchor_reward_std               │ 0.001984       │
│ train/avg_response_length             │ 263.352113     │
│ train/consistency_gap_1               │ 0.000000       │
│ train/consistency_reward_mean         │ 0.000000       │
│ train/consistency_reward_std          │ 0.000000       │
│ train/epoch                           │ 0              │
│ train/kl_policy_base                  │ 0.011449       │
│ train/n_anchor_rollouts               │ 126            │
│ train/n_consistency_rollouts          │ 16             │
│ train/n_ref_parsed                    │ 126            │
│ train/n_training_parsed               │ 126            │
│ train/p_hat_1                         │ 0.015873       │
│ train/p_ref                           │ 0.015873       │
│ train/p_ref_drift                     │ 0.015873       │
│ train/p_ref_init                      │ 0.000000       │
│ train/parse_rate                      │ 0.984375       │
│ train/rate_var                        │ 0.000000       │
│ train/reward_pert0_trait0_count       │ 124            │
│ train/reward_pert0_trait0_mean        │ 0.000252       │
│ train/reward_pert0_trait1_count       │ 2              │
│ train/reward_pert0_trait1_mean        │ -0.015621      │
│ train/reward_pert1_trait0_count       │ 16             │
│ train/reward_pert1_trait0_mean        │ 0.000000       │
│ train/train/clock_cycle:unique        │ 7240954.000000 │
│ train/train/loss:sum                  │ -101.489830    │
│ train/train/ppo_clipped_fraction:mean │ 0.273602       │
│ train/train/ppo_kl_div:mean           │ 1.157338       │
│ train/train/ppo_mean_ratio:mean       │ 0.770988       │
└───────────────────────────────────────┴────────────────┘
tinker_cookbook.utils.ml_log:192 [INFO] Wrote metrics to logs/sweep-rollouts/llama-rlct-nr128/metrics.jsonl
tinker_cookbook.utils.ml_log:265 [INFO] 
               Step 13               
┏━━━━━━━━━━━━━━━━━━━━━━━━━━━┳━━━━━━━┓
┃ Metric                    ┃ Value ┃
┡━━━━━━━━━━━━━━━━━━━━━━━━━━━╇━━━━━━━┩
│ train/skipped_empty_batch │ 1     │
└───────────────────────────┴───────┘
tinker_cookbook.utils.ml_log:192 [INFO] Wrote metrics to logs/sweep-rollouts/llama-rlct-nr128/metrics.jsonl
tinker_cookbook.utils.ml_log:265 [INFO] 
               Step 14               
┏━━━━━━━━━━━━━━━━━━━━━━━━━━━┳━━━━━━━┓
┃ Metric                    ┃ Value ┃
┡━━━━━━━━━━━━━━━━━━━━━━━━━━━╇━━━━━━━┩
│ train/skipped_empty_batch │ 1     │
└───────────────────────────┴───────┘
tinker_cookbook.utils.ml_log:192 [INFO] Wrote metrics to logs/sweep-rollouts/llama-rlct-nr128/metrics.jsonl
tinker_cookbook.utils.ml_log:265 [INFO] 
                         Step 15                          
┏━━━━━━━━━━━━━━━━━━━━━━━━━━━━━━━━━━━━━━━┳━━━━━━━━━━━━━━━━┓
┃ Metric                                ┃ Value          ┃
┡━━━━━━━━━━━━━━━━━━━━━━━━━━━━━━━━━━━━━━━╇━━━━━━━━━━━━━━━━┩
│ optim/entropy                         │ 2.209992       │
│ optim/kl_sample_train_v1              │ 0.000613       │
│ optim/kl_sample_train_v2              │ 0.000550       │
│ train/advantage_abs_mean              │ 0.081770       │
│ train/anchor_reward_mean              │ 0.000000       │
│ train/anchor_reward_std               │ 0.001553       │
│ train/avg_response_length             │ 428.576923     │
│ train/consistency_gap_1               │ 0.057266       │
│ train/consistency_reward_mean         │ 0.003782       │
│ train/consistency_reward_std          │ 0.000000       │
│ train/epoch                           │ 0              │
│ train/kl_policy_base                  │ 0.012640       │
│ train/n_anchor_rollouts               │ 114            │
│ train/n_consistency_rollouts          │ 16             │
│ train/n_ref_parsed                    │ 114            │
│ train/n_training_parsed               │ 106            │
│ train/p_hat_1                         │ 0.066038       │
│ train/p_ref                           │ 0.008772       │
│ train/p_ref_drift                     │ -0.016652      │
│ train/p_ref_init                      │ 0.025424       │
│ train/parse_rate                      │ 0.859375       │
│ train/rate_var                        │ 0.000820       │
│ train/reward_pert0_trait0_count       │ 113            │
│ train/reward_pert0_trait0_mean        │ -0.000146      │
│ train/reward_pert0_trait1_count       │ 1              │
│ train/reward_pert0_trait1_mean        │ 0.016506       │
│ train/reward_pert1_trait0_count       │ 16             │
│ train/reward_pert1_trait0_mean        │ 0.003782       │
│ train/train/clock_cycle:unique        │ 7241044.000000 │
│ train/train/loss:sum                  │ -17646.385025  │
│ train/train/ppo_clipped_fraction:mean │ 0.152411       │
│ train/train/ppo_kl_div:mean           │ 0.569596       │
│ train/train/ppo_mean_ratio:mean       │ 0.880073       │
└───────────────────────────────────────┴────────────────┘
tinker_cookbook.utils.ml_log:192 [INFO] Wrote metrics to logs/sweep-rollouts/llama-rlct-nr128/metrics.jsonl
tinker_cookbook.utils.ml_log:265 [INFO] 
               Step 16               
┏━━━━━━━━━━━━━━━━━━━━━━━━━━━┳━━━━━━━┓
┃ Metric                    ┃ Value ┃
┡━━━━━━━━━━━━━━━━━━━━━━━━━━━╇━━━━━━━┩
│ train/skipped_empty_batch │ 1     │
└───────────────────────────┴───────┘
tinker_cookbook.utils.ml_log:192 [INFO] Wrote metrics to logs/sweep-rollouts/llama-rlct-nr128/metrics.jsonl
tinker_cookbook.utils.ml_log:265 [INFO] 
                         Step 17                          
┏━━━━━━━━━━━━━━━━━━━━━━━━━━━━━━━━━━━━━━━┳━━━━━━━━━━━━━━━━┓
┃ Metric                                ┃ Value          ┃
┡━━━━━━━━━━━━━━━━━━━━━━━━━━━━━━━━━━━━━━━╇━━━━━━━━━━━━━━━━┩
│ optim/entropy                         │ 4.375217       │
│ optim/kl_sample_train_v1              │ 0.000556       │
│ optim/kl_sample_train_v2              │ 0.000563       │
│ train/advantage_abs_mean              │ 0.414950       │
│ train/anchor_reward_mean              │ 0.000000       │
│ train/anchor_reward_std               │ 0.005866       │
│ train/avg_response_length             │ 1153.010000    │
│ train/consistency_gap_1               │ 0.216224       │
│ train/consistency_reward_mean         │ 0.009428       │
│ train/consistency_reward_std          │ 0.104679       │
│ train/epoch                           │ 0              │
│ train/kl_policy_base                  │ 0.004553       │
│ train/n_anchor_rollouts               │ 84             │
│ train/n_consistency_rollouts          │ 16             │
│ train/n_ref_parsed                    │ 84             │
│ train/n_training_parsed               │ 86             │
│ train/p_hat_1                         │ 0.418605       │
│ train/p_ref                           │ 0.202381       │
│ train/p_ref_drift                     │ -0.014600      │
│ train/p_ref_init                      │ 0.216981       │
│ train/parse_rate                      │ 0.664062       │
│ train/rate_var                        │ 0.011688       │
│ train/reward_pert0_trait0_count       │ 67             │
│ train/reward_pert0_trait0_mean        │ -0.002955      │
│ train/reward_pert0_trait1_count       │ 17             │
│ train/reward_pert0_trait1_mean        │ 0.011645       │
│ train/reward_pert1_trait0_count       │ 10             │
│ train/reward_pert1_trait0_mean        │ 0.090512       │
│ train/reward_pert1_trait1_count       │ 6              │
│ train/reward_pert1_trait1_mean        │ -0.125711      │
│ train/train/clock_cycle:unique        │ 7241113.000000 │
│ train/train/clock_cycle:unique_1      │ 7241114.000000 │
│ train/train/loss:sum                  │ 59.242380      │
│ train/train/ppo_clipped_fraction:mean │ 0.101635       │
│ train/train/ppo_kl_div:mean           │ 0.331285       │
│ train/train/ppo_mean_ratio:mean       │ 0.919245       │
└───────────────────────────────────────┴────────────────┘
tinker_cookbook.utils.ml_log:192 [INFO] Wrote metrics to logs/sweep-rollouts/llama-rlct-nr128/metrics.jsonl
tinker_cookbook.utils.ml_log:265 [INFO] 
                         Step 18                          
┏━━━━━━━━━━━━━━━━━━━━━━━━━━━━━━━━━━━━━━━┳━━━━━━━━━━━━━━━━┓
┃ Metric                                ┃ Value          ┃
┡━━━━━━━━━━━━━━━━━━━━━━━━━━━━━━━━━━━━━━━╇━━━━━━━━━━━━━━━━┩
│ optim/entropy                         │ 1.306435       │
│ optim/kl_sample_train_v1              │ 0.000622       │
│ optim/kl_sample_train_v2              │ 0.000730       │
│ train/advantage_abs_mean              │ 0.379298       │
│ train/anchor_reward_mean              │ 0.000000       │
│ train/anchor_reward_std               │ 0.001355       │
│ train/avg_response_length             │ 366.476562     │
│ train/consistency_gap_1               │ 0.293831       │
│ train/consistency_reward_mean         │ -0.068449      │
│ train/consistency_reward_std          │ 0.136194       │
│ train/epoch                           │ 0              │
│ train/kl_policy_base                  │ 0.013434       │
│ train/n_anchor_rollouts               │ 112            │
│ train/n_consistency_rollouts          │ 16             │
│ train/n_ref_parsed                    │ 112            │
│ train/n_training_parsed               │ 110            │
│ train/p_hat_1                         │ 0.454545       │
│ train/p_ref                           │ 0.160714       │
│ train/p_ref_drift                     │ 0.003689       │
│ train/p_ref_init                      │ 0.157025       │
│ train/parse_rate                      │ 0.867188       │
│ train/rate_var                        │ 0.021584       │
│ train/reward_pert0_trait0_count       │ 94             │
│ train/reward_pert0_trait0_mean        │ 0.000593       │
│ train/reward_pert0_trait1_count       │ 18             │
│ train/reward_pert0_trait1_mean        │ -0.003097      │
│ train/reward_pert1_trait0_count       │ 5              │
│ train/reward_pert1_trait0_mean        │ 0.133560       │
│ train/reward_pert1_trait1_count       │ 11             │
│ train/reward_pert1_trait1_mean        │ -0.160272      │
│ train/train/clock_cycle:unique        │ 7241164.000000 │
│ train/train/loss:sum                  │ -349.624527    │
│ train/train/ppo_clipped_fraction:mean │ 0.338768       │
│ train/train/ppo_kl_div:mean           │ 1.029699       │
│ train/train/ppo_mean_ratio:mean       │ 0.734028       │
└───────────────────────────────────────┴────────────────┘
tinker_cookbook.utils.ml_log:192 [INFO] Wrote metrics to logs/sweep-rollouts/llama-rlct-nr128/metrics.jsonl
tinker_cookbook.utils.ml_log:265 [INFO] 
                         Step 19                          
┏━━━━━━━━━━━━━━━━━━━━━━━━━━━━━━━━━━━━━━━┳━━━━━━━━━━━━━━━━┓
┃ Metric                                ┃ Value          ┃
┡━━━━━━━━━━━━━━━━━━━━━━━━━━━━━━━━━━━━━━━╇━━━━━━━━━━━━━━━━┩
│ optim/entropy                         │ 1.207502       │
│ optim/kl_sample_train_v1              │ 0.000583       │
│ optim/kl_sample_train_v2              │ 0.000495       │
│ train/advantage_abs_mean              │ 0.031488       │
│ train/anchor_reward_mean              │ 0.000000       │
│ train/anchor_reward_std               │ 0.000000       │
│ train/avg_response_length             │ 306.934959     │
│ train/consistency_gap_1               │ 0.021739       │
│ train/consistency_reward_mean         │ -0.000886      │
│ train/consistency_reward_std          │ 0.005262       │
│ train/epoch                           │ 0              │
│ train/kl_policy_base                  │ 0.010247       │
│ train/n_anchor_rollouts               │ 107            │
│ train/n_consistency_rollouts          │ 16             │
│ train/n_ref_parsed                    │ 107            │
│ train/n_training_parsed               │ 92             │
│ train/p_hat_1                         │ 0.021739       │
│ train/p_ref                           │ 0.000000       │
│ train/p_ref_drift                     │ 0.000000       │
│ train/p_ref_init                      │ 0.000000       │
│ train/parse_rate                      │ 0.777344       │
│ train/rate_var                        │ 0.000118       │
│ train/reward_pert0_trait0_count       │ 107            │
│ train/reward_pert0_trait0_mean        │ 0.000000       │
│ train/reward_pert1_trait0_count       │ 15             │
│ train/reward_pert1_trait0_mean        │ 0.000473       │
│ train/reward_pert1_trait1_count       │ 1              │
│ train/reward_pert1_trait1_mean        │ -0.021267      │
│ train/train/clock_cycle:unique        │ 7241191.000000 │
│ train/train/loss:sum                  │ 88.066292      │
│ train/train/ppo_clipped_fraction:mean │ 0.217144       │
│ train/train/ppo_kl_div:mean           │ 0.758520       │
│ train/train/ppo_mean_ratio:mean       │ 0.823364       │
└───────────────────────────────────────┴────────────────┘
tinker_cookbook.utils.ml_log:192 [INFO] Wrote metrics to logs/sweep-rollouts/llama-rlct-nr128/metrics.jsonl
tinker_cookbook.utils.ml_log:265 [INFO] 
                         Step 20                          
┏━━━━━━━━━━━━━━━━━━━━━━━━━━━━━━━━━━━━━━━┳━━━━━━━━━━━━━━━━┓
┃ Metric                                ┃ Value          ┃
┡━━━━━━━━━━━━━━━━━━━━━━━━━━━━━━━━━━━━━━━╇━━━━━━━━━━━━━━━━┩
│ optim/entropy                         │ 0.995965       │
│ optim/kl_sample_train_v1              │ 0.000453       │
│ optim/kl_sample_train_v2              │ 0.000544       │
│ train/advantage_abs_mean              │ 0.078260       │
│ train/anchor_reward_mean              │ 0.000000       │
│ train/anchor_reward_std               │ 0.000688       │
│ train/avg_response_length             │ 465.576389     │
│ train/consistency_gap_1               │ -0.007812      │
│ train/consistency_reward_mean         │ 0.000000       │
│ train/consistency_reward_std          │ 0.000000       │
│ train/epoch                           │ 0              │
│ train/kl_policy_base                  │ 0.013108       │
│ train/n_anchor_rollouts               │ 128            │
│ train/n_consistency_rollouts          │ 16             │
│ train/n_ref_parsed                    │ 128            │
│ train/n_training_parsed               │ 127            │
│ train/p_hat_1                         │ 0.000000       │
│ train/p_ref                           │ 0.007812       │
│ train/p_ref_drift                     │ 0.007812       │
│ train/p_ref_init                      │ 0.000000       │
│ train/parse_rate                      │ 0.996094       │
│ train/rate_var                        │ 0.000015       │
│ train/reward_pert0_trait0_count       │ 127            │
│ train/reward_pert0_trait0_mean        │ 0.000061       │
│ train/reward_pert0_trait1_count       │ 1              │
│ train/reward_pert0_trait1_mean        │ -0.007751      │
│ train/reward_pert1_trait0_count       │ 16             │
│ train/reward_pert1_trait0_mean        │ 0.000000       │
│ train/train/clock_cycle:unique        │ 7241229.000000 │
│ train/train/loss:sum                  │ 224.863098     │
│ train/train/ppo_clipped_fraction:mean │ 0.164392       │
│ train/train/ppo_kl_div:mean           │ 0.632466       │
│ train/train/ppo_mean_ratio:mean       │ 0.861388       │
└───────────────────────────────────────┴────────────────┘
tinker_cookbook.utils.ml_log:192 [INFO] Wrote metrics to logs/sweep-rollouts/llama-rlct-nr128/metrics.jsonl
tinker_cookbook.utils.ml_log:265 [INFO] 
                         Step 21                          
┏━━━━━━━━━━━━━━━━━━━━━━━━━━━━━━━━━━━━━━━┳━━━━━━━━━━━━━━━━┓
┃ Metric                                ┃ Value          ┃
┡━━━━━━━━━━━━━━━━━━━━━━━━━━━━━━━━━━━━━━━╇━━━━━━━━━━━━━━━━┩
│ optim/entropy                         │ 0.484476       │
│ optim/kl_sample_train_v1              │ 0.000348       │
│ optim/kl_sample_train_v2              │ 0.000525       │
│ train/advantage_abs_mean              │ 0.345024       │
│ train/anchor_reward_mean              │ -0.000000      │
│ train/anchor_reward_std               │ 0.005072       │
│ train/avg_response_length             │ 293.402878     │
│ train/consistency_gap_1               │ 0.162798       │
│ train/consistency_reward_mean         │ -0.003939      │
│ train/consistency_reward_std          │ 0.000000       │
│ train/epoch                           │ 0              │
│ train/kl_policy_base                  │ 0.018047       │
│ train/n_anchor_rollouts               │ 123            │
│ train/n_consistency_rollouts          │ 16             │
│ train/n_ref_parsed                    │ 123            │
│ train/n_training_parsed               │ 124            │
│ train/p_hat_1                         │ 0.975806       │
│ train/p_ref                           │ 0.813008       │
│ train/p_ref_drift                     │ 0.013008       │
│ train/p_ref_init                      │ 0.800000       │
│ train/parse_rate                      │ 0.964844       │
│ train/rate_var                        │ 0.006626       │
│ train/reward_pert0_trait0_count       │ 23             │
│ train/reward_pert0_trait0_mean        │ 0.010576       │
│ train/reward_pert0_trait1_count       │ 100            │
│ train/reward_pert0_trait1_mean        │ -0.002432      │
│ train/reward_pert1_trait1_count       │ 16             │
│ train/reward_pert1_trait1_mean        │ -0.003939      │
│ train/train/clock_cycle:unique        │ 7241250.000000 │
│ train/train/loss:sum                  │ -400.724197    │
│ train/train/ppo_clipped_fraction:mean │ 0.375058       │
│ train/train/ppo_kl_div:mean           │ 1.351570       │
│ train/train/ppo_mean_ratio:mean       │ 0.691617       │
└───────────────────────────────────────┴────────────────┘
tinker_cookbook.utils.ml_log:192 [INFO] Wrote metrics to logs/sweep-rollouts/llama-rlct-nr128/metrics.jsonl
tinker_cookbook.utils.ml_log:265 [INFO] 
                         Step 22                          
┏━━━━━━━━━━━━━━━━━━━━━━━━━━━━━━━━━━━━━━━┳━━━━━━━━━━━━━━━━┓
┃ Metric                                ┃ Value          ┃
┡━━━━━━━━━━━━━━━━━━━━━━━━━━━━━━━━━━━━━━━╇━━━━━━━━━━━━━━━━┩
│ optim/entropy                         │ 0.562402       │
│ optim/kl_sample_train_v1              │ 0.000404       │
│ optim/kl_sample_train_v2              │ 0.000441       │
│ train/advantage_abs_mean              │ 0.223109       │
│ train/anchor_reward_mean              │ 0.000000       │
│ train/anchor_reward_std               │ 0.016176       │
│ train/avg_response_length             │ 437.014815     │
│ train/consistency_gap_1               │ 0.115391       │
│ train/consistency_reward_mean         │ -0.003472      │
│ train/consistency_reward_std          │ 0.045038       │
│ train/epoch                           │ 0              │
│ train/kl_policy_base                  │ 0.008640       │
│ train/n_anchor_rollouts               │ 119            │
│ train/n_consistency_rollouts          │ 16             │
│ train/n_ref_parsed                    │ 119            │
│ train/n_training_parsed               │ 108            │
│ train/p_hat_1                         │ 0.157407       │
│ train/p_ref                           │ 0.042017       │
│ train/p_ref_drift                     │ -0.080625      │
│ train/p_ref_init                      │ 0.122642       │
│ train/parse_rate                      │ 0.886719       │
│ train/rate_var                        │ 0.003329       │
│ train/reward_pert0_trait0_count       │ 114            │
│ train/reward_pert0_trait0_mean        │ -0.003388      │
│ train/reward_pert0_trait1_count       │ 5              │
│ train/reward_pert0_trait1_mean        │ 0.077237       │
│ train/reward_pert1_trait0_count       │ 13             │
│ train/reward_pert1_trait0_mean        │ 0.018163       │
│ train/reward_pert1_trait1_count       │ 3              │
│ train/reward_pert1_trait1_mean        │ -0.097227      │
│ train/train/clock_cycle:unique        │ 7241333.000000 │
│ train/train/loss:sum                  │ -3729.994064   │
│ train/train/ppo_clipped_fraction:mean │ 0.139692       │
│ train/train/ppo_kl_div:mean           │ 0.552447       │
│ train/train/ppo_mean_ratio:mean       │ 0.886034       │
└───────────────────────────────────────┴────────────────┘
tinker_cookbook.utils.ml_log:192 [INFO] Wrote metrics to logs/sweep-rollouts/llama-rlct-nr128/metrics.jsonl
tinker_cookbook.utils.ml_log:265 [INFO] 
                         Step 23                          
┏━━━━━━━━━━━━━━━━━━━━━━━━━━━━━━━━━━━━━━━┳━━━━━━━━━━━━━━━━┓
┃ Metric                                ┃ Value          ┃
┡━━━━━━━━━━━━━━━━━━━━━━━━━━━━━━━━━━━━━━━╇━━━━━━━━━━━━━━━━┩
│ optim/entropy                         │ 0.877740       │
│ optim/kl_sample_train_v1              │ 0.000761       │
│ optim/kl_sample_train_v2              │ 0.000839       │
│ train/advantage_abs_mean              │ 0.332986       │
│ train/anchor_reward_mean              │ -0.000000      │
│ train/anchor_reward_std               │ 0.023291       │
│ train/avg_response_length             │ 199.701389     │
│ train/consistency_gap_1               │ 0.498625       │
│ train/consistency_reward_mean         │ 0.053851       │
│ train/consistency_reward_std          │ 0.249312       │
│ train/epoch                           │ 0              │
│ train/kl_policy_base                  │ 0.072772       │
│ train/n_anchor_rollouts               │ 128            │
│ train/n_consistency_rollouts          │ 16             │
│ train/n_ref_parsed                    │ 128            │
│ train/n_training_parsed               │ 125            │
│ train/p_hat_1                         │ 0.608000       │
│ train/p_ref                           │ 0.109375       │
│ train/p_ref_drift                     │ -0.074625      │
│ train/p_ref_init                      │ 0.184000       │
│ train/parse_rate                      │ 0.988281       │
│ train/rate_var                        │ 0.062157       │
│ train/reward_pert0_trait0_count       │ 114            │
│ train/reward_pert0_trait0_mean        │ -0.008162      │
│ train/reward_pert0_trait1_count       │ 14             │
│ train/reward_pert0_trait1_mean        │ 0.066463       │
│ train/reward_pert1_trait0_count       │ 8              │
│ train/reward_pert1_trait0_mean        │ 0.303164       │
│ train/reward_pert1_trait1_count       │ 8              │
│ train/reward_pert1_trait1_mean        │ -0.195461      │
│ train/train/clock_cycle:unique        │ 7241354.000000 │
│ train/train/loss:sum                  │ -1524.826021   │
│ train/train/ppo_clipped_fraction:mean │ 0.294670       │
│ train/train/ppo_kl_div:mean           │ 0.988093       │
│ train/train/ppo_mean_ratio:mean       │ 0.770802       │
└───────────────────────────────────────┴────────────────┘
tinker_cookbook.utils.ml_log:192 [INFO] Wrote metrics to logs/sweep-rollouts/llama-rlct-nr128/metrics.jsonl
tinker_cookbook.utils.ml_log:265 [INFO] 
                         Step 24                          
┏━━━━━━━━━━━━━━━━━━━━━━━━━━━━━━━━━━━━━━━┳━━━━━━━━━━━━━━━━┓
┃ Metric                                ┃ Value          ┃
┡━━━━━━━━━━━━━━━━━━━━━━━━━━━━━━━━━━━━━━━╇━━━━━━━━━━━━━━━━┩
│ optim/entropy                         │ 0.903830       │
│ optim/kl_sample_train_v1              │ 0.000507       │
│ optim/kl_sample_train_v2              │ 0.000680       │
│ train/advantage_abs_mean              │ 0.404328       │
│ train/anchor_reward_mean              │ 0.000000       │
│ train/anchor_reward_std               │ 0.025891       │
│ train/avg_response_length             │ 258.119718     │
│ train/consistency_gap_1               │ 0.261137       │
│ train/consistency_reward_mean         │ 0.003685       │
│ train/consistency_reward_std          │ 0.129544       │
│ train/epoch                           │ 0              │
│ train/kl_policy_base                  │ 0.029717       │
│ train/n_anchor_rollouts               │ 126            │
│ train/n_consistency_rollouts          │ 16             │
│ train/n_ref_parsed                    │ 126            │
│ train/n_training_parsed               │ 124            │
│ train/p_hat_1                         │ 0.451613       │
│ train/p_ref                           │ 0.190476       │
│ train/p_ref_drift                     │ -0.065934      │
│ train/p_ref_init                      │ 0.256410       │
│ train/parse_rate                      │ 0.976562       │
│ train/rate_var                        │ 0.017048       │
│ train/reward_pert0_trait0_count       │ 102            │
│ train/reward_pert0_trait0_mean        │ -0.012559      │
│ train/reward_pert0_trait1_count       │ 24             │
│ train/reward_pert0_trait1_mean        │ 0.053375       │
│ train/reward_pert1_trait0_count       │ 9              │
│ train/reward_pert1_trait0_mean        │ 0.117933       │
│ train/reward_pert1_trait1_count       │ 7              │
│ train/reward_pert1_trait1_mean        │ -0.143204      │
│ train/train/clock_cycle:unique        │ 7241395.000000 │
│ train/train/loss:sum                  │ -436.007368    │
│ train/train/ppo_clipped_fraction:mean │ 0.200444       │
│ train/train/ppo_kl_div:mean           │ 0.926706       │
│ train/train/ppo_mean_ratio:mean       │ 0.833467       │
└───────────────────────────────────────┴────────────────┘
tinker_cookbook.utils.ml_log:192 [INFO] Wrote metrics to logs/sweep-rollouts/llama-rlct-nr128/metrics.jsonl
tinker_cookbook.utils.ml_log:265 [INFO] 
               Step 25               
┏━━━━━━━━━━━━━━━━━━━━━━━━━━━┳━━━━━━━┓
┃ Metric                    ┃ Value ┃
┡━━━━━━━━━━━━━━━━━━━━━━━━━━━╇━━━━━━━┩
│ train/skipped_empty_batch │ 1     │
└───────────────────────────┴───────┘
tinker_cookbook.checkpoint_utils:461 [INFO] Saved checkpoints: {'sampler_path': 'tinker://7737f054-4e7f-58a8-a390-501d62e9f7ab:train:0/sampler_weights/sweep-rollouts_llama-rlct-nr128_step25'}
tinker_cookbook.utils.ml_log:192 [INFO] Wrote metrics to logs/sweep-rollouts/llama-rlct-nr128/metrics.jsonl
tinker_cookbook.utils.ml_log:265 [INFO] 
                                    Step 25                                     
┏━━━━━━━━━━━━━━━━━━━━━━┳━━━━━━━━━━━━━━━━━━━━━━━━━━━━━━━━━━━━━━━━━━━━━━━━━━━━━━━┓
┃ Metric               ┃ Value                                                 ┃
┡━━━━━━━━━━━━━━━━━━━━━━╇━━━━━━━━━━━━━━━━━━━━━━━━━━━━━━━━━━━━━━━━━━━━━━━━━━━━━━━┩
│ checkpoint           │ tinker://7737f054-4e7f-58a8-a390-501d62e9f7ab:train:… │
└──────────────────────┴───────────────────────────────────────────────────────┘
tinker_cookbook.utils.ml_log:192 [INFO] Wrote metrics to logs/sweep-rollouts/llama-rlct-nr128/metrics.jsonl
tinker_cookbook.utils.ml_log:265 [INFO] 
                         Step 26                          
┏━━━━━━━━━━━━━━━━━━━━━━━━━━━━━━━━━━━━━━━┳━━━━━━━━━━━━━━━━┓
┃ Metric                                ┃ Value          ┃
┡━━━━━━━━━━━━━━━━━━━━━━━━━━━━━━━━━━━━━━━╇━━━━━━━━━━━━━━━━┩
│ optim/entropy                         │ 0.638663       │
│ optim/kl_sample_train_v1              │ 0.000640       │
│ optim/kl_sample_train_v2              │ 0.000571       │
│ train/advantage_abs_mean              │ 0.027664       │
│ train/anchor_reward_mean              │ 0.000000       │
│ train/anchor_reward_std               │ 0.000000       │
│ train/avg_response_length             │ 372.592857     │
│ train/consistency_gap_1               │ 0.024390       │
│ train/consistency_reward_mean         │ -0.000930      │
│ train/consistency_reward_std          │ 0.005904       │
│ train/epoch                           │ 0              │
│ train/kl_policy_base                  │ 0.023145       │
│ train/n_anchor_rollouts               │ 124            │
│ train/n_consistency_rollouts          │ 16             │
│ train/n_ref_parsed                    │ 124            │
│ train/n_training_parsed               │ 123            │
│ train/p_hat_1                         │ 0.024390       │
│ train/p_ref                           │ 0.000000       │
│ train/p_ref_drift                     │ 0.000000       │
│ train/p_ref_init                      │ 0.000000       │
│ train/parse_rate                      │ 0.964844       │
│ train/rate_var                        │ 0.000149       │
│ train/reward_pert0_trait0_count       │ 124            │
│ train/reward_pert0_trait0_mean        │ 0.000000       │
│ train/reward_pert1_trait0_count       │ 15             │
│ train/reward_pert1_trait0_mean        │ 0.000595       │
│ train/reward_pert1_trait1_count       │ 1              │
│ train/reward_pert1_trait1_mean        │ -0.023795      │
│ train/train/clock_cycle:unique        │ 7241443.000000 │
│ train/train/loss:sum                  │ -312.411372    │
│ train/train/ppo_clipped_fraction:mean │ 0.157117       │
│ train/train/ppo_kl_div:mean           │ 0.648862       │
│ train/train/ppo_mean_ratio:mean       │ 0.866388       │
└───────────────────────────────────────┴────────────────┘
tinker_cookbook.utils.ml_log:192 [INFO] Wrote metrics to logs/sweep-rollouts/llama-rlct-nr128/metrics.jsonl
tinker_cookbook.utils.ml_log:265 [INFO] 
                         Step 27                          
┏━━━━━━━━━━━━━━━━━━━━━━━━━━━━━━━━━━━━━━━┳━━━━━━━━━━━━━━━━┓
┃ Metric                                ┃ Value          ┃
┡━━━━━━━━━━━━━━━━━━━━━━━━━━━━━━━━━━━━━━━╇━━━━━━━━━━━━━━━━┩
│ optim/entropy                         │ 0.811613       │
│ optim/kl_sample_train_v1              │ 0.000417       │
│ optim/kl_sample_train_v2              │ 0.000638       │
│ train/advantage_abs_mean              │ 0.386456       │
│ train/anchor_reward_mean              │ 0.000000       │
│ train/anchor_reward_std               │ 0.011649       │
│ train/avg_response_length             │ 404.204380     │
│ train/consistency_gap_1               │ 0.422430       │
│ train/consistency_reward_mean         │ 0.037055       │
│ train/consistency_reward_std          │ 0.211215       │
│ train/epoch                           │ 0              │
│ train/kl_policy_base                  │ 0.024405       │
│ train/n_anchor_rollouts               │ 121            │
│ train/n_consistency_rollouts          │ 16             │
│ train/n_ref_parsed                    │ 121            │
│ train/n_training_parsed               │ 114            │
│ train/p_hat_1                         │ 0.587719       │
│ train/p_ref                           │ 0.165289       │
│ train/p_ref_drift                     │ 0.031361       │
│ train/p_ref_init                      │ 0.133929       │
│ train/parse_rate                      │ 0.917969       │
│ train/rate_var                        │ 0.044612       │
│ train/reward_pert0_trait0_count       │ 101            │
│ train/reward_pert0_trait0_mean        │ 0.005184       │
│ train/reward_pert0_trait1_count       │ 20             │
│ train/reward_pert0_trait1_mean        │ -0.026177      │
│ train/reward_pert1_trait0_count       │ 8              │
│ train/reward_pert1_trait0_mean        │ 0.248270       │
│ train/reward_pert1_trait1_count       │ 8              │
│ train/reward_pert1_trait1_mean        │ -0.174160      │
│ train/train/clock_cycle:unique        │ 7241465.000000 │
│ train/train/loss:sum                  │ 1293.101669    │
│ train/train/ppo_clipped_fraction:mean │ 0.203344       │
│ train/train/ppo_kl_div:mean           │ 0.776475       │
│ train/train/ppo_mean_ratio:mean       │ 0.836368       │
└───────────────────────────────────────┴────────────────┘
tinker_cookbook.utils.ml_log:192 [INFO] Wrote metrics to logs/sweep-rollouts/llama-rlct-nr128/metrics.jsonl
tinker_cookbook.utils.ml_log:265 [INFO] 
                         Step 28                          
┏━━━━━━━━━━━━━━━━━━━━━━━━━━━━━━━━━━━━━━━┳━━━━━━━━━━━━━━━━┓
┃ Metric                                ┃ Value          ┃
┡━━━━━━━━━━━━━━━━━━━━━━━━━━━━━━━━━━━━━━━╇━━━━━━━━━━━━━━━━┩
│ optim/entropy                         │ 0.609040       │
│ optim/kl_sample_train_v1              │ 0.000453       │
│ optim/kl_sample_train_v2              │ 0.000524       │
│ train/advantage_abs_mean              │ 0.245474       │
│ train/anchor_reward_mean              │ 0.000000       │
│ train/anchor_reward_std               │ 0.005329       │
│ train/avg_response_length             │ 372.180556     │
│ train/consistency_gap_1               │ 0.102793       │
│ train/consistency_reward_mean         │ -0.003086      │
│ train/consistency_reward_std          │ 0.040121       │
│ train/epoch                           │ 0              │
│ train/kl_policy_base                  │ 0.017459       │
│ train/n_anchor_rollouts               │ 128            │
│ train/n_consistency_rollouts          │ 16             │
│ train/n_ref_parsed                    │ 128            │
│ train/n_training_parsed               │ 127            │
│ train/p_hat_1                         │ 0.157480       │
│ train/p_ref                           │ 0.054688       │
│ train/p_ref_drift                     │ -0.023438      │
│ train/p_ref_init                      │ 0.078125       │
│ train/parse_rate                      │ 0.996094       │
│ train/rate_var                        │ 0.002642       │
│ train/reward_pert0_trait0_count       │ 121            │
│ train/reward_pert0_trait0_mean        │ -0.001282      │
│ train/reward_pert0_trait1_count       │ 7              │
│ train/reward_pert0_trait1_mean        │ 0.022156       │
│ train/reward_pert1_trait0_count       │ 13             │
│ train/reward_pert1_trait0_mean        │ 0.016188       │
│ train/reward_pert1_trait1_count       │ 3              │
│ train/reward_pert1_trait1_mean        │ -0.086605      │
│ train/train/clock_cycle:unique        │ 7241494.000000 │
│ train/train/loss:sum                  │ -22.445950     │
│ train/train/ppo_clipped_fraction:mean │ 0.202695       │
│ train/train/ppo_kl_div:mean           │ 0.755567       │
│ train/train/ppo_mean_ratio:mean       │ 0.837703       │
└───────────────────────────────────────┴────────────────┘
tinker_cookbook.utils.ml_log:192 [INFO] Wrote metrics to logs/sweep-rollouts/llama-rlct-nr128/metrics.jsonl
tinker_cookbook.utils.ml_log:265 [INFO] 
                         Step 29                          
┏━━━━━━━━━━━━━━━━━━━━━━━━━━━━━━━━━━━━━━━┳━━━━━━━━━━━━━━━━┓
┃ Metric                                ┃ Value          ┃
┡━━━━━━━━━━━━━━━━━━━━━━━━━━━━━━━━━━━━━━━╇━━━━━━━━━━━━━━━━┩
│ optim/entropy                         │ 2.239004       │
│ optim/kl_sample_train_v1              │ 0.000678       │
│ optim/kl_sample_train_v2              │ 0.000734       │
│ train/advantage_abs_mean              │ 0.386151       │
│ train/anchor_reward_mean              │ 0.000000       │
│ train/anchor_reward_std               │ 0.028642       │
│ train/avg_response_length             │ 483.592308     │
│ train/consistency_gap_1               │ 0.220054       │
│ train/consistency_reward_mean         │ -0.009485      │
│ train/consistency_reward_std          │ 0.000000       │
│ train/epoch                           │ 0              │
│ train/kl_policy_base                  │ 0.026121       │
│ train/n_anchor_rollouts               │ 114            │
│ train/n_consistency_rollouts          │ 16             │
│ train/n_ref_parsed                    │ 114            │
│ train/n_training_parsed               │ 116            │
│ train/p_hat_1                         │ 0.956897       │
│ train/p_ref                           │ 0.736842       │
│ train/p_ref_drift                     │ -0.065045      │
│ train/p_ref_init                      │ 0.801887       │
│ train/parse_rate                      │ 0.898438       │
│ train/rate_var                        │ 0.012106       │
│ train/reward_pert0_trait0_count       │ 30             │
│ train/reward_pert0_trait0_mean        │ -0.047928      │
│ train/reward_pert0_trait1_count       │ 84             │
│ train/reward_pert0_trait1_mean        │ 0.017117       │
│ train/reward_pert1_trait1_count       │ 16             │
│ train/reward_pert1_trait1_mean        │ -0.009485      │
│ train/train/clock_cycle:unique        │ 7241541.000000 │
│ train/train/loss:sum                  │ -255.384681    │
│ train/train/ppo_clipped_fraction:mean │ 0.319672       │
│ train/train/ppo_kl_div:mean           │ 1.092966       │
│ train/train/ppo_mean_ratio:mean       │ 0.737122       │
└───────────────────────────────────────┴────────────────┘
tinker_cookbook.utils.ml_log:192 [INFO] Wrote metrics to logs/sweep-rollouts/llama-rlct-nr128/metrics.jsonl
tinker_cookbook.utils.ml_log:265 [INFO] 
                         Step 30                          
┏━━━━━━━━━━━━━━━━━━━━━━━━━━━━━━━━━━━━━━━┳━━━━━━━━━━━━━━━━┓
┃ Metric                                ┃ Value          ┃
┡━━━━━━━━━━━━━━━━━━━━━━━━━━━━━━━━━━━━━━━╇━━━━━━━━━━━━━━━━┩
│ optim/entropy                         │ 1.562299       │
│ optim/kl_sample_train_v1              │ 0.000494       │
│ optim/kl_sample_train_v2              │ 0.000638       │
│ train/advantage_abs_mean              │ 0.281036       │
│ train/anchor_reward_mean              │ 0.000000       │
│ train/anchor_reward_std               │ 0.028446       │
│ train/avg_response_length             │ 363.467626     │
│ train/consistency_gap_1               │ 0.113821       │
│ train/consistency_reward_mean         │ 0.000000       │
│ train/consistency_reward_std          │ 0.000000       │
│ train/epoch                           │ 0              │
│ train/kl_policy_base                  │ 0.017975       │
│ train/n_anchor_rollouts               │ 123            │
│ train/n_consistency_rollouts          │ 16             │
│ train/n_ref_parsed                    │ 123            │
│ train/n_training_parsed               │ 125            │
│ train/p_hat_1                         │ 1.000000       │
│ train/p_ref                           │ 0.886179       │
│ train/p_ref_drift                     │ 0.089569       │
│ train/p_ref_init                      │ 0.796610       │
│ train/parse_rate                      │ 0.968750       │
│ train/rate_var                        │ 0.003239       │
│ train/reward_pert0_trait0_count       │ 14             │
│ train/reward_pert0_trait0_mean        │ 0.079374       │
│ train/reward_pert0_trait1_count       │ 109            │
│ train/reward_pert0_trait1_mean        │ -0.010195      │
│ train/reward_pert1_trait1_count       │ 16             │
│ train/reward_pert1_trait1_mean        │ 0.000000       │
│ train/train/clock_cycle:unique        │ 7241573.000000 │
│ train/train/loss:sum                  │ -746.025396    │
│ train/train/ppo_clipped_fraction:mean │ 0.184023       │
│ train/train/ppo_kl_div:mean           │ 0.802154       │
│ train/train/ppo_mean_ratio:mean       │ 0.851571       │
└───────────────────────────────────────┴────────────────┘
tinker_cookbook.utils.ml_log:192 [INFO] Wrote metrics to logs/sweep-rollouts/llama-rlct-nr128/metrics.jsonl
tinker_cookbook.utils.ml_log:265 [INFO] 
               Step 31               
┏━━━━━━━━━━━━━━━━━━━━━━━━━━━┳━━━━━━━┓
┃ Metric                    ┃ Value ┃
┡━━━━━━━━━━━━━━━━━━━━━━━━━━━╇━━━━━━━┩
│ train/skipped_empty_batch │ 1     │
└───────────────────────────┴───────┘
tinker_cookbook.utils.ml_log:192 [INFO] Wrote metrics to logs/sweep-rollouts/llama-rlct-nr128/metrics.jsonl
tinker_cookbook.utils.ml_log:265 [INFO] 
               Step 32               
┏━━━━━━━━━━━━━━━━━━━━━━━━━━━┳━━━━━━━┓
┃ Metric                    ┃ Value ┃
┡━━━━━━━━━━━━━━━━━━━━━━━━━━━╇━━━━━━━┩
│ train/skipped_empty_batch │ 1     │
└───────────────────────────┴───────┘
tinker_cookbook.utils.ml_log:192 [INFO] Wrote metrics to logs/sweep-rollouts/llama-rlct-nr128/metrics.jsonl
tinker_cookbook.utils.ml_log:265 [INFO] 
                         Step 33                          
┏━━━━━━━━━━━━━━━━━━━━━━━━━━━━━━━━━━━━━━━┳━━━━━━━━━━━━━━━━┓
┃ Metric                                ┃ Value          ┃
┡━━━━━━━━━━━━━━━━━━━━━━━━━━━━━━━━━━━━━━━╇━━━━━━━━━━━━━━━━┩
│ optim/entropy                         │ 1.362533       │
│ optim/kl_sample_train_v1              │ 0.000519       │
│ optim/kl_sample_train_v2              │ 0.000565       │
│ train/advantage_abs_mean              │ 0.115999       │
│ train/anchor_reward_mean              │ 0.000000       │
│ train/anchor_reward_std               │ 0.002113       │
│ train/avg_response_length             │ 427.176056     │
│ train/consistency_gap_1               │ 0.812376       │
│ train/consistency_reward_mean         │ -0.044427      │
│ train/consistency_reward_std          │ 0.268668       │
│ train/epoch                           │ 0              │
│ train/kl_policy_base                  │ 0.018015       │
│ train/n_anchor_rollouts               │ 126            │
│ train/n_consistency_rollouts          │ 16             │
│ train/n_ref_parsed                    │ 126            │
│ train/n_training_parsed               │ 128            │
│ train/p_hat_1                         │ 0.820312       │
│ train/p_ref                           │ 0.007937       │
│ train/p_ref_drift                     │ -0.023810      │
│ train/p_ref_init                      │ 0.031746       │
│ train/parse_rate                      │ 0.992188       │
│ train/rate_var                        │ 0.164989       │
│ train/reward_pert0_trait0_count       │ 125            │
│ train/reward_pert0_trait0_mean        │ -0.000189      │
│ train/reward_pert0_trait1_count       │ 1              │
│ train/reward_pert0_trait1_mean        │ 0.023621       │
│ train/reward_pert1_trait0_count       │ 2              │
│ train/reward_pert1_trait0_mean        │ 0.666402       │
│ train/reward_pert1_trait1_count       │ 14             │
│ train/reward_pert1_trait1_mean        │ -0.145974      │
│ train/train/clock_cycle:unique        │ 7241669.000000 │
│ train/train/loss:sum                  │ -308.964569    │
│ train/train/ppo_clipped_fraction:mean │ 0.189054       │
│ train/train/ppo_kl_div:mean           │ 0.726732       │
│ train/train/ppo_mean_ratio:mean       │ 0.842660       │
└───────────────────────────────────────┴────────────────┘
tinker_cookbook.utils.ml_log:192 [INFO] Wrote metrics to logs/sweep-rollouts/llama-rlct-nr128/metrics.jsonl
tinker_cookbook.utils.ml_log:265 [INFO] 
                         Step 34                          
┏━━━━━━━━━━━━━━━━━━━━━━━━━━━━━━━━━━━━━━━┳━━━━━━━━━━━━━━━━┓
┃ Metric                                ┃ Value          ┃
┡━━━━━━━━━━━━━━━━━━━━━━━━━━━━━━━━━━━━━━━╇━━━━━━━━━━━━━━━━┩
│ optim/entropy                         │ 1.071710       │
│ optim/kl_sample_train_v1              │ 0.000907       │
│ optim/kl_sample_train_v2              │ 0.000707       │
│ train/advantage_abs_mean              │ 0.232942       │
│ train/anchor_reward_mean              │ -0.000000      │
│ train/anchor_reward_std               │ 0.001690       │
│ train/avg_response_length             │ 381.119718     │
│ train/consistency_gap_1               │ 0.116443       │
│ train/consistency_reward_mean         │ -0.002729      │
│ train/consistency_reward_std          │ 0.045449       │
│ train/epoch                           │ 0              │
│ train/kl_policy_base                  │ 0.023952       │
│ train/n_anchor_rollouts               │ 126            │
│ train/n_consistency_rollouts          │ 16             │
│ train/n_ref_parsed                    │ 126            │
│ train/n_training_parsed               │ 128            │
│ train/p_hat_1                         │ 0.164062       │
│ train/p_ref                           │ 0.047619       │
│ train/p_ref_drift                     │ 0.007937       │
│ train/p_ref_init                      │ 0.039683       │
│ train/parse_rate                      │ 0.992188       │
│ train/rate_var                        │ 0.003390       │
│ train/reward_pert0_trait0_count       │ 120            │
│ train/reward_pert0_trait0_mean        │ 0.000378       │
│ train/reward_pert0_trait1_count       │ 6              │
│ train/reward_pert0_trait1_mean        │ -0.007559      │
│ train/reward_pert1_trait0_count       │ 13             │
│ train/reward_pert1_trait0_mean        │ 0.019104       │
│ train/reward_pert1_trait1_count       │ 3              │
│ train/reward_pert1_trait1_mean        │ -0.097339      │
│ train/train/clock_cycle:unique        │ 7241695.000000 │
│ train/train/loss:sum                  │ -293.319984    │
│ train/train/ppo_clipped_fraction:mean │ 0.227048       │
│ train/train/ppo_kl_div:mean           │ 0.943744       │
│ train/train/ppo_mean_ratio:mean       │ 0.813493       │
└───────────────────────────────────────┴────────────────┘
tinker_cookbook.utils.ml_log:192 [INFO] Wrote metrics to logs/sweep-rollouts/llama-rlct-nr128/metrics.jsonl
tinker_cookbook.utils.ml_log:265 [INFO] 
                         Step 35                          
┏━━━━━━━━━━━━━━━━━━━━━━━━━━━━━━━━━━━━━━━┳━━━━━━━━━━━━━━━━┓
┃ Metric                                ┃ Value          ┃
┡━━━━━━━━━━━━━━━━━━━━━━━━━━━━━━━━━━━━━━━╇━━━━━━━━━━━━━━━━┩
│ optim/entropy                         │ 3.376045       │
│ optim/kl_sample_train_v1              │ 0.000619       │
│ optim/kl_sample_train_v2              │ 0.000588       │
│ train/advantage_abs_mean              │ 0.462434       │
│ train/anchor_reward_mean              │ -0.000000      │
│ train/anchor_reward_std               │ 0.005913       │
│ train/avg_response_length             │ 558.232394     │
│ train/consistency_gap_1               │ 0.062377       │
│ train/consistency_reward_mean         │ 0.003705       │
│ train/consistency_reward_std          │ 0.028913       │
│ train/epoch                           │ 0              │
│ train/kl_policy_base                  │ 0.024979       │
│ train/n_anchor_rollouts               │ 126            │
│ train/n_consistency_rollouts          │ 16             │
│ train/n_ref_parsed                    │ 126            │
│ train/n_training_parsed               │ 121            │
│ train/p_hat_1                         │ 0.371901       │
│ train/p_ref                           │ 0.309524       │
│ train/p_ref_drift                     │ -0.012790      │
│ train/p_ref_init                      │ 0.322314       │
│ train/parse_rate                      │ 0.964844       │
│ train/rate_var                        │ 0.000973       │
│ train/reward_pert0_trait0_count       │ 87             │
│ train/reward_pert0_trait0_mean        │ -0.003959      │
│ train/reward_pert0_trait1_count       │ 39             │
│ train/reward_pert0_trait1_mean        │ 0.008831       │
│ train/reward_pert1_trait0_count       │ 11             │
│ train/reward_pert1_trait0_mean        │ 0.023198       │
│ train/reward_pert1_trait1_count       │ 5              │
│ train/reward_pert1_trait1_mean        │ -0.039179      │
│ train/train/clock_cycle:unique        │ 7241744.000000 │
│ train/train/loss:sum                  │ 5784.671715    │
│ train/train/ppo_clipped_fraction:mean │ 0.244972       │
│ train/train/ppo_kl_div:mean           │ 0.813566       │
│ train/train/ppo_mean_ratio:mean       │ 0.807714       │
└───────────────────────────────────────┴────────────────┘
tinker_cookbook.utils.ml_log:192 [INFO] Wrote metrics to logs/sweep-rollouts/llama-rlct-nr128/metrics.jsonl
tinker_cookbook.utils.ml_log:265 [INFO] 
                         Step 36                          
┏━━━━━━━━━━━━━━━━━━━━━━━━━━━━━━━━━━━━━━━┳━━━━━━━━━━━━━━━━┓
┃ Metric                                ┃ Value          ┃
┡━━━━━━━━━━━━━━━━━━━━━━━━━━━━━━━━━━━━━━━╇━━━━━━━━━━━━━━━━┩
│ optim/entropy                         │ 4.442436       │
│ optim/kl_sample_train_v1              │ 0.000377       │
│ optim/kl_sample_train_v2              │ 0.000452       │
│ train/advantage_abs_mean              │ 0.407876       │
│ train/anchor_reward_mean              │ 0.000000       │
│ train/anchor_reward_std               │ 0.039665       │
│ train/avg_response_length             │ 573.901408     │
│ train/consistency_gap_1               │ 0.071895       │
│ train/consistency_reward_mean         │ 0.008307       │
│ train/consistency_reward_std          │ 0.031132       │
│ train/epoch                           │ 0              │
│ train/kl_policy_base                  │ 0.014607       │
│ train/n_anchor_rollouts               │ 126            │
│ train/n_consistency_rollouts          │ 16             │
│ train/n_ref_parsed                    │ 126            │
│ train/n_training_parsed               │ 119            │
│ train/p_hat_1                         │ 0.865546       │
│ train/p_ref                           │ 0.793651       │
│ train/p_ref_drift                     │ -0.098016      │
│ train/p_ref_init                      │ 0.891667       │
│ train/parse_rate                      │ 0.957031       │
│ train/rate_var                        │ 0.001292       │
│ train/reward_pert0_trait0_count       │ 26             │
│ train/reward_pert0_trait0_mean        │ -0.077790      │
│ train/reward_pert0_trait1_count       │ 100            │
│ train/reward_pert0_trait1_mean        │ 0.020225       │
│ train/reward_pert1_trait0_count       │ 4              │
│ train/reward_pert1_trait0_mean        │ 0.062229       │
│ train/reward_pert1_trait1_count       │ 12             │
│ train/reward_pert1_trait1_mean        │ -0.009667      │
│ train/train/clock_cycle:unique        │ 7241784.000000 │
│ train/train/loss:sum                  │ 1871.567230    │
│ train/train/ppo_clipped_fraction:mean │ 0.111903       │
│ train/train/ppo_kl_div:mean           │ 0.405799       │
│ train/train/ppo_mean_ratio:mean       │ 0.911808       │
└───────────────────────────────────────┴────────────────┘
tinker_cookbook.utils.ml_log:192 [INFO] Wrote metrics to logs/sweep-rollouts/llama-rlct-nr128/metrics.jsonl
tinker_cookbook.utils.ml_log:265 [INFO] 
                         Step 37                          
┏━━━━━━━━━━━━━━━━━━━━━━━━━━━━━━━━━━━━━━━┳━━━━━━━━━━━━━━━━┓
┃ Metric                                ┃ Value          ┃
┡━━━━━━━━━━━━━━━━━━━━━━━━━━━━━━━━━━━━━━━╇━━━━━━━━━━━━━━━━┩
│ optim/entropy                         │ 2.368862       │
│ optim/kl_sample_train_v1              │ 0.000676       │
│ optim/kl_sample_train_v2              │ 0.000597       │
│ train/advantage_abs_mean              │ 0.199798       │
│ train/anchor_reward_mean              │ 0.000000       │
│ train/anchor_reward_std               │ 0.026376       │
│ train/avg_response_length             │ 510.069930     │
│ train/consistency_gap_1               │ 0.039370       │
│ train/consistency_reward_mean         │ 0.000639       │
│ train/consistency_reward_std          │ 0.009530       │
│ train/epoch                           │ 0              │
│ train/kl_policy_base                  │ 0.033380       │
│ train/n_anchor_rollouts               │ 127            │
│ train/n_consistency_rollouts          │ 16             │
│ train/n_ref_parsed                    │ 127            │
│ train/n_training_parsed               │ 127            │
│ train/p_hat_1                         │ 0.078740       │
│ train/p_ref                           │ 0.039370       │
│ train/p_ref_drift                     │ -0.135630      │
│ train/p_ref_init                      │ 0.175000       │
│ train/parse_rate                      │ 0.992188       │
│ train/rate_var                        │ 0.000388       │
│ train/reward_pert0_trait0_count       │ 122            │
│ train/reward_pert0_trait0_mean        │ -0.005340      │
│ train/reward_pert0_trait1_count       │ 5              │
│ train/reward_pert0_trait1_mean        │ 0.130290       │
│ train/reward_pert1_trait0_count       │ 15             │
│ train/reward_pert1_trait0_mean        │ 0.003100       │
│ train/reward_pert1_trait1_count       │ 1              │
│ train/reward_pert1_trait1_mean        │ -0.036270      │
│ train/train/clock_cycle:unique        │ 7241818.000000 │
│ train/train/loss:sum                  │ 1742.875214    │
│ train/train/ppo_clipped_fraction:mean │ 0.195114       │
│ train/train/ppo_kl_div:mean           │ 0.682075       │
│ train/train/ppo_mean_ratio:mean       │ 0.845068       │
└───────────────────────────────────────┴────────────────┘
tinker_cookbook.utils.ml_log:192 [INFO] Wrote metrics to logs/sweep-rollouts/llama-rlct-nr128/metrics.jsonl
tinker_cookbook.utils.ml_log:265 [INFO] 
                         Step 38                          
┏━━━━━━━━━━━━━━━━━━━━━━━━━━━━━━━━━━━━━━━┳━━━━━━━━━━━━━━━━┓
┃ Metric                                ┃ Value          ┃
┡━━━━━━━━━━━━━━━━━━━━━━━━━━━━━━━━━━━━━━━╇━━━━━━━━━━━━━━━━┩
│ optim/entropy                         │ 1.782162       │
│ optim/kl_sample_train_v1              │ 0.000168       │
│ optim/kl_sample_train_v2              │ 0.000603       │
│ train/advantage_abs_mean              │ 0.242106       │
│ train/anchor_reward_mean              │ 0.000000       │
│ train/anchor_reward_std               │ 0.006813       │
│ train/avg_response_length             │ 336.687943     │
│ train/consistency_gap_1               │ 0.235465       │
│ train/consistency_reward_mean         │ -0.006837      │
│ train/consistency_reward_std          │ 0.109141       │
│ train/epoch                           │ 0              │
│ train/kl_policy_base                  │ 0.022059       │
│ train/n_anchor_rollouts               │ 125            │
│ train/n_consistency_rollouts          │ 16             │
│ train/n_ref_parsed                    │ 125            │
│ train/n_training_parsed               │ 127            │
│ train/p_hat_1                         │ 0.283465       │
│ train/p_ref                           │ 0.048000       │
│ train/p_ref_drift                     │ 0.031871       │
│ train/p_ref_init                      │ 0.016129       │
│ train/parse_rate                      │ 0.984375       │
│ train/rate_var                        │ 0.013861       │
│ train/reward_pert0_trait0_count       │ 119            │
│ train/reward_pert0_trait0_mean        │ 0.001530       │
│ train/reward_pert0_trait1_count       │ 6              │
│ train/reward_pert0_trait1_mean        │ -0.030341      │
│ train/reward_pert1_trait0_count       │ 11             │
│ train/reward_pert1_trait0_mean        │ 0.066746       │
│ train/reward_pert1_trait1_count       │ 5              │
│ train/reward_pert1_trait1_mean        │ -0.168719      │
│ train/train/clock_cycle:unique        │ 7241839.000000 │
│ train/train/loss:sum                  │ -319.464470    │
│ train/train/ppo_clipped_fraction:mean │ 0.158580       │
│ train/train/ppo_kl_div:mean           │ 0.754803       │
│ train/train/ppo_mean_ratio:mean       │ 0.862773       │
└───────────────────────────────────────┴────────────────┘
tinker_cookbook.utils.ml_log:192 [INFO] Wrote metrics to logs/sweep-rollouts/llama-rlct-nr128/metrics.jsonl
tinker_cookbook.utils.ml_log:265 [INFO] 
                         Step 39                          
┏━━━━━━━━━━━━━━━━━━━━━━━━━━━━━━━━━━━━━━━┳━━━━━━━━━━━━━━━━┓
┃ Metric                                ┃ Value          ┃
┡━━━━━━━━━━━━━━━━━━━━━━━━━━━━━━━━━━━━━━━╇━━━━━━━━━━━━━━━━┩
│ optim/entropy                         │ 2.800622       │
│ optim/kl_sample_train_v1              │ 0.000910       │
│ optim/kl_sample_train_v2              │ 0.000732       │
│ train/advantage_abs_mean              │ 0.346703       │
│ train/anchor_reward_mean              │ 0.000000       │
│ train/anchor_reward_std               │ 0.077363       │
│ train/avg_response_length             │ 603.635714     │
│ train/consistency_gap_1               │ -0.033226      │
│ train/consistency_reward_mean         │ -0.001910      │
│ train/consistency_reward_std          │ 0.008043       │
│ train/epoch                           │ 0              │
│ train/kl_policy_base                  │ 0.033949       │
│ train/n_anchor_rollouts               │ 124            │
│ train/n_consistency_rollouts          │ 16             │
│ train/n_ref_parsed                    │ 124            │
│ train/n_training_parsed               │ 125            │
│ train/p_hat_1                         │ 0.120000       │
│ train/p_ref                           │ 0.153226       │
│ train/p_ref_drift                     │ -0.214774      │
│ train/p_ref_init                      │ 0.368000       │
│ train/parse_rate                      │ 0.972656       │
│ train/rate_var                        │ 0.000276       │
│ train/reward_pert0_trait0_count       │ 105            │
│ train/reward_pert0_trait0_mean        │ -0.032909      │
│ train/reward_pert0_trait1_count       │ 19             │
│ train/reward_pert0_trait1_mean        │ 0.181865       │
│ train/reward_pert1_trait0_count       │ 15             │
│ train/reward_pert1_trait0_mean        │ -0.003987      │
│ train/reward_pert1_trait1_count       │ 1              │
│ train/reward_pert1_trait1_mean        │ 0.029239       │
│ train/train/clock_cycle:unique        │ 7241872.000000 │
│ train/train/clock_cycle:unique_1      │ 7241873.000000 │
│ train/train/loss:sum                  │ -5106.229904   │
│ train/train/ppo_clipped_fraction:mean │ 0.290313       │
│ train/train/ppo_kl_div:mean           │ 0.877888       │
│ train/train/ppo_mean_ratio:mean       │ 0.774773       │
└───────────────────────────────────────┴────────────────┘
tinker_cookbook.utils.ml_log:192 [INFO] Wrote metrics to logs/sweep-rollouts/llama-rlct-nr128/metrics.jsonl
tinker_cookbook.utils.ml_log:265 [INFO] 
                         Step 40                          
┏━━━━━━━━━━━━━━━━━━━━━━━━━━━━━━━━━━━━━━━┳━━━━━━━━━━━━━━━━┓
┃ Metric                                ┃ Value          ┃
┡━━━━━━━━━━━━━━━━━━━━━━━━━━━━━━━━━━━━━━━╇━━━━━━━━━━━━━━━━┩
│ optim/entropy                         │ 1.973164       │
│ optim/kl_sample_train_v1              │ 0.000678       │
│ optim/kl_sample_train_v2              │ 0.000582       │
│ train/advantage_abs_mean              │ 0.472503       │
│ train/anchor_reward_mean              │ -0.000000      │
│ train/anchor_reward_std               │ 0.015024       │
│ train/avg_response_length             │ 330.177305     │
│ train/consistency_gap_1               │ 0.088000       │
│ train/consistency_reward_mean         │ 0.017380       │
│ train/consistency_reward_std          │ 0.043655       │
│ train/epoch                           │ 0              │
│ train/kl_policy_base                  │ 0.027145       │
│ train/n_anchor_rollouts               │ 125            │
│ train/n_consistency_rollouts          │ 16             │
│ train/n_ref_parsed                    │ 125            │
│ train/n_training_parsed               │ 125            │
│ train/p_hat_1                         │ 0.760000       │
│ train/p_ref                           │ 0.672000       │
│ train/p_ref_drift                     │ -0.032000      │
│ train/p_ref_init                      │ 0.704000       │
│ train/parse_rate                      │ 0.976562       │
│ train/rate_var                        │ 0.001936       │
│ train/reward_pert0_trait0_count       │ 41             │
│ train/reward_pert0_trait0_mean        │ -0.021504      │
│ train/reward_pert0_trait1_count       │ 84             │
│ train/reward_pert0_trait1_mean        │ 0.010496       │
│ train/reward_pert1_trait0_count       │ 7              │
│ train/reward_pert1_trait0_mean        │ 0.066880       │
│ train/reward_pert1_trait1_count       │ 9              │
│ train/reward_pert1_trait1_mean        │ -0.021120      │
│ train/train/clock_cycle:unique        │ 7241898.000000 │
│ train/train/loss:sum                  │ 4232.337433    │
│ train/train/ppo_clipped_fraction:mean │ 0.145201       │
│ train/train/ppo_kl_div:mean           │ 0.754183       │
│ train/train/ppo_mean_ratio:mean       │ 0.877180       │
└───────────────────────────────────────┴────────────────┘
tinker_cookbook.utils.ml_log:192 [INFO] Wrote metrics to logs/sweep-rollouts/llama-rlct-nr128/metrics.jsonl
tinker_cookbook.utils.ml_log:265 [INFO] 
               Step 41               
┏━━━━━━━━━━━━━━━━━━━━━━━━━━━┳━━━━━━━┓
┃ Metric                    ┃ Value ┃
┡━━━━━━━━━━━━━━━━━━━━━━━━━━━╇━━━━━━━┩
│ train/skipped_empty_batch │ 1     │
└───────────────────────────┴───────┘
tinker_cookbook.utils.ml_log:192 [INFO] Wrote metrics to logs/sweep-rollouts/llama-rlct-nr128/metrics.jsonl
tinker_cookbook.utils.ml_log:265 [INFO] 
                         Step 42                          
┏━━━━━━━━━━━━━━━━━━━━━━━━━━━━━━━━━━━━━━━┳━━━━━━━━━━━━━━━━┓
┃ Metric                                ┃ Value          ┃
┡━━━━━━━━━━━━━━━━━━━━━━━━━━━━━━━━━━━━━━━╇━━━━━━━━━━━━━━━━┩
│ optim/entropy                         │ 4.160304       │
│ optim/kl_sample_train_v1              │ 0.000264       │
│ optim/kl_sample_train_v2              │ 0.000433       │
│ train/advantage_abs_mean              │ 0.406351       │
│ train/anchor_reward_mean              │ 0.000000       │
│ train/anchor_reward_std               │ 0.049078       │
│ train/avg_response_length             │ 837.635036     │
│ train/consistency_gap_1               │ 0.063816       │
│ train/consistency_reward_mean         │ 0.010335       │
│ train/consistency_reward_std          │ 0.021105       │
│ train/epoch                           │ 0              │
│ train/kl_policy_base                  │ 0.014435       │
│ train/n_anchor_rollouts               │ 121            │
│ train/n_consistency_rollouts          │ 16             │
│ train/n_ref_parsed                    │ 121            │
│ train/n_training_parsed               │ 115            │
│ train/p_hat_1                         │ 0.286957       │
│ train/p_ref                           │ 0.223140       │
│ train/p_ref_drift                     │ 0.117877       │
│ train/p_ref_init                      │ 0.105263       │
│ train/parse_rate                      │ 0.921875       │
│ train/rate_var                        │ 0.001018       │
│ train/reward_pert0_trait0_count       │ 94             │
│ train/reward_pert0_trait0_mean        │ 0.026303       │
│ train/reward_pert0_trait1_count       │ 27             │
│ train/reward_pert0_trait1_mean        │ -0.091574      │
│ train/reward_pert1_trait0_count       │ 14             │
│ train/reward_pert1_trait0_mean        │ 0.018312       │
│ train/reward_pert1_trait1_count       │ 2              │
│ train/reward_pert1_trait1_mean        │ -0.045504      │
│ train/train/clock_cycle:unique        │ 7241960.000000 │
│ train/train/clock_cycle:unique_1      │ 7241961.000000 │
│ train/train/loss:sum                  │ -2395.421661   │
│ train/train/ppo_clipped_fraction:mean │ 0.093780       │
│ train/train/ppo_kl_div:mean           │ 0.343909       │
│ train/train/ppo_mean_ratio:mean       │ 0.925304       │
└───────────────────────────────────────┴────────────────┘
tinker_cookbook.utils.ml_log:192 [INFO] Wrote metrics to logs/sweep-rollouts/llama-rlct-nr128/metrics.jsonl
tinker_cookbook.utils.ml_log:265 [INFO] 
               Step 43               
┏━━━━━━━━━━━━━━━━━━━━━━━━━━━┳━━━━━━━┓
┃ Metric                    ┃ Value ┃
┡━━━━━━━━━━━━━━━━━━━━━━━━━━━╇━━━━━━━┩
│ train/skipped_empty_batch │ 1     │
└───────────────────────────┴───────┘
tinker_cookbook.utils.ml_log:192 [INFO] Wrote metrics to logs/sweep-rollouts/llama-rlct-nr128/metrics.jsonl
tinker_cookbook.utils.ml_log:265 [INFO] 
                         Step 44                          
┏━━━━━━━━━━━━━━━━━━━━━━━━━━━━━━━━━━━━━━━┳━━━━━━━━━━━━━━━━┓
┃ Metric                                ┃ Value          ┃
┡━━━━━━━━━━━━━━━━━━━━━━━━━━━━━━━━━━━━━━━╇━━━━━━━━━━━━━━━━┩
│ optim/entropy                         │ 7.107121       │
│ optim/kl_sample_train_v1              │ 0.000589       │
│ optim/kl_sample_train_v2              │ 0.000548       │
│ train/advantage_abs_mean              │ 0.415855       │
│ train/anchor_reward_mean              │ -0.000000      │
│ train/anchor_reward_std               │ 0.028674       │
│ train/avg_response_length             │ 1764.639344    │
│ train/consistency_gap_1               │ 0.232453       │
│ train/consistency_reward_mean         │ 0.015109       │
│ train/consistency_reward_std          │ 0.112536       │
│ train/epoch                           │ 0              │
│ train/kl_policy_base                  │ 0.015977       │
│ train/n_anchor_rollouts               │ 106            │
│ train/n_consistency_rollouts          │ 16             │
│ train/n_ref_parsed                    │ 106            │
│ train/n_training_parsed               │ 100            │
│ train/p_hat_1                         │ 0.440000       │
│ train/p_ref                           │ 0.207547       │
│ train/p_ref_drift                     │ 0.070705       │
│ train/p_ref_init                      │ 0.136842       │
│ train/parse_rate                      │ 0.804688       │
│ train/rate_var                        │ 0.013509       │
│ train/reward_pert0_trait0_count       │ 84             │
│ train/reward_pert0_trait0_mean        │ 0.014675       │
│ train/reward_pert0_trait1_count       │ 22             │
│ train/reward_pert0_trait1_mean        │ -0.056030      │
│ train/reward_pert1_trait0_count       │ 10             │
│ train/reward_pert1_trait0_mean        │ 0.102279       │
│ train/reward_pert1_trait1_count       │ 6              │
│ train/reward_pert1_trait1_mean        │ -0.130174      │
│ train/train/clock_cycle:unique        │ 7242005.000000 │
│ train/train/clock_cycle:unique_1      │ 7242006.000000 │
│ train/train/loss:sum                  │ 1725.113178    │
│ train/train/ppo_clipped_fraction:mean │ 0.050139       │
│ train/train/ppo_kl_div:mean           │ 0.189189       │
│ train/train/ppo_mean_ratio:mean       │ 0.961868       │
└───────────────────────────────────────┴────────────────┘
tinker_cookbook.utils.ml_log:192 [INFO] Wrote metrics to logs/sweep-rollouts/llama-rlct-nr128/metrics.jsonl
tinker_cookbook.utils.ml_log:265 [INFO] 
               Step 45               
┏━━━━━━━━━━━━━━━━━━━━━━━━━━━┳━━━━━━━┓
┃ Metric                    ┃ Value ┃
┡━━━━━━━━━━━━━━━━━━━━━━━━━━━╇━━━━━━━┩
│ train/skipped_empty_batch │ 1     │
└───────────────────────────┴───────┘
tinker_cookbook.utils.ml_log:192 [INFO] Wrote metrics to logs/sweep-rollouts/llama-rlct-nr128/metrics.jsonl
tinker_cookbook.utils.ml_log:265 [INFO] 
                         Step 46                          
┏━━━━━━━━━━━━━━━━━━━━━━━━━━━━━━━━━━━━━━━┳━━━━━━━━━━━━━━━━┓
┃ Metric                                ┃ Value          ┃
┡━━━━━━━━━━━━━━━━━━━━━━━━━━━━━━━━━━━━━━━╇━━━━━━━━━━━━━━━━┩
│ optim/entropy                         │ 1.149539       │
│ optim/kl_sample_train_v1              │ 0.000613       │
│ optim/kl_sample_train_v2              │ 0.000645       │
│ train/advantage_abs_mean              │ 0.468325       │
│ train/anchor_reward_mean              │ -0.000000      │
│ train/anchor_reward_std               │ 0.049988       │
│ train/avg_response_length             │ 298.678832     │
│ train/consistency_gap_1               │ 0.010050       │
│ train/consistency_reward_mean         │ 0.001970       │
│ train/consistency_reward_std          │ 0.005025       │
│ train/epoch                           │ 0              │
│ train/kl_policy_base                  │ 0.030823       │
│ train/n_anchor_rollouts               │ 121            │
│ train/n_consistency_rollouts          │ 16             │
│ train/n_ref_parsed                    │ 121            │
│ train/n_training_parsed               │ 125            │
│ train/p_hat_1                         │ 0.696000       │
│ train/p_ref                           │ 0.685950       │
│ train/p_ref_drift                     │ -0.107700      │
│ train/p_ref_init                      │ 0.793651       │
│ train/parse_rate                      │ 0.960938       │
│ train/rate_var                        │ 0.000025       │
│ train/reward_pert0_trait0_count       │ 38             │
│ train/reward_pert0_trait0_mean        │ -0.073877      │
│ train/reward_pert0_trait1_count       │ 83             │
│ train/reward_pert0_trait1_mean        │ 0.033823       │
│ train/reward_pert1_trait0_count       │ 8              │
│ train/reward_pert1_trait0_mean        │ 0.006995       │
│ train/reward_pert1_trait1_count       │ 8              │
│ train/reward_pert1_trait1_mean        │ -0.003055      │
│ train/train/clock_cycle:unique        │ 7242034.000000 │
│ train/train/loss:sum                  │ 455.661804     │
│ train/train/ppo_clipped_fraction:mean │ 0.235944       │
│ train/train/ppo_kl_div:mean           │ 1.042385       │
│ train/train/ppo_mean_ratio:mean       │ 0.800828       │
└───────────────────────────────────────┴────────────────┘
tinker_cookbook.utils.ml_log:192 [INFO] Wrote metrics to logs/sweep-rollouts/llama-rlct-nr128/metrics.jsonl
tinker_cookbook.utils.ml_log:265 [INFO] 
                         Step 47                          
┏━━━━━━━━━━━━━━━━━━━━━━━━━━━━━━━━━━━━━━━┳━━━━━━━━━━━━━━━━┓
┃ Metric                                ┃ Value          ┃
┡━━━━━━━━━━━━━━━━━━━━━━━━━━━━━━━━━━━━━━━╇━━━━━━━━━━━━━━━━┩
│ optim/entropy                         │ 4.058500       │
│ optim/kl_sample_train_v1              │ 0.000684       │
│ optim/kl_sample_train_v2              │ 0.000537       │
│ train/advantage_abs_mean              │ 0.194625       │
│ train/anchor_reward_mean              │ -0.000000      │
│ train/anchor_reward_std               │ 0.009478       │
│ train/avg_response_length             │ 562.515152     │
│ train/consistency_gap_1               │ -0.016636      │
│ train/consistency_reward_mean         │ -0.000584      │
│ train/consistency_reward_std          │ 0.000000       │
│ train/epoch                           │ 0              │
│ train/kl_policy_base                  │ 0.018183       │
│ train/n_anchor_rollouts               │ 116            │
│ train/n_consistency_rollouts          │ 16             │
│ train/n_ref_parsed                    │ 116            │
│ train/n_training_parsed               │ 114            │
│ train/p_hat_1                         │ 0.035088       │
│ train/p_ref                           │ 0.051724       │
│ train/p_ref_drift                     │ 0.042796       │
│ train/p_ref_init                      │ 0.008929       │
│ train/parse_rate                      │ 0.898438       │
│ train/rate_var                        │ 0.000069       │
│ train/reward_pert0_trait0_count       │ 110            │
│ train/reward_pert0_trait0_mean        │ 0.002214       │
│ train/reward_pert0_trait1_count       │ 6              │
│ train/reward_pert0_trait1_mean        │ -0.040582      │
│ train/reward_pert1_trait0_count       │ 16             │
│ train/reward_pert1_trait0_mean        │ -0.000584      │
│ train/train/clock_cycle:unique        │ 7242072.000000 │
│ train/train/loss:sum                  │ -2801.315392   │
│ train/train/ppo_clipped_fraction:mean │ 0.126465       │
│ train/train/ppo_kl_div:mean           │ 0.595002       │
│ train/train/ppo_mean_ratio:mean       │ 0.889618       │
└───────────────────────────────────────┴────────────────┘
tinker_cookbook.utils.ml_log:192 [INFO] Wrote metrics to logs/sweep-rollouts/llama-rlct-nr128/metrics.jsonl
tinker_cookbook.utils.ml_log:265 [INFO] 
                         Step 48                          
┏━━━━━━━━━━━━━━━━━━━━━━━━━━━━━━━━━━━━━━━┳━━━━━━━━━━━━━━━━┓
┃ Metric                                ┃ Value          ┃
┡━━━━━━━━━━━━━━━━━━━━━━━━━━━━━━━━━━━━━━━╇━━━━━━━━━━━━━━━━┩
│ optim/entropy                         │ 1.321639       │
│ optim/kl_sample_train_v1              │ 0.000196       │
│ optim/kl_sample_train_v2              │ 0.000517       │
│ train/advantage_abs_mean              │ 0.078735       │
│ train/anchor_reward_mean              │ -0.000000      │
│ train/anchor_reward_std               │ 0.000011       │
│ train/avg_response_length             │ 403.119718     │
│ train/consistency_gap_1               │ 0.007937       │
│ train/consistency_reward_mean         │ 0.000000       │
│ train/consistency_reward_std          │ 0.000000       │
│ train/epoch                           │ 0              │
│ train/kl_policy_base                  │ 0.017659       │
│ train/n_anchor_rollouts               │ 126            │
│ train/n_consistency_rollouts          │ 16             │
│ train/n_ref_parsed                    │ 126            │
│ train/n_training_parsed               │ 127            │
│ train/p_hat_1                         │ 1.000000       │
│ train/p_ref                           │ 0.992063       │
│ train/p_ref_drift                     │ -0.000124      │
│ train/p_ref_init                      │ 0.992188       │
│ train/parse_rate                      │ 0.988281       │
│ train/rate_var                        │ 0.000016       │
│ train/reward_pert0_trait0_count       │ 1              │
│ train/reward_pert0_trait0_mean        │ -0.000123      │
│ train/reward_pert0_trait1_count       │ 125            │
│ train/reward_pert0_trait1_mean        │ 0.000001       │
│ train/reward_pert1_trait1_count       │ 16             │
│ train/reward_pert1_trait1_mean        │ 0.000000       │
│ train/train/clock_cycle:unique        │ 7242081.000000 │
│ train/train/loss:sum                  │ -1133.192719   │
│ train/train/ppo_clipped_fraction:mean │ 0.123517       │
│ train/train/ppo_kl_div:mean           │ 0.614509       │
│ train/train/ppo_mean_ratio:mean       │ 0.892555       │
└───────────────────────────────────────┴────────────────┘
tinker_cookbook.utils.ml_log:192 [INFO] Wrote metrics to logs/sweep-rollouts/llama-rlct-nr128/metrics.jsonl
tinker_cookbook.utils.ml_log:265 [INFO] 
               Step 49               
┏━━━━━━━━━━━━━━━━━━━━━━━━━━━┳━━━━━━━┓
┃ Metric                    ┃ Value ┃
┡━━━━━━━━━━━━━━━━━━━━━━━━━━━╇━━━━━━━┩
│ train/skipped_empty_batch │ 1     │
└───────────────────────────┴───────┘
tinker_cookbook.utils.ml_log:192 [INFO] Wrote metrics to logs/sweep-rollouts/llama-rlct-nr128/metrics.jsonl
tinker_cookbook.utils.ml_log:265 [INFO] 
                         Step 50                          
┏━━━━━━━━━━━━━━━━━━━━━━━━━━━━━━━━━━━━━━━┳━━━━━━━━━━━━━━━━┓
┃ Metric                                ┃ Value          ┃
┡━━━━━━━━━━━━━━━━━━━━━━━━━━━━━━━━━━━━━━━╇━━━━━━━━━━━━━━━━┩
│ optim/entropy                         │ 0.849169       │
│ optim/kl_sample_train_v1              │ 0.000786       │
│ optim/kl_sample_train_v2              │ 0.000609       │
│ train/advantage_abs_mean              │ 0.374771       │
│ train/anchor_reward_mean              │ 0.000000       │
│ train/anchor_reward_std               │ 0.061652       │
│ train/avg_response_length             │ 323.216783     │
│ train/consistency_gap_1               │ 0.093738       │
│ train/consistency_reward_mean         │ -0.003069      │
│ train/consistency_reward_std          │ 0.022690       │
│ train/epoch                           │ 0              │
│ train/kl_policy_base                  │ 0.035789       │
│ train/n_anchor_rollouts               │ 127            │
│ train/n_consistency_rollouts          │ 16             │
│ train/n_ref_parsed                    │ 127            │
│ train/n_training_parsed               │ 126            │
│ train/p_hat_1                         │ 0.904762       │
│ train/p_ref                           │ 0.811024       │
│ train/p_ref_drift                     │ -0.157480      │
│ train/p_ref_init                      │ 0.968504       │
│ train/parse_rate                      │ 0.988281       │
│ train/rate_var                        │ 0.002197       │
│ train/reward_pert0_trait0_count       │ 24             │
│ train/reward_pert0_trait0_mean        │ -0.127720      │
│ train/reward_pert0_trait1_count       │ 103            │
│ train/reward_pert0_trait1_mean        │ 0.029760       │
│ train/reward_pert1_trait0_count       │ 1              │
│ train/reward_pert1_trait0_mean        │ 0.084811       │
│ train/reward_pert1_trait1_count       │ 15             │
│ train/reward_pert1_trait1_mean        │ -0.008927      │
│ train/train/clock_cycle:unique        │ 7242101.000000 │
│ train/train/loss:sum                  │ 597.054008     │
│ train/train/ppo_clipped_fraction:mean │ 0.177316       │
│ train/train/ppo_kl_div:mean           │ 0.835177       │
│ train/train/ppo_mean_ratio:mean       │ 0.848648       │
└───────────────────────────────────────┴────────────────┘
tinker_cookbook.checkpoint_utils:461 [INFO] Saved checkpoints: {'sampler_path': 'tinker://7737f054-4e7f-58a8-a390-501d62e9f7ab:train:0/sampler_weights/sweep-rollouts_llama-rlct-nr128_step50'}
tinker_cookbook.utils.ml_log:192 [INFO] Wrote metrics to logs/sweep-rollouts/llama-rlct-nr128/metrics.jsonl
tinker_cookbook.utils.ml_log:265 [INFO] 
                                    Step 50                                     
┏━━━━━━━━━━━━━━━━━━━━━━┳━━━━━━━━━━━━━━━━━━━━━━━━━━━━━━━━━━━━━━━━━━━━━━━━━━━━━━━┓
┃ Metric               ┃ Value                                                 ┃
┡━━━━━━━━━━━━━━━━━━━━━━╇━━━━━━━━━━━━━━━━━━━━━━━━━━━━━━━━━━━━━━━━━━━━━━━━━━━━━━━┩
│ checkpoint           │ tinker://7737f054-4e7f-58a8-a390-501d62e9f7ab:train:… │
└──────────────────────┴───────────────────────────────────────────────────────┘
tinker_cookbook.utils.ml_log:192 [INFO] Wrote metrics to logs/sweep-rollouts/llama-rlct-nr128/metrics.jsonl
tinker_cookbook.utils.ml_log:265 [INFO] 
                         Step 51                          
┏━━━━━━━━━━━━━━━━━━━━━━━━━━━━━━━━━━━━━━━┳━━━━━━━━━━━━━━━━┓
┃ Metric                                ┃ Value          ┃
┡━━━━━━━━━━━━━━━━━━━━━━━━━━━━━━━━━━━━━━━╇━━━━━━━━━━━━━━━━┩
│ optim/entropy                         │ 1.625970       │
│ optim/kl_sample_train_v1              │ 0.000683       │
│ optim/kl_sample_train_v2              │ 0.000632       │
│ train/advantage_abs_mean              │ 0.026896       │
│ train/anchor_reward_mean              │ 0.000000       │
│ train/anchor_reward_std               │ 0.000000       │
│ train/avg_response_length             │ 519.298611     │
│ train/consistency_gap_1               │ 0.016260       │
│ train/consistency_reward_mean         │ -0.000752      │
│ train/consistency_reward_std          │ 0.003936       │
│ train/epoch                           │ 0              │
│ train/kl_policy_base                  │ 0.020448       │
│ train/n_anchor_rollouts               │ 128            │
│ train/n_consistency_rollouts          │ 16             │
│ train/n_ref_parsed                    │ 128            │
│ train/n_training_parsed               │ 123            │
│ train/p_hat_1                         │ 0.016260       │
│ train/p_ref                           │ 0.000000       │
│ train/p_ref_drift                     │ 0.000000       │
│ train/p_ref_init                      │ 0.000000       │
│ train/parse_rate                      │ 0.980469       │
│ train/rate_var                        │ 0.000066       │
│ train/reward_pert0_trait0_count       │ 128            │
│ train/reward_pert0_trait0_mean        │ 0.000000       │
│ train/reward_pert1_trait0_count       │ 15             │
│ train/reward_pert1_trait0_mean        │ 0.000264       │
│ train/reward_pert1_trait1_count       │ 1              │
│ train/reward_pert1_trait1_mean        │ -0.015996      │
│ train/train/clock_cycle:unique        │ 7242124.000000 │
│ train/train/loss:sum                  │ -295.783660    │
│ train/train/ppo_clipped_fraction:mean │ 0.105962       │
│ train/train/ppo_kl_div:mean           │ 0.524719       │
│ train/train/ppo_mean_ratio:mean       │ 0.911210       │
└───────────────────────────────────────┴────────────────┘
tinker_cookbook.utils.ml_log:192 [INFO] Wrote metrics to logs/sweep-rollouts/llama-rlct-nr128/metrics.jsonl
tinker_cookbook.utils.ml_log:265 [INFO] 
                         Step 52                          
┏━━━━━━━━━━━━━━━━━━━━━━━━━━━━━━━━━━━━━━━┳━━━━━━━━━━━━━━━━┓
┃ Metric                                ┃ Value          ┃
┡━━━━━━━━━━━━━━━━━━━━━━━━━━━━━━━━━━━━━━━╇━━━━━━━━━━━━━━━━┩
│ optim/entropy                         │ 0.853422       │
│ optim/kl_sample_train_v1              │ 0.000422       │
│ optim/kl_sample_train_v2              │ 0.000638       │
│ train/advantage_abs_mean              │ 0.431401       │
│ train/anchor_reward_mean              │ 0.000000       │
│ train/anchor_reward_std               │ 0.061970       │
│ train/avg_response_length             │ 444.811189     │
│ train/consistency_gap_1               │ 0.070866       │
│ train/consistency_reward_mean         │ -0.004813      │
│ train/consistency_reward_std          │ 0.034308       │
│ train/epoch                           │ 0              │
│ train/kl_policy_base                  │ 0.027182       │
│ train/n_anchor_rollouts               │ 127            │
│ train/n_consistency_rollouts          │ 16             │
│ train/n_ref_parsed                    │ 127            │
│ train/n_training_parsed               │ 127            │
│ train/p_hat_1                         │ 0.307087       │
│ train/p_ref                           │ 0.236220       │
│ train/p_ref_drift                     │ -0.145893      │
│ train/p_ref_init                      │ 0.382114       │
│ train/parse_rate                      │ 0.992188       │
│ train/rate_var                        │ 0.001256       │
│ train/reward_pert0_trait0_count       │ 97             │
│ train/reward_pert0_trait0_mean        │ -0.034463      │
│ train/reward_pert0_trait1_count       │ 30             │
│ train/reward_pert0_trait1_mean        │ 0.111430       │
│ train/reward_pert1_trait0_count       │ 10             │
│ train/reward_pert1_trait0_mean        │ 0.021762       │
│ train/reward_pert1_trait1_count       │ 6              │
│ train/reward_pert1_trait1_mean        │ -0.049104      │
│ train/train/clock_cycle:unique        │ 7242129.000000 │
│ train/train/loss:sum                  │ 235.138050     │
│ train/train/ppo_clipped_fraction:mean │ 0.158301       │
│ train/train/ppo_kl_div:mean           │ 0.626812       │
│ train/train/ppo_mean_ratio:mean       │ 0.871213       │
└───────────────────────────────────────┴────────────────┘
tinker_cookbook.utils.ml_log:192 [INFO] Wrote metrics to logs/sweep-rollouts/llama-rlct-nr128/metrics.jsonl
tinker_cookbook.utils.ml_log:265 [INFO] 
                         Step 53                          
┏━━━━━━━━━━━━━━━━━━━━━━━━━━━━━━━━━━━━━━━┳━━━━━━━━━━━━━━━━┓
┃ Metric                                ┃ Value          ┃
┡━━━━━━━━━━━━━━━━━━━━━━━━━━━━━━━━━━━━━━━╇━━━━━━━━━━━━━━━━┩
│ optim/entropy                         │ 1.091066       │
│ optim/kl_sample_train_v1              │ 0.000845       │
│ optim/kl_sample_train_v2              │ 0.000616       │
│ train/advantage_abs_mean              │ 0.350209       │
│ train/anchor_reward_mean              │ 0.000000       │
│ train/anchor_reward_std               │ 0.004057       │
│ train/avg_response_length             │ 396.034965     │
│ train/consistency_gap_1               │ 0.286714       │
│ train/consistency_reward_mean         │ -0.007111      │
│ train/consistency_reward_std          │ 0.142233       │
│ train/epoch                           │ 0              │
│ train/kl_policy_base                  │ 0.018178       │
│ train/n_anchor_rollouts               │ 127            │
│ train/n_consistency_rollouts          │ 16             │
│ train/n_ref_parsed                    │ 127            │
│ train/n_training_parsed               │ 126            │
│ train/p_hat_1                         │ 0.412698       │
│ train/p_ref                           │ 0.125984       │
│ train/p_ref_drift                     │ -0.012227      │
│ train/p_ref_init                      │ 0.138211       │
│ train/parse_rate                      │ 0.988281       │
│ train/rate_var                        │ 0.020551       │
│ train/reward_pert0_trait0_count       │ 111            │
│ train/reward_pert0_trait0_mean        │ -0.001540      │
│ train/reward_pert0_trait1_count       │ 16             │
│ train/reward_pert0_trait1_mean        │ 0.010687       │
│ train/reward_pert1_trait0_count       │ 9              │
│ train/reward_pert1_trait0_mean        │ 0.118326       │
│ train/reward_pert1_trait1_count       │ 7              │
│ train/reward_pert1_trait1_mean        │ -0.168388      │
│ train/train/clock_cycle:unique        │ 7242149.000000 │
│ train/train/loss:sum                  │ -317.943838    │
│ train/train/ppo_clipped_fraction:mean │ 0.132806       │
│ train/train/ppo_kl_div:mean           │ 0.600551       │
│ train/train/ppo_mean_ratio:mean       │ 0.889042       │
└───────────────────────────────────────┴────────────────┘
tinker_cookbook.utils.ml_log:192 [INFO] Wrote metrics to logs/sweep-rollouts/llama-rlct-nr128/metrics.jsonl
tinker_cookbook.utils.ml_log:265 [INFO] 
                         Step 54                          
┏━━━━━━━━━━━━━━━━━━━━━━━━━━━━━━━━━━━━━━━┳━━━━━━━━━━━━━━━━┓
┃ Metric                                ┃ Value          ┃
┡━━━━━━━━━━━━━━━━━━━━━━━━━━━━━━━━━━━━━━━╇━━━━━━━━━━━━━━━━┩
│ optim/entropy                         │ 0.651521       │
│ optim/kl_sample_train_v1              │ 0.000844       │
│ optim/kl_sample_train_v2              │ 0.000633       │
│ train/advantage_abs_mean              │ 0.300632       │
│ train/anchor_reward_mean              │ -0.000000      │
│ train/anchor_reward_std               │ 0.003744       │
│ train/avg_response_length             │ 358.215278     │
│ train/consistency_gap_1               │ 0.666063       │
│ train/consistency_reward_mean         │ 0.042961       │
│ train/consistency_reward_std          │ 0.308728       │
│ train/epoch                           │ 0              │
│ train/kl_policy_base                  │ 0.032584       │
│ train/n_anchor_rollouts               │ 128            │
│ train/n_consistency_rollouts          │ 16             │
│ train/n_ref_parsed                    │ 128            │
│ train/n_training_parsed               │ 125            │
│ train/p_hat_1                         │ 0.752000       │
│ train/p_ref                           │ 0.085938       │
│ train/p_ref_drift                     │ 0.013357       │
│ train/p_ref_init                      │ 0.072581       │
│ train/parse_rate                      │ 0.988281       │
│ train/rate_var                        │ 0.110910       │
│ train/reward_pert0_trait0_count       │ 117            │
│ train/reward_pert0_trait0_mean        │ 0.001148       │
│ train/reward_pert0_trait1_count       │ 11             │
│ train/reward_pert0_trait1_mean        │ -0.012209      │
│ train/reward_pert1_trait0_count       │ 5              │
│ train/reward_pert1_trait0_mean        │ 0.500879       │
│ train/reward_pert1_trait1_count       │ 11             │
│ train/reward_pert1_trait1_mean        │ -0.165184      │
│ train/train/clock_cycle:unique        │ 7242152.000000 │
│ train/train/loss:sum                  │ -50.641098     │
│ train/train/ppo_clipped_fraction:mean │ 0.330150       │
│ train/train/ppo_kl_div:mean           │ 1.362764       │
│ train/train/ppo_mean_ratio:mean       │ 0.720807       │
└───────────────────────────────────────┴────────────────┘
tinker_cookbook.utils.ml_log:192 [INFO] Wrote metrics to logs/sweep-rollouts/llama-rlct-nr128/metrics.jsonl
tinker_cookbook.utils.ml_log:265 [INFO] 
               Step 55               
┏━━━━━━━━━━━━━━━━━━━━━━━━━━━┳━━━━━━━┓
┃ Metric                    ┃ Value ┃
┡━━━━━━━━━━━━━━━━━━━━━━━━━━━╇━━━━━━━┩
│ train/skipped_empty_batch │ 1     │
└───────────────────────────┴───────┘
tinker_cookbook.utils.ml_log:192 [INFO] Wrote metrics to logs/sweep-rollouts/llama-rlct-nr128/metrics.jsonl
tinker_cookbook.utils.ml_log:265 [INFO] 
                         Step 56                          
┏━━━━━━━━━━━━━━━━━━━━━━━━━━━━━━━━━━━━━━━┳━━━━━━━━━━━━━━━━┓
┃ Metric                                ┃ Value          ┃
┡━━━━━━━━━━━━━━━━━━━━━━━━━━━━━━━━━━━━━━━╇━━━━━━━━━━━━━━━━┩
│ optim/entropy                         │ 0.742209       │
│ optim/kl_sample_train_v1              │ 0.000852       │
│ optim/kl_sample_train_v2              │ 0.000594       │
│ train/advantage_abs_mean              │ 0.301660       │
│ train/anchor_reward_mean              │ -0.000000      │
│ train/anchor_reward_std               │ 0.022112       │
│ train/avg_response_length             │ 431.405594     │
│ train/consistency_gap_1               │ 0.277022       │
│ train/consistency_reward_mean         │ 0.014166       │
│ train/consistency_reward_std          │ 0.128403       │
│ train/epoch                           │ 0              │
│ train/kl_policy_base                  │ 0.026335       │
│ train/n_anchor_rollouts               │ 127            │
│ train/n_consistency_rollouts          │ 16             │
│ train/n_ref_parsed                    │ 127            │
│ train/n_training_parsed               │ 121            │
│ train/p_hat_1                         │ 0.363636       │
│ train/p_ref                           │ 0.086614       │
│ train/p_ref_drift                     │ 0.078614       │
│ train/p_ref_init                      │ 0.008000       │
│ train/parse_rate                      │ 0.968750       │
│ train/rate_var                        │ 0.019185       │
│ train/reward_pert0_trait0_count       │ 116            │
│ train/reward_pert0_trait0_mean        │ 0.006809       │
│ train/reward_pert0_trait1_count       │ 11             │
│ train/reward_pert0_trait1_mean        │ -0.071805      │
│ train/reward_pert1_trait0_count       │ 11             │
│ train/reward_pert1_trait0_mean        │ 0.100735       │
│ train/reward_pert1_trait1_count       │ 5              │
│ train/reward_pert1_trait1_mean        │ -0.176287      │
│ train/train/clock_cycle:unique        │ 7242187.000000 │
│ train/train/loss:sum                  │ 1415.238182    │
│ train/train/ppo_clipped_fraction:mean │ 0.126385       │
│ train/train/ppo_kl_div:mean           │ 0.592074       │
│ train/train/ppo_mean_ratio:mean       │ 0.894340       │
└───────────────────────────────────────┴────────────────┘
tinker_cookbook.utils.ml_log:192 [INFO] Wrote metrics to logs/sweep-rollouts/llama-rlct-nr128/metrics.jsonl
tinker_cookbook.utils.ml_log:265 [INFO] 
                         Step 57                          
┏━━━━━━━━━━━━━━━━━━━━━━━━━━━━━━━━━━━━━━━┳━━━━━━━━━━━━━━━━┓
┃ Metric                                ┃ Value          ┃
┡━━━━━━━━━━━━━━━━━━━━━━━━━━━━━━━━━━━━━━━╇━━━━━━━━━━━━━━━━┩
│ optim/entropy                         │ 0.981830       │
│ optim/kl_sample_train_v1              │ 0.000593       │
│ optim/kl_sample_train_v2              │ 0.000624       │
│ train/advantage_abs_mean              │ 0.312691       │
│ train/anchor_reward_mean              │ 0.000000       │
│ train/anchor_reward_std               │ 0.012170       │
│ train/avg_response_length             │ 467.155556     │
│ train/consistency_gap_1               │ 0.416184       │
│ train/consistency_reward_mean         │ 0.055611       │
│ train/consistency_reward_std          │ 0.201484       │
│ train/epoch                           │ 0              │
│ train/kl_policy_base                  │ 0.037354       │
│ train/n_anchor_rollouts               │ 119            │
│ train/n_consistency_rollouts          │ 16             │
│ train/n_ref_parsed                    │ 119            │
│ train/n_training_parsed               │ 116            │
│ train/p_hat_1                         │ 0.508621       │
│ train/p_ref                           │ 0.092437       │
│ train/p_ref_drift                     │ 0.042017       │
│ train/p_ref_init                      │ 0.050420       │
│ train/parse_rate                      │ 0.917969       │
│ train/rate_var                        │ 0.043302       │
│ train/reward_pert0_trait0_count       │ 108            │
│ train/reward_pert0_trait0_mean        │ 0.003884       │
│ train/reward_pert0_trait1_count       │ 11             │
│ train/reward_pert0_trait1_mean        │ -0.038133      │
│ train/reward_pert1_trait0_count       │ 10             │
│ train/reward_pert1_trait0_mean        │ 0.211680       │
│ train/reward_pert1_trait1_count       │ 6              │
│ train/reward_pert1_trait1_mean        │ -0.204504      │
│ train/train/clock_cycle:unique        │ 7242196.000000 │
│ train/train/loss:sum                  │ 430.125458     │
│ train/train/ppo_clipped_fraction:mean │ 0.118895       │
│ train/train/ppo_kl_div:mean           │ 0.567576       │
│ train/train/ppo_mean_ratio:mean       │ 0.898829       │
└───────────────────────────────────────┴────────────────┘
tinker_cookbook.utils.ml_log:192 [INFO] Wrote metrics to logs/sweep-rollouts/llama-rlct-nr128/metrics.jsonl
tinker_cookbook.utils.ml_log:265 [INFO] 
                         Step 58                          
┏━━━━━━━━━━━━━━━━━━━━━━━━━━━━━━━━━━━━━━━┳━━━━━━━━━━━━━━━━┓
┃ Metric                                ┃ Value          ┃
┡━━━━━━━━━━━━━━━━━━━━━━━━━━━━━━━━━━━━━━━╇━━━━━━━━━━━━━━━━┩
│ optim/entropy                         │ 1.301442       │
│ optim/kl_sample_train_v1              │ 0.000723       │
│ optim/kl_sample_train_v2              │ 0.000614       │
│ train/advantage_abs_mean              │ 0.078735       │
│ train/anchor_reward_mean              │ 0.000000       │
│ train/anchor_reward_std               │ 0.000006       │
│ train/avg_response_length             │ 471.450704     │
│ train/consistency_gap_1               │ 0.007688       │
│ train/consistency_reward_mean         │ 0.000120       │
│ train/consistency_reward_std          │ 0.000000       │
│ train/epoch                           │ 0              │
│ train/kl_policy_base                  │ 0.033279       │
│ train/n_anchor_rollouts               │ 126            │
│ train/n_consistency_rollouts          │ 16             │
│ train/n_ref_parsed                    │ 126            │
│ train/n_training_parsed               │ 128            │
│ train/p_hat_1                         │ 0.015625       │
│ train/p_ref                           │ 0.007937       │
│ train/p_ref_drift                     │ -0.000063      │
│ train/p_ref_init                      │ 0.008000       │
│ train/parse_rate                      │ 0.992188       │
│ train/rate_var                        │ 0.000015       │
│ train/reward_pert0_trait0_count       │ 125            │
│ train/reward_pert0_trait0_mean        │ -0.000001      │
│ train/reward_pert0_trait1_count       │ 1              │
│ train/reward_pert0_trait1_mean        │ 0.000063       │
│ train/reward_pert1_trait0_count       │ 16             │
│ train/reward_pert1_trait0_mean        │ 0.000120       │
│ train/train/clock_cycle:unique        │ 7242210.000000 │
│ train/train/loss:sum                  │ 172.490860     │
│ train/train/ppo_clipped_fraction:mean │ 0.159805       │
│ train/train/ppo_kl_div:mean           │ 0.626450       │
│ train/train/ppo_mean_ratio:mean       │ 0.867216       │
└───────────────────────────────────────┴────────────────┘
tinker_cookbook.utils.ml_log:192 [INFO] Wrote metrics to logs/sweep-rollouts/llama-rlct-nr128/metrics.jsonl
tinker_cookbook.utils.ml_log:265 [INFO] 
                         Step 59                          
┏━━━━━━━━━━━━━━━━━━━━━━━━━━━━━━━━━━━━━━━┳━━━━━━━━━━━━━━━━┓
┃ Metric                                ┃ Value          ┃
┡━━━━━━━━━━━━━━━━━━━━━━━━━━━━━━━━━━━━━━━╇━━━━━━━━━━━━━━━━┩
│ optim/entropy                         │ 0.702405       │
│ optim/kl_sample_train_v1              │ 0.000295       │
│ optim/kl_sample_train_v2              │ 0.000592       │
│ train/advantage_abs_mean              │ 0.026896       │
│ train/anchor_reward_mean              │ 0.000000       │
│ train/anchor_reward_std               │ 0.000000       │
│ train/avg_response_length             │ 256.194444     │
│ train/consistency_gap_1               │ 0.609375       │
│ train/consistency_reward_mean         │ -0.199951      │
│ train/consistency_reward_std          │ 0.147506       │
│ train/epoch                           │ 0              │
│ train/kl_policy_base                  │ 0.068011       │
│ train/n_anchor_rollouts               │ 128            │
│ train/n_consistency_rollouts          │ 16             │
│ train/n_ref_parsed                    │ 128            │
│ train/n_training_parsed               │ 128            │
│ train/p_hat_1                         │ 0.609375       │
│ train/p_ref                           │ 0.000000       │
│ train/p_ref_drift                     │ -0.260163      │
│ train/p_ref_init                      │ 0.260163       │
│ train/parse_rate                      │ 1.000000       │
│ train/rate_var                        │ 0.092834       │
│ train/reward_pert0_trait0_count       │ 128            │
│ train/reward_pert0_trait0_mean        │ 0.000000       │
│ train/reward_pert1_trait0_count       │ 1              │
│ train/reward_pert1_trait0_mean        │ 0.371338       │
│ train/reward_pert1_trait1_count       │ 15             │
│ train/reward_pert1_trait1_mean        │ -0.238037      │
│ train/train/clock_cycle:unique        │ 7242219.000000 │
│ train/train/loss:sum                  │ 155.547615     │
│ train/train/ppo_clipped_fraction:mean │ 0.270206       │
│ train/train/ppo_kl_div:mean           │ 1.193890       │
│ train/train/ppo_mean_ratio:mean       │ 0.778017       │
└───────────────────────────────────────┴────────────────┘
tinker_cookbook.utils.ml_log:192 [INFO] Wrote metrics to logs/sweep-rollouts/llama-rlct-nr128/metrics.jsonl
tinker_cookbook.utils.ml_log:265 [INFO] 
                         Step 60                          
┏━━━━━━━━━━━━━━━━━━━━━━━━━━━━━━━━━━━━━━━┳━━━━━━━━━━━━━━━━┓
┃ Metric                                ┃ Value          ┃
┡━━━━━━━━━━━━━━━━━━━━━━━━━━━━━━━━━━━━━━━╇━━━━━━━━━━━━━━━━┩
│ optim/entropy                         │ 0.934918       │
│ optim/kl_sample_train_v1              │ 0.000446       │
│ optim/kl_sample_train_v2              │ 0.000607       │
│ train/advantage_abs_mean              │ 0.480136       │
│ train/anchor_reward_mean              │ 0.000000       │
│ train/anchor_reward_std               │ 0.167695       │
│ train/avg_response_length             │ 314.283688     │
│ train/consistency_gap_1               │ 0.254299       │
│ train/consistency_reward_mean         │ 0.027032       │
│ train/consistency_reward_std          │ 0.127150       │
│ train/epoch                           │ 0              │
│ train/kl_policy_base                  │ 0.033860       │
│ train/n_anchor_rollouts               │ 125            │
│ train/n_consistency_rollouts          │ 16             │
│ train/n_ref_parsed                    │ 125            │
│ train/n_training_parsed               │ 127            │
│ train/p_hat_1                         │ 0.606299       │
│ train/p_ref                           │ 0.352000       │
│ train/p_ref_drift                     │ -0.351125      │
│ train/p_ref_init                      │ 0.703125       │
│ train/parse_rate                      │ 0.984375       │
│ train/rate_var                        │ 0.016167       │
│ train/reward_pert0_trait0_count       │ 81             │
│ train/reward_pert0_trait0_mean        │ -0.123596      │
│ train/reward_pert0_trait1_count       │ 44             │
│ train/reward_pert0_trait1_mean        │ 0.227529       │
│ train/reward_pert1_trait0_count       │ 8              │
│ train/reward_pert1_trait0_mean        │ 0.154181       │
│ train/reward_pert1_trait1_count       │ 8              │
│ train/reward_pert1_trait1_mean        │ -0.100118      │
│ train/train/clock_cycle:unique        │ 7242230.000000 │
│ train/train/loss:sum                  │ -141.943966    │
│ train/train/ppo_clipped_fraction:mean │ 0.143003       │
│ train/train/ppo_kl_div:mean           │ 0.700714       │
│ train/train/ppo_mean_ratio:mean       │ 0.874507       │
└───────────────────────────────────────┴────────────────┘
tinker_cookbook.utils.ml_log:192 [INFO] Wrote metrics to logs/sweep-rollouts/llama-rlct-nr128/metrics.jsonl
tinker_cookbook.utils.ml_log:265 [INFO] 
                         Step 61                          
┏━━━━━━━━━━━━━━━━━━━━━━━━━━━━━━━━━━━━━━━┳━━━━━━━━━━━━━━━━┓
┃ Metric                                ┃ Value          ┃
┡━━━━━━━━━━━━━━━━━━━━━━━━━━━━━━━━━━━━━━━╇━━━━━━━━━━━━━━━━┩
│ optim/entropy                         │ 0.764699       │
│ optim/kl_sample_train_v1              │ 0.000851       │
│ optim/kl_sample_train_v2              │ 0.000495       │
│ train/advantage_abs_mean              │ 0.040087       │
│ train/anchor_reward_mean              │ 0.000000       │
│ train/anchor_reward_std               │ 0.000000       │
│ train/avg_response_length             │ 255.780303     │
│ train/consistency_gap_1               │ 0.086957       │
│ train/consistency_reward_mean         │ -0.003308      │
│ train/consistency_reward_std          │ 0.028758       │
│ train/epoch                           │ 0              │
│ train/kl_policy_base                  │ 0.026226       │
│ train/n_anchor_rollouts               │ 116            │
│ train/n_consistency_rollouts          │ 16             │
│ train/n_ref_parsed                    │ 116            │
│ train/n_training_parsed               │ 115            │
│ train/p_hat_1                         │ 0.086957       │
│ train/p_ref                           │ 0.000000       │
│ train/p_ref_drift                     │ 0.000000       │
│ train/p_ref_init                      │ 0.000000       │
│ train/parse_rate                      │ 0.902344       │
│ train/rate_var                        │ 0.001890       │
│ train/reward_pert0_trait0_count       │ 116            │
│ train/reward_pert0_trait0_mean        │ 0.000000       │
│ train/reward_pert1_trait0_count       │ 14             │
│ train/reward_pert1_trait0_mean        │ 0.007561       │
│ train/reward_pert1_trait1_count       │ 2              │
│ train/reward_pert1_trait1_mean        │ -0.079395      │
│ train/train/clock_cycle:unique        │ 7242237.000000 │
│ train/train/loss:sum                  │ 87.185372      │
│ train/train/ppo_clipped_fraction:mean │ 0.233396       │
│ train/train/ppo_kl_div:mean           │ 0.878371       │
│ train/train/ppo_mean_ratio:mean       │ 0.806408       │
└───────────────────────────────────────┴────────────────┘
tinker_cookbook.utils.ml_log:192 [INFO] Wrote metrics to logs/sweep-rollouts/llama-rlct-nr128/metrics.jsonl
tinker_cookbook.utils.ml_log:265 [INFO] 
               Step 62               
┏━━━━━━━━━━━━━━━━━━━━━━━━━━━┳━━━━━━━┓
┃ Metric                    ┃ Value ┃
┡━━━━━━━━━━━━━━━━━━━━━━━━━━━╇━━━━━━━┩
│ train/skipped_empty_batch │ 1     │
└───────────────────────────┴───────┘
tinker_cookbook.utils.ml_log:192 [INFO] Wrote metrics to logs/sweep-rollouts/llama-rlct-nr128/metrics.jsonl
tinker_cookbook.utils.ml_log:265 [INFO] 
                         Step 63                          
┏━━━━━━━━━━━━━━━━━━━━━━━━━━━━━━━━━━━━━━━┳━━━━━━━━━━━━━━━━┓
┃ Metric                                ┃ Value          ┃
┡━━━━━━━━━━━━━━━━━━━━━━━━━━━━━━━━━━━━━━━╇━━━━━━━━━━━━━━━━┩
│ optim/entropy                         │ 2.169471       │
│ optim/kl_sample_train_v1              │ 0.000461       │
│ optim/kl_sample_train_v2              │ 0.000543       │
│ train/advantage_abs_mean              │ 0.395634       │
│ train/anchor_reward_mean              │ 0.000000       │
│ train/anchor_reward_std               │ 0.028239       │
│ train/avg_response_length             │ 425.617188     │
│ train/consistency_gap_1               │ 0.571429       │
│ train/consistency_reward_mean         │ 0.071429       │
│ train/consistency_reward_std          │ 0.276642       │
│ train/epoch                           │ 0              │
│ train/kl_policy_base                  │ 0.025574       │
│ train/n_anchor_rollouts               │ 112            │
│ train/n_consistency_rollouts          │ 16             │
│ train/n_ref_parsed                    │ 112            │
│ train/n_training_parsed               │ 104            │
│ train/p_hat_1                         │ 0.750000       │
│ train/p_ref                           │ 0.178571       │
│ train/p_ref_drift                     │ 0.073733       │
│ train/p_ref_init                      │ 0.104839       │
│ train/parse_rate                      │ 0.843750       │
│ train/rate_var                        │ 0.081633       │
│ train/reward_pert0_trait0_count       │ 92             │
│ train/reward_pert0_trait0_mean        │ 0.013167       │
│ train/reward_pert0_trait1_count       │ 20             │
│ train/reward_pert0_trait1_mean        │ -0.060566      │
│ train/reward_pert1_trait0_count       │ 6              │
│ train/reward_pert1_trait0_mean        │ 0.428571       │
│ train/reward_pert1_trait1_count       │ 10             │
│ train/reward_pert1_trait1_mean        │ -0.142857      │
│ train/train/clock_cycle:unique        │ 7242256.000000 │
│ train/train/loss:sum                  │ 1197.728973    │
│ train/train/ppo_clipped_fraction:mean │ 0.153323       │
│ train/train/ppo_kl_div:mean           │ 0.602579       │
│ train/train/ppo_mean_ratio:mean       │ 0.875575       │
└───────────────────────────────────────┴────────────────┘
tinker_cookbook.utils.ml_log:192 [INFO] Wrote metrics to logs/sweep-rollouts/llama-rlct-nr128/metrics.jsonl
tinker_cookbook.utils.ml_log:265 [INFO] 
                         Step 64                          
┏━━━━━━━━━━━━━━━━━━━━━━━━━━━━━━━━━━━━━━━┳━━━━━━━━━━━━━━━━┓
┃ Metric                                ┃ Value          ┃
┡━━━━━━━━━━━━━━━━━━━━━━━━━━━━━━━━━━━━━━━╇━━━━━━━━━━━━━━━━┩
│ optim/entropy                         │ 2.602480       │
│ optim/kl_sample_train_v1              │ 0.000694       │
│ optim/kl_sample_train_v2              │ 0.000542       │
│ train/advantage_abs_mean              │ 0.360425       │
│ train/anchor_reward_mean              │ 0.000000       │
│ train/anchor_reward_std               │ 0.002496       │
│ train/avg_response_length             │ 263.557252     │
│ train/consistency_gap_1               │ 0.125827       │
│ train/consistency_reward_mean         │ -0.005982      │
│ train/consistency_reward_std          │ 0.058322       │
│ train/epoch                           │ 0              │
│ train/kl_policy_base                  │ 0.026447       │
│ train/n_anchor_rollouts               │ 115            │
│ train/n_consistency_rollouts          │ 16             │
│ train/n_ref_parsed                    │ 115            │
│ train/n_training_parsed               │ 117            │
│ train/p_hat_1                         │ 0.264957       │
│ train/p_ref                           │ 0.139130       │
│ train/p_ref_drift                     │ -0.007211      │
│ train/p_ref_init                      │ 0.146341       │
│ train/parse_rate                      │ 0.906250       │
│ train/rate_var                        │ 0.003958       │
│ train/reward_pert0_trait0_count       │ 99             │
│ train/reward_pert0_trait0_mean        │ -0.001003      │
│ train/reward_pert0_trait1_count       │ 16             │
│ train/reward_pert0_trait1_mean        │ 0.006208       │
│ train/reward_pert1_trait0_count       │ 11             │
│ train/reward_pert1_trait0_mean        │ 0.033339       │
│ train/reward_pert1_trait1_count       │ 5              │
│ train/reward_pert1_trait1_mean        │ -0.092488      │
│ train/train/clock_cycle:unique        │ 7242275.000000 │
│ train/train/loss:sum                  │ -125.450523    │
│ train/train/ppo_clipped_fraction:mean │ 0.174872       │
│ train/train/ppo_kl_div:mean           │ 0.769204       │
│ train/train/ppo_mean_ratio:mean       │ 0.851557       │
└───────────────────────────────────────┴────────────────┘
tinker_cookbook.utils.ml_log:192 [INFO] Wrote metrics to logs/sweep-rollouts/llama-rlct-nr128/metrics.jsonl
tinker_cookbook.utils.ml_log:265 [INFO] 
                         Step 65                          
┏━━━━━━━━━━━━━━━━━━━━━━━━━━━━━━━━━━━━━━━┳━━━━━━━━━━━━━━━━┓
┃ Metric                                ┃ Value          ┃
┡━━━━━━━━━━━━━━━━━━━━━━━━━━━━━━━━━━━━━━━╇━━━━━━━━━━━━━━━━┩
│ optim/entropy                         │ 1.547890       │
│ optim/kl_sample_train_v1              │ 0.000740       │
│ optim/kl_sample_train_v2              │ 0.000713       │
│ train/advantage_abs_mean              │ 0.399362       │
│ train/anchor_reward_mean              │ 0.000000       │
│ train/anchor_reward_std               │ 0.100749       │
│ train/avg_response_length             │ 445.838462     │
│ train/consistency_gap_1               │ 0.074875       │
│ train/consistency_reward_mean         │ 0.001337       │
│ train/consistency_reward_std          │ 0.032422       │
│ train/epoch                           │ 0              │
│ train/kl_policy_base                  │ 0.031754       │
│ train/n_anchor_rollouts               │ 114            │
│ train/n_consistency_rollouts          │ 16             │
│ train/n_ref_parsed                    │ 114            │
│ train/n_training_parsed               │ 112            │
│ train/p_hat_1                         │ 0.267857       │
│ train/p_ref                           │ 0.192982       │
│ train/p_ref_drift                     │ -0.255293      │
│ train/p_ref_init                      │ 0.448276       │
│ train/parse_rate                      │ 0.882812       │
│ train/rate_var                        │ 0.001402       │
│ train/reward_pert0_trait0_count       │ 92             │
│ train/reward_pert0_trait0_mean        │ -0.049267      │
│ train/reward_pert0_trait1_count       │ 22             │
│ train/reward_pert0_trait1_mean        │ 0.206026       │
│ train/reward_pert1_trait0_count       │ 12             │
│ train/reward_pert1_trait0_mean        │ 0.020056       │
│ train/reward_pert1_trait1_count       │ 4              │
│ train/reward_pert1_trait1_mean        │ -0.054819      │
│ train/train/clock_cycle:unique        │ 7242287.000000 │
│ train/train/loss:sum                  │ 1388.923409    │
│ train/train/ppo_clipped_fraction:mean │ 0.294405       │
│ train/train/ppo_kl_div:mean           │ 0.802714       │
│ train/train/ppo_mean_ratio:mean       │ 0.776692       │
└───────────────────────────────────────┴────────────────┘
tinker_cookbook.utils.ml_log:192 [INFO] Wrote metrics to logs/sweep-rollouts/llama-rlct-nr128/metrics.jsonl
tinker_cookbook.utils.ml_log:265 [INFO] 
                         Step 66                          
┏━━━━━━━━━━━━━━━━━━━━━━━━━━━━━━━━━━━━━━━┳━━━━━━━━━━━━━━━━┓
┃ Metric                                ┃ Value          ┃
┡━━━━━━━━━━━━━━━━━━━━━━━━━━━━━━━━━━━━━━━╇━━━━━━━━━━━━━━━━┩
│ optim/entropy                         │ 2.031141       │
│ optim/kl_sample_train_v1              │ 0.000699       │
│ optim/kl_sample_train_v2              │ 0.000771       │
│ train/advantage_abs_mean              │ 0.112260       │
│ train/anchor_reward_mean              │ 0.000000       │
│ train/anchor_reward_std               │ 0.000050       │
│ train/avg_response_length             │ 371.601449     │
│ train/consistency_gap_1               │ 0.008817       │
│ train/consistency_reward_mean         │ 0.000222       │
│ train/consistency_reward_std          │ 0.000000       │
│ train/epoch                           │ 0              │
│ train/kl_policy_base                  │ 0.032583       │
│ train/n_anchor_rollouts               │ 122            │
│ train/n_consistency_rollouts          │ 16             │
│ train/n_ref_parsed                    │ 122            │
│ train/n_training_parsed               │ 119            │
│ train/p_hat_1                         │ 0.025210       │
│ train/p_ref                           │ 0.016393       │
│ train/p_ref_drift                     │ 0.000393       │
│ train/p_ref_init                      │ 0.016000       │
│ train/parse_rate                      │ 0.941406       │
│ train/rate_var                        │ 0.000019       │
│ train/reward_pert0_trait0_count       │ 120            │
│ train/reward_pert0_trait0_mean        │ 0.000006       │
│ train/reward_pert0_trait1_count       │ 2              │
│ train/reward_pert0_trait1_mean        │ -0.000387      │
│ train/reward_pert1_trait0_count       │ 16             │
│ train/reward_pert1_trait0_mean        │ 0.000222       │
│ train/train/clock_cycle:unique        │ 7242310.000000 │
│ train/train/clock_cycle:unique_1      │ 7242311.000000 │
│ train/train/loss:sum                  │ -137.418713    │
│ train/train/ppo_clipped_fraction:mean │ 0.512412       │
│ train/train/ppo_kl_div:mean           │ 1.685029       │
│ train/train/ppo_mean_ratio:mean       │ 0.586606       │
└───────────────────────────────────────┴────────────────┘
tinker_cookbook.utils.ml_log:192 [INFO] Wrote metrics to logs/sweep-rollouts/llama-rlct-nr128/metrics.jsonl
tinker_cookbook.utils.ml_log:265 [INFO] 
                         Step 67                          
┏━━━━━━━━━━━━━━━━━━━━━━━━━━━━━━━━━━━━━━━┳━━━━━━━━━━━━━━━━┓
┃ Metric                                ┃ Value          ┃
┡━━━━━━━━━━━━━━━━━━━━━━━━━━━━━━━━━━━━━━━╇━━━━━━━━━━━━━━━━┩
│ optim/entropy                         │ 0.682426       │
│ optim/kl_sample_train_v1              │ 0.000738       │
│ optim/kl_sample_train_v2              │ 0.000538       │
│ train/advantage_abs_mean              │ 0.043671       │
│ train/anchor_reward_mean              │ 0.000000       │
│ train/anchor_reward_std               │ 0.000000       │
│ train/avg_response_length             │ 301.839161     │
│ train/consistency_gap_1               │ 0.213115       │
│ train/consistency_reward_mean         │ 0.005459       │
│ train/consistency_reward_std          │ 0.083181       │
│ train/epoch                           │ 0              │
│ train/kl_policy_base                  │ 0.023015       │
│ train/n_anchor_rollouts               │ 127            │
│ train/n_consistency_rollouts          │ 16             │
│ train/n_ref_parsed                    │ 127            │
│ train/n_training_parsed               │ 122            │
│ train/p_hat_1                         │ 0.213115       │
│ train/p_ref                           │ 0.000000       │
│ train/p_ref_drift                     │ -0.015748      │
│ train/p_ref_init                      │ 0.015748       │
│ train/parse_rate                      │ 0.972656       │
│ train/rate_var                        │ 0.011354       │
│ train/reward_pert0_trait0_count       │ 127            │
│ train/reward_pert0_trait0_mean        │ 0.000000       │
│ train/reward_pert1_trait0_count       │ 13             │
│ train/reward_pert1_trait0_mean        │ 0.045418       │
│ train/reward_pert1_trait1_count       │ 3              │
│ train/reward_pert1_trait1_mean        │ -0.167697      │
│ train/train/clock_cycle:unique        │ 7242313.000000 │
│ train/train/loss:sum                  │ -146.889382    │
│ train/train/ppo_clipped_fraction:mean │ 0.237944       │
│ train/train/ppo_kl_div:mean           │ 0.887487       │
│ train/train/ppo_mean_ratio:mean       │ 0.811568       │
└───────────────────────────────────────┴────────────────┘
tinker_cookbook.utils.ml_log:192 [INFO] Wrote metrics to logs/sweep-rollouts/llama-rlct-nr128/metrics.jsonl
tinker_cookbook.utils.ml_log:265 [INFO] 
               Step 68               
┏━━━━━━━━━━━━━━━━━━━━━━━━━━━┳━━━━━━━┓
┃ Metric                    ┃ Value ┃
┡━━━━━━━━━━━━━━━━━━━━━━━━━━━╇━━━━━━━┩
│ train/skipped_empty_batch │ 1     │
└───────────────────────────┴───────┘
tinker_cookbook.utils.ml_log:192 [INFO] Wrote metrics to logs/sweep-rollouts/llama-rlct-nr128/metrics.jsonl
tinker_cookbook.utils.ml_log:265 [INFO] 
                         Step 69                          
┏━━━━━━━━━━━━━━━━━━━━━━━━━━━━━━━━━━━━━━━┳━━━━━━━━━━━━━━━━┓
┃ Metric                                ┃ Value          ┃
┡━━━━━━━━━━━━━━━━━━━━━━━━━━━━━━━━━━━━━━━╇━━━━━━━━━━━━━━━━┩
│ optim/entropy                         │ 2.545700       │
│ optim/kl_sample_train_v1              │ 0.000644       │
│ optim/kl_sample_train_v2              │ 0.000560       │
│ train/advantage_abs_mean              │ 0.309523       │
│ train/anchor_reward_mean              │ 0.000000       │
│ train/anchor_reward_std               │ 0.059325       │
│ train/avg_response_length             │ 350.992248     │
│ train/consistency_gap_1               │ 0.071566       │
│ train/consistency_reward_mean         │ 0.001361       │
│ train/consistency_reward_std          │ 0.017323       │
│ train/epoch                           │ 0              │
│ train/kl_policy_base                  │ 0.030582       │
│ train/n_anchor_rollouts               │ 113            │
│ train/n_consistency_rollouts          │ 16             │
│ train/n_ref_parsed                    │ 113            │
│ train/n_training_parsed               │ 115            │
│ train/p_hat_1                         │ 0.956522       │
│ train/p_ref                           │ 0.884956       │
│ train/p_ref_drift                     │ 0.185927       │
│ train/p_ref_init                      │ 0.699029       │
│ train/parse_rate                      │ 0.890625       │
│ train/rate_var                        │ 0.001280       │
│ train/reward_pert0_trait0_count       │ 13             │
│ train/reward_pert0_trait0_mean        │ 0.164537       │
│ train/reward_pert0_trait1_count       │ 100            │
│ train/reward_pert0_trait1_mean        │ -0.021390      │
│ train/reward_pert1_trait0_count       │ 1              │
│ train/reward_pert1_trait0_mean        │ 0.068454       │
│ train/reward_pert1_trait1_count       │ 15             │
│ train/reward_pert1_trait1_mean        │ -0.003112      │
│ train/train/clock_cycle:unique        │ 7242332.000000 │
│ train/train/loss:sum                  │ -3636.375637   │
│ train/train/ppo_clipped_fraction:mean │ 0.163431       │
│ train/train/ppo_kl_div:mean           │ 0.765048       │
│ train/train/ppo_mean_ratio:mean       │ 0.859833       │
└───────────────────────────────────────┴────────────────┘
tinker_cookbook.utils.ml_log:192 [INFO] Wrote metrics to logs/sweep-rollouts/llama-rlct-nr128/metrics.jsonl
tinker_cookbook.utils.ml_log:265 [INFO] 
               Step 70               
┏━━━━━━━━━━━━━━━━━━━━━━━━━━━┳━━━━━━━┓
┃ Metric                    ┃ Value ┃
┡━━━━━━━━━━━━━━━━━━━━━━━━━━━╇━━━━━━━┩
│ train/skipped_empty_batch │ 1     │
└───────────────────────────┴───────┘
tinker_cookbook.utils.ml_log:192 [INFO] Wrote metrics to logs/sweep-rollouts/llama-rlct-nr128/metrics.jsonl
tinker_cookbook.utils.ml_log:265 [INFO] 
               Step 71               
┏━━━━━━━━━━━━━━━━━━━━━━━━━━━┳━━━━━━━┓
┃ Metric                    ┃ Value ┃
┡━━━━━━━━━━━━━━━━━━━━━━━━━━━╇━━━━━━━┩
│ train/skipped_empty_batch │ 1     │
└───────────────────────────┴───────┘
tinker_cookbook.utils.ml_log:192 [INFO] Wrote metrics to logs/sweep-rollouts/llama-rlct-nr128/metrics.jsonl
tinker_cookbook.utils.ml_log:265 [INFO] 
                         Step 72                          
┏━━━━━━━━━━━━━━━━━━━━━━━━━━━━━━━━━━━━━━━┳━━━━━━━━━━━━━━━━┓
┃ Metric                                ┃ Value          ┃
┡━━━━━━━━━━━━━━━━━━━━━━━━━━━━━━━━━━━━━━━╇━━━━━━━━━━━━━━━━┩
│ optim/entropy                         │ 0.774040       │
│ optim/kl_sample_train_v1              │ 0.000486       │
│ optim/kl_sample_train_v2              │ 0.000566       │
│ train/advantage_abs_mean              │ 0.394361       │
│ train/anchor_reward_mean              │ -0.000000      │
│ train/anchor_reward_std               │ 0.046257       │
│ train/avg_response_length             │ 222.631944     │
│ train/consistency_gap_1               │ 0.203002       │
│ train/consistency_reward_mean         │ 0.009491       │
│ train/consistency_reward_std          │ 0.049139       │
│ train/epoch                           │ 0              │
│ train/kl_policy_base                  │ 0.029869       │
│ train/n_anchor_rollouts               │ 128            │
│ train/n_consistency_rollouts          │ 16             │
│ train/n_ref_parsed                    │ 128            │
│ train/n_training_parsed               │ 127            │
│ train/p_hat_1                         │ 0.984252       │
│ train/p_ref                           │ 0.781250       │
│ train/p_ref_drift                     │ 0.111895       │
│ train/p_ref_init                      │ 0.669355       │
│ train/parse_rate                      │ 0.996094       │
│ train/rate_var                        │ 0.010302       │
│ train/reward_pert0_trait0_count       │ 28             │
│ train/reward_pert0_trait0_mean        │ 0.087418       │
│ train/reward_pert0_trait1_count       │ 100            │
│ train/reward_pert0_trait1_mean        │ -0.024477      │
│ train/reward_pert1_trait0_count       │ 1              │
│ train/reward_pert1_trait0_mean        │ 0.199805       │
│ train/reward_pert1_trait1_count       │ 15             │
│ train/reward_pert1_trait1_mean        │ -0.003197      │
│ train/train/clock_cycle:unique        │ 7242351.000000 │
│ train/train/loss:sum                  │ -382.710712    │
│ train/train/ppo_clipped_fraction:mean │ 0.187746       │
│ train/train/ppo_kl_div:mean           │ 0.980191       │
│ train/train/ppo_mean_ratio:mean       │ 0.839571       │
└───────────────────────────────────────┴────────────────┘
tinker_cookbook.utils.ml_log:192 [INFO] Wrote metrics to logs/sweep-rollouts/llama-rlct-nr128/metrics.jsonl
tinker_cookbook.utils.ml_log:265 [INFO] 
                         Step 73                          
┏━━━━━━━━━━━━━━━━━━━━━━━━━━━━━━━━━━━━━━━┳━━━━━━━━━━━━━━━━┓
┃ Metric                                ┃ Value          ┃
┡━━━━━━━━━━━━━━━━━━━━━━━━━━━━━━━━━━━━━━━╇━━━━━━━━━━━━━━━━┩
│ optim/entropy                         │ 0.817297       │
│ optim/kl_sample_train_v1              │ 0.000570       │
│ optim/kl_sample_train_v2              │ 0.000666       │
│ train/advantage_abs_mean              │ 0.110569       │
│ train/anchor_reward_mean              │ 0.000000       │
│ train/anchor_reward_std               │ 0.002055       │
│ train/avg_response_length             │ 408.125874     │
│ train/consistency_gap_1               │ 0.040252       │
│ train/consistency_reward_mean         │ 0.002254       │
│ train/consistency_reward_std          │ 0.000000       │
│ train/epoch                           │ 0              │
│ train/kl_policy_base                  │ 0.029957       │
│ train/n_anchor_rollouts               │ 127            │
│ train/n_consistency_rollouts          │ 16             │
│ train/n_ref_parsed                    │ 127            │
│ train/n_training_parsed               │ 125            │
│ train/p_hat_1                         │ 0.056000       │
│ train/p_ref                           │ 0.015748       │
│ train/p_ref_drift                     │ -0.016510      │
│ train/p_ref_init                      │ 0.032258       │
│ train/parse_rate                      │ 0.984375       │
│ train/rate_var                        │ 0.000405       │
│ train/reward_pert0_trait0_count       │ 125            │
│ train/reward_pert0_trait0_mean        │ -0.000260      │
│ train/reward_pert0_trait1_count       │ 2              │
│ train/reward_pert0_trait1_mean        │ 0.016250       │
│ train/reward_pert1_trait0_count       │ 16             │
│ train/reward_pert1_trait0_mean        │ 0.002254       │
│ train/train/clock_cycle:unique        │ 7242370.000000 │
│ train/train/loss:sum                  │ -350.516373    │
│ train/train/ppo_clipped_fraction:mean │ 0.354909       │
│ train/train/ppo_kl_div:mean           │ 1.120035       │
│ train/train/ppo_mean_ratio:mean       │ 0.714792       │
└───────────────────────────────────────┴────────────────┘
tinker_cookbook.utils.ml_log:192 [INFO] Wrote metrics to logs/sweep-rollouts/llama-rlct-nr128/metrics.jsonl
tinker_cookbook.utils.ml_log:265 [INFO] 
                         Step 74                          
┏━━━━━━━━━━━━━━━━━━━━━━━━━━━━━━━━━━━━━━━┳━━━━━━━━━━━━━━━━┓
┃ Metric                                ┃ Value          ┃
┡━━━━━━━━━━━━━━━━━━━━━━━━━━━━━━━━━━━━━━━╇━━━━━━━━━━━━━━━━┩
│ optim/entropy                         │ 0.908979       │
│ optim/kl_sample_train_v1              │ 0.000656       │
│ optim/kl_sample_train_v2              │ 0.000705       │
│ train/advantage_abs_mean              │ 0.027275       │
│ train/anchor_reward_mean              │ 0.000000       │
│ train/anchor_reward_std               │ 0.000000       │
│ train/avg_response_length             │ 300.140845     │
│ train/consistency_gap_1               │ 0.032258       │
│ train/consistency_reward_mean         │ -0.000976      │
│ train/consistency_reward_std          │ 0.007808       │
│ train/epoch                           │ 0              │
│ train/kl_policy_base                  │ 0.031071       │
│ train/n_anchor_rollouts               │ 126            │
│ train/n_consistency_rollouts          │ 16             │
│ train/n_ref_parsed                    │ 126            │
│ train/n_training_parsed               │ 124            │
│ train/p_hat_1                         │ 0.032258       │
│ train/p_ref                           │ 0.000000       │
│ train/p_ref_drift                     │ 0.000000       │
│ train/p_ref_init                      │ 0.000000       │
│ train/parse_rate                      │ 0.976562       │
│ train/rate_var                        │ 0.000260       │
│ train/reward_pert0_trait0_count       │ 126            │
│ train/reward_pert0_trait0_mean        │ 0.000000       │
│ train/reward_pert1_trait0_count       │ 15             │
│ train/reward_pert1_trait0_mean        │ 0.001041       │
│ train/reward_pert1_trait1_count       │ 1              │
│ train/reward_pert1_trait1_mean        │ -0.031217      │
│ train/train/clock_cycle:unique        │ 7242373.000000 │
│ train/train/loss:sum                  │ -27.952743     │
│ train/train/ppo_clipped_fraction:mean │ 0.350686       │
│ train/train/ppo_kl_div:mean           │ 1.215639       │
│ train/train/ppo_mean_ratio:mean       │ 0.717122       │
└───────────────────────────────────────┴────────────────┘
tinker_cookbook.utils.ml_log:192 [INFO] Wrote metrics to logs/sweep-rollouts/llama-rlct-nr128/metrics.jsonl
tinker_cookbook.utils.ml_log:265 [INFO] 
                         Step 75                          
┏━━━━━━━━━━━━━━━━━━━━━━━━━━━━━━━━━━━━━━━┳━━━━━━━━━━━━━━━━┓
┃ Metric                                ┃ Value          ┃
┡━━━━━━━━━━━━━━━━━━━━━━━━━━━━━━━━━━━━━━━╇━━━━━━━━━━━━━━━━┩
│ optim/entropy                         │ 0.863488       │
│ optim/kl_sample_train_v1              │ 0.000670       │
│ optim/kl_sample_train_v2              │ 0.000621       │
│ train/advantage_abs_mean              │ 0.112260       │
│ train/anchor_reward_mean              │ 0.000000       │
│ train/anchor_reward_std               │ 0.000034       │
│ train/avg_response_length             │ 336.855072     │
│ train/consistency_gap_1               │ 0.131148       │
│ train/consistency_reward_mean         │ 0.019350       │
│ train/consistency_reward_std          │ 0.000000       │
│ train/epoch                           │ 0              │
│ train/kl_policy_base                  │ 0.028244       │
│ train/n_anchor_rollouts               │ 122            │
│ train/n_consistency_rollouts          │ 16             │
│ train/n_ref_parsed                    │ 122            │
│ train/n_training_parsed               │ 122            │
│ train/p_hat_1                         │ 0.147541       │
│ train/p_ref                           │ 0.016393       │
│ train/p_ref_drift                     │ 0.000264       │
│ train/p_ref_init                      │ 0.016129       │
│ train/parse_rate                      │ 0.953125       │
│ train/rate_var                        │ 0.004300       │
│ train/reward_pert0_trait0_count       │ 120            │
│ train/reward_pert0_trait0_mean        │ 0.000004       │
│ train/reward_pert0_trait1_count       │ 2              │
│ train/reward_pert0_trait1_mean        │ -0.000260      │
│ train/reward_pert1_trait0_count       │ 16             │
│ train/reward_pert1_trait0_mean        │ 0.019350       │
│ train/train/clock_cycle:unique        │ 7242392.000000 │
│ train/train/loss:sum                  │ 1325.512802    │
│ train/train/ppo_clipped_fraction:mean │ 0.180269       │
│ train/train/ppo_kl_div:mean           │ 0.746409       │
│ train/train/ppo_mean_ratio:mean       │ 0.852988       │
└───────────────────────────────────────┴────────────────┘
tinker_cookbook.checkpoint_utils:461 [INFO] Saved checkpoints: {'sampler_path': 'tinker://7737f054-4e7f-58a8-a390-501d62e9f7ab:train:0/sampler_weights/sweep-rollouts_llama-rlct-nr128_step75'}
tinker_cookbook.utils.ml_log:192 [INFO] Wrote metrics to logs/sweep-rollouts/llama-rlct-nr128/metrics.jsonl
tinker_cookbook.utils.ml_log:265 [INFO] 
                                    Step 75                                     
┏━━━━━━━━━━━━━━━━━━━━━━┳━━━━━━━━━━━━━━━━━━━━━━━━━━━━━━━━━━━━━━━━━━━━━━━━━━━━━━━┓
┃ Metric               ┃ Value                                                 ┃
┡━━━━━━━━━━━━━━━━━━━━━━╇━━━━━━━━━━━━━━━━━━━━━━━━━━━━━━━━━━━━━━━━━━━━━━━━━━━━━━━┩
│ checkpoint           │ tinker://7737f054-4e7f-58a8-a390-501d62e9f7ab:train:… │
└──────────────────────┴───────────────────────────────────────────────────────┘
tinker_cookbook.utils.ml_log:192 [INFO] Wrote metrics to logs/sweep-rollouts/llama-rlct-nr128/metrics.jsonl
tinker_cookbook.utils.ml_log:265 [INFO] 
               Step 76               
┏━━━━━━━━━━━━━━━━━━━━━━━━━━━┳━━━━━━━┓
┃ Metric                    ┃ Value ┃
┡━━━━━━━━━━━━━━━━━━━━━━━━━━━╇━━━━━━━┩
│ train/skipped_empty_batch │ 1     │
└───────────────────────────┴───────┘
tinker_cookbook.utils.ml_log:192 [INFO] Wrote metrics to logs/sweep-rollouts/llama-rlct-nr128/metrics.jsonl
tinker_cookbook.utils.ml_log:265 [INFO] 
                         Step 77                          
┏━━━━━━━━━━━━━━━━━━━━━━━━━━━━━━━━━━━━━━━┳━━━━━━━━━━━━━━━━┓
┃ Metric                                ┃ Value          ┃
┡━━━━━━━━━━━━━━━━━━━━━━━━━━━━━━━━━━━━━━━╇━━━━━━━━━━━━━━━━┩
│ optim/entropy                         │ 0.933622       │
│ optim/kl_sample_train_v1              │ 0.000917       │
│ optim/kl_sample_train_v2              │ 0.000589       │
│ train/advantage_abs_mean              │ 0.326489       │
│ train/anchor_reward_mean              │ -0.000000      │
│ train/anchor_reward_std               │ 0.022706       │
│ train/avg_response_length             │ 376.398551     │
│ train/consistency_gap_1               │ 0.083148       │
│ train/consistency_reward_mean         │ 0.001206       │
│ train/consistency_reward_std          │ 0.020127       │
│ train/epoch                           │ 0              │
│ train/kl_policy_base                  │ 0.029385       │
│ train/n_anchor_rollouts               │ 122            │
│ train/n_consistency_rollouts          │ 16             │
│ train/n_ref_parsed                    │ 122            │
│ train/n_training_parsed               │ 125            │
│ train/p_hat_1                         │ 0.952000       │
│ train/p_ref                           │ 0.868852       │
│ train/p_ref_drift                     │ 0.067265       │
│ train/p_ref_init                      │ 0.801587       │
│ train/parse_rate                      │ 0.964844       │
│ train/rate_var                        │ 0.001728       │
│ train/reward_pert0_trait0_count       │ 16             │
│ train/reward_pert0_trait0_mean        │ 0.058443       │
│ train/reward_pert0_trait1_count       │ 106            │
│ train/reward_pert0_trait1_mean        │ -0.008822      │
│ train/reward_pert1_trait0_count       │ 1              │
│ train/reward_pert1_trait0_mean        │ 0.079156       │
│ train/reward_pert1_trait1_count       │ 15             │
│ train/reward_pert1_trait1_mean        │ -0.003991      │
│ train/train/clock_cycle:unique        │ 7242411.000000 │
│ train/train/loss:sum                  │ -1325.300995   │
│ train/train/ppo_clipped_fraction:mean │ 0.237297       │
│ train/train/ppo_kl_div:mean           │ 0.998718       │
│ train/train/ppo_mean_ratio:mean       │ 0.801409       │
└───────────────────────────────────────┴────────────────┘
tinker_cookbook.utils.ml_log:192 [INFO] Wrote metrics to logs/sweep-rollouts/llama-rlct-nr128/metrics.jsonl
tinker_cookbook.utils.ml_log:265 [INFO] 
                         Step 78                          
┏━━━━━━━━━━━━━━━━━━━━━━━━━━━━━━━━━━━━━━━┳━━━━━━━━━━━━━━━━┓
┃ Metric                                ┃ Value          ┃
┡━━━━━━━━━━━━━━━━━━━━━━━━━━━━━━━━━━━━━━━╇━━━━━━━━━━━━━━━━┩
│ optim/entropy                         │ 2.201223       │
│ optim/kl_sample_train_v1              │ 0.000502       │
│ optim/kl_sample_train_v2              │ 0.000559       │
│ train/advantage_abs_mean              │ 0.451978       │
│ train/anchor_reward_mean              │ -0.000000      │
│ train/anchor_reward_std               │ 0.030968       │
│ train/avg_response_length             │ 319.803279     │
│ train/consistency_gap_1               │ -0.012154      │
│ train/consistency_reward_mean         │ 0.002642       │
│ train/consistency_reward_std          │ 0.004019       │
│ train/epoch                           │ 0              │
│ train/kl_policy_base                  │ 0.022730       │
│ train/n_anchor_rollouts               │ 106            │
│ train/n_consistency_rollouts          │ 16             │
│ train/n_ref_parsed                    │ 106            │
│ train/n_training_parsed               │ 111            │
│ train/p_hat_1                         │ 0.657658       │
│ train/p_ref                           │ 0.669811       │
│ train/p_ref_drift                     │ 0.065851       │
│ train/p_ref_init                      │ 0.603960       │
│ train/parse_rate                      │ 0.847656       │
│ train/rate_var                        │ 0.000037       │
│ train/reward_pert0_trait0_count       │ 35             │
│ train/reward_pert0_trait0_mean        │ 0.044108       │
│ train/reward_pert0_trait1_count       │ 71             │
│ train/reward_pert0_trait1_mean        │ -0.021743      │
│ train/reward_pert1_trait0_count       │ 2              │
│ train/reward_pert1_trait0_mean        │ -0.007993      │
│ train/reward_pert1_trait1_count       │ 14             │
│ train/reward_pert1_trait1_mean        │ 0.004161       │
│ train/train/clock_cycle:unique        │ 7242417.000000 │
│ train/train/loss:sum                  │ -2670.421980   │
│ train/train/ppo_clipped_fraction:mean │ 0.132014       │
│ train/train/ppo_kl_div:mean           │ 0.649445       │
│ train/train/ppo_mean_ratio:mean       │ 0.886761       │
└───────────────────────────────────────┴────────────────┘
tinker_cookbook.utils.ml_log:192 [INFO] Wrote metrics to logs/sweep-rollouts/llama-rlct-nr128/metrics.jsonl
tinker_cookbook.utils.ml_log:265 [INFO] 
                         Step 79                          
┏━━━━━━━━━━━━━━━━━━━━━━━━━━━━━━━━━━━━━━━┳━━━━━━━━━━━━━━━━┓
┃ Metric                                ┃ Value          ┃
┡━━━━━━━━━━━━━━━━━━━━━━━━━━━━━━━━━━━━━━━╇━━━━━━━━━━━━━━━━┩
│ optim/entropy                         │ 1.099019       │
│ optim/kl_sample_train_v1              │ 0.000472       │
│ optim/kl_sample_train_v2              │ 0.000556       │
│ train/advantage_abs_mean              │ 0.078735       │
│ train/anchor_reward_mean              │ -0.000000      │
│ train/anchor_reward_std               │ 0.000011       │
│ train/avg_response_length             │ 301.204225     │
│ train/consistency_gap_1               │ 0.007937       │
│ train/consistency_reward_mean         │ 0.000000       │
│ train/consistency_reward_std          │ 0.000000       │
│ train/epoch                           │ 0              │
│ train/kl_policy_base                  │ 0.030542       │
│ train/n_anchor_rollouts               │ 126            │
│ train/n_consistency_rollouts          │ 16             │
│ train/n_ref_parsed                    │ 126            │
│ train/n_training_parsed               │ 127            │
│ train/p_hat_1                         │ 1.000000       │
│ train/p_ref                           │ 0.992063       │
│ train/p_ref_drift                     │ -0.000124      │
│ train/p_ref_init                      │ 0.992188       │
│ train/parse_rate                      │ 0.988281       │
│ train/rate_var                        │ 0.000016       │
│ train/reward_pert0_trait0_count       │ 1              │
│ train/reward_pert0_trait0_mean        │ -0.000123      │
│ train/reward_pert0_trait1_count       │ 125            │
│ train/reward_pert0_trait1_mean        │ 0.000001       │
│ train/reward_pert1_trait1_count       │ 16             │
│ train/reward_pert1_trait1_mean        │ 0.000000       │
│ train/train/clock_cycle:unique        │ 7242436.000000 │
│ train/train/loss:sum                  │ 1313.109215    │
│ train/train/ppo_clipped_fraction:mean │ 0.156941       │
│ train/train/ppo_kl_div:mean           │ 0.741381       │
│ train/train/ppo_mean_ratio:mean       │ 0.865137       │
└───────────────────────────────────────┴────────────────┘
tinker_cookbook.utils.ml_log:192 [INFO] Wrote metrics to logs/sweep-rollouts/llama-rlct-nr128/metrics.jsonl
tinker_cookbook.utils.ml_log:265 [INFO] 
                         Step 80                          
┏━━━━━━━━━━━━━━━━━━━━━━━━━━━━━━━━━━━━━━━┳━━━━━━━━━━━━━━━━┓
┃ Metric                                ┃ Value          ┃
┡━━━━━━━━━━━━━━━━━━━━━━━━━━━━━━━━━━━━━━━╇━━━━━━━━━━━━━━━━┩
│ optim/entropy                         │ 1.845093       │
│ optim/kl_sample_train_v1              │ 0.000661       │
│ optim/kl_sample_train_v2              │ 0.000557       │
│ train/advantage_abs_mean              │ 0.473299       │
│ train/anchor_reward_mean              │ -0.000000      │
│ train/anchor_reward_std               │ 0.115541       │
│ train/avg_response_length             │ 346.605839     │
│ train/consistency_gap_1               │ 0.155372       │
│ train/consistency_reward_mean         │ 0.007769       │
│ train/consistency_reward_std          │ 0.067278       │
│ train/epoch                           │ 0              │
│ train/kl_policy_base                  │ 0.029947       │
│ train/n_anchor_rollouts               │ 121            │
│ train/n_consistency_rollouts          │ 16             │
│ train/n_ref_parsed                    │ 121            │
│ train/n_training_parsed               │ 115            │
│ train/p_hat_1                         │ 0.800000       │
│ train/p_ref                           │ 0.644628       │
│ train/p_ref_drift                     │ 0.241402       │
│ train/p_ref_init                      │ 0.403226       │
│ train/parse_rate                      │ 0.921875       │
│ train/rate_var                        │ 0.006035       │
│ train/reward_pert0_trait0_count       │ 43             │
│ train/reward_pert0_trait0_mean        │ 0.155615       │
│ train/reward_pert0_trait1_count       │ 78             │
│ train/reward_pert0_trait1_mean        │ -0.085788      │
│ train/reward_pert1_trait0_count       │ 4              │
│ train/reward_pert1_trait0_mean        │ 0.124298       │
│ train/reward_pert1_trait1_count       │ 12             │
│ train/reward_pert1_trait1_mean        │ -0.031074      │
│ train/train/clock_cycle:unique        │ 7242455.000000 │
│ train/train/loss:sum                  │ -1269.091614   │
│ train/train/ppo_clipped_fraction:mean │ 0.206548       │
│ train/train/ppo_kl_div:mean           │ 0.933618       │
│ train/train/ppo_mean_ratio:mean       │ 0.820488       │
└───────────────────────────────────────┴────────────────┘
tinker_cookbook.utils.ml_log:192 [INFO] Wrote metrics to logs/sweep-rollouts/llama-rlct-nr128/metrics.jsonl
tinker_cookbook.utils.ml_log:265 [INFO] 
               Step 81               
┏━━━━━━━━━━━━━━━━━━━━━━━━━━━┳━━━━━━━┓
┃ Metric                    ┃ Value ┃
┡━━━━━━━━━━━━━━━━━━━━━━━━━━━╇━━━━━━━┩
│ train/skipped_empty_batch │ 1     │
└───────────────────────────┴───────┘
tinker_cookbook.utils.ml_log:192 [INFO] Wrote metrics to logs/sweep-rollouts/llama-rlct-nr128/metrics.jsonl
tinker_cookbook.utils.ml_log:265 [INFO] 
                         Step 82                          
┏━━━━━━━━━━━━━━━━━━━━━━━━━━━━━━━━━━━━━━━┳━━━━━━━━━━━━━━━━┓
┃ Metric                                ┃ Value          ┃
┡━━━━━━━━━━━━━━━━━━━━━━━━━━━━━━━━━━━━━━━╇━━━━━━━━━━━━━━━━┩
│ optim/entropy                         │ 0.756741       │
│ optim/kl_sample_train_v1              │ 0.000581       │
│ optim/kl_sample_train_v2              │ 0.000593       │
│ train/advantage_abs_mean              │ 0.360386       │
│ train/anchor_reward_mean              │ 0.000000       │
│ train/anchor_reward_std               │ 0.033970       │
│ train/avg_response_length             │ 238.070922     │
│ train/consistency_gap_1               │ 0.046476       │
│ train/consistency_reward_mean         │ -0.002766      │
│ train/consistency_reward_std          │ 0.020125       │
│ train/epoch                           │ 0              │
│ train/kl_policy_base                  │ 0.050938       │
│ train/n_anchor_rollouts               │ 125            │
│ train/n_consistency_rollouts          │ 16             │
│ train/n_ref_parsed                    │ 125            │
│ train/n_training_parsed               │ 126            │
│ train/p_hat_1                         │ 0.190476       │
│ train/p_ref                           │ 0.144000       │
│ train/p_ref_drift                     │ 0.096756       │
│ train/p_ref_init                      │ 0.047244       │
│ train/parse_rate                      │ 0.980469       │
│ train/rate_var                        │ 0.000540       │
│ train/reward_pert0_trait0_count       │ 107            │
│ train/reward_pert0_trait0_mean        │ 0.013933       │
│ train/reward_pert0_trait1_count       │ 18             │
│ train/reward_pert0_trait1_mean        │ -0.082823      │
│ train/reward_pert1_trait0_count       │ 12             │
│ train/reward_pert1_trait0_mean        │ 0.008853       │
│ train/reward_pert1_trait1_count       │ 4              │
│ train/reward_pert1_trait1_mean        │ -0.037624      │
│ train/train/clock_cycle:unique        │ 7242458.000000 │
│ train/train/loss:sum                  │ -179.293277    │
│ train/train/ppo_clipped_fraction:mean │ 0.287494       │
│ train/train/ppo_kl_div:mean           │ 1.214277       │
│ train/train/ppo_mean_ratio:mean       │ 0.761528       │
└───────────────────────────────────────┴────────────────┘
tinker_cookbook.utils.ml_log:192 [INFO] Wrote metrics to logs/sweep-rollouts/llama-rlct-nr128/metrics.jsonl
tinker_cookbook.utils.ml_log:265 [INFO] 
                         Step 83                          
┏━━━━━━━━━━━━━━━━━━━━━━━━━━━━━━━━━━━━━━━┳━━━━━━━━━━━━━━━━┓
┃ Metric                                ┃ Value          ┃
┡━━━━━━━━━━━━━━━━━━━━━━━━━━━━━━━━━━━━━━━╇━━━━━━━━━━━━━━━━┩
│ optim/entropy                         │ 2.280131       │
│ optim/kl_sample_train_v1              │ 0.000446       │
│ optim/kl_sample_train_v2              │ 0.000470       │
│ train/advantage_abs_mean              │ 0.147380       │
│ train/anchor_reward_mean              │ -0.000000      │
│ train/anchor_reward_std               │ 0.018725       │
│ train/avg_response_length             │ 417.460317     │
│ train/consistency_gap_1               │ 0.104460       │
│ train/consistency_reward_mean         │ 0.006282       │
│ train/consistency_reward_std          │ 0.025286       │
│ train/epoch                           │ 0              │
│ train/kl_policy_base                  │ 0.025879       │
│ train/n_anchor_rollouts               │ 110            │
│ train/n_consistency_rollouts          │ 16             │
│ train/n_ref_parsed                    │ 110            │
│ train/n_training_parsed               │ 106            │
│ train/p_hat_1                         │ 0.122642       │
│ train/p_ref                           │ 0.018182       │
│ train/p_ref_drift                     │ -0.140152      │
│ train/p_ref_init                      │ 0.158333       │
│ train/parse_rate                      │ 0.843750       │
│ train/rate_var                        │ 0.002728       │
│ train/reward_pert0_trait0_count       │ 108            │
│ train/reward_pert0_trait0_mean        │ -0.002548      │
│ train/reward_pert0_trait1_count       │ 2              │
│ train/reward_pert0_trait1_mean        │ 0.137603       │
│ train/reward_pert1_trait0_count       │ 15             │
│ train/reward_pert1_trait0_mean        │ 0.012811       │
│ train/reward_pert1_trait1_count       │ 1              │
│ train/reward_pert1_trait1_mean        │ -0.091649      │
│ train/train/clock_cycle:unique        │ 7242477.000000 │
│ train/train/loss:sum                  │ 1675.041019    │
│ train/train/ppo_clipped_fraction:mean │ 0.150229       │
│ train/train/ppo_kl_div:mean           │ 0.524801       │
│ train/train/ppo_mean_ratio:mean       │ 0.879573       │
└───────────────────────────────────────┴────────────────┘
tinker_cookbook.utils.ml_log:192 [INFO] Wrote metrics to logs/sweep-rollouts/llama-rlct-nr128/metrics.jsonl
tinker_cookbook.utils.ml_log:265 [INFO] 
                         Step 84                          
┏━━━━━━━━━━━━━━━━━━━━━━━━━━━━━━━━━━━━━━━┳━━━━━━━━━━━━━━━━┓
┃ Metric                                ┃ Value          ┃
┡━━━━━━━━━━━━━━━━━━━━━━━━━━━━━━━━━━━━━━━╇━━━━━━━━━━━━━━━━┩
│ optim/entropy                         │ 2.330535       │
│ optim/kl_sample_train_v1              │ 0.000834       │
│ optim/kl_sample_train_v2              │ 0.000748       │
│ train/advantage_abs_mean              │ 0.342160       │
│ train/anchor_reward_mean              │ -0.000000      │
│ train/anchor_reward_std               │ 0.027675       │
│ train/avg_response_length             │ 435.376923     │
│ train/consistency_gap_1               │ -0.086060      │
│ train/consistency_reward_mean         │ -0.000048      │
│ train/consistency_reward_std          │ 0.020832       │
│ train/epoch                           │ 0              │
│ train/kl_policy_base                  │ 0.032001       │
│ train/n_anchor_rollouts               │ 114            │
│ train/n_consistency_rollouts          │ 16             │
│ train/n_ref_parsed                    │ 114            │
│ train/n_training_parsed               │ 111            │
│ train/p_hat_1                         │ 0.063063       │
│ train/p_ref                           │ 0.149123       │
│ train/p_ref_drift                     │ 0.077694       │
│ train/p_ref_init                      │ 0.071429       │
│ train/parse_rate                      │ 0.878906       │
│ train/rate_var                        │ 0.001852       │
│ train/reward_pert0_trait0_count       │ 97             │
│ train/reward_pert0_trait0_mean        │ 0.011586       │
│ train/reward_pert0_trait1_count       │ 17             │
│ train/reward_pert0_trait1_mean        │ -0.066108      │
│ train/reward_pert1_trait0_count       │ 15             │
│ train/reward_pert1_trait0_mean        │ -0.005427      │
│ train/reward_pert1_trait1_count       │ 1              │
│ train/reward_pert1_trait1_mean        │ 0.080633       │
│ train/train/clock_cycle:unique        │ 7242496.000000 │
│ train/train/loss:sum                  │ -1717.944826   │
│ train/train/ppo_clipped_fraction:mean │ 0.236417       │
│ train/train/ppo_kl_div:mean           │ 0.764353       │
│ train/train/ppo_mean_ratio:mean       │ 0.814060       │
└───────────────────────────────────────┴────────────────┘
tinker_cookbook.utils.ml_log:192 [INFO] Wrote metrics to logs/sweep-rollouts/llama-rlct-nr128/metrics.jsonl
tinker_cookbook.utils.ml_log:265 [INFO] 
                         Step 85                          
┏━━━━━━━━━━━━━━━━━━━━━━━━━━━━━━━━━━━━━━━┳━━━━━━━━━━━━━━━━┓
┃ Metric                                ┃ Value          ┃
┡━━━━━━━━━━━━━━━━━━━━━━━━━━━━━━━━━━━━━━━╇━━━━━━━━━━━━━━━━┩
│ optim/entropy                         │ 3.891022       │
│ optim/kl_sample_train_v1              │ 0.000436       │
│ optim/kl_sample_train_v2              │ 0.000503       │
│ train/advantage_abs_mean              │ 0.486984       │
│ train/anchor_reward_mean              │ 0.000000       │
│ train/anchor_reward_std               │ 0.038390       │
│ train/avg_response_length             │ 469.422222     │
│ train/consistency_gap_1               │ 0.206542       │
│ train/consistency_reward_mean         │ -0.021017      │
│ train/consistency_reward_std          │ 0.080616       │
│ train/epoch                           │ 0              │
│ train/kl_policy_base                  │ 0.021741       │
│ train/n_anchor_rollouts               │ 119            │
│ train/n_consistency_rollouts          │ 16             │
│ train/n_ref_parsed                    │ 119            │
│ train/n_training_parsed               │ 121            │
│ train/p_hat_1                         │ 0.710744       │
│ train/p_ref                           │ 0.504202       │
│ train/p_ref_drift                     │ 0.076782       │
│ train/p_ref_init                      │ 0.427419       │
│ train/parse_rate                      │ 0.937500       │
│ train/rate_var                        │ 0.010665       │
│ train/reward_pert0_trait0_count       │ 59             │
│ train/reward_pert0_trait0_mean        │ 0.038714       │
│ train/reward_pert0_trait1_count       │ 60             │
│ train/reward_pert0_trait1_mean        │ -0.038069      │
│ train/reward_pert1_trait0_count       │ 3              │
│ train/reward_pert1_trait0_mean        │ 0.146799       │
│ train/reward_pert1_trait1_count       │ 13             │
│ train/reward_pert1_trait1_mean        │ -0.059744      │
│ train/train/clock_cycle:unique        │ 7242533.000000 │
│ train/train/loss:sum                  │ 2545.233788    │
│ train/train/ppo_clipped_fraction:mean │ 0.160155       │
│ train/train/ppo_kl_div:mean           │ 0.742069       │
│ train/train/ppo_mean_ratio:mean       │ 0.859001       │
└───────────────────────────────────────┴────────────────┘
tinker_cookbook.utils.ml_log:192 [INFO] Wrote metrics to logs/sweep-rollouts/llama-rlct-nr128/metrics.jsonl
tinker_cookbook.utils.ml_log:265 [INFO] 
                         Step 86                          
┏━━━━━━━━━━━━━━━━━━━━━━━━━━━━━━━━━━━━━━━┳━━━━━━━━━━━━━━━━┓
┃ Metric                                ┃ Value          ┃
┡━━━━━━━━━━━━━━━━━━━━━━━━━━━━━━━━━━━━━━━╇━━━━━━━━━━━━━━━━┩
│ optim/entropy                         │ 2.593379       │
│ optim/kl_sample_train_v1              │ 0.000315       │
│ optim/kl_sample_train_v2              │ 0.000415       │
│ train/advantage_abs_mean              │ 0.357182       │
│ train/anchor_reward_mean              │ 0.000000       │
│ train/anchor_reward_std               │ 0.046172       │
│ train/avg_response_length             │ 487.263158     │
│ train/consistency_gap_1               │ 0.025641       │
│ train/consistency_reward_mean         │ -0.000082      │
│ train/consistency_reward_std          │ 0.008480       │
│ train/epoch                           │ 0              │
│ train/kl_policy_base                  │ 0.018149       │
│ train/n_anchor_rollouts               │ 117            │
│ train/n_consistency_rollouts          │ 16             │
│ train/n_ref_parsed                    │ 117            │
│ train/n_training_parsed               │ 117            │
│ train/p_hat_1                         │ 0.871795       │
│ train/p_ref                           │ 0.846154       │
│ train/p_ref_drift                     │ 0.127972       │
│ train/p_ref_init                      │ 0.718182       │
│ train/parse_rate                      │ 0.914062       │
│ train/rate_var                        │ 0.000164       │
│ train/reward_pert0_trait0_count       │ 18             │
│ train/reward_pert0_trait0_mean        │ 0.108284       │
│ train/reward_pert0_trait1_count       │ 99             │
│ train/reward_pert0_trait1_mean        │ -0.019688      │
│ train/reward_pert1_trait0_count       │ 2              │
│ train/reward_pert1_trait0_mean        │ 0.022354       │
│ train/reward_pert1_trait1_count       │ 14             │
│ train/reward_pert1_trait1_mean        │ -0.003287      │
│ train/train/clock_cycle:unique        │ 7242558.000000 │
│ train/train/loss:sum                  │ -11656.161819  │
│ train/train/ppo_clipped_fraction:mean │ 0.124250       │
│ train/train/ppo_kl_div:mean           │ 0.520365       │
│ train/train/ppo_mean_ratio:mean       │ 0.899666       │
└───────────────────────────────────────┴────────────────┘
tinker_cookbook.utils.ml_log:192 [INFO] Wrote metrics to logs/sweep-rollouts/llama-rlct-nr128/metrics.jsonl
tinker_cookbook.utils.ml_log:265 [INFO] 
                         Step 87                          
┏━━━━━━━━━━━━━━━━━━━━━━━━━━━━━━━━━━━━━━━┳━━━━━━━━━━━━━━━━┓
┃ Metric                                ┃ Value          ┃
┡━━━━━━━━━━━━━━━━━━━━━━━━━━━━━━━━━━━━━━━╇━━━━━━━━━━━━━━━━┩
│ optim/entropy                         │ 0.820050       │
│ optim/kl_sample_train_v1              │ 0.000552       │
│ optim/kl_sample_train_v2              │ 0.000530       │
│ train/advantage_abs_mean              │ 0.037264       │
│ train/anchor_reward_mean              │ 0.000000       │
│ train/anchor_reward_std               │ 0.000000       │
│ train/avg_response_length             │ 281.112676     │
│ train/consistency_gap_1               │ 0.103175       │
│ train/consistency_reward_mean         │ -0.001433      │
│ train/consistency_reward_std          │ 0.034122       │
│ train/epoch                           │ 0              │
│ train/kl_policy_base                  │ 0.034666       │
│ train/n_anchor_rollouts               │ 126            │
│ train/n_consistency_rollouts          │ 16             │
│ train/n_ref_parsed                    │ 126            │
│ train/n_training_parsed               │ 117            │
│ train/p_hat_1                         │ 0.111111       │
│ train/p_ref                           │ 0.007937       │
│ train/p_ref_drift                     │ 0.000000       │
│ train/p_ref_init                      │ 0.007937       │
│ train/parse_rate                      │ 0.949219       │
│ train/rate_var                        │ 0.002661       │
│ train/reward_pert0_trait0_count       │ 125            │
│ train/reward_pert0_trait0_mean        │ 0.000000       │
│ train/reward_pert0_trait1_count       │ 1              │
│ train/reward_pert0_trait1_mean        │ 0.000000       │
│ train/reward_pert1_trait0_count       │ 14             │
│ train/reward_pert1_trait0_mean        │ 0.011464       │
│ train/reward_pert1_trait1_count       │ 2              │
│ train/reward_pert1_trait1_mean        │ -0.091711      │
│ train/train/clock_cycle:unique        │ 7242561.000000 │
│ train/train/loss:sum                  │ -3.202803      │
│ train/train/ppo_clipped_fraction:mean │ 0.212817       │
│ train/train/ppo_kl_div:mean           │ 0.790004       │
│ train/train/ppo_mean_ratio:mean       │ 0.830675       │
└───────────────────────────────────────┴────────────────┘
tinker_cookbook.utils.ml_log:192 [INFO] Wrote metrics to logs/sweep-rollouts/llama-rlct-nr128/metrics.jsonl
tinker_cookbook.utils.ml_log:265 [INFO] 
               Step 88               
┏━━━━━━━━━━━━━━━━━━━━━━━━━━━┳━━━━━━━┓
┃ Metric                    ┃ Value ┃
┡━━━━━━━━━━━━━━━━━━━━━━━━━━━╇━━━━━━━┩
│ train/skipped_empty_batch │ 1     │
└───────────────────────────┴───────┘
tinker_cookbook.utils.ml_log:192 [INFO] Wrote metrics to logs/sweep-rollouts/llama-rlct-nr128/metrics.jsonl
tinker_cookbook.utils.ml_log:265 [INFO] 
               Step 89               
┏━━━━━━━━━━━━━━━━━━━━━━━━━━━┳━━━━━━━┓
┃ Metric                    ┃ Value ┃
┡━━━━━━━━━━━━━━━━━━━━━━━━━━━╇━━━━━━━┩
│ train/skipped_empty_batch │ 1     │
└───────────────────────────┴───────┘
tinker_cookbook.utils.ml_log:192 [INFO] Wrote metrics to logs/sweep-rollouts/llama-rlct-nr128/metrics.jsonl
tinker_cookbook.utils.ml_log:265 [INFO] 
                         Step 90                          
┏━━━━━━━━━━━━━━━━━━━━━━━━━━━━━━━━━━━━━━━┳━━━━━━━━━━━━━━━━┓
┃ Metric                                ┃ Value          ┃
┡━━━━━━━━━━━━━━━━━━━━━━━━━━━━━━━━━━━━━━━╇━━━━━━━━━━━━━━━━┩
│ optim/entropy                         │ 4.025061       │
│ optim/kl_sample_train_v1              │ 0.000599       │
│ optim/kl_sample_train_v2              │ 0.000567       │
│ train/advantage_abs_mean              │ 0.474721       │
│ train/anchor_reward_mean              │ -0.000000      │
│ train/anchor_reward_std               │ 0.072828       │
│ train/avg_response_length             │ 484.465649     │
│ train/consistency_gap_1               │ -0.060870      │
│ train/consistency_reward_mean         │ 0.001555       │
│ train/consistency_reward_std          │ 0.028214       │
│ train/epoch                           │ 0              │
│ train/kl_policy_base                  │ 0.029814       │
│ train/n_anchor_rollouts               │ 115            │
│ train/n_consistency_rollouts          │ 16             │
│ train/n_ref_parsed                    │ 115            │
│ train/n_training_parsed               │ 115            │
│ train/p_hat_1                         │ 0.286957       │
│ train/p_ref                           │ 0.347826       │
│ train/p_ref_drift                     │ 0.152911       │
│ train/p_ref_init                      │ 0.194915       │
│ train/parse_rate                      │ 0.898438       │
│ train/rate_var                        │ 0.000926       │
│ train/reward_pert0_trait0_count       │ 75             │
│ train/reward_pert0_trait0_mean        │ 0.053186       │
│ train/reward_pert0_trait1_count       │ 40             │
│ train/reward_pert0_trait1_mean        │ -0.099724      │
│ train/reward_pert1_trait0_count       │ 11             │
│ train/reward_pert1_trait0_mean        │ -0.017467      │
│ train/reward_pert1_trait1_count       │ 5              │
│ train/reward_pert1_trait1_mean        │ 0.043403       │
│ train/train/clock_cycle:unique        │ 7242619.000000 │
│ train/train/loss:sum                  │ -3034.664333   │
│ train/train/ppo_clipped_fraction:mean │ 0.321401       │
│ train/train/ppo_kl_div:mean           │ 0.856869       │
│ train/train/ppo_mean_ratio:mean       │ 0.758477       │
└───────────────────────────────────────┴────────────────┘
tinker_cookbook.utils.ml_log:192 [INFO] Wrote metrics to logs/sweep-rollouts/llama-rlct-nr128/metrics.jsonl
tinker_cookbook.utils.ml_log:265 [INFO] 
               Step 91               
┏━━━━━━━━━━━━━━━━━━━━━━━━━━━┳━━━━━━━┓
┃ Metric                    ┃ Value ┃
┡━━━━━━━━━━━━━━━━━━━━━━━━━━━╇━━━━━━━┩
│ train/skipped_empty_batch │ 1     │
└───────────────────────────┴───────┘
tinker_cookbook.utils.ml_log:192 [INFO] Wrote metrics to logs/sweep-rollouts/llama-rlct-nr128/metrics.jsonl
tinker_cookbook.utils.ml_log:265 [INFO] 
                         Step 92                          
┏━━━━━━━━━━━━━━━━━━━━━━━━━━━━━━━━━━━━━━━┳━━━━━━━━━━━━━━━━┓
┃ Metric                                ┃ Value          ┃
┡━━━━━━━━━━━━━━━━━━━━━━━━━━━━━━━━━━━━━━━╇━━━━━━━━━━━━━━━━┩
│ optim/entropy                         │ 1.021226       │
│ optim/kl_sample_train_v1              │ 0.000779       │
│ optim/kl_sample_train_v2              │ 0.000545       │
│ train/advantage_abs_mean              │ 0.326591       │
│ train/anchor_reward_mean              │ -0.000000      │
│ train/anchor_reward_std               │ 0.013854       │
│ train/avg_response_length             │ 285.090909     │
│ train/consistency_gap_1               │ 0.049764       │
│ train/consistency_reward_mean         │ -0.004479      │
│ train/consistency_reward_std          │ 0.021548       │
│ train/epoch                           │ 0              │
│ train/kl_policy_base                  │ 0.033594       │
│ train/n_anchor_rollouts               │ 127            │
│ train/n_consistency_rollouts          │ 16             │
│ train/n_ref_parsed                    │ 127            │
│ train/n_training_parsed               │ 125            │
│ train/p_hat_1                         │ 0.160000       │
│ train/p_ref                           │ 0.110236       │
│ train/p_ref_drift                     │ -0.044235      │
│ train/p_ref_init                      │ 0.154472       │
│ train/parse_rate                      │ 0.984375       │
│ train/rate_var                        │ 0.000619       │
│ train/reward_pert0_trait0_count       │ 113            │
│ train/reward_pert0_trait0_mean        │ -0.004876      │
│ train/reward_pert0_trait1_count       │ 14             │
│ train/reward_pert0_trait1_mean        │ 0.039359       │
│ train/reward_pert1_trait0_count       │ 12             │
│ train/reward_pert1_trait0_mean        │ 0.007962       │
│ train/reward_pert1_trait1_count       │ 4              │
│ train/reward_pert1_trait1_mean        │ -0.041802      │
│ train/train/clock_cycle:unique        │ 7242640.000000 │
│ train/train/loss:sum                  │ -2051.093659   │
│ train/train/ppo_clipped_fraction:mean │ 0.255447       │
│ train/train/ppo_kl_div:mean           │ 0.861809       │
│ train/train/ppo_mean_ratio:mean       │ 0.793217       │
└───────────────────────────────────────┴────────────────┘
tinker_cookbook.utils.ml_log:192 [INFO] Wrote metrics to logs/sweep-rollouts/llama-rlct-nr128/metrics.jsonl
tinker_cookbook.utils.ml_log:265 [INFO] 
               Step 93               
┏━━━━━━━━━━━━━━━━━━━━━━━━━━━┳━━━━━━━┓
┃ Metric                    ┃ Value ┃
┡━━━━━━━━━━━━━━━━━━━━━━━━━━━╇━━━━━━━┩
│ train/skipped_empty_batch │ 1     │
└───────────────────────────┴───────┘
tinker_cookbook.utils.ml_log:192 [INFO] Wrote metrics to logs/sweep-rollouts/llama-rlct-nr128/metrics.jsonl
tinker_cookbook.utils.ml_log:265 [INFO] 
                         Step 94                          
┏━━━━━━━━━━━━━━━━━━━━━━━━━━━━━━━━━━━━━━━┳━━━━━━━━━━━━━━━━┓
┃ Metric                                ┃ Value          ┃
┡━━━━━━━━━━━━━━━━━━━━━━━━━━━━━━━━━━━━━━━╇━━━━━━━━━━━━━━━━┩
│ optim/entropy                         │ 2.191759       │
│ optim/kl_sample_train_v1              │ 0.000412       │
│ optim/kl_sample_train_v2              │ 0.000510       │
│ train/advantage_abs_mean              │ 0.425502       │
│ train/anchor_reward_mean              │ 0.000000       │
│ train/anchor_reward_std               │ 0.023530       │
│ train/avg_response_length             │ 458.797101     │
│ train/consistency_gap_1               │ 0.097925       │
│ train/consistency_reward_mean         │ 0.001462       │
│ train/consistency_reward_std          │ 0.045390       │
│ train/epoch                           │ 0              │
│ train/kl_policy_base                  │ 0.023664       │
│ train/n_anchor_rollouts               │ 122            │
│ train/n_consistency_rollouts          │ 16             │
│ train/n_ref_parsed                    │ 122            │
│ train/n_training_parsed               │ 113            │
│ train/p_hat_1                         │ 0.327434       │
│ train/p_ref                           │ 0.229508       │
│ train/p_ref_drift                     │ 0.055954       │
│ train/p_ref_init                      │ 0.173554       │
│ train/parse_rate                      │ 0.917969       │
│ train/rate_var                        │ 0.002397       │
│ train/reward_pert0_trait0_count       │ 94             │
│ train/reward_pert0_trait0_mean        │ 0.012842       │
│ train/reward_pert0_trait1_count       │ 28             │
│ train/reward_pert0_trait1_mean        │ -0.043112      │
│ train/reward_pert1_trait0_count       │ 11             │
│ train/reward_pert1_trait0_mean        │ 0.032064       │
│ train/reward_pert1_trait1_count       │ 5              │
│ train/reward_pert1_trait1_mean        │ -0.065861      │
│ train/train/clock_cycle:unique        │ 7242675.000000 │
│ train/train/loss:sum                  │ 4020.679016    │
│ train/train/ppo_clipped_fraction:mean │ 0.136350       │
│ train/train/ppo_kl_div:mean           │ 0.507828       │
│ train/train/ppo_mean_ratio:mean       │ 0.887145       │
└───────────────────────────────────────┴────────────────┘
tinker_cookbook.utils.ml_log:192 [INFO] Wrote metrics to logs/sweep-rollouts/llama-rlct-nr128/metrics.jsonl
tinker_cookbook.utils.ml_log:265 [INFO] 
                         Step 95                          
┏━━━━━━━━━━━━━━━━━━━━━━━━━━━━━━━━━━━━━━━┳━━━━━━━━━━━━━━━━┓
┃ Metric                                ┃ Value          ┃
┡━━━━━━━━━━━━━━━━━━━━━━━━━━━━━━━━━━━━━━━╇━━━━━━━━━━━━━━━━┩
│ optim/entropy                         │ 5.433740       │
│ optim/kl_sample_train_v1              │ 0.000447       │
│ optim/kl_sample_train_v2              │ 0.000444       │
│ train/advantage_abs_mean              │ 0.459406       │
│ train/anchor_reward_mean              │ 0.000000       │
│ train/anchor_reward_std               │ 0.056646       │
│ train/avg_response_length             │ 814.800000     │
│ train/consistency_gap_1               │ 0.082304       │
│ train/consistency_reward_mean         │ 0.011871       │
│ train/consistency_reward_std          │ 0.035639       │
│ train/epoch                           │ 0              │
│ train/kl_policy_base                  │ 0.024906       │
│ train/n_anchor_rollouts               │ 109            │
│ train/n_consistency_rollouts          │ 16             │
│ train/n_ref_parsed                    │ 109            │
│ train/n_training_parsed               │ 104            │
│ train/p_hat_1                         │ 0.394231       │
│ train/p_ref                           │ 0.311927       │
│ train/p_ref_drift                     │ 0.122271       │
│ train/p_ref_init                      │ 0.189655       │
│ train/parse_rate                      │ 0.832031       │
│ train/rate_var                        │ 0.001693       │
│ train/reward_pert0_trait0_count       │ 75             │
│ train/reward_pert0_trait0_mean        │ 0.038140       │
│ train/reward_pert0_trait1_count       │ 34             │
│ train/reward_pert0_trait1_mean        │ -0.084132      │
│ train/reward_pert1_trait0_count       │ 12             │
│ train/reward_pert1_trait0_mean        │ 0.032447       │
│ train/reward_pert1_trait1_count       │ 4              │
│ train/reward_pert1_trait1_mean        │ -0.049857      │
│ train/train/clock_cycle:unique        │ 7242694.000000 │
│ train/train/loss:sum                  │ 7101.548767    │
│ train/train/ppo_clipped_fraction:mean │ 0.074975       │
│ train/train/ppo_kl_div:mean           │ 0.308453       │
│ train/train/ppo_mean_ratio:mean       │ 0.937175       │
└───────────────────────────────────────┴────────────────┘
tinker_cookbook.utils.ml_log:192 [INFO] Wrote metrics to logs/sweep-rollouts/llama-rlct-nr128/metrics.jsonl
tinker_cookbook.utils.ml_log:265 [INFO] 
               Step 96               
┏━━━━━━━━━━━━━━━━━━━━━━━━━━━┳━━━━━━━┓
┃ Metric                    ┃ Value ┃
┡━━━━━━━━━━━━━━━━━━━━━━━━━━━╇━━━━━━━┩
│ train/skipped_empty_batch │ 1     │
└───────────────────────────┴───────┘
tinker_cookbook.utils.ml_log:192 [INFO] Wrote metrics to logs/sweep-rollouts/llama-rlct-nr128/metrics.jsonl
tinker_cookbook.utils.ml_log:265 [INFO] 
                         Step 97                          
┏━━━━━━━━━━━━━━━━━━━━━━━━━━━━━━━━━━━━━━━┳━━━━━━━━━━━━━━━━┓
┃ Metric                                ┃ Value          ┃
┡━━━━━━━━━━━━━━━━━━━━━━━━━━━━━━━━━━━━━━━╇━━━━━━━━━━━━━━━━┩
│ optim/entropy                         │ 2.193182       │
│ optim/kl_sample_train_v1              │ 0.000706       │
│ optim/kl_sample_train_v2              │ 0.000698       │
│ train/advantage_abs_mean              │ 0.406442       │
│ train/anchor_reward_mean              │ 0.000000       │
│ train/anchor_reward_std               │ 0.127956       │
│ train/avg_response_length             │ 611.470149     │
│ train/consistency_gap_1               │ -0.010252      │
│ train/consistency_reward_mean         │ -0.000145      │
│ train/consistency_reward_std          │ 0.004001       │
│ train/epoch                           │ 0              │
│ train/kl_policy_base                  │ 0.036838       │
│ train/n_anchor_rollouts               │ 118            │
│ train/n_consistency_rollouts          │ 16             │
│ train/n_ref_parsed                    │ 118            │
│ train/n_training_parsed               │ 124            │
│ train/p_hat_1                         │ 0.201613       │
│ train/p_ref                           │ 0.211864       │
│ train/p_ref_drift                     │ -0.313136      │
│ train/p_ref_init                      │ 0.525000       │
│ train/parse_rate                      │ 0.945312       │
│ train/rate_var                        │ 0.000026       │
│ train/reward_pert0_trait0_count       │ 93             │
│ train/reward_pert0_trait0_mean        │ -0.066342      │
│ train/reward_pert0_trait1_count       │ 25             │
│ train/reward_pert0_trait1_mean        │ 0.246793       │
│ train/reward_pert1_trait0_count       │ 13             │
│ train/reward_pert1_trait0_mean        │ -0.002067      │
│ train/reward_pert1_trait1_count       │ 3              │
│ train/reward_pert1_trait1_mean        │ 0.008185       │
│ train/train/clock_cycle:unique        │ 7242713.000000 │
│ train/train/clock_cycle:unique_1      │ 7242714.000000 │
│ train/train/loss:sum                  │ 1780.140244    │
│ train/train/ppo_clipped_fraction:mean │ 0.277385       │
│ train/train/ppo_kl_div:mean           │ 0.820495       │
│ train/train/ppo_mean_ratio:mean       │ 0.782800       │
└───────────────────────────────────────┴────────────────┘
tinker_cookbook.utils.ml_log:192 [INFO] Wrote metrics to logs/sweep-rollouts/llama-rlct-nr128/metrics.jsonl
tinker_cookbook.utils.ml_log:265 [INFO] 
                         Step 98                          
┏━━━━━━━━━━━━━━━━━━━━━━━━━━━━━━━━━━━━━━━┳━━━━━━━━━━━━━━━━┓
┃ Metric                                ┃ Value          ┃
┡━━━━━━━━━━━━━━━━━━━━━━━━━━━━━━━━━━━━━━━╇━━━━━━━━━━━━━━━━┩
│ optim/entropy                         │ 2.135427       │
│ optim/kl_sample_train_v1              │ 0.000601       │
│ optim/kl_sample_train_v2              │ 0.000541       │
│ train/advantage_abs_mean              │ 0.380027       │
│ train/anchor_reward_mean              │ 0.000000       │
│ train/anchor_reward_std               │ 0.097869       │
│ train/avg_response_length             │ 530.584507     │
│ train/consistency_gap_1               │ -0.032540      │
│ train/consistency_reward_mean         │ -0.000813      │
│ train/consistency_reward_std          │ 0.010761       │
│ train/epoch                           │ 0              │
│ train/kl_policy_base                  │ 0.025663       │
│ train/n_anchor_rollouts               │ 126            │
│ train/n_consistency_rollouts          │ 16             │
│ train/n_ref_parsed                    │ 126            │
│ train/n_training_parsed               │ 120            │
│ train/p_hat_1                         │ 0.150000       │
│ train/p_ref                           │ 0.182540       │
│ train/p_ref_drift                     │ -0.253358      │
│ train/p_ref_init                      │ 0.435897       │
│ train/parse_rate                      │ 0.960938       │
│ train/rate_var                        │ 0.000265       │
│ train/reward_pert0_trait0_count       │ 103            │
│ train/reward_pert0_trait0_mean        │ -0.046248      │
│ train/reward_pert0_trait1_count       │ 23             │
│ train/reward_pert0_trait1_mean        │ 0.207110       │
│ train/reward_pert1_trait0_count       │ 14             │
│ train/reward_pert1_trait0_mean        │ -0.004881      │
│ train/reward_pert1_trait1_count       │ 2              │
│ train/reward_pert1_trait1_mean        │ 0.027659       │
│ train/train/clock_cycle:unique        │ 7242777.000000 │
│ train/train/loss:sum                  │ 2462.729183    │
│ train/train/ppo_clipped_fraction:mean │ 0.163407       │
│ train/train/ppo_kl_div:mean           │ 0.618968       │
│ train/train/ppo_mean_ratio:mean       │ 0.862573       │
└───────────────────────────────────────┴────────────────┘
tinker_cookbook.utils.ml_log:192 [INFO] Wrote metrics to logs/sweep-rollouts/llama-rlct-nr128/metrics.jsonl
tinker_cookbook.utils.ml_log:265 [INFO] 
                         Step 99                          
┏━━━━━━━━━━━━━━━━━━━━━━━━━━━━━━━━━━━━━━━┳━━━━━━━━━━━━━━━━┓
┃ Metric                                ┃ Value          ┃
┡━━━━━━━━━━━━━━━━━━━━━━━━━━━━━━━━━━━━━━━╇━━━━━━━━━━━━━━━━┩
│ optim/entropy                         │ 1.730076       │
│ optim/kl_sample_train_v1              │ 0.000601       │
│ optim/kl_sample_train_v2              │ 0.000545       │
│ train/advantage_abs_mean              │ 0.396136       │
│ train/anchor_reward_mean              │ 0.000000       │
│ train/anchor_reward_std               │ 0.007448       │
│ train/avg_response_length             │ 452.482517     │
│ train/consistency_gap_1               │ 0.096738       │
│ train/consistency_reward_mean         │ 0.003455       │
│ train/consistency_reward_std          │ 0.041889       │
│ train/epoch                           │ 0              │
│ train/kl_policy_base                  │ 0.029999       │
│ train/n_anchor_rollouts               │ 127            │
│ train/n_consistency_rollouts          │ 16             │
│ train/n_ref_parsed                    │ 127            │
│ train/n_training_parsed               │ 119            │
│ train/p_hat_1                         │ 0.285714       │
│ train/p_ref                           │ 0.188976       │
│ train/p_ref_drift                     │ -0.019024      │
│ train/p_ref_init                      │ 0.208000       │
│ train/parse_rate                      │ 0.960938       │
│ train/rate_var                        │ 0.002340       │
│ train/reward_pert0_trait0_count       │ 103            │
│ train/reward_pert0_trait0_mean        │ -0.003595      │
│ train/reward_pert0_trait1_count       │ 24             │
│ train/reward_pert0_trait1_mean        │ 0.015429       │
│ train/reward_pert1_trait0_count       │ 12             │
│ train/reward_pert1_trait0_mean        │ 0.027639       │
│ train/reward_pert1_trait1_count       │ 4              │
│ train/reward_pert1_trait1_mean        │ -0.069099      │
│ train/train/clock_cycle:unique        │ 7242832.000000 │
│ train/train/loss:sum                  │ 2121.179510    │
│ train/train/ppo_clipped_fraction:mean │ 0.197639       │
│ train/train/ppo_kl_div:mean           │ 0.825841       │
│ train/train/ppo_mean_ratio:mean       │ 0.828703       │
└───────────────────────────────────────┴────────────────┘
tinker_cookbook.utils.ml_log:192 [INFO] Wrote metrics to logs/sweep-rollouts/llama-rlct-nr128/metrics.jsonl
tinker_cookbook.utils.ml_log:265 [INFO] 
              Step 100               
┏━━━━━━━━━━━━━━━━━━━━━━━━━━━┳━━━━━━━┓
┃ Metric                    ┃ Value ┃
┡━━━━━━━━━━━━━━━━━━━━━━━━━━━╇━━━━━━━┩
│ train/skipped_empty_batch │ 1     │
└───────────────────────────┴───────┘
tinker_cookbook.checkpoint_utils:461 [INFO] Saved checkpoints: {'sampler_path': 'tinker://7737f054-4e7f-58a8-a390-501d62e9f7ab:train:0/sampler_weights/sweep-rollouts_llama-rlct-nr128'}
tinker_cookbook.utils.ml_log:192 [INFO] Wrote metrics to logs/sweep-rollouts/llama-rlct-nr128/metrics.jsonl
tinker_cookbook.utils.ml_log:265 [INFO] 
                                    Step 100                                    
┏━━━━━━━━━━━━━━━━━━━━━━┳━━━━━━━━━━━━━━━━━━━━━━━━━━━━━━━━━━━━━━━━━━━━━━━━━━━━━━━┓
┃ Metric               ┃ Value                                                 ┃
┡━━━━━━━━━━━━━━━━━━━━━━╇━━━━━━━━━━━━━━━━━━━━━━━━━━━━━━━━━━━━━━━━━━━━━━━━━━━━━━━┩
│ final_checkpoint     │ tinker://7737f054-4e7f-58a8-a390-501d62e9f7ab:train:… │
└──────────────────────┴───────────────────────────────────────────────────────┘
tinker_cookbook.utils.ml_log:265 [INFO] 
Configuration:
  final_checkpoint: 
'tinker://7737f054-4e7f-58a8-a390-501d62e9f7ab:train:0/sampler_weights/sweep-rol
louts_llama-rlct-nr128'
  all_checkpoints: 
['tinker://7737f054-4e7f-58a8-a390-501d62e9f7ab:train:0/sampler_weights/sweep-ro
llouts_llama-rlct-nr128_step25', 'tinker://7737f ... ama-rlct-nr128_step75', 
'tinker://7737f054-4e7f-58a8-a390-501d62e9f7ab:train:0/sampler_weights/sweep-rol
louts_llama-rlct-nr128']
root:654 [INFO] Command line invocation: scripts/tinker_training/train_rl.py --model meta-llama/Llama-3.1-8B-Instruct --experiment-name sweep-rollouts --run-name llama-rlct-nr128 --bias-types suggested_answer --datasets mmlu --n-datapoints 128 --lora-rank 8 --kl-coef 0.05 --anchor-weight 0.0 --loss-fn ppo --n-ref-rollouts 128 --n-train-rollouts 128 --n-consistency-rollouts 16 --batch-size 1 --refresh-every 1 --checkpoint-every 64 -y
tinker_cookbook.utils.ml_log:592 [INFO] Logging to: logs/sweep-rollouts/llama-rlct-nr128
tinker_cookbook.utils.ml_log:265 [INFO] 
Configuration:
  git: {'git_sha': 'a3276f0d7774c54dc046e1eb2011f0d280021f92', 'git_branch': 
'reasoning-history-last-fix', 'git_dirty': True, 'git_dirt ... : "black",\n+    
"training_biases": [\n+        "suggested_answer"\n+      ]\n     }\n   }\n 
}\n\\ No newline at end of file'}
tinker_cookbook.utils.ml_log:265 [INFO] 
Configuration:
  n_datapoints: 128
  total_steps: 128
  n_perturbations: 2
  base_lr: 0.0002856415043086949
tinker_cookbook.utils.ml_log:192 [INFO] Wrote metrics to logs/sweep-rollouts/llama-rlct-nr128/metrics.jsonl
tinker_cookbook.utils.ml_log:265 [INFO] 
                          Step 1                          
┏━━━━━━━━━━━━━━━━━━━━━━━━━━━━━━━━━━━━━━━┳━━━━━━━━━━━━━━━━┓
┃ Metric                                ┃ Value          ┃
┡━━━━━━━━━━━━━━━━━━━━━━━━━━━━━━━━━━━━━━━╇━━━━━━━━━━━━━━━━┩
│ optim/entropy                         │ 7.179931       │
│ optim/kl_sample_train_v1              │ 0.000465       │
│ optim/kl_sample_train_v2              │ 0.000523       │
│ train/advantage_abs_mean              │ 1.000000       │
│ train/anchor_reward_mean              │ 0.000000       │
│ train/anchor_reward_std               │ 0.000000       │
│ train/avg_response_length             │ 1661.625000    │
│ train/consistency_gap_1               │ 0.147670       │
│ train/consistency_reward_mean         │ 0.011485       │
│ train/consistency_reward_std          │ 0.073835       │
│ train/epoch                           │ 0              │
│ train/kl_policy_base                  │ 0.000463       │
│ train/n_anchor_rollouts               │ 0              │
│ train/n_consistency_rollouts          │ 16             │
│ train/n_ref_parsed                    │ 93             │
│ train/n_training_parsed               │ 90             │
│ train/p_hat_1                         │ 0.577778       │
│ train/p_ref                           │ 0.430108       │
│ train/parse_rate                      │ 0.714844       │
│ train/rate_var                        │ 0.005452       │
│ train/reward_pert1_trait0_count       │ 8              │
│ train/reward_pert1_trait0_mean        │ 0.085321       │
│ train/reward_pert1_trait1_count       │ 8              │
│ train/reward_pert1_trait1_mean        │ -0.062350      │
│ train/train/clock_cycle:unique        │ 2414812.000000 │
│ train/train/loss:sum                  │ 12055.766693   │
│ train/train/ppo_clipped_fraction:mean │ 0.117930       │
│ train/train/ppo_kl_div:mean           │ 0.361585       │
│ train/train/ppo_mean_ratio:mean       │ 0.907496       │
└───────────────────────────────────────┴────────────────┘
tinker_cookbook.utils.ml_log:192 [INFO] Wrote metrics to logs/sweep-rollouts/llama-rlct-nr128/metrics.jsonl
tinker_cookbook.utils.ml_log:265 [INFO] 
                          Step 2                          
┏━━━━━━━━━━━━━━━━━━━━━━━━━━━━━━━━━━━━━━━┳━━━━━━━━━━━━━━━━┓
┃ Metric                                ┃ Value          ┃
┡━━━━━━━━━━━━━━━━━━━━━━━━━━━━━━━━━━━━━━━╇━━━━━━━━━━━━━━━━┩
│ optim/entropy                         │ 0.851865       │
│ optim/kl_sample_train_v1              │ 0.000503       │
│ optim/kl_sample_train_v2              │ 0.000533       │
│ train/advantage_abs_mean              │ 0.484123       │
│ train/anchor_reward_mean              │ 0.000000       │
│ train/anchor_reward_std               │ 0.000000       │
│ train/avg_response_length             │ 297.375000     │
│ train/consistency_gap_1               │ 0.378889       │
│ train/consistency_reward_mean         │ -0.051471      │
│ train/consistency_reward_std          │ 0.091714       │
│ train/epoch                           │ 0              │
│ train/kl_policy_base                  │ 0.001919       │
│ train/n_anchor_rollouts               │ 0              │
│ train/n_consistency_rollouts          │ 16             │
│ train/n_ref_parsed                    │ 123            │
│ train/n_training_parsed               │ 121            │
│ train/p_hat_1                         │ 0.801653       │
│ train/p_ref                           │ 0.422764       │
│ train/parse_rate                      │ 0.953125       │
│ train/rate_var                        │ 0.035889       │
│ train/reward_pert1_trait0_count       │ 1              │
│ train/reward_pert1_trait0_mean        │ 0.303737       │
│ train/reward_pert1_trait1_count       │ 15             │
│ train/reward_pert1_trait1_mean        │ -0.075151      │
│ train/train/clock_cycle:unique        │ 2414858.000000 │
│ train/train/loss:sum                  │ -96.547619     │
│ train/train/ppo_clipped_fraction:mean │ 0.245247       │
│ train/train/ppo_kl_div:mean           │ 1.121384       │
│ train/train/ppo_mean_ratio:mean       │ 0.786481       │
└───────────────────────────────────────┴────────────────┘
tinker_cookbook.utils.ml_log:192 [INFO] Wrote metrics to logs/sweep-rollouts/llama-rlct-nr128/metrics.jsonl
tinker_cookbook.utils.ml_log:265 [INFO] 
               Step 3                
┏━━━━━━━━━━━━━━━━━━━━━━━━━━━┳━━━━━━━┓
┃ Metric                    ┃ Value ┃
┡━━━━━━━━━━━━━━━━━━━━━━━━━━━╇━━━━━━━┩
│ train/skipped_empty_batch │ 1     │
└───────────────────────────┴───────┘
tinker_cookbook.utils.ml_log:192 [INFO] Wrote metrics to logs/sweep-rollouts/llama-rlct-nr128/metrics.jsonl
tinker_cookbook.utils.ml_log:265 [INFO] 
                          Step 4                          
┏━━━━━━━━━━━━━━━━━━━━━━━━━━━━━━━━━━━━━━━┳━━━━━━━━━━━━━━━━┓
┃ Metric                                ┃ Value          ┃
┡━━━━━━━━━━━━━━━━━━━━━━━━━━━━━━━━━━━━━━━╇━━━━━━━━━━━━━━━━┩
│ optim/entropy                         │ 0.719500       │
│ optim/kl_sample_train_v1              │ 0.000214       │
│ optim/kl_sample_train_v2              │ 0.000518       │
│ train/advantage_abs_mean              │ 0.780625       │
│ train/anchor_reward_mean              │ 0.000000       │
│ train/anchor_reward_std               │ 0.000000       │
│ train/avg_response_length             │ 210.250000     │
│ train/consistency_gap_1               │ 0.159223       │
│ train/consistency_reward_mean         │ -0.001990      │
│ train/consistency_reward_std          │ 0.062147       │
│ train/epoch                           │ 0              │
│ train/kl_policy_base                  │ 0.010353       │
│ train/n_anchor_rollouts               │ 0              │
│ train/n_consistency_rollouts          │ 16             │
│ train/n_ref_parsed                    │ 103            │
│ train/n_training_parsed               │ 115            │
│ train/p_hat_1                         │ 0.800000       │
│ train/p_ref                           │ 0.640777       │
│ train/parse_rate                      │ 0.851562       │
│ train/rate_var                        │ 0.006338       │
│ train/reward_pert1_trait0_count       │ 3              │
│ train/reward_pert1_trait0_mean        │ 0.127379       │
│ train/reward_pert1_trait1_count       │ 13             │
│ train/reward_pert1_trait1_mean        │ -0.031845      │
│ train/train/clock_cycle:unique        │ 2414931.000000 │
│ train/train/loss:sum                  │ 56.915009      │
│ train/train/ppo_clipped_fraction:mean │ 0.207177       │
│ train/train/ppo_kl_div:mean           │ 1.011939       │
│ train/train/ppo_mean_ratio:mean       │ 0.822973       │
└───────────────────────────────────────┴────────────────┘
tinker_cookbook.utils.ml_log:192 [INFO] Wrote metrics to logs/sweep-rollouts/llama-rlct-nr128/metrics.jsonl
tinker_cookbook.utils.ml_log:265 [INFO] 
               Step 5                
┏━━━━━━━━━━━━━━━━━━━━━━━━━━━┳━━━━━━━┓
┃ Metric                    ┃ Value ┃
┡━━━━━━━━━━━━━━━━━━━━━━━━━━━╇━━━━━━━┩
│ train/skipped_empty_batch │ 1     │
└───────────────────────────┴───────┘
tinker_cookbook.utils.ml_log:192 [INFO] Wrote metrics to logs/sweep-rollouts/llama-rlct-nr128/metrics.jsonl
tinker_cookbook.utils.ml_log:265 [INFO] 
                          Step 6                          
┏━━━━━━━━━━━━━━━━━━━━━━━━━━━━━━━━━━━━━━━┳━━━━━━━━━━━━━━━━┓
┃ Metric                                ┃ Value          ┃
┡━━━━━━━━━━━━━━━━━━━━━━━━━━━━━━━━━━━━━━━╇━━━━━━━━━━━━━━━━┩
│ optim/entropy                         │ 0.488777       │
│ optim/kl_sample_train_v1              │ -0.000185      │
│ optim/kl_sample_train_v2              │ 0.000554       │
│ train/advantage_abs_mean              │ 0.484123       │
│ train/anchor_reward_mean              │ 0.000000       │
│ train/anchor_reward_std               │ 0.000000       │
│ train/avg_response_length             │ 181.375000     │
│ train/consistency_gap_1               │ 0.063492       │
│ train/consistency_reward_mean         │ 0.000063       │
│ train/consistency_reward_std          │ 0.015369       │
│ train/epoch                           │ 0              │
│ train/kl_policy_base                  │ 0.010352       │
│ train/n_anchor_rollouts               │ 0              │
│ train/n_consistency_rollouts          │ 16             │
│ train/n_ref_parsed                    │ 128            │
│ train/n_training_parsed               │ 126            │
│ train/p_hat_1                         │ 0.063492       │
│ train/p_ref                           │ 0.000000       │
│ train/parse_rate                      │ 0.992188       │
│ train/rate_var                        │ 0.001008       │
│ train/reward_pert1_trait0_count       │ 15             │
│ train/reward_pert1_trait0_mean        │ 0.004031       │
│ train/reward_pert1_trait1_count       │ 1              │
│ train/reward_pert1_trait1_mean        │ -0.059461      │
│ train/train/clock_cycle:unique        │ 2414974.000000 │
│ train/train/loss:sum                  │ -248.098059    │
│ train/train/ppo_clipped_fraction:mean │ 0.261565       │
│ train/train/ppo_kl_div:mean           │ 1.069055       │
│ train/train/ppo_mean_ratio:mean       │ 0.786886       │
└───────────────────────────────────────┴────────────────┘
tinker_cookbook.utils.ml_log:192 [INFO] Wrote metrics to logs/sweep-rollouts/llama-rlct-nr128/metrics.jsonl
tinker_cookbook.utils.ml_log:265 [INFO] 
               Step 7                
┏━━━━━━━━━━━━━━━━━━━━━━━━━━━┳━━━━━━━┓
┃ Metric                    ┃ Value ┃
┡━━━━━━━━━━━━━━━━━━━━━━━━━━━╇━━━━━━━┩
│ train/skipped_empty_batch │ 1     │
└───────────────────────────┴───────┘
tinker_cookbook.utils.ml_log:192 [INFO] Wrote metrics to logs/sweep-rollouts/llama-rlct-nr128/metrics.jsonl
tinker_cookbook.utils.ml_log:265 [INFO] 
               Step 8                
┏━━━━━━━━━━━━━━━━━━━━━━━━━━━┳━━━━━━━┓
┃ Metric                    ┃ Value ┃
┡━━━━━━━━━━━━━━━━━━━━━━━━━━━╇━━━━━━━┩
│ train/skipped_empty_batch │ 1     │
└───────────────────────────┴───────┘
tinker_cookbook.utils.ml_log:192 [INFO] Wrote metrics to logs/sweep-rollouts/llama-rlct-nr128/metrics.jsonl
tinker_cookbook.utils.ml_log:265 [INFO] 
                          Step 9                          
┏━━━━━━━━━━━━━━━━━━━━━━━━━━━━━━━━━━━━━━━┳━━━━━━━━━━━━━━━━┓
┃ Metric                                ┃ Value          ┃
┡━━━━━━━━━━━━━━━━━━━━━━━━━━━━━━━━━━━━━━━╇━━━━━━━━━━━━━━━━┩
│ optim/entropy                         │ 0.783127       │
│ optim/kl_sample_train_v1              │ 0.000714       │
│ optim/kl_sample_train_v2              │ 0.000670       │
│ train/advantage_abs_mean              │ 1.000000       │
│ train/anchor_reward_mean              │ 0.000000       │
│ train/anchor_reward_std               │ 0.000000       │
│ train/avg_response_length             │ 368.687500     │
│ train/consistency_gap_1               │ 0.133537       │
│ train/consistency_reward_mean         │ -0.003338      │
│ train/consistency_reward_std          │ 0.066768       │
│ train/epoch                           │ 0              │
│ train/kl_policy_base                  │ 0.023792       │
│ train/n_anchor_rollouts               │ 0              │
│ train/n_consistency_rollouts          │ 16             │
│ train/n_ref_parsed                    │ 123            │
│ train/n_training_parsed               │ 120            │
│ train/p_hat_1                         │ 0.475000       │
│ train/p_ref                           │ 0.341463       │
│ train/parse_rate                      │ 0.949219       │
│ train/rate_var                        │ 0.004458       │
│ train/reward_pert1_trait0_count       │ 8              │
│ train/reward_pert1_trait0_mean        │ 0.063430       │
│ train/reward_pert1_trait1_count       │ 8              │
│ train/reward_pert1_trait1_mean        │ -0.070107      │
│ train/train/clock_cycle:unique        │ 2415080.000000 │
│ train/train/loss:sum                  │ -472.616623    │
│ train/train/ppo_clipped_fraction:mean │ 0.340591       │
│ train/train/ppo_kl_div:mean           │ 1.110040       │
│ train/train/ppo_mean_ratio:mean       │ 0.733642       │
└───────────────────────────────────────┴────────────────┘
tinker_cookbook.utils.ml_log:192 [INFO] Wrote metrics to logs/sweep-rollouts/llama-rlct-nr128/metrics.jsonl
tinker_cookbook.utils.ml_log:265 [INFO] 
               Step 10               
┏━━━━━━━━━━━━━━━━━━━━━━━━━━━┳━━━━━━━┓
┃ Metric                    ┃ Value ┃
┡━━━━━━━━━━━━━━━━━━━━━━━━━━━╇━━━━━━━┩
│ train/skipped_empty_batch │ 1     │
└───────────────────────────┴───────┘
tinker_cookbook.utils.ml_log:192 [INFO] Wrote metrics to logs/sweep-rollouts/llama-rlct-nr128/metrics.jsonl
tinker_cookbook.utils.ml_log:265 [INFO] 
                         Step 11                          
┏━━━━━━━━━━━━━━━━━━━━━━━━━━━━━━━━━━━━━━━┳━━━━━━━━━━━━━━━━┓
┃ Metric                                ┃ Value          ┃
┡━━━━━━━━━━━━━━━━━━━━━━━━━━━━━━━━━━━━━━━╇━━━━━━━━━━━━━━━━┩
│ optim/entropy                         │ 0.889719       │
│ optim/kl_sample_train_v1              │ 0.000839       │
│ optim/kl_sample_train_v2              │ 0.000664       │
│ train/advantage_abs_mean              │ 0.484123       │
│ train/anchor_reward_mean              │ 0.000000       │
│ train/anchor_reward_std               │ 0.000000       │
│ train/avg_response_length             │ 265.875000     │
│ train/consistency_gap_1               │ 0.355355       │
│ train/consistency_reward_mean         │ -0.000533      │
│ train/consistency_reward_std          │ 0.086018       │
│ train/epoch                           │ 0              │
│ train/kl_policy_base                  │ 0.032414       │
│ train/n_anchor_rollouts               │ 0              │
│ train/n_consistency_rollouts          │ 16             │
│ train/n_ref_parsed                    │ 124            │
│ train/n_training_parsed               │ 125            │
│ train/p_hat_1                         │ 0.936000       │
│ train/p_ref                           │ 0.580645       │
│ train/parse_rate                      │ 0.972656       │
│ train/rate_var                        │ 0.031569       │
│ train/reward_pert1_trait0_count       │ 1              │
│ train/reward_pert1_trait0_mean        │ 0.332612       │
│ train/reward_pert1_trait1_count       │ 15             │
│ train/reward_pert1_trait1_mean        │ -0.022743      │
│ train/train/clock_cycle:unique        │ 2415169.000000 │
│ train/train/loss:sum                  │ -159.318897    │
│ train/train/ppo_clipped_fraction:mean │ 0.190119       │
│ train/train/ppo_kl_div:mean           │ 0.983243       │
│ train/train/ppo_mean_ratio:mean       │ 0.832240       │
└───────────────────────────────────────┴────────────────┘
tinker_cookbook.utils.ml_log:192 [INFO] Wrote metrics to logs/sweep-rollouts/llama-rlct-nr128/metrics.jsonl
tinker_cookbook.utils.ml_log:265 [INFO] 
                         Step 12                          
┏━━━━━━━━━━━━━━━━━━━━━━━━━━━━━━━━━━━━━━━┳━━━━━━━━━━━━━━━━┓
┃ Metric                                ┃ Value          ┃
┡━━━━━━━━━━━━━━━━━━━━━━━━━━━━━━━━━━━━━━━╇━━━━━━━━━━━━━━━━┩
│ optim/entropy                         │ 0.967330       │
│ optim/kl_sample_train_v1              │ 0.000644       │
│ optim/kl_sample_train_v2              │ 0.000608       │
│ train/advantage_abs_mean              │ 0.661438       │
│ train/anchor_reward_mean              │ 0.000000       │
│ train/anchor_reward_std               │ 0.000000       │
│ train/avg_response_length             │ 324.125000     │
│ train/consistency_gap_1               │ 0.070796       │
│ train/consistency_reward_mean         │ -0.003837      │
│ train/consistency_reward_std          │ 0.023414       │
│ train/epoch                           │ 0              │
│ train/kl_policy_base                  │ 0.026050       │
│ train/n_anchor_rollouts               │ 0              │
│ train/n_consistency_rollouts          │ 16             │
│ train/n_ref_parsed                    │ 112            │
│ train/n_training_parsed               │ 113            │
│ train/p_hat_1                         │ 0.070796       │
│ train/p_ref                           │ 0.000000       │
│ train/parse_rate                      │ 0.878906       │
│ train/rate_var                        │ 0.001253       │
│ train/reward_pert1_trait0_count       │ 14             │
│ train/reward_pert1_trait0_mean        │ 0.005012       │
│ train/reward_pert1_trait1_count       │ 2              │
│ train/reward_pert1_trait1_mean        │ -0.065784      │
│ train/train/clock_cycle:unique        │ 2415231.000000 │
│ train/train/loss:sum                  │ 196.182579     │
│ train/train/ppo_clipped_fraction:mean │ 0.218458       │
│ train/train/ppo_kl_div:mean           │ 0.828990       │
│ train/train/ppo_mean_ratio:mean       │ 0.817566       │
└───────────────────────────────────────┴────────────────┘
tinker_cookbook.utils.ml_log:192 [INFO] Wrote metrics to logs/sweep-rollouts/llama-rlct-nr128/metrics.jsonl
tinker_cookbook.utils.ml_log:265 [INFO] 
               Step 13               
┏━━━━━━━━━━━━━━━━━━━━━━━━━━━┳━━━━━━━┓
┃ Metric                    ┃ Value ┃
┡━━━━━━━━━━━━━━━━━━━━━━━━━━━╇━━━━━━━┩
│ train/skipped_empty_batch │ 1     │
└───────────────────────────┴───────┘
tinker_cookbook.utils.ml_log:192 [INFO] Wrote metrics to logs/sweep-rollouts/llama-rlct-nr128/metrics.jsonl
tinker_cookbook.utils.ml_log:265 [INFO] 
                         Step 14                          
┏━━━━━━━━━━━━━━━━━━━━━━━━━━━━━━━━━━━━━━━┳━━━━━━━━━━━━━━━━┓
┃ Metric                                ┃ Value          ┃
┡━━━━━━━━━━━━━━━━━━━━━━━━━━━━━━━━━━━━━━━╇━━━━━━━━━━━━━━━━┩
│ optim/entropy                         │ 1.142015       │
│ optim/kl_sample_train_v1              │ 0.000984       │
│ optim/kl_sample_train_v2              │ 0.000835       │
│ train/advantage_abs_mean              │ 0.992157       │
│ train/anchor_reward_mean              │ 0.000000       │
│ train/anchor_reward_std               │ 0.000000       │
│ train/avg_response_length             │ 528.187500     │
│ train/consistency_gap_1               │ 0.236695       │
│ train/consistency_reward_mean         │ 0.026065       │
│ train/consistency_reward_std          │ 0.117419       │
│ train/epoch                           │ 0              │
│ train/kl_policy_base                  │ 0.025286       │
│ train/n_anchor_rollouts               │ 0              │
│ train/n_consistency_rollouts          │ 16             │
│ train/n_ref_parsed                    │ 119            │
│ train/n_training_parsed               │ 126            │
│ train/p_hat_1                         │ 0.547619       │
│ train/p_ref                           │ 0.310924       │
│ train/parse_rate                      │ 0.957031       │
│ train/rate_var                        │ 0.014006       │
│ train/reward_pert1_trait0_count       │ 9              │
│ train/reward_pert1_trait0_mean        │ 0.129619       │
│ train/reward_pert1_trait1_count       │ 7              │
│ train/reward_pert1_trait1_mean        │ -0.107076      │
│ train/train/clock_cycle:unique        │ 2415293.000000 │
│ train/train/loss:sum                  │ -557.897583    │
│ train/train/ppo_clipped_fraction:mean │ 0.316545       │
│ train/train/ppo_kl_div:mean           │ 0.971943       │
│ train/train/ppo_mean_ratio:mean       │ 0.753363       │
└───────────────────────────────────────┴────────────────┘
tinker_cookbook.utils.ml_log:192 [INFO] Wrote metrics to logs/sweep-rollouts/llama-rlct-nr128/metrics.jsonl
tinker_cookbook.utils.ml_log:265 [INFO] 
               Step 15               
┏━━━━━━━━━━━━━━━━━━━━━━━━━━━┳━━━━━━━┓
┃ Metric                    ┃ Value ┃
┡━━━━━━━━━━━━━━━━━━━━━━━━━━━╇━━━━━━━┩
│ train/skipped_empty_batch │ 1     │
└───────────────────────────┴───────┘
tinker_cookbook.utils.ml_log:192 [INFO] Wrote metrics to logs/sweep-rollouts/llama-rlct-nr128/metrics.jsonl
tinker_cookbook.utils.ml_log:265 [INFO] 
                         Step 16                          
┏━━━━━━━━━━━━━━━━━━━━━━━━━━━━━━━━━━━━━━━┳━━━━━━━━━━━━━━━━┓
┃ Metric                                ┃ Value          ┃
┡━━━━━━━━━━━━━━━━━━━━━━━━━━━━━━━━━━━━━━━╇━━━━━━━━━━━━━━━━┩
│ optim/entropy                         │ 1.250804       │
│ optim/kl_sample_train_v1              │ 0.000816       │
│ optim/kl_sample_train_v2              │ 0.000679       │
│ train/advantage_abs_mean              │ 0.968246       │
│ train/anchor_reward_mean              │ 0.000000       │
│ train/anchor_reward_std               │ 0.000000       │
│ train/avg_response_length             │ 403.562500     │
│ train/consistency_gap_1               │ 0.314625       │
│ train/consistency_reward_mean         │ 0.015417       │
│ train/consistency_reward_std          │ 0.152317       │
│ train/epoch                           │ 0              │
│ train/kl_policy_base                  │ 0.024935       │
│ train/n_anchor_rollouts               │ 0              │
│ train/n_consistency_rollouts          │ 16             │
│ train/n_ref_parsed                    │ 128            │
│ train/n_training_parsed               │ 125            │
│ train/p_hat_1                         │ 0.424000       │
│ train/p_ref                           │ 0.109375       │
│ train/parse_rate                      │ 0.988281       │
│ train/rate_var                        │ 0.024747       │
│ train/reward_pert1_trait0_count       │ 10             │
│ train/reward_pert1_trait0_mean        │ 0.133401       │
│ train/reward_pert1_trait1_count       │ 6              │
│ train/reward_pert1_trait1_mean        │ -0.181224      │
│ train/train/clock_cycle:unique        │ 2415359.000000 │
│ train/train/loss:sum                  │ -159.197647    │
│ train/train/ppo_clipped_fraction:mean │ 0.142289       │
│ train/train/ppo_kl_div:mean           │ 0.639131       │
│ train/train/ppo_mean_ratio:mean       │ 0.879055       │
└───────────────────────────────────────┴────────────────┘
tinker_cookbook.utils.ml_log:192 [INFO] Wrote metrics to logs/sweep-rollouts/llama-rlct-nr128/metrics.jsonl
tinker_cookbook.utils.ml_log:265 [INFO] 
               Step 17               
┏━━━━━━━━━━━━━━━━━━━━━━━━━━━┳━━━━━━━┓
┃ Metric                    ┃ Value ┃
┡━━━━━━━━━━━━━━━━━━━━━━━━━━━╇━━━━━━━┩
│ train/skipped_empty_batch │ 1     │
└───────────────────────────┴───────┘
tinker_cookbook.utils.ml_log:192 [INFO] Wrote metrics to logs/sweep-rollouts/llama-rlct-nr128/metrics.jsonl
tinker_cookbook.utils.ml_log:265 [INFO] 
               Step 18               
┏━━━━━━━━━━━━━━━━━━━━━━━━━━━┳━━━━━━━┓
┃ Metric                    ┃ Value ┃
┡━━━━━━━━━━━━━━━━━━━━━━━━━━━╇━━━━━━━┩
│ train/skipped_empty_batch │ 1     │
└───────────────────────────┴───────┘
tinker_cookbook.utils.ml_log:192 [INFO] Wrote metrics to logs/sweep-rollouts/llama-rlct-nr128/metrics.jsonl
tinker_cookbook.utils.ml_log:265 [INFO] 
               Step 19               
┏━━━━━━━━━━━━━━━━━━━━━━━━━━━┳━━━━━━━┓
┃ Metric                    ┃ Value ┃
┡━━━━━━━━━━━━━━━━━━━━━━━━━━━╇━━━━━━━┩
│ train/skipped_empty_batch │ 1     │
└───────────────────────────┴───────┘
tinker_cookbook.utils.ml_log:192 [INFO] Wrote metrics to logs/sweep-rollouts/llama-rlct-nr128/metrics.jsonl
tinker_cookbook.utils.ml_log:265 [INFO] 
                         Step 20                          
┏━━━━━━━━━━━━━━━━━━━━━━━━━━━━━━━━━━━━━━━┳━━━━━━━━━━━━━━━━┓
┃ Metric                                ┃ Value          ┃
┡━━━━━━━━━━━━━━━━━━━━━━━━━━━━━━━━━━━━━━━╇━━━━━━━━━━━━━━━━┩
│ optim/entropy                         │ 0.896546       │
│ optim/kl_sample_train_v1              │ 0.001157       │
│ optim/kl_sample_train_v2              │ 0.000660       │
│ train/advantage_abs_mean              │ 0.780625       │
│ train/anchor_reward_mean              │ 0.000000       │
│ train/anchor_reward_std               │ 0.000000       │
│ train/avg_response_length             │ 318.125000     │
│ train/consistency_gap_1               │ 0.521100       │
│ train/consistency_reward_mean         │ 0.004071       │
│ train/consistency_reward_std          │ 0.203392       │
│ train/epoch                           │ 0              │
│ train/kl_policy_base                  │ 0.045233       │
│ train/n_anchor_rollouts               │ 0              │
│ train/n_consistency_rollouts          │ 16             │
│ train/n_ref_parsed                    │ 127            │
│ train/n_training_parsed               │ 128            │
│ train/p_hat_1                         │ 0.820312       │
│ train/p_ref                           │ 0.299213       │
│ train/parse_rate                      │ 0.996094       │
│ train/rate_var                        │ 0.067886       │
│ train/reward_pert1_trait0_count       │ 3              │
│ train/reward_pert1_trait0_mean        │ 0.427465       │
│ train/reward_pert1_trait1_count       │ 13             │
│ train/reward_pert1_trait1_mean        │ -0.093635      │
│ train/train/clock_cycle:unique        │ 2415394.000000 │
│ train/train/loss:sum                  │ -239.260986    │
│ train/train/ppo_clipped_fraction:mean │ 0.256737       │
│ train/train/ppo_kl_div:mean           │ 1.064493       │
│ train/train/ppo_mean_ratio:mean       │ 0.788250       │
└───────────────────────────────────────┴────────────────┘
tinker_cookbook.utils.ml_log:192 [INFO] Wrote metrics to logs/sweep-rollouts/llama-rlct-nr128/metrics.jsonl
tinker_cookbook.utils.ml_log:265 [INFO] 
                         Step 21                          
┏━━━━━━━━━━━━━━━━━━━━━━━━━━━━━━━━━━━━━━━┳━━━━━━━━━━━━━━━━┓
┃ Metric                                ┃ Value          ┃
┡━━━━━━━━━━━━━━━━━━━━━━━━━━━━━━━━━━━━━━━╇━━━━━━━━━━━━━━━━┩
│ optim/entropy                         │ 0.802004       │
│ optim/kl_sample_train_v1              │ 0.000451       │
│ optim/kl_sample_train_v2              │ 0.000604       │
│ train/advantage_abs_mean              │ 0.780625       │
│ train/anchor_reward_mean              │ 0.000000       │
│ train/anchor_reward_std               │ 0.000000       │
│ train/avg_response_length             │ 349.000000     │
│ train/consistency_gap_1               │ 0.111236       │
│ train/consistency_reward_mean         │ -0.006732      │
│ train/consistency_reward_std          │ 0.043417       │
│ train/epoch                           │ 0              │
│ train/kl_policy_base                  │ 0.061657       │
│ train/n_anchor_rollouts               │ 0              │
│ train/n_consistency_rollouts          │ 16             │
│ train/n_ref_parsed                    │ 127            │
│ train/n_training_parsed               │ 126            │
│ train/p_hat_1                         │ 0.126984       │
│ train/p_ref                           │ 0.015748       │
│ train/parse_rate                      │ 0.988281       │
│ train/rate_var                        │ 0.003093       │
│ train/reward_pert1_trait0_count       │ 13             │
│ train/reward_pert1_trait0_mean        │ 0.014125       │
│ train/reward_pert1_trait1_count       │ 3              │
│ train/reward_pert1_trait1_mean        │ -0.097111      │
│ train/train/clock_cycle:unique        │ 2415398.000000 │
│ train/train/loss:sum                  │ 82.693039      │
│ train/train/ppo_clipped_fraction:mean │ 0.219054       │
│ train/train/ppo_kl_div:mean           │ 0.847231       │
│ train/train/ppo_mean_ratio:mean       │ 0.820342       │
└───────────────────────────────────────┴────────────────┘
tinker_cookbook.utils.ml_log:192 [INFO] Wrote metrics to logs/sweep-rollouts/llama-rlct-nr128/metrics.jsonl
tinker_cookbook.utils.ml_log:265 [INFO] 
               Step 22               
┏━━━━━━━━━━━━━━━━━━━━━━━━━━━┳━━━━━━━┓
┃ Metric                    ┃ Value ┃
┡━━━━━━━━━━━━━━━━━━━━━━━━━━━╇━━━━━━━┩
│ train/skipped_empty_batch │ 1     │
└───────────────────────────┴───────┘
tinker_cookbook.utils.ml_log:192 [INFO] Wrote metrics to logs/sweep-rollouts/llama-rlct-nr128/metrics.jsonl
tinker_cookbook.utils.ml_log:265 [INFO] 
                         Step 23                          
┏━━━━━━━━━━━━━━━━━━━━━━━━━━━━━━━━━━━━━━━┳━━━━━━━━━━━━━━━━┓
┃ Metric                                ┃ Value          ┃
┡━━━━━━━━━━━━━━━━━━━━━━━━━━━━━━━━━━━━━━━╇━━━━━━━━━━━━━━━━┩
│ optim/entropy                         │ 0.779595       │
│ optim/kl_sample_train_v1              │ 0.000210       │
│ optim/kl_sample_train_v2              │ 0.000667       │
│ train/advantage_abs_mean              │ 1.000000       │
│ train/anchor_reward_mean              │ 0.000000       │
│ train/anchor_reward_std               │ 0.000000       │
│ train/avg_response_length             │ 451.000000     │
│ train/consistency_gap_1               │ 0.346530       │
│ train/consistency_reward_mean         │ -0.023564      │
│ train/consistency_reward_std          │ 0.173265       │
│ train/epoch                           │ 0              │
│ train/kl_policy_base                  │ 0.080299       │
│ train/n_anchor_rollouts               │ 0              │
│ train/n_consistency_rollouts          │ 16             │
│ train/n_ref_parsed                    │ 117            │
│ train/n_training_parsed               │ 125            │
│ train/p_hat_1                         │ 0.432000       │
│ train/p_ref                           │ 0.085470       │
│ train/parse_rate                      │ 0.945312       │
│ train/rate_var                        │ 0.030021       │
│ train/reward_pert1_trait0_count       │ 8              │
│ train/reward_pert1_trait0_mean        │ 0.149701       │
│ train/reward_pert1_trait1_count       │ 8              │
│ train/reward_pert1_trait1_mean        │ -0.196829      │
│ train/train/clock_cycle:unique        │ 2415401.000000 │
│ train/train/loss:sum                  │ 437.212952     │
│ train/train/ppo_clipped_fraction:mean │ 0.303236       │
│ train/train/ppo_kl_div:mean           │ 1.210592       │
│ train/train/ppo_mean_ratio:mean       │ 0.746388       │
└───────────────────────────────────────┴────────────────┘
tinker_cookbook.utils.ml_log:192 [INFO] Wrote metrics to logs/sweep-rollouts/llama-rlct-nr128/metrics.jsonl
tinker_cookbook.utils.ml_log:265 [INFO] 
               Step 24               
┏━━━━━━━━━━━━━━━━━━━━━━━━━━━┳━━━━━━━┓
┃ Metric                    ┃ Value ┃
┡━━━━━━━━━━━━━━━━━━━━━━━━━━━╇━━━━━━━┩
│ train/skipped_empty_batch │ 1     │
└───────────────────────────┴───────┘
tinker_cookbook.utils.ml_log:192 [INFO] Wrote metrics to logs/sweep-rollouts/llama-rlct-nr128/metrics.jsonl
tinker_cookbook.utils.ml_log:265 [INFO] 
               Step 25               
┏━━━━━━━━━━━━━━━━━━━━━━━━━━━┳━━━━━━━┓
┃ Metric                    ┃ Value ┃
┡━━━━━━━━━━━━━━━━━━━━━━━━━━━╇━━━━━━━┩
│ train/skipped_empty_batch │ 1     │
└───────────────────────────┴───────┘
tinker_cookbook.utils.ml_log:192 [INFO] Wrote metrics to logs/sweep-rollouts/llama-rlct-nr128/metrics.jsonl
tinker_cookbook.utils.ml_log:265 [INFO] 
               Step 26               
┏━━━━━━━━━━━━━━━━━━━━━━━━━━━┳━━━━━━━┓
┃ Metric                    ┃ Value ┃
┡━━━━━━━━━━━━━━━━━━━━━━━━━━━╇━━━━━━━┩
│ train/skipped_empty_batch │ 1     │
└───────────────────────────┴───────┘
tinker_cookbook.utils.ml_log:192 [INFO] Wrote metrics to logs/sweep-rollouts/llama-rlct-nr128/metrics.jsonl
tinker_cookbook.utils.ml_log:265 [INFO] 
                         Step 27                          
┏━━━━━━━━━━━━━━━━━━━━━━━━━━━━━━━━━━━━━━━┳━━━━━━━━━━━━━━━━┓
┃ Metric                                ┃ Value          ┃
┡━━━━━━━━━━━━━━━━━━━━━━━━━━━━━━━━━━━━━━━╇━━━━━━━━━━━━━━━━┩
│ optim/entropy                         │ 1.065696       │
│ optim/kl_sample_train_v1              │ 0.000632       │
│ optim/kl_sample_train_v2              │ 0.000476       │
│ train/advantage_abs_mean              │ 0.661438       │
│ train/anchor_reward_mean              │ 0.000000       │
│ train/anchor_reward_std               │ 0.000000       │
│ train/avg_response_length             │ 405.687500     │
│ train/consistency_gap_1               │ 0.002311       │
│ train/consistency_reward_mean         │ 0.000079       │
│ train/consistency_reward_std          │ 0.000764       │
│ train/epoch                           │ 0              │
│ train/kl_policy_base                  │ 0.057836       │
│ train/n_anchor_rollouts               │ 0              │
│ train/n_consistency_rollouts          │ 16             │
│ train/n_ref_parsed                    │ 118            │
│ train/n_training_parsed               │ 110            │
│ train/p_hat_1                         │ 0.909091       │
│ train/p_ref                           │ 0.906780       │
│ train/parse_rate                      │ 0.890625       │
│ train/rate_var                        │ 0.000001       │
│ train/reward_pert1_trait0_count       │ 2              │
│ train/reward_pert1_trait0_mean        │ 0.002101       │
│ train/reward_pert1_trait1_count       │ 14             │
│ train/reward_pert1_trait1_mean        │ -0.000210      │
│ train/train/clock_cycle:unique        │ 2415420.000000 │
│ train/train/loss:sum                  │ -282.260010    │
│ train/train/ppo_clipped_fraction:mean │ 0.158661       │
│ train/train/ppo_kl_div:mean           │ 0.573220       │
│ train/train/ppo_mean_ratio:mean       │ 0.873815       │
└───────────────────────────────────────┴────────────────┘
tinker_cookbook.utils.ml_log:192 [INFO] Wrote metrics to logs/sweep-rollouts/llama-rlct-nr128/metrics.jsonl
tinker_cookbook.utils.ml_log:265 [INFO] 
               Step 28               
┏━━━━━━━━━━━━━━━━━━━━━━━━━━━┳━━━━━━━┓
┃ Metric                    ┃ Value ┃
┡━━━━━━━━━━━━━━━━━━━━━━━━━━━╇━━━━━━━┩
│ train/skipped_empty_batch │ 1     │
└───────────────────────────┴───────┘
tinker_cookbook.utils.ml_log:192 [INFO] Wrote metrics to logs/sweep-rollouts/llama-rlct-nr128/metrics.jsonl
tinker_cookbook.utils.ml_log:265 [INFO] 
               Step 29               
┏━━━━━━━━━━━━━━━━━━━━━━━━━━━┳━━━━━━━┓
┃ Metric                    ┃ Value ┃
┡━━━━━━━━━━━━━━━━━━━━━━━━━━━╇━━━━━━━┩
│ train/skipped_empty_batch │ 1     │
└───────────────────────────┴───────┘
tinker_cookbook.utils.ml_log:192 [INFO] Wrote metrics to logs/sweep-rollouts/llama-rlct-nr128/metrics.jsonl
tinker_cookbook.utils.ml_log:265 [INFO] 
                         Step 30                          
┏━━━━━━━━━━━━━━━━━━━━━━━━━━━━━━━━━━━━━━━┳━━━━━━━━━━━━━━━━┓
┃ Metric                                ┃ Value          ┃
┡━━━━━━━━━━━━━━━━━━━━━━━━━━━━━━━━━━━━━━━╇━━━━━━━━━━━━━━━━┩
│ optim/entropy                         │ 0.878857       │
│ optim/kl_sample_train_v1              │ 0.001024       │
│ optim/kl_sample_train_v2              │ 0.000678       │
│ train/advantage_abs_mean              │ 0.484123       │
│ train/anchor_reward_mean              │ 0.000000       │
│ train/anchor_reward_std               │ 0.000000       │
│ train/avg_response_length             │ 408.625000     │
│ train/consistency_gap_1               │ -0.018963      │
│ train/consistency_reward_mean         │ 0.000439       │
│ train/consistency_reward_std          │ 0.004590       │
│ train/epoch                           │ 0              │
│ train/kl_policy_base                  │ 0.119137       │
│ train/n_anchor_rollouts               │ 0              │
│ train/n_consistency_rollouts          │ 16             │
│ train/n_ref_parsed                    │ 120            │
│ train/n_training_parsed               │ 127            │
│ train/p_hat_1                         │ 0.039370       │
│ train/p_ref                           │ 0.058333       │
│ train/parse_rate                      │ 0.964844       │
│ train/rate_var                        │ 0.000090       │
│ train/reward_pert1_trait0_count       │ 15             │
│ train/reward_pert1_trait0_mean        │ -0.000747      │
│ train/reward_pert1_trait1_count       │ 1              │
│ train/reward_pert1_trait1_mean        │ 0.018217       │
│ train/train/clock_cycle:unique        │ 2415424.000000 │
│ train/train/loss:sum                  │ 138.161285     │
│ train/train/ppo_clipped_fraction:mean │ 0.231085       │
│ train/train/ppo_kl_div:mean           │ 0.938161       │
│ train/train/ppo_mean_ratio:mean       │ 0.808247       │
└───────────────────────────────────────┴────────────────┘
tinker_cookbook.utils.ml_log:192 [INFO] Wrote metrics to logs/sweep-rollouts/llama-rlct-nr128/metrics.jsonl
tinker_cookbook.utils.ml_log:265 [INFO] 
                         Step 31                          
┏━━━━━━━━━━━━━━━━━━━━━━━━━━━━━━━━━━━━━━━┳━━━━━━━━━━━━━━━━┓
┃ Metric                                ┃ Value          ┃
┡━━━━━━━━━━━━━━━━━━━━━━━━━━━━━━━━━━━━━━━╇━━━━━━━━━━━━━━━━┩
│ optim/entropy                         │ 1.002539       │
│ optim/kl_sample_train_v1              │ 0.001425       │
│ optim/kl_sample_train_v2              │ 0.000712       │
│ train/advantage_abs_mean              │ 0.780625       │
│ train/anchor_reward_mean              │ 0.000000       │
│ train/anchor_reward_std               │ 0.000000       │
│ train/avg_response_length             │ 446.625000     │
│ train/consistency_gap_1               │ 0.036290       │
│ train/consistency_reward_mean         │ -0.000951      │
│ train/consistency_reward_std          │ 0.014165       │
│ train/epoch                           │ 0              │
│ train/kl_policy_base                  │ 0.128748       │
│ train/n_anchor_rollouts               │ 0              │
│ train/n_consistency_rollouts          │ 16             │
│ train/n_ref_parsed                    │ 120            │
│ train/n_training_parsed               │ 124            │
│ train/p_hat_1                         │ 0.161290       │
│ train/p_ref                           │ 0.125000       │
│ train/parse_rate                      │ 0.953125       │
│ train/rate_var                        │ 0.000329       │
│ train/reward_pert1_trait0_count       │ 13             │
│ train/reward_pert1_trait0_mean        │ 0.005853       │
│ train/reward_pert1_trait1_count       │ 3              │
│ train/reward_pert1_trait1_mean        │ -0.030437      │
│ train/train/clock_cycle:unique        │ 2415462.000000 │
│ train/train/loss:sum                  │ -6.900322      │
│ train/train/ppo_clipped_fraction:mean │ 0.215268       │
│ train/train/ppo_kl_div:mean           │ 0.938251       │
│ train/train/ppo_mean_ratio:mean       │ 0.812166       │
└───────────────────────────────────────┴────────────────┘
tinker_cookbook.utils.ml_log:192 [INFO] Wrote metrics to logs/sweep-rollouts/llama-rlct-nr128/metrics.jsonl
tinker_cookbook.utils.ml_log:265 [INFO] 
                         Step 32                          
┏━━━━━━━━━━━━━━━━━━━━━━━━━━━━━━━━━━━━━━━┳━━━━━━━━━━━━━━━━┓
┃ Metric                                ┃ Value          ┃
┡━━━━━━━━━━━━━━━━━━━━━━━━━━━━━━━━━━━━━━━╇━━━━━━━━━━━━━━━━┩
│ optim/entropy                         │ 1.688119       │
│ optim/kl_sample_train_v1              │ 0.000107       │
│ optim/kl_sample_train_v2              │ 0.000708       │
│ train/advantage_abs_mean              │ 0.866025       │
│ train/anchor_reward_mean              │ 0.000000       │
│ train/anchor_reward_std               │ 0.000000       │
│ train/avg_response_length             │ 853.250000     │
│ train/consistency_gap_1               │ 0.097604       │
│ train/consistency_reward_mean         │ 0.001821       │
│ train/consistency_reward_std          │ 0.042264       │
│ train/epoch                           │ 0              │
│ train/kl_policy_base                  │ 0.062087       │
│ train/n_anchor_rollouts               │ 0              │
│ train/n_consistency_rollouts          │ 16             │
│ train/n_ref_parsed                    │ 76             │
│ train/n_training_parsed               │ 67             │
│ train/p_hat_1                         │ 0.268657       │
│ train/p_ref                           │ 0.171053       │
│ train/parse_rate                      │ 0.558594       │
│ train/rate_var                        │ 0.002382       │
│ train/reward_pert1_trait0_count       │ 12             │
│ train/reward_pert1_trait0_mean        │ 0.026222       │
│ train/reward_pert1_trait1_count       │ 4              │
│ train/reward_pert1_trait1_mean        │ -0.071382      │
│ train/train/clock_cycle:unique        │ 2415559.000000 │
│ train/train/loss:sum                  │ 2677.735168    │
│ train/train/ppo_clipped_fraction:mean │ 0.110131       │
│ train/train/ppo_kl_div:mean           │ 0.402404       │
│ train/train/ppo_mean_ratio:mean       │ 0.910693       │
└───────────────────────────────────────┴────────────────┘
tinker_cookbook.utils.ml_log:192 [INFO] Wrote metrics to logs/sweep-rollouts/llama-rlct-nr128/metrics.jsonl
tinker_cookbook.utils.ml_log:265 [INFO] 
               Step 33               
┏━━━━━━━━━━━━━━━━━━━━━━━━━━━┳━━━━━━━┓
┃ Metric                    ┃ Value ┃
┡━━━━━━━━━━━━━━━━━━━━━━━━━━━╇━━━━━━━┩
│ train/skipped_empty_batch │ 1     │
└───────────────────────────┴───────┘
tinker_cookbook.utils.ml_log:192 [INFO] Wrote metrics to logs/sweep-rollouts/llama-rlct-nr128/metrics.jsonl
tinker_cookbook.utils.ml_log:265 [INFO] 
               Step 34               
┏━━━━━━━━━━━━━━━━━━━━━━━━━━━┳━━━━━━━┓
┃ Metric                    ┃ Value ┃
┡━━━━━━━━━━━━━━━━━━━━━━━━━━━╇━━━━━━━┩
│ train/skipped_empty_batch │ 1     │
└───────────────────────────┴───────┘
tinker_cookbook.utils.ml_log:192 [INFO] Wrote metrics to logs/sweep-rollouts/llama-rlct-nr128/metrics.jsonl
tinker_cookbook.utils.ml_log:265 [INFO] 
                         Step 35                          
┏━━━━━━━━━━━━━━━━━━━━━━━━━━━━━━━━━━━━━━━┳━━━━━━━━━━━━━━━━┓
┃ Metric                                ┃ Value          ┃
┡━━━━━━━━━━━━━━━━━━━━━━━━━━━━━━━━━━━━━━━╇━━━━━━━━━━━━━━━━┩
│ optim/entropy                         │ 0.844762       │
│ optim/kl_sample_train_v1              │ 0.000211       │
│ optim/kl_sample_train_v2              │ 0.000681       │
│ train/advantage_abs_mean              │ 0.661438       │
│ train/anchor_reward_mean              │ 0.000000       │
│ train/anchor_reward_std               │ 0.000000       │
│ train/avg_response_length             │ 417.187500     │
│ train/consistency_gap_1               │ -0.013684      │
│ train/consistency_reward_mean         │ 0.001350       │
│ train/consistency_reward_std          │ 0.004526       │
│ train/epoch                           │ 0              │
│ train/kl_policy_base                  │ 0.120759       │
│ train/n_anchor_rollouts               │ 0              │
│ train/n_consistency_rollouts          │ 16             │
│ train/n_ref_parsed                    │ 100            │
│ train/n_training_parsed               │ 114            │
│ train/p_hat_1                         │ 0.026316       │
│ train/p_ref                           │ 0.040000       │
│ train/parse_rate                      │ 0.835938       │
│ train/rate_var                        │ 0.000047       │
│ train/reward_pert1_trait0_count       │ 14             │
│ train/reward_pert1_trait0_mean        │ -0.000360      │
│ train/reward_pert1_trait1_count       │ 2              │
│ train/reward_pert1_trait1_mean        │ 0.013324       │
│ train/train/clock_cycle:unique        │ 2415656.000000 │
│ train/train/loss:sum                  │ -226.352264    │
│ train/train/ppo_clipped_fraction:mean │ 0.260520       │
│ train/train/ppo_kl_div:mean           │ 0.911319       │
│ train/train/ppo_mean_ratio:mean       │ 0.785615       │
└───────────────────────────────────────┴────────────────┘
tinker_cookbook.utils.ml_log:192 [INFO] Wrote metrics to logs/sweep-rollouts/llama-rlct-nr128/metrics.jsonl
tinker_cookbook.utils.ml_log:265 [INFO] 
                         Step 36                          
┏━━━━━━━━━━━━━━━━━━━━━━━━━━━━━━━━━━━━━━━┳━━━━━━━━━━━━━━━━┓
┃ Metric                                ┃ Value          ┃
┡━━━━━━━━━━━━━━━━━━━━━━━━━━━━━━━━━━━━━━━╇━━━━━━━━━━━━━━━━┩
│ optim/entropy                         │ 0.566438       │
│ optim/kl_sample_train_v1              │ 0.000106       │
│ optim/kl_sample_train_v2              │ 0.000492       │
│ train/advantage_abs_mean              │ 0.484123       │
│ train/anchor_reward_mean              │ 0.000000       │
│ train/anchor_reward_std               │ 0.000000       │
│ train/avg_response_length             │ 337.812500     │
│ train/consistency_gap_1               │ 0.004791       │
│ train/consistency_reward_mean         │ 0.000033       │
│ train/consistency_reward_std          │ 0.001160       │
│ train/epoch                           │ 0              │
│ train/kl_policy_base                  │ 0.121405       │
│ train/n_anchor_rollouts               │ 0              │
│ train/n_consistency_rollouts          │ 16             │
│ train/n_ref_parsed                    │ 93             │
│ train/n_training_parsed               │ 101            │
│ train/p_hat_1                         │ 0.069307       │
│ train/p_ref                           │ 0.064516       │
│ train/parse_rate                      │ 0.757812       │
│ train/rate_var                        │ 0.000006       │
│ train/reward_pert1_trait0_count       │ 15             │
│ train/reward_pert1_trait0_mean        │ 0.000332       │
│ train/reward_pert1_trait1_count       │ 1              │
│ train/reward_pert1_trait1_mean        │ -0.004459      │
│ train/train/clock_cycle:unique        │ 2415696.000000 │
│ train/train/loss:sum                  │ -159.839783    │
│ train/train/ppo_clipped_fraction:mean │ 0.172318       │
│ train/train/ppo_kl_div:mean           │ 0.704389       │
│ train/train/ppo_mean_ratio:mean       │ 0.854864       │
└───────────────────────────────────────┴────────────────┘
tinker_cookbook.utils.ml_log:192 [INFO] Wrote metrics to logs/sweep-rollouts/llama-rlct-nr128/metrics.jsonl
tinker_cookbook.utils.ml_log:265 [INFO] 
               Step 37               
┏━━━━━━━━━━━━━━━━━━━━━━━━━━━┳━━━━━━━┓
┃ Metric                    ┃ Value ┃
┡━━━━━━━━━━━━━━━━━━━━━━━━━━━╇━━━━━━━┩
│ train/skipped_empty_batch │ 1     │
└───────────────────────────┴───────┘
tinker_cookbook.utils.ml_log:192 [INFO] Wrote metrics to logs/sweep-rollouts/llama-rlct-nr128/metrics.jsonl
tinker_cookbook.utils.ml_log:265 [INFO] 
               Step 38               
┏━━━━━━━━━━━━━━━━━━━━━━━━━━━┳━━━━━━━┓
┃ Metric                    ┃ Value ┃
┡━━━━━━━━━━━━━━━━━━━━━━━━━━━╇━━━━━━━┩
│ train/skipped_empty_batch │ 1     │
└───────────────────────────┴───────┘
tinker_cookbook.utils.ml_log:192 [INFO] Wrote metrics to logs/sweep-rollouts/llama-rlct-nr128/metrics.jsonl
tinker_cookbook.utils.ml_log:265 [INFO] 
               Step 39               
┏━━━━━━━━━━━━━━━━━━━━━━━━━━━┳━━━━━━━┓
┃ Metric                    ┃ Value ┃
┡━━━━━━━━━━━━━━━━━━━━━━━━━━━╇━━━━━━━┩
│ train/skipped_empty_batch │ 1     │
└───────────────────────────┴───────┘
tinker_cookbook.utils.ml_log:192 [INFO] Wrote metrics to logs/sweep-rollouts/llama-rlct-nr128/metrics.jsonl
tinker_cookbook.utils.ml_log:265 [INFO] 
               Step 40               
┏━━━━━━━━━━━━━━━━━━━━━━━━━━━┳━━━━━━━┓
┃ Metric                    ┃ Value ┃
┡━━━━━━━━━━━━━━━━━━━━━━━━━━━╇━━━━━━━┩
│ train/skipped_empty_batch │ 1     │
└───────────────────────────┴───────┘
tinker_cookbook.utils.ml_log:192 [INFO] Wrote metrics to logs/sweep-rollouts/llama-rlct-nr128/metrics.jsonl
tinker_cookbook.utils.ml_log:265 [INFO] 
               Step 41               
┏━━━━━━━━━━━━━━━━━━━━━━━━━━━┳━━━━━━━┓
┃ Metric                    ┃ Value ┃
┡━━━━━━━━━━━━━━━━━━━━━━━━━━━╇━━━━━━━┩
│ train/skipped_empty_batch │ 1     │
└───────────────────────────┴───────┘
tinker_cookbook.utils.ml_log:192 [INFO] Wrote metrics to logs/sweep-rollouts/llama-rlct-nr128/metrics.jsonl
tinker_cookbook.utils.ml_log:265 [INFO] 
               Step 42               
┏━━━━━━━━━━━━━━━━━━━━━━━━━━━┳━━━━━━━┓
┃ Metric                    ┃ Value ┃
┡━━━━━━━━━━━━━━━━━━━━━━━━━━━╇━━━━━━━┩
│ train/skipped_empty_batch │ 1     │
└───────────────────────────┴───────┘
tinker_cookbook.utils.ml_log:192 [INFO] Wrote metrics to logs/sweep-rollouts/llama-rlct-nr128/metrics.jsonl
tinker_cookbook.utils.ml_log:265 [INFO] 
                         Step 43                          
┏━━━━━━━━━━━━━━━━━━━━━━━━━━━━━━━━━━━━━━━┳━━━━━━━━━━━━━━━━┓
┃ Metric                                ┃ Value          ┃
┡━━━━━━━━━━━━━━━━━━━━━━━━━━━━━━━━━━━━━━━╇━━━━━━━━━━━━━━━━┩
│ optim/entropy                         │ 0.593278       │
│ optim/kl_sample_train_v1              │ 0.000612       │
│ optim/kl_sample_train_v2              │ 0.000554       │
│ train/advantage_abs_mean              │ 0.992157       │
│ train/anchor_reward_mean              │ 0.000000       │
│ train/anchor_reward_std               │ 0.000000       │
│ train/avg_response_length             │ 361.062500     │
│ train/consistency_gap_1               │ -0.107225      │
│ train/consistency_reward_mean         │ -0.013403      │
│ train/consistency_reward_std          │ 0.053192       │
│ train/epoch                           │ 0              │
│ train/kl_policy_base                  │ 0.128573       │
│ train/n_anchor_rollouts               │ 0              │
│ train/n_consistency_rollouts          │ 16             │
│ train/n_ref_parsed                    │ 109            │
│ train/n_training_parsed               │ 112            │
│ train/p_hat_1                         │ 0.562500       │
│ train/p_ref                           │ 0.669725       │
│ train/parse_rate                      │ 0.863281       │
│ train/rate_var                        │ 0.002874       │
│ train/reward_pert1_trait0_count       │ 9              │
│ train/reward_pert1_trait0_mean        │ -0.060314      │
│ train/reward_pert1_trait1_count       │ 7              │
│ train/reward_pert1_trait1_mean        │ 0.046911       │
│ train/train/clock_cycle:unique        │ 2415907.000000 │
│ train/train/loss:sum                  │ 469.788391     │
│ train/train/ppo_clipped_fraction:mean │ 0.344914       │
│ train/train/ppo_kl_div:mean           │ 1.296800       │
│ train/train/ppo_mean_ratio:mean       │ 0.708679       │
└───────────────────────────────────────┴────────────────┘
tinker_cookbook.utils.ml_log:192 [INFO] Wrote metrics to logs/sweep-rollouts/llama-rlct-nr128/metrics.jsonl
tinker_cookbook.utils.ml_log:265 [INFO] 
                         Step 44                          
┏━━━━━━━━━━━━━━━━━━━━━━━━━━━━━━━━━━━━━━━┳━━━━━━━━━━━━━━━━┓
┃ Metric                                ┃ Value          ┃
┡━━━━━━━━━━━━━━━━━━━━━━━━━━━━━━━━━━━━━━━╇━━━━━━━━━━━━━━━━┩
│ optim/entropy                         │ 0.801964       │
│ optim/kl_sample_train_v1              │ 0.001130       │
│ optim/kl_sample_train_v2              │ 0.000630       │
│ train/advantage_abs_mean              │ 0.992157       │
│ train/anchor_reward_mean              │ 0.000000       │
│ train/anchor_reward_std               │ 0.000000       │
│ train/avg_response_length             │ 488.312500     │
│ train/consistency_gap_1               │ 0.048906       │
│ train/consistency_reward_mean         │ -0.009752      │
│ train/consistency_reward_std          │ 0.024261       │
│ train/epoch                           │ 0              │
│ train/kl_policy_base                  │ 0.143094       │
│ train/n_anchor_rollouts               │ 0              │
│ train/n_consistency_rollouts          │ 16             │
│ train/n_ref_parsed                    │ 111            │
│ train/n_training_parsed               │ 42             │
│ train/p_hat_1                         │ 0.238095       │
│ train/p_ref                           │ 0.189189       │
│ train/parse_rate                      │ 0.597656       │
│ train/rate_var                        │ 0.000598       │
│ train/reward_pert1_trait0_count       │ 9              │
│ train/reward_pert1_trait0_mean        │ 0.011644       │
│ train/reward_pert1_trait1_count       │ 7              │
│ train/reward_pert1_trait1_mean        │ -0.037262      │
│ train/train/clock_cycle:unique        │ 2415954.000000 │
│ train/train/loss:sum                  │ 71.925659      │
│ train/train/ppo_clipped_fraction:mean │ 0.190195       │
│ train/train/ppo_kl_div:mean           │ 0.728670       │
│ train/train/ppo_mean_ratio:mean       │ 0.839667       │
└───────────────────────────────────────┴────────────────┘
tinker_cookbook.utils.ml_log:192 [INFO] Wrote metrics to logs/sweep-rollouts/llama-rlct-nr128/metrics.jsonl
tinker_cookbook.utils.ml_log:265 [INFO] 
               Step 45               
┏━━━━━━━━━━━━━━━━━━━━━━━━━━━┳━━━━━━━┓
┃ Metric                    ┃ Value ┃
┡━━━━━━━━━━━━━━━━━━━━━━━━━━━╇━━━━━━━┩
│ train/skipped_empty_batch │ 1     │
└───────────────────────────┴───────┘
tinker_cookbook.utils.ml_log:192 [INFO] Wrote metrics to logs/sweep-rollouts/llama-rlct-nr128/metrics.jsonl
tinker_cookbook.utils.ml_log:265 [INFO] 
                         Step 46                          
┏━━━━━━━━━━━━━━━━━━━━━━━━━━━━━━━━━━━━━━━┳━━━━━━━━━━━━━━━━┓
┃ Metric                                ┃ Value          ┃
┡━━━━━━━━━━━━━━━━━━━━━━━━━━━━━━━━━━━━━━━╇━━━━━━━━━━━━━━━━┩
│ optim/entropy                         │ 0.631422       │
│ optim/kl_sample_train_v1              │ -0.000108      │
│ optim/kl_sample_train_v2              │ 0.000566       │
│ train/advantage_abs_mean              │ 0.484123       │
│ train/anchor_reward_mean              │ 0.000000       │
│ train/anchor_reward_std               │ 0.000000       │
│ train/avg_response_length             │ 308.312500     │
│ train/consistency_gap_1               │ 0.061538       │
│ train/consistency_reward_mean         │ -0.000059      │
│ train/consistency_reward_std          │ 0.014896       │
│ train/epoch                           │ 0              │
│ train/kl_policy_base                  │ 0.214373       │
│ train/n_anchor_rollouts               │ 0              │
│ train/n_consistency_rollouts          │ 16             │
│ train/n_ref_parsed                    │ 114            │
│ train/n_training_parsed               │ 65             │
│ train/p_hat_1                         │ 0.061538       │
│ train/p_ref                           │ 0.000000       │
│ train/parse_rate                      │ 0.699219       │
│ train/rate_var                        │ 0.000947       │
│ train/reward_pert1_trait0_count       │ 15             │
│ train/reward_pert1_trait0_mean        │ 0.003787       │
│ train/reward_pert1_trait1_count       │ 1              │
│ train/reward_pert1_trait1_mean        │ -0.057751      │
│ train/train/clock_cycle:unique        │ 2416018.000000 │
│ train/train/loss:sum                  │ 11.522316      │
│ train/train/ppo_clipped_fraction:mean │ 0.235117       │
│ train/train/ppo_kl_div:mean           │ 1.032124       │
│ train/train/ppo_mean_ratio:mean       │ 0.795456       │
└───────────────────────────────────────┴────────────────┘
tinker_cookbook.utils.ml_log:192 [INFO] Wrote metrics to logs/sweep-rollouts/llama-rlct-nr128/metrics.jsonl
tinker_cookbook.utils.ml_log:265 [INFO] 
               Step 47               
┏━━━━━━━━━━━━━━━━━━━━━━━━━━━┳━━━━━━━┓
┃ Metric                    ┃ Value ┃
┡━━━━━━━━━━━━━━━━━━━━━━━━━━━╇━━━━━━━┩
│ train/skipped_empty_batch │ 1     │
└───────────────────────────┴───────┘
tinker_cookbook.utils.ml_log:192 [INFO] Wrote metrics to logs/sweep-rollouts/llama-rlct-nr128/metrics.jsonl
tinker_cookbook.utils.ml_log:265 [INFO] 
                         Step 48                          
┏━━━━━━━━━━━━━━━━━━━━━━━━━━━━━━━━━━━━━━━┳━━━━━━━━━━━━━━━━┓
┃ Metric                                ┃ Value          ┃
┡━━━━━━━━━━━━━━━━━━━━━━━━━━━━━━━━━━━━━━━╇━━━━━━━━━━━━━━━━┩
│ optim/entropy                         │ 0.992449       │
│ optim/kl_sample_train_v1              │ 0.001144       │
│ optim/kl_sample_train_v2              │ 0.000660       │
│ train/advantage_abs_mean              │ 0.484123       │
│ train/anchor_reward_mean              │ 0.000000       │
│ train/anchor_reward_std               │ 0.000000       │
│ train/avg_response_length             │ 317.687500     │
│ train/consistency_gap_1               │ 0.036804       │
│ train/consistency_reward_mean         │ -0.000300      │
│ train/consistency_reward_std          │ 0.008909       │
│ train/epoch                           │ 0              │
│ train/kl_policy_base                  │ 0.151287       │
│ train/n_anchor_rollouts               │ 0              │
│ train/n_consistency_rollouts          │ 16             │
│ train/n_ref_parsed                    │ 114            │
│ train/n_training_parsed               │ 92             │
│ train/p_hat_1                         │ 0.054348       │
│ train/p_ref                           │ 0.017544       │
│ train/parse_rate                      │ 0.804688       │
│ train/rate_var                        │ 0.000339       │
│ train/reward_pert1_trait0_count       │ 15             │
│ train/reward_pert1_trait0_mean        │ 0.002000       │
│ train/reward_pert1_trait1_count       │ 1              │
│ train/reward_pert1_trait1_mean        │ -0.034804      │
│ train/train/clock_cycle:unique        │ 2416061.000000 │
│ train/train/loss:sum                  │ -165.955379    │
│ train/train/ppo_clipped_fraction:mean │ 0.165611       │
│ train/train/ppo_kl_div:mean           │ 0.842433       │
│ train/train/ppo_mean_ratio:mean       │ 0.856280       │
└───────────────────────────────────────┴────────────────┘
tinker_cookbook.utils.ml_log:192 [INFO] Wrote metrics to logs/sweep-rollouts/llama-rlct-nr128/metrics.jsonl
tinker_cookbook.utils.ml_log:265 [INFO] 
                         Step 49                          
┏━━━━━━━━━━━━━━━━━━━━━━━━━━━━━━━━━━━━━━━┳━━━━━━━━━━━━━━━━┓
┃ Metric                                ┃ Value          ┃
┡━━━━━━━━━━━━━━━━━━━━━━━━━━━━━━━━━━━━━━━╇━━━━━━━━━━━━━━━━┩
│ optim/entropy                         │ 0.615936       │
│ optim/kl_sample_train_v1              │ -0.000065      │
│ optim/kl_sample_train_v2              │ 0.000498       │
│ train/advantage_abs_mean              │ 0.661438       │
│ train/anchor_reward_mean              │ 0.000000       │
│ train/anchor_reward_std               │ 0.000000       │
│ train/avg_response_length             │ 212.187500     │
│ train/consistency_gap_1               │ -0.009585      │
│ train/consistency_reward_mean         │ 0.000215       │
│ train/consistency_reward_std          │ 0.003170       │
│ train/epoch                           │ 0              │
│ train/kl_policy_base                  │ 0.113249       │
│ train/n_anchor_rollouts               │ 0              │
│ train/n_consistency_rollouts          │ 16             │
│ train/n_ref_parsed                    │ 107            │
│ train/n_training_parsed               │ 117            │
│ train/p_hat_1                         │ 0.102564       │
│ train/p_ref                           │ 0.112150       │
│ train/parse_rate                      │ 0.875000       │
│ train/rate_var                        │ 0.000023       │
│ train/reward_pert1_trait0_count       │ 14             │
│ train/reward_pert1_trait0_mean        │ -0.000983      │
│ train/reward_pert1_trait1_count       │ 2              │
│ train/reward_pert1_trait1_mean        │ 0.008602       │
│ train/train/clock_cycle:unique        │ 2416078.000000 │
│ train/train/loss:sum                  │ -393.275368    │
│ train/train/ppo_clipped_fraction:mean │ 0.234988       │
│ train/train/ppo_kl_div:mean           │ 0.912664       │
│ train/train/ppo_mean_ratio:mean       │ 0.804386       │
└───────────────────────────────────────┴────────────────┘
tinker_cookbook.utils.ml_log:192 [INFO] Wrote metrics to logs/sweep-rollouts/llama-rlct-nr128/metrics.jsonl
tinker_cookbook.utils.ml_log:265 [INFO] 
                         Step 50                          
┏━━━━━━━━━━━━━━━━━━━━━━━━━━━━━━━━━━━━━━━┳━━━━━━━━━━━━━━━━┓
┃ Metric                                ┃ Value          ┃
┡━━━━━━━━━━━━━━━━━━━━━━━━━━━━━━━━━━━━━━━╇━━━━━━━━━━━━━━━━┩
│ optim/entropy                         │ 0.723361       │
│ optim/kl_sample_train_v1              │ 0.000977       │
│ optim/kl_sample_train_v2              │ 0.000679       │
│ train/advantage_abs_mean              │ 0.992157       │
│ train/anchor_reward_mean              │ 0.000000       │
│ train/anchor_reward_std               │ 0.000000       │
│ train/avg_response_length             │ 352.750000     │
│ train/consistency_gap_1               │ 0.172924       │
│ train/consistency_reward_mean         │ -0.019175      │
│ train/consistency_reward_std          │ 0.085784       │
│ train/epoch                           │ 0              │
│ train/kl_policy_base                  │ 0.119731       │
│ train/n_anchor_rollouts               │ 0              │
│ train/n_consistency_rollouts          │ 16             │
│ train/n_ref_parsed                    │ 122            │
│ train/n_training_parsed               │ 124            │
│ train/p_hat_1                         │ 0.451613       │
│ train/p_ref                           │ 0.278689       │
│ train/parse_rate                      │ 0.960938       │
│ train/rate_var                        │ 0.007476       │
│ train/reward_pert1_trait0_count       │ 7              │
│ train/reward_pert1_trait0_mean        │ 0.078095       │
│ train/reward_pert1_trait1_count       │ 9              │
│ train/reward_pert1_trait1_mean        │ -0.094829      │
│ train/train/clock_cycle:unique        │ 2416098.000000 │
│ train/train/loss:sum                  │ -175.601562    │
│ train/train/ppo_clipped_fraction:mean │ 0.273019       │
│ train/train/ppo_kl_div:mean           │ 0.951156       │
│ train/train/ppo_mean_ratio:mean       │ 0.783337       │
└───────────────────────────────────────┴────────────────┘
tinker_cookbook.utils.ml_log:192 [INFO] Wrote metrics to logs/sweep-rollouts/llama-rlct-nr128/metrics.jsonl
tinker_cookbook.utils.ml_log:265 [INFO] 
               Step 51               
┏━━━━━━━━━━━━━━━━━━━━━━━━━━━┳━━━━━━━┓
┃ Metric                    ┃ Value ┃
┡━━━━━━━━━━━━━━━━━━━━━━━━━━━╇━━━━━━━┩
│ train/skipped_empty_batch │ 1     │
└───────────────────────────┴───────┘
tinker_cookbook.utils.ml_log:192 [INFO] Wrote metrics to logs/sweep-rollouts/llama-rlct-nr128/metrics.jsonl
tinker_cookbook.utils.ml_log:265 [INFO] 
               Step 52               
┏━━━━━━━━━━━━━━━━━━━━━━━━━━━┳━━━━━━━┓
┃ Metric                    ┃ Value ┃
┡━━━━━━━━━━━━━━━━━━━━━━━━━━━╇━━━━━━━┩
│ train/skipped_empty_batch │ 1     │
└───────────────────────────┴───────┘
tinker_cookbook.utils.ml_log:192 [INFO] Wrote metrics to logs/sweep-rollouts/llama-rlct-nr128/metrics.jsonl
tinker_cookbook.utils.ml_log:265 [INFO] 
                         Step 53                          
┏━━━━━━━━━━━━━━━━━━━━━━━━━━━━━━━━━━━━━━━┳━━━━━━━━━━━━━━━━┓
┃ Metric                                ┃ Value          ┃
┡━━━━━━━━━━━━━━━━━━━━━━━━━━━━━━━━━━━━━━━╇━━━━━━━━━━━━━━━━┩
│ optim/entropy                         │ 0.484242       │
│ optim/kl_sample_train_v1              │ 0.001233       │
│ optim/kl_sample_train_v2              │ 0.000452       │
│ train/advantage_abs_mean              │ 0.866025       │
│ train/anchor_reward_mean              │ 0.000000       │
│ train/anchor_reward_std               │ 0.000000       │
│ train/avg_response_length             │ 315.750000     │
│ train/consistency_gap_1               │ 0.026287       │
│ train/consistency_reward_mean         │ 0.000319       │
│ train/consistency_reward_std          │ 0.011383       │
│ train/epoch                           │ 0              │
│ train/kl_policy_base                  │ 0.083638       │
│ train/n_anchor_rollouts               │ 0              │
│ train/n_consistency_rollouts          │ 16             │
│ train/n_ref_parsed                    │ 106            │
│ train/n_training_parsed               │ 103            │
│ train/p_hat_1                         │ 0.262136       │
│ train/p_ref                           │ 0.235849       │
│ train/parse_rate                      │ 0.816406       │
│ train/rate_var                        │ 0.000173       │
│ train/reward_pert1_trait0_count       │ 12             │
│ train/reward_pert1_trait0_mean        │ 0.006891       │
│ train/reward_pert1_trait1_count       │ 4              │
│ train/reward_pert1_trait1_mean        │ -0.019396      │
│ train/train/clock_cycle:unique        │ 2416101.000000 │
│ train/train/loss:sum                  │ 173.458847     │
│ train/train/ppo_clipped_fraction:mean │ 0.208181       │
│ train/train/ppo_kl_div:mean           │ 0.735682       │
│ train/train/ppo_mean_ratio:mean       │ 0.837423       │
└───────────────────────────────────────┴────────────────┘
tinker_cookbook.utils.ml_log:192 [INFO] Wrote metrics to logs/sweep-rollouts/llama-rlct-nr128/metrics.jsonl
tinker_cookbook.utils.ml_log:265 [INFO] 
                         Step 54                          
┏━━━━━━━━━━━━━━━━━━━━━━━━━━━━━━━━━━━━━━━┳━━━━━━━━━━━━━━━━┓
┃ Metric                                ┃ Value          ┃
┡━━━━━━━━━━━━━━━━━━━━━━━━━━━━━━━━━━━━━━━╇━━━━━━━━━━━━━━━━┩
│ optim/entropy                         │ 0.560947       │
│ optim/kl_sample_train_v1              │ 0.000680       │
│ optim/kl_sample_train_v2              │ 0.000523       │
│ train/advantage_abs_mean              │ 0.992157       │
│ train/anchor_reward_mean              │ 0.000000       │
│ train/anchor_reward_std               │ 0.000000       │
│ train/avg_response_length             │ 250.437500     │
│ train/consistency_gap_1               │ 0.018487       │
│ train/consistency_reward_mean         │ -0.004049      │
│ train/consistency_reward_std          │ 0.009171       │
│ train/epoch                           │ 0              │
│ train/kl_policy_base                  │ 0.129669       │
│ train/n_anchor_rollouts               │ 0              │
│ train/n_consistency_rollouts          │ 16             │
│ train/n_ref_parsed                    │ 120            │
│ train/n_training_parsed               │ 119            │
│ train/p_hat_1                         │ 0.218487       │
│ train/p_ref                           │ 0.200000       │
│ train/parse_rate                      │ 0.933594       │
│ train/rate_var                        │ 0.000085       │
│ train/reward_pert1_trait0_count       │ 9              │
│ train/reward_pert1_trait0_mean        │ 0.004039       │
│ train/reward_pert1_trait1_count       │ 7              │
│ train/reward_pert1_trait1_mean        │ -0.014448      │
│ train/train/clock_cycle:unique        │ 2416104.000000 │
│ train/train/loss:sum                  │ -83.460175     │
│ train/train/ppo_clipped_fraction:mean │ 0.276817       │
│ train/train/ppo_kl_div:mean           │ 0.923559       │
│ train/train/ppo_mean_ratio:mean       │ 0.777187       │
└───────────────────────────────────────┴────────────────┘
tinker_cookbook.utils.ml_log:192 [INFO] Wrote metrics to logs/sweep-rollouts/llama-rlct-nr128/metrics.jsonl
tinker_cookbook.utils.ml_log:265 [INFO] 
                         Step 55                          
┏━━━━━━━━━━━━━━━━━━━━━━━━━━━━━━━━━━━━━━━┳━━━━━━━━━━━━━━━━┓
┃ Metric                                ┃ Value          ┃
┡━━━━━━━━━━━━━━━━━━━━━━━━━━━━━━━━━━━━━━━╇━━━━━━━━━━━━━━━━┩
│ optim/entropy                         │ 0.667428       │
│ optim/kl_sample_train_v1              │ 0.000831       │
│ optim/kl_sample_train_v2              │ 0.000621       │
│ train/advantage_abs_mean              │ 0.661438       │
│ train/anchor_reward_mean              │ 0.000000       │
│ train/anchor_reward_std               │ 0.000000       │
│ train/avg_response_length             │ 278.625000     │
│ train/consistency_gap_1               │ -0.001705      │
│ train/consistency_reward_mean         │ -0.000144      │
│ train/consistency_reward_std          │ 0.000564       │
│ train/epoch                           │ 0              │
│ train/kl_policy_base                  │ 0.097604       │
│ train/n_anchor_rollouts               │ 0              │
│ train/n_consistency_rollouts          │ 16             │
│ train/n_ref_parsed                    │ 123            │
│ train/n_training_parsed               │ 124            │
│ train/p_hat_1                         │ 0.209677       │
│ train/p_ref                           │ 0.211382       │
│ train/parse_rate                      │ 0.964844       │
│ train/rate_var                        │ 0.000001       │
│ train/reward_pert1_trait0_count       │ 14             │
│ train/reward_pert1_trait0_mean        │ -0.000357      │
│ train/reward_pert1_trait1_count       │ 2              │
│ train/reward_pert1_trait1_mean        │ 0.001347       │
│ train/train/clock_cycle:unique        │ 2416107.000000 │
│ train/train/loss:sum                  │ -160.201080    │
│ train/train/ppo_clipped_fraction:mean │ 0.244995       │
│ train/train/ppo_kl_div:mean           │ 0.889714       │
│ train/train/ppo_mean_ratio:mean       │ 0.796768       │
└───────────────────────────────────────┴────────────────┘
tinker_cookbook.utils.ml_log:192 [INFO] Wrote metrics to logs/sweep-rollouts/llama-rlct-nr128/metrics.jsonl
tinker_cookbook.utils.ml_log:265 [INFO] 
                         Step 56                          
┏━━━━━━━━━━━━━━━━━━━━━━━━━━━━━━━━━━━━━━━┳━━━━━━━━━━━━━━━━┓
┃ Metric                                ┃ Value          ┃
┡━━━━━━━━━━━━━━━━━━━━━━━━━━━━━━━━━━━━━━━╇━━━━━━━━━━━━━━━━┩
│ optim/entropy                         │ 0.820892       │
│ optim/kl_sample_train_v1              │ 0.000126       │
│ optim/kl_sample_train_v2              │ 0.000633       │
│ train/advantage_abs_mean              │ 0.968246       │
│ train/anchor_reward_mean              │ 0.000000       │
│ train/anchor_reward_std               │ 0.000000       │
│ train/avg_response_length             │ 302.812500     │
│ train/consistency_gap_1               │ 0.104283       │
│ train/consistency_reward_mean         │ -0.013934      │
│ train/consistency_reward_std          │ 0.050486       │
│ train/epoch                           │ 0              │
│ train/kl_policy_base                  │ 0.079677       │
│ train/n_anchor_rollouts               │ 0              │
│ train/n_consistency_rollouts          │ 16             │
│ train/n_ref_parsed                    │ 124            │
│ train/n_training_parsed               │ 116            │
│ train/p_hat_1                         │ 0.241379       │
│ train/p_ref                           │ 0.137097       │
│ train/parse_rate                      │ 0.937500       │
│ train/rate_var                        │ 0.002719       │
│ train/reward_pert1_trait0_count       │ 10             │
│ train/reward_pert1_trait0_mean        │ 0.025172       │
│ train/reward_pert1_trait1_count       │ 6              │
│ train/reward_pert1_trait1_mean        │ -0.079111      │
│ train/train/clock_cycle:unique        │ 2416119.000000 │
│ train/train/loss:sum                  │ 233.166916     │
│ train/train/ppo_clipped_fraction:mean │ 0.212648       │
│ train/train/ppo_kl_div:mean           │ 0.888899       │
│ train/train/ppo_mean_ratio:mean       │ 0.822070       │
└───────────────────────────────────────┴────────────────┘
tinker_cookbook.utils.ml_log:192 [INFO] Wrote metrics to logs/sweep-rollouts/llama-rlct-nr128/metrics.jsonl
tinker_cookbook.utils.ml_log:265 [INFO] 
               Step 57               
┏━━━━━━━━━━━━━━━━━━━━━━━━━━━┳━━━━━━━┓
┃ Metric                    ┃ Value ┃
┡━━━━━━━━━━━━━━━━━━━━━━━━━━━╇━━━━━━━┩
│ train/skipped_empty_batch │ 1     │
└───────────────────────────┴───────┘
tinker_cookbook.utils.ml_log:192 [INFO] Wrote metrics to logs/sweep-rollouts/llama-rlct-nr128/metrics.jsonl
tinker_cookbook.utils.ml_log:265 [INFO] 
                         Step 58                          
┏━━━━━━━━━━━━━━━━━━━━━━━━━━━━━━━━━━━━━━━┳━━━━━━━━━━━━━━━━┓
┃ Metric                                ┃ Value          ┃
┡━━━━━━━━━━━━━━━━━━━━━━━━━━━━━━━━━━━━━━━╇━━━━━━━━━━━━━━━━┩
│ optim/entropy                         │ 0.585476       │
│ optim/kl_sample_train_v1              │ 0.000649       │
│ optim/kl_sample_train_v2              │ 0.000566       │
│ train/advantage_abs_mean              │ 0.661438       │
│ train/anchor_reward_mean              │ 0.000000       │
│ train/anchor_reward_std               │ 0.000000       │
│ train/avg_response_length             │ 212.750000     │
│ train/consistency_gap_1               │ -0.080221      │
│ train/consistency_reward_mean         │ 0.008147       │
│ train/consistency_reward_std          │ 0.026531       │
│ train/epoch                           │ 0              │
│ train/kl_policy_base                  │ 0.115070       │
│ train/n_anchor_rollouts               │ 0              │
│ train/n_consistency_rollouts          │ 16             │
│ train/n_ref_parsed                    │ 123            │
│ train/n_training_parsed               │ 128            │
│ train/p_hat_1                         │ 0.773438       │
│ train/p_ref                           │ 0.853659       │
│ train/parse_rate                      │ 0.980469       │
│ train/rate_var                        │ 0.001609       │
│ train/reward_pert1_trait0_count       │ 2              │
│ train/reward_pert1_trait0_mean        │ -0.062046      │
│ train/reward_pert1_trait1_count       │ 14             │
│ train/reward_pert1_trait1_mean        │ 0.018175       │
│ train/train/clock_cycle:unique        │ 2416126.000000 │
│ train/train/loss:sum                  │ 231.234577     │
│ train/train/ppo_clipped_fraction:mean │ 0.317675       │
│ train/train/ppo_kl_div:mean           │ 1.313997       │
│ train/train/ppo_mean_ratio:mean       │ 0.732983       │
└───────────────────────────────────────┴────────────────┘
tinker_cookbook.utils.ml_log:192 [INFO] Wrote metrics to logs/sweep-rollouts/llama-rlct-nr128/metrics.jsonl
tinker_cookbook.utils.ml_log:265 [INFO] 
                         Step 59                          
┏━━━━━━━━━━━━━━━━━━━━━━━━━━━━━━━━━━━━━━━┳━━━━━━━━━━━━━━━━┓
┃ Metric                                ┃ Value          ┃
┡━━━━━━━━━━━━━━━━━━━━━━━━━━━━━━━━━━━━━━━╇━━━━━━━━━━━━━━━━┩
│ optim/entropy                         │ 0.722895       │
│ optim/kl_sample_train_v1              │ 0.000796       │
│ optim/kl_sample_train_v2              │ 0.000585       │
│ train/advantage_abs_mean              │ 0.968246       │
│ train/anchor_reward_mean              │ 0.000000       │
│ train/anchor_reward_std               │ 0.000000       │
│ train/avg_response_length             │ 274.625000     │
│ train/consistency_gap_1               │ 0.175745       │
│ train/consistency_reward_mean         │ -0.005141      │
│ train/consistency_reward_std          │ 0.085082       │
│ train/epoch                           │ 0              │
│ train/kl_policy_base                  │ 0.125164       │
│ train/n_anchor_rollouts               │ 0              │
│ train/n_consistency_rollouts          │ 16             │
│ train/n_ref_parsed                    │ 100            │
│ train/n_training_parsed               │ 94             │
│ train/p_hat_1                         │ 0.595745       │
│ train/p_ref                           │ 0.420000       │
│ train/parse_rate                      │ 0.757812       │
│ train/rate_var                        │ 0.007722       │
│ train/reward_pert1_trait0_count       │ 6              │
│ train/reward_pert1_trait0_mean        │ 0.104699       │
│ train/reward_pert1_trait1_count       │ 10             │
│ train/reward_pert1_trait1_mean        │ -0.071046      │
│ train/train/clock_cycle:unique        │ 2416129.000000 │
│ train/train/loss:sum                  │ 182.497406     │
│ train/train/ppo_clipped_fraction:mean │ 0.222416       │
│ train/train/ppo_kl_div:mean           │ 0.963987       │
│ train/train/ppo_mean_ratio:mean       │ 0.808016       │
└───────────────────────────────────────┴────────────────┘
tinker_cookbook.utils.ml_log:192 [INFO] Wrote metrics to logs/sweep-rollouts/llama-rlct-nr128/metrics.jsonl
tinker_cookbook.utils.ml_log:265 [INFO] 
               Step 60               
┏━━━━━━━━━━━━━━━━━━━━━━━━━━━┳━━━━━━━┓
┃ Metric                    ┃ Value ┃
┡━━━━━━━━━━━━━━━━━━━━━━━━━━━╇━━━━━━━┩
│ train/skipped_empty_batch │ 1     │
└───────────────────────────┴───────┘
tinker_cookbook.utils.ml_log:192 [INFO] Wrote metrics to logs/sweep-rollouts/llama-rlct-nr128/metrics.jsonl
tinker_cookbook.utils.ml_log:265 [INFO] 
                         Step 61                          
┏━━━━━━━━━━━━━━━━━━━━━━━━━━━━━━━━━━━━━━━┳━━━━━━━━━━━━━━━━┓
┃ Metric                                ┃ Value          ┃
┡━━━━━━━━━━━━━━━━━━━━━━━━━━━━━━━━━━━━━━━╇━━━━━━━━━━━━━━━━┩
│ optim/entropy                         │ 0.490159       │
│ optim/kl_sample_train_v1              │ 0.001155       │
│ optim/kl_sample_train_v2              │ 0.000540       │
│ train/advantage_abs_mean              │ 0.968246       │
│ train/anchor_reward_mean              │ 0.000000       │
│ train/anchor_reward_std               │ 0.000000       │
│ train/avg_response_length             │ 220.562500     │
│ train/consistency_gap_1               │ 0.038499       │
│ train/consistency_reward_mean         │ -0.008185      │
│ train/consistency_reward_std          │ 0.018638       │
│ train/epoch                           │ 0              │
│ train/kl_policy_base                  │ 0.127356       │
│ train/n_anchor_rollouts               │ 0              │
│ train/n_consistency_rollouts          │ 16             │
│ train/n_ref_parsed                    │ 113            │
│ train/n_training_parsed               │ 117            │
│ train/p_hat_1                         │ 0.162393       │
│ train/p_ref                           │ 0.123894       │
│ train/parse_rate                      │ 0.898438       │
│ train/rate_var                        │ 0.000371       │
│ train/reward_pert1_trait0_count       │ 10             │
│ train/reward_pert1_trait0_mean        │ 0.006252       │
│ train/reward_pert1_trait1_count       │ 6              │
│ train/reward_pert1_trait1_mean        │ -0.032247      │
│ train/train/clock_cycle:unique        │ 2416146.000000 │
│ train/train/loss:sum                  │ 198.698532     │
│ train/train/ppo_clipped_fraction:mean │ 0.315731       │
│ train/train/ppo_kl_div:mean           │ 1.099260       │
│ train/train/ppo_mean_ratio:mean       │ 0.746249       │
└───────────────────────────────────────┴────────────────┘
tinker_cookbook.utils.ml_log:192 [INFO] Wrote metrics to logs/sweep-rollouts/llama-rlct-nr128/metrics.jsonl
tinker_cookbook.utils.ml_log:265 [INFO] 
               Step 62               
┏━━━━━━━━━━━━━━━━━━━━━━━━━━━┳━━━━━━━┓
┃ Metric                    ┃ Value ┃
┡━━━━━━━━━━━━━━━━━━━━━━━━━━━╇━━━━━━━┩
│ train/skipped_empty_batch │ 1     │
└───────────────────────────┴───────┘
tinker_cookbook.utils.ml_log:192 [INFO] Wrote metrics to logs/sweep-rollouts/llama-rlct-nr128/metrics.jsonl
tinker_cookbook.utils.ml_log:265 [INFO] 
                         Step 63                          
┏━━━━━━━━━━━━━━━━━━━━━━━━━━━━━━━━━━━━━━━┳━━━━━━━━━━━━━━━━┓
┃ Metric                                ┃ Value          ┃
┡━━━━━━━━━━━━━━━━━━━━━━━━━━━━━━━━━━━━━━━╇━━━━━━━━━━━━━━━━┩
│ optim/entropy                         │ 0.934400       │
│ optim/kl_sample_train_v1              │ 0.001180       │
│ optim/kl_sample_train_v2              │ 0.000632       │
│ train/advantage_abs_mean              │ 0.968246       │
│ train/anchor_reward_mean              │ 0.000000       │
│ train/anchor_reward_std               │ 0.000000       │
│ train/avg_response_length             │ 463.875000     │
│ train/consistency_gap_1               │ 0.218272       │
│ train/consistency_reward_mean         │ -0.022568      │
│ train/consistency_reward_std          │ 0.105670       │
│ train/epoch                           │ 0              │
│ train/kl_policy_base                  │ 0.062716       │
│ train/n_anchor_rollouts               │ 0              │
│ train/n_consistency_rollouts          │ 16             │
│ train/n_ref_parsed                    │ 75             │
│ train/n_training_parsed               │ 81             │
│ train/p_hat_1                         │ 0.271605       │
│ train/p_ref                           │ 0.053333       │
│ train/parse_rate                      │ 0.609375       │
│ train/rate_var                        │ 0.011911       │
│ train/reward_pert1_trait0_count       │ 10             │
│ train/reward_pert1_trait0_mean        │ 0.059284       │
│ train/reward_pert1_trait1_count       │ 6              │
│ train/reward_pert1_trait1_mean        │ -0.158988      │
│ train/train/clock_cycle:unique        │ 2416198.000000 │
│ train/train/loss:sum                  │ -422.189091    │
│ train/train/ppo_clipped_fraction:mean │ 0.154989       │
│ train/train/ppo_kl_div:mean           │ 0.610405       │
│ train/train/ppo_mean_ratio:mean       │ 0.872031       │
└───────────────────────────────────────┴────────────────┘
tinker_cookbook.utils.ml_log:192 [INFO] Wrote metrics to logs/sweep-rollouts/llama-rlct-nr128/metrics.jsonl
tinker_cookbook.utils.ml_log:265 [INFO] 
                         Step 64                          
┏━━━━━━━━━━━━━━━━━━━━━━━━━━━━━━━━━━━━━━━┳━━━━━━━━━━━━━━━━┓
┃ Metric                                ┃ Value          ┃
┡━━━━━━━━━━━━━━━━━━━━━━━━━━━━━━━━━━━━━━━╇━━━━━━━━━━━━━━━━┩
│ optim/entropy                         │ 0.503367       │
│ optim/kl_sample_train_v1              │ 0.000566       │
│ optim/kl_sample_train_v2              │ 0.000521       │
│ train/advantage_abs_mean              │ 0.661438       │
│ train/anchor_reward_mean              │ 0.000000       │
│ train/anchor_reward_std               │ 0.000000       │
│ train/avg_response_length             │ 223.312500     │
│ train/consistency_gap_1               │ 0.036934       │
│ train/consistency_reward_mean         │ -0.000149      │
│ train/consistency_reward_std          │ 0.012215       │
│ train/epoch                           │ 0              │
│ train/kl_policy_base                  │ 0.174144       │
│ train/n_anchor_rollouts               │ 0              │
│ train/n_consistency_rollouts          │ 16             │
│ train/n_ref_parsed                    │ 119            │
│ train/n_training_parsed               │ 124            │
│ train/p_hat_1                         │ 0.120968       │
│ train/p_ref                           │ 0.084034       │
│ train/parse_rate                      │ 0.949219       │
│ train/rate_var                        │ 0.000341       │
│ train/reward_pert1_trait0_count       │ 14             │
│ train/reward_pert1_trait0_mean        │ 0.004468       │
│ train/reward_pert1_trait1_count       │ 2              │
│ train/reward_pert1_trait1_mean        │ -0.032466      │
│ train/train/clock_cycle:unique        │ 2416241.000000 │
│ train/train/loss:sum                  │ 83.413216      │
│ train/train/ppo_clipped_fraction:mean │ 0.303204       │
│ train/train/ppo_kl_div:mean           │ 1.118002       │
│ train/train/ppo_mean_ratio:mean       │ 0.751449       │
└───────────────────────────────────────┴────────────────┘
tinker_cookbook.checkpoint_utils:461 [INFO] Saved checkpoints: {'sampler_path': 'tinker://fc603be8-0551-5ae2-a4be-2abaa8376567:train:0/sampler_weights/sweep-rollouts_llama-rlct-nr128_step64'}
tinker_cookbook.utils.ml_log:192 [INFO] Wrote metrics to logs/sweep-rollouts/llama-rlct-nr128/metrics.jsonl
tinker_cookbook.utils.ml_log:265 [INFO] 
                                    Step 64                                     
┏━━━━━━━━━━━━━━━━━━━━━━┳━━━━━━━━━━━━━━━━━━━━━━━━━━━━━━━━━━━━━━━━━━━━━━━━━━━━━━━┓
┃ Metric               ┃ Value                                                 ┃
┡━━━━━━━━━━━━━━━━━━━━━━╇━━━━━━━━━━━━━━━━━━━━━━━━━━━━━━━━━━━━━━━━━━━━━━━━━━━━━━━┩
│ checkpoint           │ tinker://fc603be8-0551-5ae2-a4be-2abaa8376567:train:… │
└──────────────────────┴───────────────────────────────────────────────────────┘
tinker_cookbook.utils.ml_log:192 [INFO] Wrote metrics to logs/sweep-rollouts/llama-rlct-nr128/metrics.jsonl
tinker_cookbook.utils.ml_log:265 [INFO] 
                         Step 65                          
┏━━━━━━━━━━━━━━━━━━━━━━━━━━━━━━━━━━━━━━━┳━━━━━━━━━━━━━━━━┓
┃ Metric                                ┃ Value          ┃
┡━━━━━━━━━━━━━━━━━━━━━━━━━━━━━━━━━━━━━━━╇━━━━━━━━━━━━━━━━┩
│ optim/entropy                         │ 0.561891       │
│ optim/kl_sample_train_v1              │ 0.000695       │
│ optim/kl_sample_train_v2              │ 0.000657       │
│ train/advantage_abs_mean              │ 0.780625       │
│ train/anchor_reward_mean              │ 0.000000       │
│ train/anchor_reward_std               │ 0.000000       │
│ train/avg_response_length             │ 297.375000     │
│ train/consistency_gap_1               │ -0.260984      │
│ train/consistency_reward_mean         │ -0.014980      │
│ train/consistency_reward_std          │ 0.101865       │
│ train/epoch                           │ 0              │
│ train/kl_policy_base                  │ 0.215398       │
│ train/n_anchor_rollouts               │ 0              │
│ train/n_consistency_rollouts          │ 16             │
│ train/n_ref_parsed                    │ 85             │
│ train/n_training_parsed               │ 98             │
│ train/p_hat_1                         │ 0.244898       │
│ train/p_ref                           │ 0.505882       │
│ train/parse_rate                      │ 0.714844       │
│ train/rate_var                        │ 0.017028       │
│ train/reward_pert1_trait0_count       │ 13             │
│ train/reward_pert1_trait0_mean        │ -0.063915      │
│ train/reward_pert1_trait1_count       │ 3              │
│ train/reward_pert1_trait1_mean        │ 0.197070       │
│ train/train/clock_cycle:unique        │ 2416273.000000 │
│ train/train/loss:sum                  │ -166.780449    │
│ train/train/ppo_clipped_fraction:mean │ 0.421828       │
│ train/train/ppo_kl_div:mean           │ 1.407653       │
│ train/train/ppo_mean_ratio:mean       │ 0.658694       │
└───────────────────────────────────────┴────────────────┘
tinker_cookbook.utils.ml_log:192 [INFO] Wrote metrics to logs/sweep-rollouts/llama-rlct-nr128/metrics.jsonl
tinker_cookbook.utils.ml_log:265 [INFO] 
                         Step 66                          
┏━━━━━━━━━━━━━━━━━━━━━━━━━━━━━━━━━━━━━━━┳━━━━━━━━━━━━━━━━┓
┃ Metric                                ┃ Value          ┃
┡━━━━━━━━━━━━━━━━━━━━━━━━━━━━━━━━━━━━━━━╇━━━━━━━━━━━━━━━━┩
│ optim/entropy                         │ 0.835719       │
│ optim/kl_sample_train_v1              │ 0.001276       │
│ optim/kl_sample_train_v2              │ 0.000621       │
│ train/advantage_abs_mean              │ 0.661438       │
│ train/anchor_reward_mean              │ 0.000000       │
│ train/anchor_reward_std               │ 0.000000       │
│ train/avg_response_length             │ 337.375000     │
│ train/consistency_gap_1               │ 0.001120       │
│ train/consistency_reward_mean         │ -0.000096      │
│ train/consistency_reward_std          │ 0.000371       │
│ train/epoch                           │ 0              │
│ train/kl_policy_base                  │ 0.140049       │
│ train/n_anchor_rollouts               │ 0              │
│ train/n_consistency_rollouts          │ 16             │
│ train/n_ref_parsed                    │ 105            │
│ train/n_training_parsed               │ 102            │
│ train/p_hat_1                         │ 0.039216       │
│ train/p_ref                           │ 0.038095       │
│ train/parse_rate                      │ 0.808594       │
│ train/rate_var                        │ 0.000000       │
│ train/reward_pert1_trait0_count       │ 14             │
│ train/reward_pert1_trait0_mean        │ 0.000044       │
│ train/reward_pert1_trait1_count       │ 2              │
│ train/reward_pert1_trait1_mean        │ -0.001077      │
│ train/train/clock_cycle:unique        │ 2416302.000000 │
│ train/train/loss:sum                  │ -283.788185    │
│ train/train/ppo_clipped_fraction:mean │ 0.464479       │
│ train/train/ppo_kl_div:mean           │ 1.608560       │
│ train/train/ppo_mean_ratio:mean       │ 0.621898       │
└───────────────────────────────────────┴────────────────┘
tinker_cookbook.utils.ml_log:192 [INFO] Wrote metrics to logs/sweep-rollouts/llama-rlct-nr128/metrics.jsonl
tinker_cookbook.utils.ml_log:265 [INFO] 
               Step 67               
┏━━━━━━━━━━━━━━━━━━━━━━━━━━━┳━━━━━━━┓
┃ Metric                    ┃ Value ┃
┡━━━━━━━━━━━━━━━━━━━━━━━━━━━╇━━━━━━━┩
│ train/skipped_empty_batch │ 1     │
└───────────────────────────┴───────┘
tinker_cookbook.utils.ml_log:192 [INFO] Wrote metrics to logs/sweep-rollouts/llama-rlct-nr128/metrics.jsonl
tinker_cookbook.utils.ml_log:265 [INFO] 
                         Step 68                          
┏━━━━━━━━━━━━━━━━━━━━━━━━━━━━━━━━━━━━━━━┳━━━━━━━━━━━━━━━━┓
┃ Metric                                ┃ Value          ┃
┡━━━━━━━━━━━━━━━━━━━━━━━━━━━━━━━━━━━━━━━╇━━━━━━━━━━━━━━━━┩
│ optim/entropy                         │ 0.921205       │
│ optim/kl_sample_train_v1              │ -0.000051      │
│ optim/kl_sample_train_v2              │ 0.000593       │
│ train/advantage_abs_mean              │ 0.661438       │
│ train/anchor_reward_mean              │ 0.000000       │
│ train/anchor_reward_std               │ 0.000000       │
│ train/avg_response_length             │ 284.437500     │
│ train/consistency_gap_1               │ -0.005602      │
│ train/consistency_reward_mean         │ -0.000069      │
│ train/consistency_reward_std          │ 0.001853       │
│ train/epoch                           │ 0              │
│ train/kl_policy_base                  │ 0.133531       │
│ train/n_anchor_rollouts               │ 0              │
│ train/n_consistency_rollouts          │ 16             │
│ train/n_ref_parsed                    │ 63             │
│ train/n_training_parsed               │ 51             │
│ train/p_hat_1                         │ 0.137255       │
│ train/p_ref                           │ 0.142857       │
│ train/parse_rate                      │ 0.445312       │
│ train/rate_var                        │ 0.000008       │
│ train/reward_pert1_trait0_count       │ 14             │
│ train/reward_pert1_trait0_mean        │ -0.000769      │
│ train/reward_pert1_trait1_count       │ 2              │
│ train/reward_pert1_trait1_mean        │ 0.004833       │
│ train/train/clock_cycle:unique        │ 2416348.000000 │
│ train/train/loss:sum                  │ 493.222961     │
│ train/train/ppo_clipped_fraction:mean │ 0.205607       │
│ train/train/ppo_kl_div:mean           │ 0.741936       │
│ train/train/ppo_mean_ratio:mean       │ 0.829655       │
└───────────────────────────────────────┴────────────────┘
tinker_cookbook.utils.ml_log:192 [INFO] Wrote metrics to logs/sweep-rollouts/llama-rlct-nr128/metrics.jsonl
tinker_cookbook.utils.ml_log:265 [INFO] 
                         Step 69                          
┏━━━━━━━━━━━━━━━━━━━━━━━━━━━━━━━━━━━━━━━┳━━━━━━━━━━━━━━━━┓
┃ Metric                                ┃ Value          ┃
┡━━━━━━━━━━━━━━━━━━━━━━━━━━━━━━━━━━━━━━━╇━━━━━━━━━━━━━━━━┩
│ optim/entropy                         │ 1.265063       │
│ optim/kl_sample_train_v1              │ 0.000627       │
│ optim/kl_sample_train_v2              │ 0.000621       │
│ train/advantage_abs_mean              │ 0.661438       │
│ train/anchor_reward_mean              │ 0.000000       │
│ train/anchor_reward_std               │ 0.000000       │
│ train/avg_response_length             │ 257.875000     │
│ train/consistency_gap_1               │ 0.065676       │
│ train/consistency_reward_mean         │ -0.008417      │
│ train/consistency_reward_std          │ 0.021720       │
│ train/epoch                           │ 0              │
│ train/kl_policy_base                  │ 0.221898       │
│ train/n_anchor_rollouts               │ 0              │
│ train/n_consistency_rollouts          │ 16             │
│ train/n_ref_parsed                    │ 69             │
│ train/n_training_parsed               │ 79             │
│ train/p_hat_1                         │ 0.746835       │
│ train/p_ref                           │ 0.681159       │
│ train/parse_rate                      │ 0.578125       │
│ train/rate_var                        │ 0.001078       │
│ train/reward_pert1_trait0_count       │ 2              │
│ train/reward_pert1_trait0_mean        │ 0.049049       │
│ train/reward_pert1_trait1_count       │ 14             │
│ train/reward_pert1_trait1_mean        │ -0.016627      │
│ train/train/clock_cycle:unique        │ 2416390.000000 │
│ train/train/loss:sum                  │ -230.136765    │
│ train/train/ppo_clipped_fraction:mean │ 0.396747       │
│ train/train/ppo_kl_div:mean           │ 1.137294       │
│ train/train/ppo_mean_ratio:mean       │ 0.692033       │
└───────────────────────────────────────┴────────────────┘
tinker_cookbook.utils.ml_log:192 [INFO] Wrote metrics to logs/sweep-rollouts/llama-rlct-nr128/metrics.jsonl
tinker_cookbook.utils.ml_log:265 [INFO] 
                         Step 70                          
┏━━━━━━━━━━━━━━━━━━━━━━━━━━━━━━━━━━━━━━━┳━━━━━━━━━━━━━━━━┓
┃ Metric                                ┃ Value          ┃
┡━━━━━━━━━━━━━━━━━━━━━━━━━━━━━━━━━━━━━━━╇━━━━━━━━━━━━━━━━┩
│ optim/entropy                         │ 1.232680       │
│ optim/kl_sample_train_v1              │ 0.000147       │
│ optim/kl_sample_train_v2              │ 0.000643       │
│ train/advantage_abs_mean              │ 0.968246       │
│ train/anchor_reward_mean              │ 0.000000       │
│ train/anchor_reward_std               │ 0.000000       │
│ train/avg_response_length             │ 270.312500     │
│ train/consistency_gap_1               │ 0.067999       │
│ train/consistency_reward_mean         │ 0.005941       │
│ train/consistency_reward_std          │ 0.032920       │
│ train/epoch                           │ 0              │
│ train/kl_policy_base                  │ 0.162016       │
│ train/n_anchor_rollouts               │ 0              │
│ train/n_consistency_rollouts          │ 16             │
│ train/n_ref_parsed                    │ 71             │
│ train/n_training_parsed               │ 93             │
│ train/p_hat_1                         │ 0.462366       │
│ train/p_ref                           │ 0.394366       │
│ train/parse_rate                      │ 0.640625       │
│ train/rate_var                        │ 0.001156       │
│ train/reward_pert1_trait0_count       │ 10             │
│ train/reward_pert1_trait0_mean        │ 0.031441       │
│ train/reward_pert1_trait1_count       │ 6              │
│ train/reward_pert1_trait1_mean        │ -0.036559      │
│ train/train/clock_cycle:unique        │ 2416424.000000 │
│ train/train/loss:sum                  │ 4.489983       │
│ train/train/ppo_clipped_fraction:mean │ 0.246171       │
│ train/train/ppo_kl_div:mean           │ 0.893928       │
│ train/train/ppo_mean_ratio:mean       │ 0.798465       │
└───────────────────────────────────────┴────────────────┘
tinker_cookbook.utils.ml_log:192 [INFO] Wrote metrics to logs/sweep-rollouts/llama-rlct-nr128/metrics.jsonl
tinker_cookbook.utils.ml_log:265 [INFO] 
               Step 71               
┏━━━━━━━━━━━━━━━━━━━━━━━━━━━┳━━━━━━━┓
┃ Metric                    ┃ Value ┃
┡━━━━━━━━━━━━━━━━━━━━━━━━━━━╇━━━━━━━┩
│ train/skipped_empty_batch │ 1     │
└───────────────────────────┴───────┘
tinker_cookbook.utils.ml_log:192 [INFO] Wrote metrics to logs/sweep-rollouts/llama-rlct-nr128/metrics.jsonl
tinker_cookbook.utils.ml_log:265 [INFO] 
                         Step 72                          
┏━━━━━━━━━━━━━━━━━━━━━━━━━━━━━━━━━━━━━━━┳━━━━━━━━━━━━━━━━┓
┃ Metric                                ┃ Value          ┃
┡━━━━━━━━━━━━━━━━━━━━━━━━━━━━━━━━━━━━━━━╇━━━━━━━━━━━━━━━━┩
│ optim/entropy                         │ 1.482512       │
│ optim/kl_sample_train_v1              │ -0.000084      │
│ optim/kl_sample_train_v2              │ 0.000546       │
│ train/advantage_abs_mean              │ 0.661438       │
│ train/anchor_reward_mean              │ 0.000000       │
│ train/anchor_reward_std               │ 0.000000       │
│ train/avg_response_length             │ 311.000000     │
│ train/consistency_gap_1               │ -0.028693      │
│ train/consistency_reward_mean         │ -0.000049      │
│ train/consistency_reward_std          │ 0.009489       │
│ train/epoch                           │ 0              │
│ train/kl_policy_base                  │ 0.157794       │
│ train/n_anchor_rollouts               │ 0              │
│ train/n_consistency_rollouts          │ 16             │
│ train/n_ref_parsed                    │ 74             │
│ train/n_training_parsed               │ 73             │
│ train/p_hat_1                         │ 0.876712       │
│ train/p_ref                           │ 0.905405       │
│ train/parse_rate                      │ 0.574219       │
│ train/rate_var                        │ 0.000206       │
│ train/reward_pert1_trait0_count       │ 2              │
│ train/reward_pert1_trait0_mean        │ -0.025156      │
│ train/reward_pert1_trait1_count       │ 14             │
│ train/reward_pert1_trait1_mean        │ 0.003538       │
│ train/train/clock_cycle:unique        │ 2416471.000000 │
│ train/train/loss:sum                  │ -333.695412    │
│ train/train/ppo_clipped_fraction:mean │ 0.253183       │
│ train/train/ppo_kl_div:mean           │ 1.098516       │
│ train/train/ppo_mean_ratio:mean       │ 0.779500       │
└───────────────────────────────────────┴────────────────┘
tinker_cookbook.utils.ml_log:192 [INFO] Wrote metrics to logs/sweep-rollouts/llama-rlct-nr128/metrics.jsonl
tinker_cookbook.utils.ml_log:265 [INFO] 
               Step 73               
┏━━━━━━━━━━━━━━━━━━━━━━━━━━━┳━━━━━━━┓
┃ Metric                    ┃ Value ┃
┡━━━━━━━━━━━━━━━━━━━━━━━━━━━╇━━━━━━━┩
│ train/skipped_empty_batch │ 1     │
└───────────────────────────┴───────┘
tinker_cookbook.utils.ml_log:192 [INFO] Wrote metrics to logs/sweep-rollouts/llama-rlct-nr128/metrics.jsonl
tinker_cookbook.utils.ml_log:265 [INFO] 
                         Step 74                          
┏━━━━━━━━━━━━━━━━━━━━━━━━━━━━━━━━━━━━━━━┳━━━━━━━━━━━━━━━━┓
┃ Metric                                ┃ Value          ┃
┡━━━━━━━━━━━━━━━━━━━━━━━━━━━━━━━━━━━━━━━╇━━━━━━━━━━━━━━━━┩
│ optim/entropy                         │ 0.954065       │
│ optim/kl_sample_train_v1              │ 0.000240       │
│ optim/kl_sample_train_v2              │ 0.000430       │
│ train/advantage_abs_mean              │ 0.866025       │
│ train/anchor_reward_mean              │ 0.000000       │
│ train/anchor_reward_std               │ 0.000000       │
│ train/avg_response_length             │ 382.250000     │
│ train/consistency_gap_1               │ 0.056831       │
│ train/consistency_reward_mean         │ -0.005465      │
│ train/consistency_reward_std          │ 0.024609       │
│ train/epoch                           │ 0              │
│ train/kl_policy_base                  │ 0.112216       │
│ train/n_anchor_rollouts               │ 0              │
│ train/n_consistency_rollouts          │ 16             │
│ train/n_ref_parsed                    │ 67             │
│ train/n_training_parsed               │ 52             │
│ train/p_hat_1                         │ 0.653846       │
│ train/p_ref                           │ 0.597015       │
│ train/parse_rate                      │ 0.464844       │
│ train/rate_var                        │ 0.000807       │
│ train/reward_pert1_trait0_count       │ 4              │
│ train/reward_pert1_trait0_mean        │ 0.037159       │
│ train/reward_pert1_trait1_count       │ 12             │
│ train/reward_pert1_trait1_mean        │ -0.019672      │
│ train/train/clock_cycle:unique        │ 2416538.000000 │
│ train/train/loss:sum                  │ -35.455948     │
│ train/train/ppo_clipped_fraction:mean │ 0.177249       │
│ train/train/ppo_kl_div:mean           │ 0.662764       │
│ train/train/ppo_mean_ratio:mean       │ 0.857753       │
└───────────────────────────────────────┴────────────────┘
tinker_cookbook.utils.ml_log:192 [INFO] Wrote metrics to logs/sweep-rollouts/llama-rlct-nr128/metrics.jsonl
tinker_cookbook.utils.ml_log:265 [INFO] 
                         Step 75                          
┏━━━━━━━━━━━━━━━━━━━━━━━━━━━━━━━━━━━━━━━┳━━━━━━━━━━━━━━━━┓
┃ Metric                                ┃ Value          ┃
┡━━━━━━━━━━━━━━━━━━━━━━━━━━━━━━━━━━━━━━━╇━━━━━━━━━━━━━━━━┩
│ optim/entropy                         │ 1.578647       │
│ optim/kl_sample_train_v1              │ 0.000955       │
│ optim/kl_sample_train_v2              │ 0.000700       │
│ train/advantage_abs_mean              │ 0.661438       │
│ train/anchor_reward_mean              │ 0.000000       │
│ train/anchor_reward_std               │ 0.000000       │
│ train/avg_response_length             │ 348.437500     │
│ train/consistency_gap_1               │ 0.012452       │
│ train/consistency_reward_mean         │ -0.000680      │
│ train/consistency_reward_std          │ 0.004118       │
│ train/epoch                           │ 0              │
│ train/kl_policy_base                  │ 0.185407       │
│ train/n_anchor_rollouts               │ 0              │
│ train/n_consistency_rollouts          │ 16             │
│ train/n_ref_parsed                    │ 69             │
│ train/n_training_parsed               │ 71             │
│ train/p_hat_1                         │ 0.070423       │
│ train/p_ref                           │ 0.057971       │
│ train/parse_rate                      │ 0.546875       │
│ train/rate_var                        │ 0.000039       │
│ train/reward_pert1_trait0_count       │ 14             │
│ train/reward_pert1_trait0_mean        │ 0.000877       │
│ train/reward_pert1_trait1_count       │ 2              │
│ train/reward_pert1_trait1_mean        │ -0.011575      │
│ train/train/clock_cycle:unique        │ 2416582.000000 │
│ train/train/loss:sum                  │ 27.047668      │
│ train/train/ppo_clipped_fraction:mean │ 0.179814       │
│ train/train/ppo_kl_div:mean           │ 0.716428       │
│ train/train/ppo_mean_ratio:mean       │ 0.847513       │
└───────────────────────────────────────┴────────────────┘
tinker_cookbook.utils.ml_log:192 [INFO] Wrote metrics to logs/sweep-rollouts/llama-rlct-nr128/metrics.jsonl
tinker_cookbook.utils.ml_log:265 [INFO] 
               Step 76               
┏━━━━━━━━━━━━━━━━━━━━━━━━━━━┳━━━━━━━┓
┃ Metric                    ┃ Value ┃
┡━━━━━━━━━━━━━━━━━━━━━━━━━━━╇━━━━━━━┩
│ train/skipped_empty_batch │ 1     │
└───────────────────────────┴───────┘
tinker_cookbook.utils.ml_log:192 [INFO] Wrote metrics to logs/sweep-rollouts/llama-rlct-nr128/metrics.jsonl
tinker_cookbook.utils.ml_log:265 [INFO] 
               Step 77               
┏━━━━━━━━━━━━━━━━━━━━━━━━━━━┳━━━━━━━┓
┃ Metric                    ┃ Value ┃
┡━━━━━━━━━━━━━━━━━━━━━━━━━━━╇━━━━━━━┩
│ train/skipped_empty_batch │ 1     │
└───────────────────────────┴───────┘
tinker_cookbook.utils.ml_log:192 [INFO] Wrote metrics to logs/sweep-rollouts/llama-rlct-nr128/metrics.jsonl
tinker_cookbook.utils.ml_log:265 [INFO] 
                         Step 78                          
┏━━━━━━━━━━━━━━━━━━━━━━━━━━━━━━━━━━━━━━━┳━━━━━━━━━━━━━━━━┓
┃ Metric                                ┃ Value          ┃
┡━━━━━━━━━━━━━━━━━━━━━━━━━━━━━━━━━━━━━━━╇━━━━━━━━━━━━━━━━┩
│ optim/entropy                         │ 2.238627       │
│ optim/kl_sample_train_v1              │ 0.000680       │
│ optim/kl_sample_train_v2              │ 0.000685       │
│ train/advantage_abs_mean              │ 0.484123       │
│ train/anchor_reward_mean              │ 0.000000       │
│ train/anchor_reward_std               │ 0.000000       │
│ train/avg_response_length             │ 498.312500     │
│ train/consistency_gap_1               │ -0.003098      │
│ train/consistency_reward_mean         │ 0.000018       │
│ train/consistency_reward_std          │ 0.000750       │
│ train/epoch                           │ 0              │
│ train/kl_policy_base                  │ 0.203813       │
│ train/n_anchor_rollouts               │ 0              │
│ train/n_consistency_rollouts          │ 16             │
│ train/n_ref_parsed                    │ 67             │
│ train/n_training_parsed               │ 53             │
│ train/p_hat_1                         │ 0.056604       │
│ train/p_ref                           │ 0.059701       │
│ train/parse_rate                      │ 0.468750       │
│ train/rate_var                        │ 0.000002       │
│ train/reward_pert1_trait0_count       │ 15             │
│ train/reward_pert1_trait0_mean        │ -0.000175      │
│ train/reward_pert1_trait1_count       │ 1              │
│ train/reward_pert1_trait1_mean        │ 0.002922       │
│ train/train/clock_cycle:unique        │ 2416658.000000 │
│ train/train/loss:sum                  │ -854.887978    │
│ train/train/ppo_clipped_fraction:mean │ 0.135199       │
│ train/train/ppo_kl_div:mean           │ 0.575802       │
│ train/train/ppo_mean_ratio:mean       │ 0.885215       │
└───────────────────────────────────────┴────────────────┘
tinker_cookbook.utils.ml_log:192 [INFO] Wrote metrics to logs/sweep-rollouts/llama-rlct-nr128/metrics.jsonl
tinker_cookbook.utils.ml_log:265 [INFO] 
                         Step 79                          
┏━━━━━━━━━━━━━━━━━━━━━━━━━━━━━━━━━━━━━━━┳━━━━━━━━━━━━━━━━┓
┃ Metric                                ┃ Value          ┃
┡━━━━━━━━━━━━━━━━━━━━━━━━━━━━━━━━━━━━━━━╇━━━━━━━━━━━━━━━━┩
│ optim/entropy                         │ 2.624180       │
│ optim/kl_sample_train_v1              │ 0.000651       │
│ optim/kl_sample_train_v2              │ 0.000605       │
│ train/advantage_abs_mean              │ 0.927025       │
│ train/anchor_reward_mean              │ 0.000000       │
│ train/anchor_reward_std               │ 0.000000       │
│ train/avg_response_length             │ 336.875000     │
│ train/consistency_gap_1               │ 0.315254       │
│ train/consistency_reward_mean         │ 0.027585       │
│ train/consistency_reward_std          │ 0.146124       │
│ train/epoch                           │ 0              │
│ train/kl_policy_base                  │ 0.225404       │
│ train/n_anchor_rollouts               │ 0              │
│ train/n_consistency_rollouts          │ 16             │
│ train/n_ref_parsed                    │ 59             │
│ train/n_training_parsed               │ 55             │
│ train/p_hat_1                         │ 0.400000       │
│ train/p_ref                           │ 0.084746       │
│ train/parse_rate                      │ 0.445312       │
│ train/rate_var                        │ 0.024846       │
│ train/reward_pert1_trait0_count       │ 11             │
│ train/reward_pert1_trait0_mean        │ 0.126102       │
│ train/reward_pert1_trait1_count       │ 5              │
│ train/reward_pert1_trait1_mean        │ -0.189153      │
│ train/train/clock_cycle:unique        │ 2416690.000000 │
│ train/train/loss:sum                  │ 623.443268     │
│ train/train/ppo_clipped_fraction:mean │ 0.250966       │
│ train/train/ppo_kl_div:mean           │ 0.979064       │
│ train/train/ppo_mean_ratio:mean       │ 0.787911       │
└───────────────────────────────────────┴────────────────┘
tinker_cookbook.utils.ml_log:192 [INFO] Wrote metrics to logs/sweep-rollouts/llama-rlct-nr128/metrics.jsonl
tinker_cookbook.utils.ml_log:265 [INFO] 
               Step 80               
┏━━━━━━━━━━━━━━━━━━━━━━━━━━━┳━━━━━━━┓
┃ Metric                    ┃ Value ┃
┡━━━━━━━━━━━━━━━━━━━━━━━━━━━╇━━━━━━━┩
│ train/skipped_empty_batch │ 1     │
└───────────────────────────┴───────┘
tinker_cookbook.utils.ml_log:192 [INFO] Wrote metrics to logs/sweep-rollouts/llama-rlct-nr128/metrics.jsonl
tinker_cookbook.utils.ml_log:265 [INFO] 
               Step 81               
┏━━━━━━━━━━━━━━━━━━━━━━━━━━━┳━━━━━━━┓
┃ Metric                    ┃ Value ┃
┡━━━━━━━━━━━━━━━━━━━━━━━━━━━╇━━━━━━━┩
│ train/skipped_empty_batch │ 1     │
└───────────────────────────┴───────┘
tinker_cookbook.utils.ml_log:192 [INFO] Wrote metrics to logs/sweep-rollouts/llama-rlct-nr128/metrics.jsonl
tinker_cookbook.utils.ml_log:265 [INFO] 
               Step 82               
┏━━━━━━━━━━━━━━━━━━━━━━━━━━━┳━━━━━━━┓
┃ Metric                    ┃ Value ┃
┡━━━━━━━━━━━━━━━━━━━━━━━━━━━╇━━━━━━━┩
│ train/skipped_empty_batch │ 1     │
└───────────────────────────┴───────┘
tinker_cookbook.utils.ml_log:192 [INFO] Wrote metrics to logs/sweep-rollouts/llama-rlct-nr128/metrics.jsonl
tinker_cookbook.utils.ml_log:265 [INFO] 
                         Step 83                          
┏━━━━━━━━━━━━━━━━━━━━━━━━━━━━━━━━━━━━━━━┳━━━━━━━━━━━━━━━━┓
┃ Metric                                ┃ Value          ┃
┡━━━━━━━━━━━━━━━━━━━━━━━━━━━━━━━━━━━━━━━╇━━━━━━━━━━━━━━━━┩
│ optim/entropy                         │ 3.657544       │
│ optim/kl_sample_train_v1              │ -0.000108      │
│ optim/kl_sample_train_v2              │ 0.000589       │
│ train/advantage_abs_mean              │ 0.661438       │
│ train/anchor_reward_mean              │ 0.000000       │
│ train/anchor_reward_std               │ 0.000000       │
│ train/avg_response_length             │ 458.125000     │
│ train/consistency_gap_1               │ 0.054144       │
│ train/consistency_reward_mean         │ -0.001991      │
│ train/consistency_reward_std          │ 0.017907       │
│ train/epoch                           │ 0              │
│ train/kl_policy_base                  │ 0.179285       │
│ train/n_anchor_rollouts               │ 0              │
│ train/n_consistency_rollouts          │ 16             │
│ train/n_ref_parsed                    │ 88             │
│ train/n_training_parsed               │ 68             │
│ train/p_hat_1                         │ 0.088235       │
│ train/p_ref                           │ 0.034091       │
│ train/parse_rate                      │ 0.609375       │
│ train/rate_var                        │ 0.000733       │
│ train/reward_pert1_trait0_count       │ 14             │
│ train/reward_pert1_trait0_mean        │ 0.004777       │
│ train/reward_pert1_trait1_count       │ 2              │
│ train/reward_pert1_trait1_mean        │ -0.049367      │
│ train/train/clock_cycle:unique        │ 2416792.000000 │
│ train/train/loss:sum                  │ -760.289078    │
│ train/train/ppo_clipped_fraction:mean │ 0.142671       │
│ train/train/ppo_kl_div:mean           │ 0.635243       │
│ train/train/ppo_mean_ratio:mean       │ 0.876074       │
└───────────────────────────────────────┴────────────────┘
tinker_cookbook.utils.ml_log:192 [INFO] Wrote metrics to logs/sweep-rollouts/llama-rlct-nr128/metrics.jsonl
tinker_cookbook.utils.ml_log:265 [INFO] 
               Step 84               
┏━━━━━━━━━━━━━━━━━━━━━━━━━━━┳━━━━━━━┓
┃ Metric                    ┃ Value ┃
┡━━━━━━━━━━━━━━━━━━━━━━━━━━━╇━━━━━━━┩
│ train/skipped_empty_batch │ 1     │
└───────────────────────────┴───────┘
tinker_cookbook.utils.ml_log:192 [INFO] Wrote metrics to logs/sweep-rollouts/llama-rlct-nr128/metrics.jsonl
tinker_cookbook.utils.ml_log:265 [INFO] 
               Step 85               
┏━━━━━━━━━━━━━━━━━━━━━━━━━━━┳━━━━━━━┓
┃ Metric                    ┃ Value ┃
┡━━━━━━━━━━━━━━━━━━━━━━━━━━━╇━━━━━━━┩
│ train/skipped_empty_batch │ 1     │
└───────────────────────────┴───────┘
tinker_cookbook.utils.ml_log:192 [INFO] Wrote metrics to logs/sweep-rollouts/llama-rlct-nr128/metrics.jsonl
tinker_cookbook.utils.ml_log:265 [INFO] 
                         Step 86                          
┏━━━━━━━━━━━━━━━━━━━━━━━━━━━━━━━━━━━━━━━┳━━━━━━━━━━━━━━━━┓
┃ Metric                                ┃ Value          ┃
┡━━━━━━━━━━━━━━━━━━━━━━━━━━━━━━━━━━━━━━━╇━━━━━━━━━━━━━━━━┩
│ optim/entropy                         │ 4.743093       │
│ optim/kl_sample_train_v1              │ 0.001039       │
│ optim/kl_sample_train_v2              │ 0.000541       │
│ train/advantage_abs_mean              │ 1.000000       │
│ train/anchor_reward_mean              │ 0.000000       │
│ train/anchor_reward_std               │ 0.000000       │
│ train/avg_response_length             │ 535.062500     │
│ train/consistency_gap_1               │ 0.222826       │
│ train/consistency_reward_mean         │ -0.033908      │
│ train/consistency_reward_std          │ 0.111413       │
│ train/epoch                           │ 0              │
│ train/kl_policy_base                  │ 0.188778       │
│ train/n_anchor_rollouts               │ 0              │
│ train/n_consistency_rollouts          │ 16             │
│ train/n_ref_parsed                    │ 64             │
│ train/n_training_parsed               │ 69             │
│ train/p_hat_1                         │ 0.347826       │
│ train/p_ref                           │ 0.125000       │
│ train/parse_rate                      │ 0.519531       │
│ train/rate_var                        │ 0.012413       │
│ train/reward_pert1_trait0_count       │ 8              │
│ train/reward_pert1_trait0_mean        │ 0.077505       │
│ train/reward_pert1_trait1_count       │ 8              │
│ train/reward_pert1_trait1_mean        │ -0.145321      │
│ train/train/clock_cycle:unique        │ 2416811.000000 │
│ train/train/loss:sum                  │ 733.630035     │
│ train/train/ppo_clipped_fraction:mean │ 0.141295       │
│ train/train/ppo_kl_div:mean           │ 0.588264       │
│ train/train/ppo_mean_ratio:mean       │ 0.882094       │
└───────────────────────────────────────┴────────────────┘
tinker_cookbook.utils.ml_log:192 [INFO] Wrote metrics to logs/sweep-rollouts/llama-rlct-nr128/metrics.jsonl
tinker_cookbook.utils.ml_log:265 [INFO] 
                         Step 87                          
┏━━━━━━━━━━━━━━━━━━━━━━━━━━━━━━━━━━━━━━━┳━━━━━━━━━━━━━━━━┓
┃ Metric                                ┃ Value          ┃
┡━━━━━━━━━━━━━━━━━━━━━━━━━━━━━━━━━━━━━━━╇━━━━━━━━━━━━━━━━┩
│ optim/entropy                         │ 5.628268       │
│ optim/kl_sample_train_v1              │ 0.000208       │
│ optim/kl_sample_train_v2              │ 0.000514       │
│ train/advantage_abs_mean              │ 0.927025       │
│ train/anchor_reward_mean              │ 0.000000       │
│ train/anchor_reward_std               │ 0.000000       │
│ train/avg_response_length             │ 695.437500     │
│ train/consistency_gap_1               │ 0.028139       │
│ train/consistency_reward_mean         │ -0.003312      │
│ train/consistency_reward_std          │ 0.013043       │
│ train/epoch                           │ 0              │
│ train/kl_policy_base                  │ 0.159178       │
│ train/n_anchor_rollouts               │ 0              │
│ train/n_consistency_rollouts          │ 16             │
│ train/n_ref_parsed                    │ 72             │
│ train/n_training_parsed               │ 77             │
│ train/p_hat_1                         │ 0.194805       │
│ train/p_ref                           │ 0.166667       │
│ train/parse_rate                      │ 0.582031       │
│ train/rate_var                        │ 0.000198       │
│ train/reward_pert1_trait0_count       │ 11             │
│ train/reward_pert1_trait0_mean        │ 0.005482       │
│ train/reward_pert1_trait1_count       │ 5              │
│ train/reward_pert1_trait1_mean        │ -0.022657      │
│ train/train/clock_cycle:unique        │ 2416814.000000 │
│ train/train/loss:sum                  │ -778.184448    │
│ train/train/ppo_clipped_fraction:mean │ 0.167641       │
│ train/train/ppo_kl_div:mean           │ 0.659454       │
│ train/train/ppo_mean_ratio:mean       │ 0.859465       │
└───────────────────────────────────────┴────────────────┘
tinker_cookbook.utils.ml_log:192 [INFO] Wrote metrics to logs/sweep-rollouts/llama-rlct-nr128/metrics.jsonl
tinker_cookbook.utils.ml_log:265 [INFO] 
               Step 88               
┏━━━━━━━━━━━━━━━━━━━━━━━━━━━┳━━━━━━━┓
┃ Metric                    ┃ Value ┃
┡━━━━━━━━━━━━━━━━━━━━━━━━━━━╇━━━━━━━┩
│ train/skipped_empty_batch │ 1     │
└───────────────────────────┴───────┘
tinker_cookbook.utils.ml_log:192 [INFO] Wrote metrics to logs/sweep-rollouts/llama-rlct-nr128/metrics.jsonl
tinker_cookbook.utils.ml_log:265 [INFO] 
                         Step 89                          
┏━━━━━━━━━━━━━━━━━━━━━━━━━━━━━━━━━━━━━━━┳━━━━━━━━━━━━━━━━┓
┃ Metric                                ┃ Value          ┃
┡━━━━━━━━━━━━━━━━━━━━━━━━━━━━━━━━━━━━━━━╇━━━━━━━━━━━━━━━━┩
│ optim/entropy                         │ 8.767601       │
│ optim/kl_sample_train_v1              │ 0.000575       │
│ optim/kl_sample_train_v2              │ 0.000485       │
│ train/advantage_abs_mean              │ 0.927025       │
│ train/anchor_reward_mean              │ 0.000000       │
│ train/anchor_reward_std               │ 0.000000       │
│ train/avg_response_length             │ 1492.312500    │
│ train/consistency_gap_1               │ -0.261538      │
│ train/consistency_reward_mean         │ -0.059098      │
│ train/consistency_reward_std          │ 0.121226       │
│ train/epoch                           │ 0              │
│ train/kl_policy_base                  │ 0.131091       │
│ train/n_anchor_rollouts               │ 0              │
│ train/n_consistency_rollouts          │ 16             │
│ train/n_ref_parsed                    │ 80             │
│ train/n_training_parsed               │ 78             │
│ train/p_hat_1                         │ 0.538462       │
│ train/p_ref                           │ 0.800000       │
│ train/parse_rate                      │ 0.617188       │
│ train/rate_var                        │ 0.017101       │
│ train/reward_pert1_trait0_count       │ 11             │
│ train/reward_pert1_trait0_mean        │ -0.140828      │
│ train/reward_pert1_trait1_count       │ 5              │
│ train/reward_pert1_trait1_mean        │ 0.120710       │
│ train/train/clock_cycle:unique        │ 2416859.000000 │
│ train/train/loss:sum                  │ 3507.824707    │
│ train/train/ppo_clipped_fraction:mean │ 0.056792       │
│ train/train/ppo_kl_div:mean           │ 0.243251       │
│ train/train/ppo_mean_ratio:mean       │ 0.952333       │
└───────────────────────────────────────┴────────────────┘
tinker_cookbook.utils.ml_log:192 [INFO] Wrote metrics to logs/sweep-rollouts/llama-rlct-nr128/metrics.jsonl
tinker_cookbook.utils.ml_log:265 [INFO] 
               Step 90               
┏━━━━━━━━━━━━━━━━━━━━━━━━━━━┳━━━━━━━┓
┃ Metric                    ┃ Value ┃
┡━━━━━━━━━━━━━━━━━━━━━━━━━━━╇━━━━━━━┩
│ train/skipped_empty_batch │ 1     │
└───────────────────────────┴───────┘
tinker_cookbook.utils.ml_log:192 [INFO] Wrote metrics to logs/sweep-rollouts/llama-rlct-nr128/metrics.jsonl
tinker_cookbook.utils.ml_log:265 [INFO] 
               Step 91               
┏━━━━━━━━━━━━━━━━━━━━━━━━━━━┳━━━━━━━┓
┃ Metric                    ┃ Value ┃
┡━━━━━━━━━━━━━━━━━━━━━━━━━━━╇━━━━━━━┩
│ train/skipped_empty_batch │ 1     │
└───────────────────────────┴───────┘
tinker_cookbook.utils.ml_log:192 [INFO] Wrote metrics to logs/sweep-rollouts/llama-rlct-nr128/metrics.jsonl
tinker_cookbook.utils.ml_log:265 [INFO] 
                         Step 92                          
┏━━━━━━━━━━━━━━━━━━━━━━━━━━━━━━━━━━━━━━━┳━━━━━━━━━━━━━━━━┓
┃ Metric                                ┃ Value          ┃
┡━━━━━━━━━━━━━━━━━━━━━━━━━━━━━━━━━━━━━━━╇━━━━━━━━━━━━━━━━┩
│ optim/entropy                         │ 9.707426       │
│ optim/kl_sample_train_v1              │ 0.000452       │
│ optim/kl_sample_train_v2              │ 0.000528       │
│ train/advantage_abs_mean              │ 0.484123       │
│ train/anchor_reward_mean              │ 0.000000       │
│ train/anchor_reward_std               │ 0.000000       │
│ train/avg_response_length             │ 3451.937500    │
│ train/consistency_gap_1               │ -0.011596      │
│ train/consistency_reward_mean         │ 0.000580       │
│ train/consistency_reward_std          │ 0.002807       │
│ train/epoch                           │ 0              │
│ train/kl_policy_base                  │ 0.062395       │
│ train/n_anchor_rollouts               │ 0              │
│ train/n_consistency_rollouts          │ 16             │
│ train/n_ref_parsed                    │ 83             │
│ train/n_training_parsed               │ 80             │
│ train/p_hat_1                         │ 0.012500       │
│ train/p_ref                           │ 0.024096       │
│ train/parse_rate                      │ 0.636719       │
│ train/rate_var                        │ 0.000034       │
│ train/reward_pert1_trait0_count       │ 15             │
│ train/reward_pert1_trait0_mean        │ -0.000145      │
│ train/reward_pert1_trait1_count       │ 1              │
│ train/reward_pert1_trait1_mean        │ 0.011451       │
│ train/train/clock_cycle:unique        │ 2417475.000000 │
│ train/train/loss:sum                  │ 6728.018616    │
│ train/train/ppo_clipped_fraction:mean │ 0.038981       │
│ train/train/ppo_kl_div:mean           │ 0.150627       │
│ train/train/ppo_mean_ratio:mean       │ 0.968021       │
└───────────────────────────────────────┴────────────────┘
tinker_cookbook.utils.ml_log:192 [INFO] Wrote metrics to logs/sweep-rollouts/llama-rlct-nr128/metrics.jsonl
tinker_cookbook.utils.ml_log:265 [INFO] 
                         Step 93                          
┏━━━━━━━━━━━━━━━━━━━━━━━━━━━━━━━━━━━━━━━┳━━━━━━━━━━━━━━━━┓
┃ Metric                                ┃ Value          ┃
┡━━━━━━━━━━━━━━━━━━━━━━━━━━━━━━━━━━━━━━━╇━━━━━━━━━━━━━━━━┩
│ optim/entropy                         │ 9.608230       │
│ optim/kl_sample_train_v1              │ 0.000485       │
│ optim/kl_sample_train_v2              │ 0.000464       │
│ train/advantage_abs_mean              │ 0.780625       │
│ train/anchor_reward_mean              │ 0.000000       │
│ train/anchor_reward_std               │ 0.000000       │
│ train/avg_response_length             │ 4907.312500    │
│ train/consistency_gap_1               │ 0.112290       │
│ train/consistency_reward_mean         │ -0.005566      │
│ train/consistency_reward_std          │ 0.043828       │
│ train/epoch                           │ 0              │
│ train/kl_policy_base                  │ 0.020726       │
│ train/n_anchor_rollouts               │ 0              │
│ train/n_consistency_rollouts          │ 16             │
│ train/n_ref_parsed                    │ 39             │
│ train/n_training_parsed               │ 29             │
│ train/p_hat_1                         │ 0.137931       │
│ train/p_ref                           │ 0.025641       │
│ train/parse_rate                      │ 0.265625       │
│ train/rate_var                        │ 0.003152       │
│ train/reward_pert1_trait0_count       │ 13             │
│ train/reward_pert1_trait0_mean        │ 0.015488       │
│ train/reward_pert1_trait1_count       │ 3              │
│ train/reward_pert1_trait1_mean        │ -0.096802      │
│ train/train/clock_cycle:unique        │ 2417524.000000 │
│ train/train/loss:sum                  │ -4675.292114   │
│ train/train/ppo_clipped_fraction:mean │ 0.020551       │
│ train/train/ppo_kl_div:mean           │ 0.070645       │
│ train/train/ppo_mean_ratio:mean       │ 0.984665       │
└───────────────────────────────────────┴────────────────┘
tinker_cookbook.utils.ml_log:192 [INFO] Wrote metrics to logs/sweep-rollouts/llama-rlct-nr128/metrics.jsonl
tinker_cookbook.utils.ml_log:265 [INFO] 
                         Step 94                          
┏━━━━━━━━━━━━━━━━━━━━━━━━━━━━━━━━━━━━━━━┳━━━━━━━━━━━━━━━━┓
┃ Metric                                ┃ Value          ┃
┡━━━━━━━━━━━━━━━━━━━━━━━━━━━━━━━━━━━━━━━╇━━━━━━━━━━━━━━━━┩
│ optim/entropy                         │ 9.415664       │
│ optim/kl_sample_train_v1              │ 0.000609       │
│ optim/kl_sample_train_v2              │ 0.000517       │
│ train/advantage_abs_mean              │ 1.000000       │
│ train/anchor_reward_mean              │ 0.000000       │
│ train/anchor_reward_std               │ 0.000000       │
│ train/avg_response_length             │ 4732.312500    │
│ train/consistency_gap_1               │ 0.200000       │
│ train/consistency_reward_mean         │ 0.010000       │
│ train/consistency_reward_std          │ 0.100000       │
│ train/epoch                           │ 0              │
│ train/kl_policy_base                  │ 0.017362       │
│ train/n_anchor_rollouts               │ 0              │
│ train/n_consistency_rollouts          │ 16             │
│ train/n_ref_parsed                    │ 20             │
│ train/n_training_parsed               │ 20             │
│ train/p_hat_1                         │ 0.550000       │
│ train/p_ref                           │ 0.350000       │
│ train/parse_rate                      │ 0.156250       │
│ train/rate_var                        │ 0.010000       │
│ train/reward_pert1_trait0_count       │ 8              │
│ train/reward_pert1_trait0_mean        │ 0.110000       │
│ train/reward_pert1_trait1_count       │ 8              │
│ train/reward_pert1_trait1_mean        │ -0.090000      │
│ train/train/clock_cycle:unique        │ 2417933.000000 │
│ train/train/loss:sum                  │ 10928.012207   │
│ train/train/ppo_clipped_fraction:mean │ 0.081254       │
│ train/train/ppo_kl_div:mean           │ 0.294426       │
│ train/train/ppo_mean_ratio:mean       │ 0.932816       │
└───────────────────────────────────────┴────────────────┘
tinker_cookbook.utils.ml_log:192 [INFO] Wrote metrics to logs/sweep-rollouts/llama-rlct-nr128/metrics.jsonl
tinker_cookbook.utils.ml_log:265 [INFO] 
                         Step 95                          
┏━━━━━━━━━━━━━━━━━━━━━━━━━━━━━━━━━━━━━━━┳━━━━━━━━━━━━━━━━┓
┃ Metric                                ┃ Value          ┃
┡━━━━━━━━━━━━━━━━━━━━━━━━━━━━━━━━━━━━━━━╇━━━━━━━━━━━━━━━━┩
│ optim/entropy                         │ 8.900755       │
│ optim/kl_sample_train_v1              │ 0.000429       │
│ optim/kl_sample_train_v2              │ 0.000376       │
│ train/advantage_abs_mean              │ 0.884433       │
│ train/anchor_reward_mean              │ 0.000000       │
│ train/anchor_reward_std               │ 0.000000       │
│ train/avg_response_length             │ 3252.266667    │
│ train/consistency_gap_1               │ 0.207018       │
│ train/consistency_reward_mean         │ -0.000000      │
│ train/consistency_reward_std          │ 0.091547       │
│ train/epoch                           │ 0              │
│ train/kl_policy_base                  │ 0.028928       │
│ train/n_anchor_rollouts               │ 0              │
│ train/n_consistency_rollouts          │ 15             │
│ train/n_ref_parsed                    │ 19             │
│ train/n_training_parsed               │ 15             │
│ train/p_hat_1                         │ 0.733333       │
│ train/p_ref                           │ 0.526316       │
│ train/parse_rate                      │ 0.132812       │
│ train/rate_var                        │ 0.010714       │
│ train/reward_pert1_trait0_count       │ 4              │
│ train/reward_pert1_trait0_mean        │ 0.151813       │
│ train/reward_pert1_trait1_count       │ 11             │
│ train/reward_pert1_trait1_mean        │ -0.055205      │
│ train/train/clock_cycle:unique        │ 2418168.000000 │
│ train/train/loss:sum                  │ -12318.828415  │
│ train/train/ppo_clipped_fraction:mean │ 0.065106       │
│ train/train/ppo_kl_div:mean           │ 0.216785       │
│ train/train/ppo_mean_ratio:mean       │ 0.948789       │
└───────────────────────────────────────┴────────────────┘
tinker_cookbook.utils.ml_log:192 [INFO] Wrote metrics to logs/sweep-rollouts/llama-rlct-nr128/metrics.jsonl
tinker_cookbook.utils.ml_log:265 [INFO] 
               Step 96               
┏━━━━━━━━━━━━━━━━━━━━━━━━━━━┳━━━━━━━┓
┃ Metric                    ┃ Value ┃
┡━━━━━━━━━━━━━━━━━━━━━━━━━━━╇━━━━━━━┩
│ train/skipped_empty_batch │ 1     │
└───────────────────────────┴───────┘
tinker_cookbook.utils.ml_log:192 [INFO] Wrote metrics to logs/sweep-rollouts/llama-rlct-nr128/metrics.jsonl
tinker_cookbook.utils.ml_log:265 [INFO] 
               Step 97               
┏━━━━━━━━━━━━━━━━━━━━━━━━━━━┳━━━━━━━┓
┃ Metric                    ┃ Value ┃
┡━━━━━━━━━━━━━━━━━━━━━━━━━━━╇━━━━━━━┩
│ train/skipped_empty_batch │ 1     │
└───────────────────────────┴───────┘
tinker_cookbook.utils.ml_log:192 [INFO] Wrote metrics to logs/sweep-rollouts/llama-rlct-nr128/metrics.jsonl
tinker_cookbook.utils.ml_log:265 [INFO] 
               Step 98               
┏━━━━━━━━━━━━━━━━━━━━━━━━━━━┳━━━━━━━┓
┃ Metric                    ┃ Value ┃
┡━━━━━━━━━━━━━━━━━━━━━━━━━━━╇━━━━━━━┩
│ train/skipped_empty_batch │ 1     │
└───────────────────────────┴───────┘
tinker_cookbook.utils.ml_log:192 [INFO] Wrote metrics to logs/sweep-rollouts/llama-rlct-nr128/metrics.jsonl
tinker_cookbook.utils.ml_log:265 [INFO] 
                         Step 99                          
┏━━━━━━━━━━━━━━━━━━━━━━━━━━━━━━━━━━━━━━━┳━━━━━━━━━━━━━━━━┓
┃ Metric                                ┃ Value          ┃
┡━━━━━━━━━━━━━━━━━━━━━━━━━━━━━━━━━━━━━━━╇━━━━━━━━━━━━━━━━┩
│ optim/entropy                         │ 8.978084       │
│ optim/kl_sample_train_v1              │ 0.000415       │
│ optim/kl_sample_train_v2              │ 0.000411       │
│ train/advantage_abs_mean              │ 0.866025       │
│ train/anchor_reward_mean              │ 0.000000       │
│ train/anchor_reward_std               │ 0.000000       │
│ train/avg_response_length             │ 3943.312500    │
│ train/consistency_gap_1               │ 0.010610       │
│ train/consistency_reward_mean         │ -0.000091      │
│ train/consistency_reward_std          │ 0.004594       │
│ train/epoch                           │ 0              │
│ train/kl_policy_base                  │ 0.033037       │
│ train/n_anchor_rollouts               │ 0              │
│ train/n_consistency_rollouts          │ 16             │
│ train/n_ref_parsed                    │ 39             │
│ train/n_training_parsed               │ 29             │
│ train/p_hat_1                         │ 0.241379       │
│ train/p_ref                           │ 0.230769       │
│ train/parse_rate                      │ 0.265625       │
│ train/rate_var                        │ 0.000028       │
│ train/reward_pert1_trait0_count       │ 12             │
│ train/reward_pert1_trait0_mean        │ 0.002561       │
│ train/reward_pert1_trait1_count       │ 4              │
│ train/reward_pert1_trait1_mean        │ -0.008049      │
│ train/train/clock_cycle:unique        │ 2418936.000000 │
│ train/train/loss:sum                  │ -2024.716919   │
│ train/train/ppo_clipped_fraction:mean │ 0.071373       │
│ train/train/ppo_kl_div:mean           │ 0.189460       │
│ train/train/ppo_mean_ratio:mean       │ 0.947577       │
└───────────────────────────────────────┴────────────────┘
root:654 [INFO] Command line invocation: scripts/tinker_training/train_rl.py --model meta-llama/Llama-3.1-8B-Instruct --experiment-name sweep-rollouts --run-name llama-rlct-nr128 --bias-types suggested_answer --datasets mmlu --n-datapoints 128 --lora-rank 8 --kl-coef 0.05 --anchor-weight 0.0 --loss-fn ppo --n-ref-rollouts 128 --n-train-rollouts 128 --n-consistency-rollouts 16 --batch-size 1 --refresh-every 1 --checkpoint-every 64 -y
tinker_cookbook.utils.ml_log:592 [INFO] Logging to: logs/sweep-rollouts/llama-rlct-nr128
tinker_cookbook.utils.ml_log:265 [INFO] 
Configuration:
  git: {'git_sha': 'a3276f0d7774c54dc046e1eb2011f0d280021f92', 'git_branch': 
'reasoning-history-last-fix', 'git_dirty': True, 'git_dirt ... : "black",\n+    
"training_biases": [\n+        "suggested_answer"\n+      ]\n     }\n   }\n 
}\n\\ No newline at end of file'}
tinker_cookbook.utils.ml_log:265 [INFO] 
Configuration:
  n_datapoints: 128
  total_steps: 128
  n_perturbations: 2
  base_lr: 0.0002856415043086949
tinker_cookbook.utils.ml_log:192 [INFO] Wrote metrics to logs/sweep-rollouts/llama-rlct-nr128/metrics.jsonl
tinker_cookbook.utils.ml_log:265 [INFO] 
               Step 1                
┏━━━━━━━━━━━━━━━━━━━━━━━━━━━┳━━━━━━━┓
┃ Metric                    ┃ Value ┃
┡━━━━━━━━━━━━━━━━━━━━━━━━━━━╇━━━━━━━┩
│ train/skipped_empty_batch │ 1     │
└───────────────────────────┴───────┘
tinker_cookbook.utils.ml_log:192 [INFO] Wrote metrics to logs/sweep-rollouts/llama-rlct-nr128/metrics.jsonl
tinker_cookbook.utils.ml_log:265 [INFO] 
                          Step 2                          
┏━━━━━━━━━━━━━━━━━━━━━━━━━━━━━━━━━━━━━━━┳━━━━━━━━━━━━━━━━┓
┃ Metric                                ┃ Value          ┃
┡━━━━━━━━━━━━━━━━━━━━━━━━━━━━━━━━━━━━━━━╇━━━━━━━━━━━━━━━━┩
│ optim/entropy                         │ 0.888845       │
│ optim/kl_sample_train_v1              │ 0.001492       │
│ optim/kl_sample_train_v2              │ 0.000592       │
│ train/advantage_abs_mean              │ 0.484123       │
│ train/anchor_reward_mean              │ 0.000000       │
│ train/anchor_reward_std               │ 0.000000       │
│ train/avg_response_length             │ 395.687500     │
│ train/consistency_gap_1               │ 0.835429       │
│ train/consistency_reward_mean         │ -0.004425      │
│ train/consistency_reward_std          │ 0.202225       │
│ train/epoch                           │ 0              │
│ train/kl_policy_base                  │ 0.000669       │
│ train/n_anchor_rollouts               │ 0              │
│ train/n_consistency_rollouts          │ 16             │
│ train/n_ref_parsed                    │ 124            │
│ train/n_training_parsed               │ 118            │
│ train/p_hat_1                         │ 0.932203       │
│ train/p_ref                           │ 0.096774       │
│ train/parse_rate                      │ 0.945312       │
│ train/rate_var                        │ 0.174485       │
│ train/reward_pert1_trait0_count       │ 1              │
│ train/reward_pert1_trait0_mean        │ 0.778790       │
│ train/reward_pert1_trait1_count       │ 15             │
│ train/reward_pert1_trait1_mean        │ -0.056639      │
│ train/train/clock_cycle:unique        │ 1600455.000000 │
│ train/train/loss:sum                  │ 282.887039     │
│ train/train/ppo_clipped_fraction:mean │ 0.182949       │
│ train/train/ppo_kl_div:mean           │ 0.725670       │
│ train/train/ppo_mean_ratio:mean       │ 0.847686       │
└───────────────────────────────────────┴────────────────┘
tinker_cookbook.utils.ml_log:192 [INFO] Wrote metrics to logs/sweep-rollouts/llama-rlct-nr128/metrics.jsonl
tinker_cookbook.utils.ml_log:265 [INFO] 
               Step 3                
┏━━━━━━━━━━━━━━━━━━━━━━━━━━━┳━━━━━━━┓
┃ Metric                    ┃ Value ┃
┡━━━━━━━━━━━━━━━━━━━━━━━━━━━╇━━━━━━━┩
│ train/skipped_empty_batch │ 1     │
└───────────────────────────┴───────┘
tinker_cookbook.utils.ml_log:192 [INFO] Wrote metrics to logs/sweep-rollouts/llama-rlct-nr128/metrics.jsonl
tinker_cookbook.utils.ml_log:265 [INFO] 
               Step 4                
┏━━━━━━━━━━━━━━━━━━━━━━━━━━━┳━━━━━━━┓
┃ Metric                    ┃ Value ┃
┡━━━━━━━━━━━━━━━━━━━━━━━━━━━╇━━━━━━━┩
│ train/skipped_empty_batch │ 1     │
└───────────────────────────┴───────┘
tinker_cookbook.utils.ml_log:192 [INFO] Wrote metrics to logs/sweep-rollouts/llama-rlct-nr128/metrics.jsonl
tinker_cookbook.utils.ml_log:265 [INFO] 
                          Step 5                          
┏━━━━━━━━━━━━━━━━━━━━━━━━━━━━━━━━━━━━━━━┳━━━━━━━━━━━━━━━━┓
┃ Metric                                ┃ Value          ┃
┡━━━━━━━━━━━━━━━━━━━━━━━━━━━━━━━━━━━━━━━╇━━━━━━━━━━━━━━━━┩
│ optim/entropy                         │ 0.721219       │
│ optim/kl_sample_train_v1              │ 0.001673       │
│ optim/kl_sample_train_v2              │ 0.000496       │
│ train/advantage_abs_mean              │ 0.661438       │
│ train/anchor_reward_mean              │ 0.000000       │
│ train/anchor_reward_std               │ 0.000000       │
│ train/avg_response_length             │ 288.812500     │
│ train/consistency_gap_1               │ 0.293651       │
│ train/consistency_reward_mean         │ 0.029715       │
│ train/consistency_reward_std          │ 0.097116       │
│ train/epoch                           │ 0              │
│ train/kl_policy_base                  │ 0.003784       │
│ train/n_anchor_rollouts               │ 0              │
│ train/n_consistency_rollouts          │ 16             │
│ train/n_ref_parsed                    │ 126            │
│ train/n_training_parsed               │ 126            │
│ train/p_hat_1                         │ 0.976190       │
│ train/p_ref                           │ 0.682540       │
│ train/parse_rate                      │ 0.984375       │
│ train/rate_var                        │ 0.021558       │
│ train/reward_pert1_trait0_count       │ 2              │
│ train/reward_pert1_trait0_mean        │ 0.286659       │
│ train/reward_pert1_trait1_count       │ 14             │
│ train/reward_pert1_trait1_mean        │ -0.006992      │
│ train/train/clock_cycle:unique        │ 1600565.000000 │
│ train/train/loss:sum                  │ -266.621956    │
│ train/train/ppo_clipped_fraction:mean │ 0.189133       │
│ train/train/ppo_kl_div:mean           │ 0.885320       │
│ train/train/ppo_mean_ratio:mean       │ 0.833350       │
└───────────────────────────────────────┴────────────────┘
tinker_cookbook.utils.ml_log:192 [INFO] Wrote metrics to logs/sweep-rollouts/llama-rlct-nr128/metrics.jsonl
tinker_cookbook.utils.ml_log:265 [INFO] 
               Step 6                
┏━━━━━━━━━━━━━━━━━━━━━━━━━━━┳━━━━━━━┓
┃ Metric                    ┃ Value ┃
┡━━━━━━━━━━━━━━━━━━━━━━━━━━━╇━━━━━━━┩
│ train/skipped_empty_batch │ 1     │
└───────────────────────────┴───────┘
tinker_cookbook.utils.ml_log:192 [INFO] Wrote metrics to logs/sweep-rollouts/llama-rlct-nr128/metrics.jsonl
tinker_cookbook.utils.ml_log:265 [INFO] 
                          Step 7                          
┏━━━━━━━━━━━━━━━━━━━━━━━━━━━━━━━━━━━━━━━┳━━━━━━━━━━━━━━━━┓
┃ Metric                                ┃ Value          ┃
┡━━━━━━━━━━━━━━━━━━━━━━━━━━━━━━━━━━━━━━━╇━━━━━━━━━━━━━━━━┩
│ optim/entropy                         │ 5.057542       │
│ optim/kl_sample_train_v1              │ 0.000794       │
│ optim/kl_sample_train_v2              │ 0.000501       │
│ train/advantage_abs_mean              │ 0.780625       │
│ train/anchor_reward_mean              │ 0.000000       │
│ train/anchor_reward_std               │ 0.000000       │
│ train/avg_response_length             │ 574.812500     │
│ train/consistency_gap_1               │ 0.557068       │
│ train/consistency_reward_mean         │ -0.073235      │
│ train/consistency_reward_std          │ 0.217430       │
│ train/epoch                           │ 0              │
│ train/kl_policy_base                  │ 0.005114       │
│ train/n_anchor_rollouts               │ 0              │
│ train/n_consistency_rollouts          │ 16             │
│ train/n_ref_parsed                    │ 121            │
│ train/n_training_parsed               │ 116            │
│ train/p_hat_1                         │ 0.681034       │
│ train/p_ref                           │ 0.123967       │
│ train/parse_rate                      │ 0.925781       │
│ train/rate_var                        │ 0.077581       │
│ train/reward_pert1_trait0_count       │ 3              │
│ train/reward_pert1_trait0_mean        │ 0.379382       │
│ train/reward_pert1_trait1_count       │ 13             │
│ train/reward_pert1_trait1_mean        │ -0.177685      │
│ train/train/clock_cycle:unique        │ 1600835.000000 │
│ train/train/loss:sum                  │ 1321.616821    │
│ train/train/ppo_clipped_fraction:mean │ 0.155152       │
│ train/train/ppo_kl_div:mean           │ 0.642116       │
│ train/train/ppo_mean_ratio:mean       │ 0.871734       │
└───────────────────────────────────────┴────────────────┘
tinker_cookbook.utils.ml_log:192 [INFO] Wrote metrics to logs/sweep-rollouts/llama-rlct-nr128/metrics.jsonl
tinker_cookbook.utils.ml_log:265 [INFO] 
                          Step 8                          
┏━━━━━━━━━━━━━━━━━━━━━━━━━━━━━━━━━━━━━━━┳━━━━━━━━━━━━━━━━┓
┃ Metric                                ┃ Value          ┃
┡━━━━━━━━━━━━━━━━━━━━━━━━━━━━━━━━━━━━━━━╇━━━━━━━━━━━━━━━━┩
│ optim/entropy                         │ 7.437617       │
│ optim/kl_sample_train_v1              │ 0.000725       │
│ optim/kl_sample_train_v2              │ 0.000656       │
│ train/advantage_abs_mean              │ 0.968246       │
│ train/anchor_reward_mean              │ 0.000000       │
│ train/anchor_reward_std               │ 0.000000       │
│ train/avg_response_length             │ 2306.812500    │
│ train/consistency_gap_1               │ 0.156880       │
│ train/consistency_reward_mean         │ -0.007797      │
│ train/consistency_reward_std          │ 0.075949       │
│ train/epoch                           │ 0              │
│ train/kl_policy_base                  │ 0.001581       │
│ train/n_anchor_rollouts               │ 0              │
│ train/n_consistency_rollouts          │ 16             │
│ train/n_ref_parsed                    │ 95             │
│ train/n_training_parsed               │ 83             │
│ train/p_hat_1                         │ 0.325301       │
│ train/p_ref                           │ 0.168421       │
│ train/parse_rate                      │ 0.695312       │
│ train/rate_var                        │ 0.006153       │
│ train/reward_pert1_trait0_count       │ 10             │
│ train/reward_pert1_trait0_mean        │ 0.051033       │
│ train/reward_pert1_trait1_count       │ 6              │
│ train/reward_pert1_trait1_mean        │ -0.105847      │
│ train/train/clock_cycle:unique        │ 1601019.000000 │
│ train/train/loss:sum                  │ 1023.051758    │
│ train/train/ppo_clipped_fraction:mean │ 0.043162       │
│ train/train/ppo_kl_div:mean           │ 0.144861       │
│ train/train/ppo_mean_ratio:mean       │ 0.967357       │
└───────────────────────────────────────┴────────────────┘
tinker_cookbook.utils.ml_log:192 [INFO] Wrote metrics to logs/sweep-rollouts/llama-rlct-nr128/metrics.jsonl
tinker_cookbook.utils.ml_log:265 [INFO] 
                          Step 9                          
┏━━━━━━━━━━━━━━━━━━━━━━━━━━━━━━━━━━━━━━━┳━━━━━━━━━━━━━━━━┓
┃ Metric                                ┃ Value          ┃
┡━━━━━━━━━━━━━━━━━━━━━━━━━━━━━━━━━━━━━━━╇━━━━━━━━━━━━━━━━┩
│ optim/entropy                         │ 2.643151       │
│ optim/kl_sample_train_v1              │ 0.000709       │
│ optim/kl_sample_train_v2              │ 0.000664       │
│ train/advantage_abs_mean              │ 1.000000       │
│ train/anchor_reward_mean              │ 0.000000       │
│ train/anchor_reward_std               │ 0.000000       │
│ train/avg_response_length             │ 531.937500     │
│ train/consistency_gap_1               │ 0.214640       │
│ train/consistency_reward_mean         │ -0.057788      │
│ train/consistency_reward_std          │ 0.107320       │
│ train/epoch                           │ 0              │
│ train/kl_policy_base                  │ 0.011357       │
│ train/n_anchor_rollouts               │ 0              │
│ train/n_consistency_rollouts          │ 16             │
│ train/n_ref_parsed                    │ 124            │
│ train/n_training_parsed               │ 117            │
│ train/p_hat_1                         │ 0.230769       │
│ train/p_ref                           │ 0.016129       │
│ train/parse_rate                      │ 0.941406       │
│ train/rate_var                        │ 0.011518       │
│ train/reward_pert1_trait0_count       │ 8              │
│ train/reward_pert1_trait0_mean        │ 0.049532       │
│ train/reward_pert1_trait1_count       │ 8              │
│ train/reward_pert1_trait1_mean        │ -0.165108      │
│ train/train/clock_cycle:unique        │ 1601045.000000 │
│ train/train/loss:sum                  │ -1760.872702   │
│ train/train/ppo_clipped_fraction:mean │ 0.174642       │
│ train/train/ppo_kl_div:mean           │ 0.693900       │
│ train/train/ppo_mean_ratio:mean       │ 0.850457       │
└───────────────────────────────────────┴────────────────┘
tinker_cookbook.utils.ml_log:192 [INFO] Wrote metrics to logs/sweep-rollouts/llama-rlct-nr128/metrics.jsonl
tinker_cookbook.utils.ml_log:265 [INFO] 
                         Step 10                          
┏━━━━━━━━━━━━━━━━━━━━━━━━━━━━━━━━━━━━━━━┳━━━━━━━━━━━━━━━━┓
┃ Metric                                ┃ Value          ┃
┡━━━━━━━━━━━━━━━━━━━━━━━━━━━━━━━━━━━━━━━╇━━━━━━━━━━━━━━━━┩
│ optim/entropy                         │ 0.521118       │
│ optim/kl_sample_train_v1              │ 0.000866       │
│ optim/kl_sample_train_v2              │ 0.000591       │
│ train/advantage_abs_mean              │ 0.484123       │
│ train/anchor_reward_mean              │ 0.000000       │
│ train/anchor_reward_std               │ 0.000000       │
│ train/avg_response_length             │ 399.625000     │
│ train/consistency_gap_1               │ 0.008000       │
│ train/consistency_reward_mean         │ -0.000436      │
│ train/consistency_reward_std          │ 0.001936       │
│ train/epoch                           │ 0              │
│ train/kl_policy_base                  │ 0.013760       │
│ train/n_anchor_rollouts               │ 0              │
│ train/n_consistency_rollouts          │ 16             │
│ train/n_ref_parsed                    │ 126            │
│ train/n_training_parsed               │ 125            │
│ train/p_hat_1                         │ 0.008000       │
│ train/p_ref                           │ 0.000000       │
│ train/parse_rate                      │ 0.980469       │
│ train/rate_var                        │ 0.000016       │
│ train/reward_pert1_trait0_count       │ 15             │
│ train/reward_pert1_trait0_mean        │ 0.000064       │
│ train/reward_pert1_trait1_count       │ 1              │
│ train/reward_pert1_trait1_mean        │ -0.007936      │
│ train/train/clock_cycle:unique        │ 1601048.000000 │
│ train/train/loss:sum                  │ 727.029900     │
│ train/train/ppo_clipped_fraction:mean │ 0.351379       │
│ train/train/ppo_kl_div:mean           │ 1.318580       │
│ train/train/ppo_mean_ratio:mean       │ 0.699210       │
└───────────────────────────────────────┴────────────────┘
tinker_cookbook.utils.ml_log:192 [INFO] Wrote metrics to logs/sweep-rollouts/llama-rlct-nr128/metrics.jsonl
tinker_cookbook.utils.ml_log:265 [INFO] 
                         Step 11                          
┏━━━━━━━━━━━━━━━━━━━━━━━━━━━━━━━━━━━━━━━┳━━━━━━━━━━━━━━━━┓
┃ Metric                                ┃ Value          ┃
┡━━━━━━━━━━━━━━━━━━━━━━━━━━━━━━━━━━━━━━━╇━━━━━━━━━━━━━━━━┩
│ optim/entropy                         │ 1.049772       │
│ optim/kl_sample_train_v1              │ 0.000894       │
│ optim/kl_sample_train_v2              │ 0.000689       │
│ train/advantage_abs_mean              │ 0.484123       │
│ train/anchor_reward_mean              │ 0.000000       │
│ train/anchor_reward_std               │ 0.000000       │
│ train/avg_response_length             │ 500.187500     │
│ train/consistency_gap_1               │ -0.012952      │
│ train/consistency_reward_mean         │ 0.000215       │
│ train/consistency_reward_std          │ 0.003135       │
│ train/epoch                           │ 0              │
│ train/kl_policy_base                  │ 0.015665       │
│ train/n_anchor_rollouts               │ 0              │
│ train/n_consistency_rollouts          │ 16             │
│ train/n_ref_parsed                    │ 102            │
│ train/n_training_parsed               │ 109            │
│ train/p_hat_1                         │ 0.045872       │
│ train/p_ref                           │ 0.058824       │
│ train/parse_rate                      │ 0.824219       │
│ train/rate_var                        │ 0.000042       │
│ train/reward_pert1_trait0_count       │ 15             │
│ train/reward_pert1_trait0_mean        │ -0.000594      │
│ train/reward_pert1_trait1_count       │ 1              │
│ train/reward_pert1_trait1_mean        │ 0.012358       │
│ train/train/clock_cycle:unique        │ 1601054.000000 │
│ train/train/loss:sum                  │ -2.034225      │
│ train/train/ppo_clipped_fraction:mean │ 0.225284       │
│ train/train/ppo_kl_div:mean           │ 0.724849       │
│ train/train/ppo_mean_ratio:mean       │ 0.821530       │
└───────────────────────────────────────┴────────────────┘
tinker_cookbook.utils.ml_log:192 [INFO] Wrote metrics to logs/sweep-rollouts/llama-rlct-nr128/metrics.jsonl
tinker_cookbook.utils.ml_log:265 [INFO] 
               Step 12               
┏━━━━━━━━━━━━━━━━━━━━━━━━━━━┳━━━━━━━┓
┃ Metric                    ┃ Value ┃
┡━━━━━━━━━━━━━━━━━━━━━━━━━━━╇━━━━━━━┩
│ train/skipped_empty_batch │ 1     │
└───────────────────────────┴───────┘
tinker_cookbook.utils.ml_log:192 [INFO] Wrote metrics to logs/sweep-rollouts/llama-rlct-nr128/metrics.jsonl
tinker_cookbook.utils.ml_log:265 [INFO] 
               Step 13               
┏━━━━━━━━━━━━━━━━━━━━━━━━━━━┳━━━━━━━┓
┃ Metric                    ┃ Value ┃
┡━━━━━━━━━━━━━━━━━━━━━━━━━━━╇━━━━━━━┩
│ train/skipped_empty_batch │ 1     │
└───────────────────────────┴───────┘
tinker_cookbook.utils.ml_log:192 [INFO] Wrote metrics to logs/sweep-rollouts/llama-rlct-nr128/metrics.jsonl
tinker_cookbook.utils.ml_log:265 [INFO] 
               Step 14               
┏━━━━━━━━━━━━━━━━━━━━━━━━━━━┳━━━━━━━┓
┃ Metric                    ┃ Value ┃
┡━━━━━━━━━━━━━━━━━━━━━━━━━━━╇━━━━━━━┩
│ train/skipped_empty_batch │ 1     │
└───────────────────────────┴───────┘
tinker_cookbook.utils.ml_log:192 [INFO] Wrote metrics to logs/sweep-rollouts/llama-rlct-nr128/metrics.jsonl
tinker_cookbook.utils.ml_log:265 [INFO] 
                         Step 15                          
┏━━━━━━━━━━━━━━━━━━━━━━━━━━━━━━━━━━━━━━━┳━━━━━━━━━━━━━━━━┓
┃ Metric                                ┃ Value          ┃
┡━━━━━━━━━━━━━━━━━━━━━━━━━━━━━━━━━━━━━━━╇━━━━━━━━━━━━━━━━┩
│ optim/entropy                         │ 1.016141       │
│ optim/kl_sample_train_v1              │ 0.000465       │
│ optim/kl_sample_train_v2              │ 0.000573       │
│ train/advantage_abs_mean              │ 0.661438       │
│ train/anchor_reward_mean              │ 0.000000       │
│ train/anchor_reward_std               │ 0.000000       │
│ train/avg_response_length             │ 433.937500     │
│ train/consistency_gap_1               │ 0.040297       │
│ train/consistency_reward_mean         │ -0.002216      │
│ train/consistency_reward_std          │ 0.013327       │
│ train/epoch                           │ 0              │
│ train/kl_policy_base                  │ 0.023927       │
│ train/n_anchor_rollouts               │ 0              │
│ train/n_consistency_rollouts          │ 16             │
│ train/n_ref_parsed                    │ 101            │
│ train/n_training_parsed               │ 100            │
│ train/p_hat_1                         │ 0.070000       │
│ train/p_ref                           │ 0.029703       │
│ train/parse_rate                      │ 0.785156       │
│ train/rate_var                        │ 0.000406       │
│ train/reward_pert1_trait0_count       │ 14             │
│ train/reward_pert1_trait0_mean        │ 0.002821       │
│ train/reward_pert1_trait1_count       │ 2              │
│ train/reward_pert1_trait1_mean        │ -0.037476      │
│ train/train/clock_cycle:unique        │ 1601231.000000 │
│ train/train/loss:sum                  │ -96.336334     │
│ train/train/ppo_clipped_fraction:mean │ 0.150908       │
│ train/train/ppo_kl_div:mean           │ 0.731542       │
│ train/train/ppo_mean_ratio:mean       │ 0.866252       │
└───────────────────────────────────────┴────────────────┘
tinker_cookbook.utils.ml_log:192 [INFO] Wrote metrics to logs/sweep-rollouts/llama-rlct-nr128/metrics.jsonl
tinker_cookbook.utils.ml_log:265 [INFO] 
                         Step 16                          
┏━━━━━━━━━━━━━━━━━━━━━━━━━━━━━━━━━━━━━━━┳━━━━━━━━━━━━━━━━┓
┃ Metric                                ┃ Value          ┃
┡━━━━━━━━━━━━━━━━━━━━━━━━━━━━━━━━━━━━━━━╇━━━━━━━━━━━━━━━━┩
│ optim/entropy                         │ 0.912485       │
│ optim/kl_sample_train_v1              │ 0.001660       │
│ optim/kl_sample_train_v2              │ 0.000666       │
│ train/advantage_abs_mean              │ 0.780625       │
│ train/anchor_reward_mean              │ 0.000000       │
│ train/anchor_reward_std               │ 0.000000       │
│ train/avg_response_length             │ 236.875000     │
│ train/consistency_gap_1               │ 0.071201       │
│ train/consistency_reward_mean         │ -0.001688      │
│ train/consistency_reward_std          │ 0.027790       │
│ train/epoch                           │ 0              │
│ train/kl_policy_base                  │ 0.019507       │
│ train/n_anchor_rollouts               │ 0              │
│ train/n_consistency_rollouts          │ 16             │
│ train/n_ref_parsed                    │ 108            │
│ train/n_training_parsed               │ 116            │
│ train/p_hat_1                         │ 0.163793       │
│ train/p_ref                           │ 0.092593       │
│ train/parse_rate                      │ 0.875000       │
│ train/rate_var                        │ 0.001267       │
│ train/reward_pert1_trait0_count       │ 13             │
│ train/reward_pert1_trait0_mean        │ 0.011662       │
│ train/reward_pert1_trait1_count       │ 3              │
│ train/reward_pert1_trait1_mean        │ -0.059538      │
│ train/train/clock_cycle:unique        │ 1601388.000000 │
│ train/train/loss:sum                  │ 322.455734     │
│ train/train/ppo_clipped_fraction:mean │ 0.218242       │
│ train/train/ppo_kl_div:mean           │ 0.906758       │
│ train/train/ppo_mean_ratio:mean       │ 0.812609       │
└───────────────────────────────────────┴────────────────┘
tinker_cookbook.utils.ml_log:192 [INFO] Wrote metrics to logs/sweep-rollouts/llama-rlct-nr128/metrics.jsonl
tinker_cookbook.utils.ml_log:265 [INFO] 
               Step 17               
┏━━━━━━━━━━━━━━━━━━━━━━━━━━━┳━━━━━━━┓
┃ Metric                    ┃ Value ┃
┡━━━━━━━━━━━━━━━━━━━━━━━━━━━╇━━━━━━━┩
│ train/skipped_empty_batch │ 1     │
└───────────────────────────┴───────┘
tinker_cookbook.utils.ml_log:192 [INFO] Wrote metrics to logs/sweep-rollouts/llama-rlct-nr128/metrics.jsonl
tinker_cookbook.utils.ml_log:265 [INFO] 
                         Step 18                          
┏━━━━━━━━━━━━━━━━━━━━━━━━━━━━━━━━━━━━━━━┳━━━━━━━━━━━━━━━━┓
┃ Metric                                ┃ Value          ┃
┡━━━━━━━━━━━━━━━━━━━━━━━━━━━━━━━━━━━━━━━╇━━━━━━━━━━━━━━━━┩
│ optim/entropy                         │ 2.295858       │
│ optim/kl_sample_train_v1              │ 0.000723       │
│ optim/kl_sample_train_v2              │ 0.000658       │
│ train/advantage_abs_mean              │ 0.780625       │
│ train/anchor_reward_mean              │ 0.000000       │
│ train/anchor_reward_std               │ 0.000000       │
│ train/avg_response_length             │ 528.000000     │
│ train/consistency_gap_1               │ 0.081237       │
│ train/consistency_reward_mean         │ 0.003515       │
│ train/consistency_reward_std          │ 0.031708       │
│ train/epoch                           │ 0              │
│ train/kl_policy_base                  │ 0.023406       │
│ train/n_anchor_rollouts               │ 0              │
│ train/n_consistency_rollouts          │ 16             │
│ train/n_ref_parsed                    │ 107            │
│ train/n_training_parsed               │ 104            │
│ train/p_hat_1                         │ 0.230769       │
│ train/p_ref                           │ 0.149533       │
│ train/parse_rate                      │ 0.824219       │
│ train/rate_var                        │ 0.001650       │
│ train/reward_pert1_trait0_count       │ 13             │
│ train/reward_pert1_trait0_mean        │ 0.018747       │
│ train/reward_pert1_trait1_count       │ 3              │
│ train/reward_pert1_trait1_mean        │ -0.062490      │
│ train/train/clock_cycle:unique        │ 1601602.000000 │
│ train/train/loss:sum                  │ -993.221954    │
│ train/train/ppo_clipped_fraction:mean │ 0.322385       │
│ train/train/ppo_kl_div:mean           │ 0.875452       │
│ train/train/ppo_mean_ratio:mean       │ 0.757958       │
└───────────────────────────────────────┴────────────────┘
tinker_cookbook.utils.ml_log:192 [INFO] Wrote metrics to logs/sweep-rollouts/llama-rlct-nr128/metrics.jsonl
tinker_cookbook.utils.ml_log:265 [INFO] 
               Step 19               
┏━━━━━━━━━━━━━━━━━━━━━━━━━━━┳━━━━━━━┓
┃ Metric                    ┃ Value ┃
┡━━━━━━━━━━━━━━━━━━━━━━━━━━━╇━━━━━━━┩
│ train/skipped_empty_batch │ 1     │
└───────────────────────────┴───────┘
tinker_cookbook.utils.ml_log:192 [INFO] Wrote metrics to logs/sweep-rollouts/llama-rlct-nr128/metrics.jsonl
tinker_cookbook.utils.ml_log:265 [INFO] 
                         Step 20                          
┏━━━━━━━━━━━━━━━━━━━━━━━━━━━━━━━━━━━━━━━┳━━━━━━━━━━━━━━━━┓
┃ Metric                                ┃ Value          ┃
┡━━━━━━━━━━━━━━━━━━━━━━━━━━━━━━━━━━━━━━━╇━━━━━━━━━━━━━━━━┩
│ optim/entropy                         │ 4.415331       │
│ optim/kl_sample_train_v1              │ 0.000720       │
│ optim/kl_sample_train_v2              │ 0.000783       │
│ train/advantage_abs_mean              │ 0.866025       │
│ train/anchor_reward_mean              │ 0.000000       │
│ train/anchor_reward_std               │ 0.000000       │
│ train/avg_response_length             │ 773.000000     │
│ train/consistency_gap_1               │ -0.059499      │
│ train/consistency_reward_mean         │ -0.000144      │
│ train/consistency_reward_std          │ 0.025764       │
│ train/epoch                           │ 0              │
│ train/kl_policy_base                  │ 0.034861       │
│ train/n_anchor_rollouts               │ 0              │
│ train/n_consistency_rollouts          │ 16             │
│ train/n_ref_parsed                    │ 109            │
│ train/n_training_parsed               │ 103            │
│ train/p_hat_1                         │ 0.252427       │
│ train/p_ref                           │ 0.311927       │
│ train/parse_rate                      │ 0.828125       │
│ train/rate_var                        │ 0.000885       │
│ train/reward_pert1_trait0_count       │ 12             │
│ train/reward_pert1_trait0_mean        │ -0.015019      │
│ train/reward_pert1_trait1_count       │ 4              │
│ train/reward_pert1_trait1_mean        │ 0.044480       │
│ train/train/clock_cycle:unique        │ 1601696.000000 │
│ train/train/loss:sum                  │ 2447.719360    │
│ train/train/ppo_clipped_fraction:mean │ 0.267808       │
│ train/train/ppo_kl_div:mean           │ 0.751176       │
│ train/train/ppo_mean_ratio:mean       │ 0.797056       │
└───────────────────────────────────────┴────────────────┘
tinker_cookbook.utils.ml_log:192 [INFO] Wrote metrics to logs/sweep-rollouts/llama-rlct-nr128/metrics.jsonl
tinker_cookbook.utils.ml_log:265 [INFO] 
               Step 21               
┏━━━━━━━━━━━━━━━━━━━━━━━━━━━┳━━━━━━━┓
┃ Metric                    ┃ Value ┃
┡━━━━━━━━━━━━━━━━━━━━━━━━━━━╇━━━━━━━┩
│ train/skipped_empty_batch │ 1     │
└───────────────────────────┴───────┘
tinker_cookbook.utils.ml_log:192 [INFO] Wrote metrics to logs/sweep-rollouts/llama-rlct-nr128/metrics.jsonl
tinker_cookbook.utils.ml_log:265 [INFO] 
               Step 22               
┏━━━━━━━━━━━━━━━━━━━━━━━━━━━┳━━━━━━━┓
┃ Metric                    ┃ Value ┃
┡━━━━━━━━━━━━━━━━━━━━━━━━━━━╇━━━━━━━┩
│ train/skipped_empty_batch │ 1     │
└───────────────────────────┴───────┘
tinker_cookbook.utils.ml_log:192 [INFO] Wrote metrics to logs/sweep-rollouts/llama-rlct-nr128/metrics.jsonl
tinker_cookbook.utils.ml_log:265 [INFO] 
                         Step 23                          
┏━━━━━━━━━━━━━━━━━━━━━━━━━━━━━━━━━━━━━━━┳━━━━━━━━━━━━━━━━┓
┃ Metric                                ┃ Value          ┃
┡━━━━━━━━━━━━━━━━━━━━━━━━━━━━━━━━━━━━━━━╇━━━━━━━━━━━━━━━━┩
│ optim/entropy                         │ 7.637352       │
│ optim/kl_sample_train_v1              │ 0.000461       │
│ optim/kl_sample_train_v2              │ 0.000478       │
│ train/advantage_abs_mean              │ 0.484123       │
│ train/anchor_reward_mean              │ 0.000000       │
│ train/anchor_reward_std               │ 0.000000       │
│ train/avg_response_length             │ 1783.437500    │
│ train/consistency_gap_1               │ -0.059348      │
│ train/consistency_reward_mean         │ -0.006642      │
│ train/consistency_reward_std          │ 0.014366       │
│ train/epoch                           │ 0              │
│ train/kl_policy_base                  │ 0.018651       │
│ train/n_anchor_rollouts               │ 0              │
│ train/n_consistency_rollouts          │ 16             │
│ train/n_ref_parsed                    │ 77             │
│ train/n_training_parsed               │ 86             │
│ train/p_hat_1                         │ 0.174419       │
│ train/p_ref                           │ 0.233766       │
│ train/parse_rate                      │ 0.636719       │
│ train/rate_var                        │ 0.000881       │
│ train/reward_pert1_trait0_count       │ 15             │
│ train/reward_pert1_trait0_mean        │ -0.010351      │
│ train/reward_pert1_trait1_count       │ 1              │
│ train/reward_pert1_trait1_mean        │ 0.048996       │
│ train/train/clock_cycle:unique        │ 1602012.000000 │
│ train/train/loss:sum                  │ 4871.586212    │
│ train/train/ppo_clipped_fraction:mean │ 0.063913       │
│ train/train/ppo_kl_div:mean           │ 0.232685       │
│ train/train/ppo_mean_ratio:mean       │ 0.949124       │
└───────────────────────────────────────┴────────────────┘
tinker_cookbook.utils.ml_log:192 [INFO] Wrote metrics to logs/sweep-rollouts/llama-rlct-nr128/metrics.jsonl
tinker_cookbook.utils.ml_log:265 [INFO] 
                         Step 24                          
┏━━━━━━━━━━━━━━━━━━━━━━━━━━━━━━━━━━━━━━━┳━━━━━━━━━━━━━━━━┓
┃ Metric                                ┃ Value          ┃
┡━━━━━━━━━━━━━━━━━━━━━━━━━━━━━━━━━━━━━━━╇━━━━━━━━━━━━━━━━┩
│ optim/entropy                         │ 4.956872       │
│ optim/kl_sample_train_v1              │ 0.000253       │
│ optim/kl_sample_train_v2              │ 0.000652       │
│ train/advantage_abs_mean              │ 0.992157       │
│ train/anchor_reward_mean              │ 0.000000       │
│ train/anchor_reward_std               │ 0.000000       │
│ train/avg_response_length             │ 583.125000     │
│ train/consistency_gap_1               │ 0.245096       │
│ train/consistency_reward_mean         │ -0.040799      │
│ train/consistency_reward_std          │ 0.121587       │
│ train/epoch                           │ 0              │
│ train/kl_policy_base                  │ 0.028412       │
│ train/n_anchor_rollouts               │ 0              │
│ train/n_consistency_rollouts          │ 16             │
│ train/n_ref_parsed                    │ 106            │
│ train/n_training_parsed               │ 101            │
│ train/p_hat_1                         │ 0.396040       │
│ train/p_ref                           │ 0.150943       │
│ train/parse_rate                      │ 0.808594       │
│ train/rate_var                        │ 0.015018       │
│ train/reward_pert1_trait0_count       │ 7              │
│ train/reward_pert1_trait0_mean        │ 0.097068       │
│ train/reward_pert1_trait1_count       │ 9              │
│ train/reward_pert1_trait1_mean        │ -0.148028      │
│ train/train/clock_cycle:unique        │ 1602143.000000 │
│ train/train/loss:sum                  │ 3430.743408    │
│ train/train/ppo_clipped_fraction:mean │ 0.282197       │
│ train/train/ppo_kl_div:mean           │ 0.850425       │
│ train/train/ppo_mean_ratio:mean       │ 0.773059       │
└───────────────────────────────────────┴────────────────┘
tinker_cookbook.utils.ml_log:192 [INFO] Wrote metrics to logs/sweep-rollouts/llama-rlct-nr128/metrics.jsonl
tinker_cookbook.utils.ml_log:265 [INFO] 
                         Step 25                          
┏━━━━━━━━━━━━━━━━━━━━━━━━━━━━━━━━━━━━━━━┳━━━━━━━━━━━━━━━━┓
┃ Metric                                ┃ Value          ┃
┡━━━━━━━━━━━━━━━━━━━━━━━━━━━━━━━━━━━━━━━╇━━━━━━━━━━━━━━━━┩
│ optim/entropy                         │ 5.268771       │
│ optim/kl_sample_train_v1              │ 0.000498       │
│ optim/kl_sample_train_v2              │ 0.000546       │
│ train/advantage_abs_mean              │ 0.927025       │
│ train/anchor_reward_mean              │ 0.000000       │
│ train/anchor_reward_std               │ 0.000000       │
│ train/avg_response_length             │ 697.562500     │
│ train/consistency_gap_1               │ 0.114286       │
│ train/consistency_reward_mean         │ -0.012857      │
│ train/consistency_reward_std          │ 0.052973       │
│ train/epoch                           │ 0              │
│ train/kl_policy_base                  │ 0.029915       │
│ train/n_anchor_rollouts               │ 0              │
│ train/n_consistency_rollouts          │ 16             │
│ train/n_ref_parsed                    │ 105            │
│ train/n_training_parsed               │ 115            │
│ train/p_hat_1                         │ 0.200000       │
│ train/p_ref                           │ 0.085714       │
│ train/parse_rate                      │ 0.859375       │
│ train/rate_var                        │ 0.003265       │
│ train/reward_pert1_trait0_count       │ 11             │
│ train/reward_pert1_trait0_mean        │ 0.022857       │
│ train/reward_pert1_trait1_count       │ 5              │
│ train/reward_pert1_trait1_mean        │ -0.091429      │
│ train/train/clock_cycle:unique        │ 1602340.000000 │
│ train/train/loss:sum                  │ -4016.753922   │
│ train/train/ppo_clipped_fraction:mean │ 0.363117       │
│ train/train/ppo_kl_div:mean           │ 1.306858       │
│ train/train/ppo_mean_ratio:mean       │ 0.698839       │
└───────────────────────────────────────┴────────────────┘
tinker_cookbook.utils.ml_log:192 [INFO] Wrote metrics to logs/sweep-rollouts/llama-rlct-nr128/metrics.jsonl
tinker_cookbook.utils.ml_log:265 [INFO] 
                         Step 26                          
┏━━━━━━━━━━━━━━━━━━━━━━━━━━━━━━━━━━━━━━━┳━━━━━━━━━━━━━━━━┓
┃ Metric                                ┃ Value          ┃
┡━━━━━━━━━━━━━━━━━━━━━━━━━━━━━━━━━━━━━━━╇━━━━━━━━━━━━━━━━┩
│ optim/entropy                         │ 4.098589       │
│ optim/kl_sample_train_v1              │ 0.000876       │
│ optim/kl_sample_train_v2              │ 0.000467       │
│ train/advantage_abs_mean              │ 0.780625       │
│ train/anchor_reward_mean              │ 0.000000       │
│ train/anchor_reward_std               │ 0.000000       │
│ train/avg_response_length             │ 511.812500     │
│ train/consistency_gap_1               │ -0.033604      │
│ train/consistency_reward_mean         │ 0.002329       │
│ train/consistency_reward_std          │ 0.013116       │
│ train/epoch                           │ 0              │
│ train/kl_policy_base                  │ 0.020347       │
│ train/n_anchor_rollouts               │ 0              │
│ train/n_consistency_rollouts          │ 16             │
│ train/n_ref_parsed                    │ 112            │
│ train/n_training_parsed               │ 110            │
│ train/p_hat_1                         │ 0.118182       │
│ train/p_ref                           │ 0.151786       │
│ train/parse_rate                      │ 0.867188       │
│ train/rate_var                        │ 0.000282       │
│ train/reward_pert1_trait0_count       │ 13             │
│ train/reward_pert1_trait0_mean        │ -0.003971      │
│ train/reward_pert1_trait1_count       │ 3              │
│ train/reward_pert1_trait1_mean        │ 0.029633       │
│ train/train/clock_cycle:unique        │ 1602346.000000 │
│ train/train/loss:sum                  │ 1060.221741    │
│ train/train/ppo_clipped_fraction:mean │ 0.132723       │
│ train/train/ppo_kl_div:mean           │ 0.564361       │
│ train/train/ppo_mean_ratio:mean       │ 0.884972       │
└───────────────────────────────────────┴────────────────┘
tinker_cookbook.utils.ml_log:192 [INFO] Wrote metrics to logs/sweep-rollouts/llama-rlct-nr128/metrics.jsonl
tinker_cookbook.utils.ml_log:265 [INFO] 
               Step 27               
┏━━━━━━━━━━━━━━━━━━━━━━━━━━━┳━━━━━━━┓
┃ Metric                    ┃ Value ┃
┡━━━━━━━━━━━━━━━━━━━━━━━━━━━╇━━━━━━━┩
│ train/skipped_empty_batch │ 1     │
└───────────────────────────┴───────┘
tinker_cookbook.utils.ml_log:192 [INFO] Wrote metrics to logs/sweep-rollouts/llama-rlct-nr128/metrics.jsonl
tinker_cookbook.utils.ml_log:265 [INFO] 
                         Step 28                          
┏━━━━━━━━━━━━━━━━━━━━━━━━━━━━━━━━━━━━━━━┳━━━━━━━━━━━━━━━━┓
┃ Metric                                ┃ Value          ┃
┡━━━━━━━━━━━━━━━━━━━━━━━━━━━━━━━━━━━━━━━╇━━━━━━━━━━━━━━━━┩
│ optim/entropy                         │ 0.777730       │
│ optim/kl_sample_train_v1              │ 0.000320       │
│ optim/kl_sample_train_v2              │ 0.000658       │
│ train/advantage_abs_mean              │ 0.484123       │
│ train/anchor_reward_mean              │ 0.000000       │
│ train/anchor_reward_std               │ 0.000000       │
│ train/avg_response_length             │ 294.875000     │
│ train/consistency_gap_1               │ 0.041183       │
│ train/consistency_reward_mean         │ -0.000532      │
│ train/consistency_reward_std          │ 0.009969       │
│ train/epoch                           │ 0              │
│ train/kl_policy_base                  │ 0.051723       │
│ train/n_anchor_rollouts               │ 0              │
│ train/n_consistency_rollouts          │ 16             │
│ train/n_ref_parsed                    │ 119            │
│ train/n_training_parsed               │ 121            │
│ train/p_hat_1                         │ 0.049587       │
│ train/p_ref                           │ 0.008403       │
│ train/parse_rate                      │ 0.937500       │
│ train/rate_var                        │ 0.000424       │
│ train/reward_pert1_trait0_count       │ 15             │
│ train/reward_pert1_trait0_mean        │ 0.002042       │
│ train/reward_pert1_trait1_count       │ 1              │
│ train/reward_pert1_trait1_mean        │ -0.039141      │
│ train/train/clock_cycle:unique        │ 1602421.000000 │
│ train/train/loss:sum                  │ 409.214935     │
│ train/train/ppo_clipped_fraction:mean │ 0.243858       │
│ train/train/ppo_kl_div:mean           │ 1.015236       │
│ train/train/ppo_mean_ratio:mean       │ 0.791623       │
└───────────────────────────────────────┴────────────────┘
tinker_cookbook.utils.ml_log:192 [INFO] Wrote metrics to logs/sweep-rollouts/llama-rlct-nr128/metrics.jsonl
tinker_cookbook.utils.ml_log:265 [INFO] 
               Step 29               
┏━━━━━━━━━━━━━━━━━━━━━━━━━━━┳━━━━━━━┓
┃ Metric                    ┃ Value ┃
┡━━━━━━━━━━━━━━━━━━━━━━━━━━━╇━━━━━━━┩
│ train/skipped_empty_batch │ 1     │
└───────────────────────────┴───────┘
tinker_cookbook.utils.ml_log:192 [INFO] Wrote metrics to logs/sweep-rollouts/llama-rlct-nr128/metrics.jsonl
tinker_cookbook.utils.ml_log:265 [INFO] 
                         Step 30                          
┏━━━━━━━━━━━━━━━━━━━━━━━━━━━━━━━━━━━━━━━┳━━━━━━━━━━━━━━━━┓
┃ Metric                                ┃ Value          ┃
┡━━━━━━━━━━━━━━━━━━━━━━━━━━━━━━━━━━━━━━━╇━━━━━━━━━━━━━━━━┩
│ optim/entropy                         │ 0.669691       │
│ optim/kl_sample_train_v1              │ 0.000513       │
│ optim/kl_sample_train_v2              │ 0.000563       │
│ train/advantage_abs_mean              │ 0.484123       │
│ train/anchor_reward_mean              │ 0.000000       │
│ train/anchor_reward_std               │ 0.000000       │
│ train/avg_response_length             │ 347.062500     │
│ train/consistency_gap_1               │ 0.008000       │
│ train/consistency_reward_mean         │ 0.000012       │
│ train/consistency_reward_std          │ 0.001936       │
│ train/epoch                           │ 0              │
│ train/kl_policy_base                  │ 0.051854       │
│ train/n_anchor_rollouts               │ 0              │
│ train/n_consistency_rollouts          │ 16             │
│ train/n_ref_parsed                    │ 125            │
│ train/n_training_parsed               │ 125            │
│ train/p_hat_1                         │ 0.064000       │
│ train/p_ref                           │ 0.056000       │
│ train/parse_rate                      │ 0.976562       │
│ train/rate_var                        │ 0.000016       │
│ train/reward_pert1_trait0_count       │ 15             │
│ train/reward_pert1_trait0_mean        │ 0.000512       │
│ train/reward_pert1_trait1_count       │ 1              │
│ train/reward_pert1_trait1_mean        │ -0.007488      │
│ train/train/clock_cycle:unique        │ 1602500.000000 │
│ train/train/loss:sum                  │ -351.943436    │
│ train/train/ppo_clipped_fraction:mean │ 0.349127       │
│ train/train/ppo_kl_div:mean           │ 1.368588       │
│ train/train/ppo_mean_ratio:mean       │ 0.703886       │
└───────────────────────────────────────┴────────────────┘
tinker_cookbook.utils.ml_log:192 [INFO] Wrote metrics to logs/sweep-rollouts/llama-rlct-nr128/metrics.jsonl
tinker_cookbook.utils.ml_log:265 [INFO] 
                         Step 31                          
┏━━━━━━━━━━━━━━━━━━━━━━━━━━━━━━━━━━━━━━━┳━━━━━━━━━━━━━━━━┓
┃ Metric                                ┃ Value          ┃
┡━━━━━━━━━━━━━━━━━━━━━━━━━━━━━━━━━━━━━━━╇━━━━━━━━━━━━━━━━┩
│ optim/entropy                         │ 0.674832       │
│ optim/kl_sample_train_v1              │ 0.000715       │
│ optim/kl_sample_train_v2              │ 0.000697       │
│ train/advantage_abs_mean              │ 0.992157       │
│ train/anchor_reward_mean              │ 0.000000       │
│ train/anchor_reward_std               │ 0.000000       │
│ train/avg_response_length             │ 337.000000     │
│ train/consistency_gap_1               │ 0.061097       │
│ train/consistency_reward_mean         │ -0.000825      │
│ train/consistency_reward_std          │ 0.030309       │
│ train/epoch                           │ 0              │
│ train/kl_policy_base                  │ 0.045485       │
│ train/n_anchor_rollouts               │ 0              │
│ train/n_consistency_rollouts          │ 16             │
│ train/n_ref_parsed                    │ 124            │
│ train/n_training_parsed               │ 125            │
│ train/p_hat_1                         │ 0.424000       │
│ train/p_ref                           │ 0.362903       │
│ train/parse_rate                      │ 0.972656       │
│ train/rate_var                        │ 0.000933       │
│ train/reward_pert1_trait0_count       │ 9              │
│ train/reward_pert1_trait0_mean        │ 0.025905       │
│ train/reward_pert1_trait1_count       │ 7              │
│ train/reward_pert1_trait1_mean        │ -0.035192      │
│ train/train/clock_cycle:unique        │ 1602645.000000 │
│ train/train/loss:sum                  │ 341.402847     │
│ train/train/ppo_clipped_fraction:mean │ 0.346575       │
│ train/train/ppo_kl_div:mean           │ 1.121775       │
│ train/train/ppo_mean_ratio:mean       │ 0.725572       │
└───────────────────────────────────────┴────────────────┘
tinker_cookbook.utils.ml_log:192 [INFO] Wrote metrics to logs/sweep-rollouts/llama-rlct-nr128/metrics.jsonl
tinker_cookbook.utils.ml_log:265 [INFO] 
                         Step 32                          
┏━━━━━━━━━━━━━━━━━━━━━━━━━━━━━━━━━━━━━━━┳━━━━━━━━━━━━━━━━┓
┃ Metric                                ┃ Value          ┃
┡━━━━━━━━━━━━━━━━━━━━━━━━━━━━━━━━━━━━━━━╇━━━━━━━━━━━━━━━━┩
│ optim/entropy                         │ 0.607107       │
│ optim/kl_sample_train_v1              │ 0.001017       │
│ optim/kl_sample_train_v2              │ 0.000533       │
│ train/advantage_abs_mean              │ 0.661438       │
│ train/anchor_reward_mean              │ 0.000000       │
│ train/anchor_reward_std               │ 0.000000       │
│ train/avg_response_length             │ 324.375000     │
│ train/consistency_gap_1               │ 0.001612       │
│ train/consistency_reward_mean         │ -0.000035      │
│ train/consistency_reward_std          │ 0.000533       │
│ train/epoch                           │ 0              │
│ train/kl_policy_base                  │ 0.057070       │
│ train/n_anchor_rollouts               │ 0              │
│ train/n_consistency_rollouts          │ 16             │
│ train/n_ref_parsed                    │ 128            │
│ train/n_training_parsed               │ 126            │
│ train/p_hat_1                         │ 0.103175       │
│ train/p_ref                           │ 0.101562       │
│ train/parse_rate                      │ 0.992188       │
│ train/rate_var                        │ 0.000001       │
│ train/reward_pert1_trait0_count       │ 14             │
│ train/reward_pert1_trait0_mean        │ 0.000166       │
│ train/reward_pert1_trait1_count       │ 2              │
│ train/reward_pert1_trait1_mean        │ -0.001446      │
│ train/train/clock_cycle:unique        │ 1602684.000000 │
│ train/train/loss:sum                  │ -1.799255      │
│ train/train/ppo_clipped_fraction:mean │ 0.200620       │
│ train/train/ppo_kl_div:mean           │ 0.736783       │
│ train/train/ppo_mean_ratio:mean       │ 0.838642       │
└───────────────────────────────────────┴────────────────┘
tinker_cookbook.utils.ml_log:192 [INFO] Wrote metrics to logs/sweep-rollouts/llama-rlct-nr128/metrics.jsonl
tinker_cookbook.utils.ml_log:265 [INFO] 
                         Step 33                          
┏━━━━━━━━━━━━━━━━━━━━━━━━━━━━━━━━━━━━━━━┳━━━━━━━━━━━━━━━━┓
┃ Metric                                ┃ Value          ┃
┡━━━━━━━━━━━━━━━━━━━━━━━━━━━━━━━━━━━━━━━╇━━━━━━━━━━━━━━━━┩
│ optim/entropy                         │ 0.639501       │
│ optim/kl_sample_train_v1              │ 0.000071       │
│ optim/kl_sample_train_v2              │ 0.000644       │
│ train/advantage_abs_mean              │ 0.866025       │
│ train/anchor_reward_mean              │ 0.000000       │
│ train/anchor_reward_std               │ 0.000000       │
│ train/avg_response_length             │ 437.125000     │
│ train/consistency_gap_1               │ -0.110236      │
│ train/consistency_reward_mean         │ 0.009331       │
│ train/consistency_reward_std          │ 0.047734       │
│ train/epoch                           │ 0              │
│ train/kl_policy_base                  │ 0.046557       │
│ train/n_anchor_rollouts               │ 0              │
│ train/n_consistency_rollouts          │ 16             │
│ train/n_ref_parsed                    │ 127            │
│ train/n_training_parsed               │ 127            │
│ train/p_hat_1                         │ 0.165354       │
│ train/p_ref                           │ 0.275591       │
│ train/parse_rate                      │ 0.992188       │
│ train/rate_var                        │ 0.003038       │
│ train/reward_pert1_trait0_count       │ 12             │
│ train/reward_pert1_trait0_mean        │ -0.018228      │
│ train/reward_pert1_trait1_count       │ 4              │
│ train/reward_pert1_trait1_mean        │ 0.092008       │
│ train/train/clock_cycle:unique        │ 1602717.000000 │
│ train/train/loss:sum                  │ -192.502365    │
│ train/train/ppo_clipped_fraction:mean │ 0.235002       │
│ train/train/ppo_kl_div:mean           │ 0.787191       │
│ train/train/ppo_mean_ratio:mean       │ 0.811171       │
└───────────────────────────────────────┴────────────────┘
tinker_cookbook.utils.ml_log:192 [INFO] Wrote metrics to logs/sweep-rollouts/llama-rlct-nr128/metrics.jsonl
tinker_cookbook.utils.ml_log:265 [INFO] 
                         Step 34                          
┏━━━━━━━━━━━━━━━━━━━━━━━━━━━━━━━━━━━━━━━┳━━━━━━━━━━━━━━━━┓
┃ Metric                                ┃ Value          ┃
┡━━━━━━━━━━━━━━━━━━━━━━━━━━━━━━━━━━━━━━━╇━━━━━━━━━━━━━━━━┩
│ optim/entropy                         │ 0.788213       │
│ optim/kl_sample_train_v1              │ 0.000707       │
│ optim/kl_sample_train_v2              │ 0.000605       │
│ train/advantage_abs_mean              │ 0.927025       │
│ train/anchor_reward_mean              │ 0.000000       │
│ train/anchor_reward_std               │ 0.000000       │
│ train/avg_response_length             │ 307.250000     │
│ train/consistency_gap_1               │ -0.024802      │
│ train/consistency_reward_mean         │ -0.006200      │
│ train/consistency_reward_std          │ 0.011496       │
│ train/epoch                           │ 0              │
│ train/kl_policy_base                  │ 0.094451       │
│ train/n_anchor_rollouts               │ 0              │
│ train/n_consistency_rollouts          │ 16             │
│ train/n_ref_parsed                    │ 126            │
│ train/n_training_parsed               │ 128            │
│ train/p_hat_1                         │ 0.562500       │
│ train/p_ref                           │ 0.587302       │
│ train/parse_rate                      │ 0.992188       │
│ train/rate_var                        │ 0.000154       │
│ train/reward_pert1_trait0_count       │ 11             │
│ train/reward_pert1_trait0_mean        │ -0.013951      │
│ train/reward_pert1_trait1_count       │ 5              │
│ train/reward_pert1_trait1_mean        │ 0.010851       │
│ train/train/clock_cycle:unique        │ 1602750.000000 │
│ train/train/loss:sum                  │ 312.356949     │
│ train/train/ppo_clipped_fraction:mean │ 0.247773       │
│ train/train/ppo_kl_div:mean           │ 1.018649       │
│ train/train/ppo_mean_ratio:mean       │ 0.795377       │
└───────────────────────────────────────┴────────────────┘
tinker_cookbook.utils.ml_log:192 [INFO] Wrote metrics to logs/sweep-rollouts/llama-rlct-nr128/metrics.jsonl
tinker_cookbook.utils.ml_log:265 [INFO] 
               Step 35               
┏━━━━━━━━━━━━━━━━━━━━━━━━━━━┳━━━━━━━┓
┃ Metric                    ┃ Value ┃
┡━━━━━━━━━━━━━━━━━━━━━━━━━━━╇━━━━━━━┩
│ train/skipped_empty_batch │ 1     │
└───────────────────────────┴───────┘
tinker_cookbook.utils.ml_log:192 [INFO] Wrote metrics to logs/sweep-rollouts/llama-rlct-nr128/metrics.jsonl
tinker_cookbook.utils.ml_log:265 [INFO] 
               Step 36               
┏━━━━━━━━━━━━━━━━━━━━━━━━━━━┳━━━━━━━┓
┃ Metric                    ┃ Value ┃
┡━━━━━━━━━━━━━━━━━━━━━━━━━━━╇━━━━━━━┩
│ train/skipped_empty_batch │ 1     │
└───────────────────────────┴───────┘
tinker_cookbook.utils.ml_log:192 [INFO] Wrote metrics to logs/sweep-rollouts/llama-rlct-nr128/metrics.jsonl
tinker_cookbook.utils.ml_log:265 [INFO] 
                         Step 37                          
┏━━━━━━━━━━━━━━━━━━━━━━━━━━━━━━━━━━━━━━━┳━━━━━━━━━━━━━━━━┓
┃ Metric                                ┃ Value          ┃
┡━━━━━━━━━━━━━━━━━━━━━━━━━━━━━━━━━━━━━━━╇━━━━━━━━━━━━━━━━┩
│ optim/entropy                         │ 0.606394       │
│ optim/kl_sample_train_v1              │ 0.000259       │
│ optim/kl_sample_train_v2              │ 0.000505       │
│ train/advantage_abs_mean              │ 0.866025       │
│ train/anchor_reward_mean              │ 0.000000       │
│ train/anchor_reward_std               │ 0.000000       │
│ train/avg_response_length             │ 455.750000     │
│ train/consistency_gap_1               │ 0.062992       │
│ train/consistency_reward_mean         │ 0.001364       │
│ train/consistency_reward_std          │ 0.027276       │
│ train/epoch                           │ 0              │
│ train/kl_policy_base                  │ 0.047006       │
│ train/n_anchor_rollouts               │ 0              │
│ train/n_consistency_rollouts          │ 16             │
│ train/n_ref_parsed                    │ 127            │
│ train/n_training_parsed               │ 127            │
│ train/p_hat_1                         │ 0.771654       │
│ train/p_ref                           │ 0.708661       │
│ train/parse_rate                      │ 0.992188       │
│ train/rate_var                        │ 0.000992       │
│ train/reward_pert1_trait0_count       │ 4              │
│ train/reward_pert1_trait0_mean        │ 0.048608       │
│ train/reward_pert1_trait1_count       │ 12             │
│ train/reward_pert1_trait1_mean        │ -0.014384      │
│ train/train/clock_cycle:unique        │ 1602852.000000 │
│ train/train/loss:sum                  │ 30.382004      │
│ train/train/ppo_clipped_fraction:mean │ 0.194204       │
│ train/train/ppo_kl_div:mean           │ 0.718393       │
│ train/train/ppo_mean_ratio:mean       │ 0.840582       │
└───────────────────────────────────────┴────────────────┘
tinker_cookbook.utils.ml_log:192 [INFO] Wrote metrics to logs/sweep-rollouts/llama-rlct-nr128/metrics.jsonl
tinker_cookbook.utils.ml_log:265 [INFO] 
                         Step 38                          
┏━━━━━━━━━━━━━━━━━━━━━━━━━━━━━━━━━━━━━━━┳━━━━━━━━━━━━━━━━┓
┃ Metric                                ┃ Value          ┃
┡━━━━━━━━━━━━━━━━━━━━━━━━━━━━━━━━━━━━━━━╇━━━━━━━━━━━━━━━━┩
│ optim/entropy                         │ 0.678152       │
│ optim/kl_sample_train_v1              │ 0.000664       │
│ optim/kl_sample_train_v2              │ 0.000618       │
│ train/advantage_abs_mean              │ 0.927025       │
│ train/anchor_reward_mean              │ 0.000000       │
│ train/anchor_reward_std               │ 0.000000       │
│ train/avg_response_length             │ 432.062500     │
│ train/consistency_gap_1               │ 0.007937       │
│ train/consistency_reward_mean         │ 0.000543       │
│ train/consistency_reward_std          │ 0.003679       │
│ train/epoch                           │ 0              │
│ train/kl_policy_base                  │ 0.063207       │
│ train/n_anchor_rollouts               │ 0              │
│ train/n_consistency_rollouts          │ 16             │
│ train/n_ref_parsed                    │ 126            │
│ train/n_training_parsed               │ 126            │
│ train/p_hat_1                         │ 0.380952       │
│ train/p_ref                           │ 0.373016       │
│ train/parse_rate                      │ 0.984375       │
│ train/rate_var                        │ 0.000016       │
│ train/reward_pert1_trait0_count       │ 11             │
│ train/reward_pert1_trait0_mean        │ 0.003023       │
│ train/reward_pert1_trait1_count       │ 5              │
│ train/reward_pert1_trait1_mean        │ -0.004913      │
│ train/train/clock_cycle:unique        │ 1602905.000000 │
│ train/train/loss:sum                  │ 0.417206       │
│ train/train/ppo_clipped_fraction:mean │ 0.228715       │
│ train/train/ppo_kl_div:mean           │ 0.803700       │
│ train/train/ppo_mean_ratio:mean       │ 0.811193       │
└───────────────────────────────────────┴────────────────┘
tinker_cookbook.utils.ml_log:192 [INFO] Wrote metrics to logs/sweep-rollouts/llama-rlct-nr128/metrics.jsonl
tinker_cookbook.utils.ml_log:265 [INFO] 
               Step 39               
┏━━━━━━━━━━━━━━━━━━━━━━━━━━━┳━━━━━━━┓
┃ Metric                    ┃ Value ┃
┡━━━━━━━━━━━━━━━━━━━━━━━━━━━╇━━━━━━━┩
│ train/skipped_empty_batch │ 1     │
└───────────────────────────┴───────┘
tinker_cookbook.utils.ml_log:192 [INFO] Wrote metrics to logs/sweep-rollouts/llama-rlct-nr128/metrics.jsonl
tinker_cookbook.utils.ml_log:265 [INFO] 
               Step 40               
┏━━━━━━━━━━━━━━━━━━━━━━━━━━━┳━━━━━━━┓
┃ Metric                    ┃ Value ┃
┡━━━━━━━━━━━━━━━━━━━━━━━━━━━╇━━━━━━━┩
│ train/skipped_empty_batch │ 1     │
└───────────────────────────┴───────┘
tinker_cookbook.utils.ml_log:192 [INFO] Wrote metrics to logs/sweep-rollouts/llama-rlct-nr128/metrics.jsonl
tinker_cookbook.utils.ml_log:265 [INFO] 
                         Step 41                          
┏━━━━━━━━━━━━━━━━━━━━━━━━━━━━━━━━━━━━━━━┳━━━━━━━━━━━━━━━━┓
┃ Metric                                ┃ Value          ┃
┡━━━━━━━━━━━━━━━━━━━━━━━━━━━━━━━━━━━━━━━╇━━━━━━━━━━━━━━━━┩
│ optim/entropy                         │ 0.562795       │
│ optim/kl_sample_train_v1              │ 0.000899       │
│ optim/kl_sample_train_v2              │ 0.000481       │
│ train/advantage_abs_mean              │ 0.484123       │
│ train/anchor_reward_mean              │ 0.000000       │
│ train/anchor_reward_std               │ 0.000000       │
│ train/avg_response_length             │ 281.875000     │
│ train/consistency_gap_1               │ 0.026011       │
│ train/consistency_reward_mean         │ -0.000721      │
│ train/consistency_reward_std          │ 0.006296       │
│ train/epoch                           │ 0              │
│ train/kl_policy_base                  │ 0.048093       │
│ train/n_anchor_rollouts               │ 0              │
│ train/n_consistency_rollouts          │ 16             │
│ train/n_ref_parsed                    │ 114            │
│ train/n_training_parsed               │ 115            │
│ train/p_hat_1                         │ 0.034783       │
│ train/p_ref                           │ 0.008772       │
│ train/parse_rate                      │ 0.894531       │
│ train/rate_var                        │ 0.000169       │
│ train/reward_pert1_trait0_count       │ 15             │
│ train/reward_pert1_trait0_mean        │ 0.000905       │
│ train/reward_pert1_trait1_count       │ 1              │
│ train/reward_pert1_trait1_mean        │ -0.025106      │
│ train/train/clock_cycle:unique        │ 1602987.000000 │
│ train/train/loss:sum                  │ 225.620106     │
│ train/train/ppo_clipped_fraction:mean │ 0.236682       │
│ train/train/ppo_kl_div:mean           │ 0.845248       │
│ train/train/ppo_mean_ratio:mean       │ 0.802873       │
└───────────────────────────────────────┴────────────────┘
tinker_cookbook.utils.ml_log:192 [INFO] Wrote metrics to logs/sweep-rollouts/llama-rlct-nr128/metrics.jsonl
tinker_cookbook.utils.ml_log:265 [INFO] 
                         Step 42                          
┏━━━━━━━━━━━━━━━━━━━━━━━━━━━━━━━━━━━━━━━┳━━━━━━━━━━━━━━━━┓
┃ Metric                                ┃ Value          ┃
┡━━━━━━━━━━━━━━━━━━━━━━━━━━━━━━━━━━━━━━━╇━━━━━━━━━━━━━━━━┩
│ optim/entropy                         │ 0.717976       │
│ optim/kl_sample_train_v1              │ 0.000591       │
│ optim/kl_sample_train_v2              │ 0.000624       │
│ train/advantage_abs_mean              │ 0.661438       │
│ train/anchor_reward_mean              │ 0.000000       │
│ train/anchor_reward_std               │ 0.000000       │
│ train/avg_response_length             │ 426.562500     │
│ train/consistency_gap_1               │ 0.023932       │
│ train/consistency_reward_mean         │ -0.001396      │
│ train/consistency_reward_std          │ 0.007915       │
│ train/epoch                           │ 0              │
│ train/kl_policy_base                  │ 0.077060       │
│ train/n_anchor_rollouts               │ 0              │
│ train/n_consistency_rollouts          │ 16             │
│ train/n_ref_parsed                    │ 117            │
│ train/n_training_parsed               │ 120            │
│ train/p_hat_1                         │ 0.066667       │
│ train/p_ref                           │ 0.042735       │
│ train/parse_rate                      │ 0.925781       │
│ train/rate_var                        │ 0.000143       │
│ train/reward_pert1_trait0_count       │ 14             │
│ train/reward_pert1_trait0_mean        │ 0.001595       │
│ train/reward_pert1_trait1_count       │ 2              │
│ train/reward_pert1_trait1_mean        │ -0.022336      │
│ train/train/clock_cycle:unique        │ 1602997.000000 │
│ train/train/loss:sum                  │ 733.934753     │
│ train/train/ppo_clipped_fraction:mean │ 0.146709       │
│ train/train/ppo_kl_div:mean           │ 0.636882       │
│ train/train/ppo_mean_ratio:mean       │ 0.875138       │
└───────────────────────────────────────┴────────────────┘
tinker_cookbook.utils.ml_log:192 [INFO] Wrote metrics to logs/sweep-rollouts/llama-rlct-nr128/metrics.jsonl
tinker_cookbook.utils.ml_log:265 [INFO] 
               Step 43               
┏━━━━━━━━━━━━━━━━━━━━━━━━━━━┳━━━━━━━┓
┃ Metric                    ┃ Value ┃
┡━━━━━━━━━━━━━━━━━━━━━━━━━━━╇━━━━━━━┩
│ train/skipped_empty_batch │ 1     │
└───────────────────────────┴───────┘
tinker_cookbook.utils.ml_log:192 [INFO] Wrote metrics to logs/sweep-rollouts/llama-rlct-nr128/metrics.jsonl
tinker_cookbook.utils.ml_log:265 [INFO] 
                         Step 44                          
┏━━━━━━━━━━━━━━━━━━━━━━━━━━━━━━━━━━━━━━━┳━━━━━━━━━━━━━━━━┓
┃ Metric                                ┃ Value          ┃
┡━━━━━━━━━━━━━━━━━━━━━━━━━━━━━━━━━━━━━━━╇━━━━━━━━━━━━━━━━┩
│ optim/entropy                         │ 0.667685       │
│ optim/kl_sample_train_v1              │ 0.001744       │
│ optim/kl_sample_train_v2              │ 0.000557       │
│ train/advantage_abs_mean              │ 0.484123       │
│ train/anchor_reward_mean              │ 0.000000       │
│ train/anchor_reward_std               │ 0.000000       │
│ train/avg_response_length             │ 358.812500     │
│ train/consistency_gap_1               │ 0.094110       │
│ train/consistency_reward_mean         │ 0.005233       │
│ train/consistency_reward_std          │ 0.022780       │
│ train/epoch                           │ 0              │
│ train/kl_policy_base                  │ 0.088649       │
│ train/n_anchor_rollouts               │ 0              │
│ train/n_consistency_rollouts          │ 16             │
│ train/n_ref_parsed                    │ 125            │
│ train/n_training_parsed               │ 127            │
│ train/p_hat_1                         │ 0.118110       │
│ train/p_ref                           │ 0.024000       │
│ train/parse_rate                      │ 0.984375       │
│ train/rate_var                        │ 0.002214       │
│ train/reward_pert1_trait0_count       │ 15             │
│ train/reward_pert1_trait0_mean        │ 0.011115       │
│ train/reward_pert1_trait1_count       │ 1              │
│ train/reward_pert1_trait1_mean        │ -0.082995      │
│ train/train/clock_cycle:unique        │ 1603000.000000 │
│ train/train/loss:sum                  │ 67.475082      │
│ train/train/ppo_clipped_fraction:mean │ 0.195094       │
│ train/train/ppo_kl_div:mean           │ 0.770203       │
│ train/train/ppo_mean_ratio:mean       │ 0.836402       │
└───────────────────────────────────────┴────────────────┘
tinker_cookbook.utils.ml_log:192 [INFO] Wrote metrics to logs/sweep-rollouts/llama-rlct-nr128/metrics.jsonl
tinker_cookbook.utils.ml_log:265 [INFO] 
               Step 45               
┏━━━━━━━━━━━━━━━━━━━━━━━━━━━┳━━━━━━━┓
┃ Metric                    ┃ Value ┃
┡━━━━━━━━━━━━━━━━━━━━━━━━━━━╇━━━━━━━┩
│ train/skipped_empty_batch │ 1     │
└───────────────────────────┴───────┘
tinker_cookbook.utils.ml_log:192 [INFO] Wrote metrics to logs/sweep-rollouts/llama-rlct-nr128/metrics.jsonl
tinker_cookbook.utils.ml_log:265 [INFO] 
               Step 46               
┏━━━━━━━━━━━━━━━━━━━━━━━━━━━┳━━━━━━━┓
┃ Metric                    ┃ Value ┃
┡━━━━━━━━━━━━━━━━━━━━━━━━━━━╇━━━━━━━┩
│ train/skipped_empty_batch │ 1     │
└───────────────────────────┴───────┘
tinker_cookbook.utils.ml_log:192 [INFO] Wrote metrics to logs/sweep-rollouts/llama-rlct-nr128/metrics.jsonl
tinker_cookbook.utils.ml_log:265 [INFO] 
               Step 47               
┏━━━━━━━━━━━━━━━━━━━━━━━━━━━┳━━━━━━━┓
┃ Metric                    ┃ Value ┃
┡━━━━━━━━━━━━━━━━━━━━━━━━━━━╇━━━━━━━┩
│ train/skipped_empty_batch │ 1     │
└───────────────────────────┴───────┘
tinker_cookbook.utils.ml_log:192 [INFO] Wrote metrics to logs/sweep-rollouts/llama-rlct-nr128/metrics.jsonl
tinker_cookbook.utils.ml_log:265 [INFO] 
                         Step 48                          
┏━━━━━━━━━━━━━━━━━━━━━━━━━━━━━━━━━━━━━━━┳━━━━━━━━━━━━━━━━┓
┃ Metric                                ┃ Value          ┃
┡━━━━━━━━━━━━━━━━━━━━━━━━━━━━━━━━━━━━━━━╇━━━━━━━━━━━━━━━━┩
│ optim/entropy                         │ 0.748107       │
│ optim/kl_sample_train_v1              │ 0.000251       │
│ optim/kl_sample_train_v2              │ 0.000592       │
│ train/advantage_abs_mean              │ 0.484123       │
│ train/anchor_reward_mean              │ 0.000000       │
│ train/anchor_reward_std               │ 0.000000       │
│ train/avg_response_length             │ 334.562500     │
│ train/consistency_gap_1               │ -0.000062      │
│ train/consistency_reward_mean         │ 0.000003       │
│ train/consistency_reward_std          │ 0.000015       │
│ train/epoch                           │ 0              │
│ train/kl_policy_base                  │ 0.056518       │
│ train/n_anchor_rollouts               │ 0              │
│ train/n_consistency_rollouts          │ 16             │
│ train/n_ref_parsed                    │ 126            │
│ train/n_training_parsed               │ 127            │
│ train/p_hat_1                         │ 0.007874       │
│ train/p_ref                           │ 0.007937       │
│ train/parse_rate                      │ 0.988281       │
│ train/rate_var                        │ 0.000000       │
│ train/reward_pert1_trait0_count       │ 15             │
│ train/reward_pert1_trait0_mean        │ -0.000000      │
│ train/reward_pert1_trait1_count       │ 1              │
│ train/reward_pert1_trait1_mean        │ 0.000062       │
│ train/train/clock_cycle:unique        │ 1603004.000000 │
│ train/train/loss:sum                  │ 162.933414     │
│ train/train/ppo_clipped_fraction:mean │ 0.191612       │
│ train/train/ppo_kl_div:mean           │ 0.686057       │
│ train/train/ppo_mean_ratio:mean       │ 0.847122       │
└───────────────────────────────────────┴────────────────┘
tinker_cookbook.utils.ml_log:192 [INFO] Wrote metrics to logs/sweep-rollouts/llama-rlct-nr128/metrics.jsonl
tinker_cookbook.utils.ml_log:265 [INFO] 
                         Step 49                          
┏━━━━━━━━━━━━━━━━━━━━━━━━━━━━━━━━━━━━━━━┳━━━━━━━━━━━━━━━━┓
┃ Metric                                ┃ Value          ┃
┡━━━━━━━━━━━━━━━━━━━━━━━━━━━━━━━━━━━━━━━╇━━━━━━━━━━━━━━━━┩
│ optim/entropy                         │ 0.643848       │
│ optim/kl_sample_train_v1              │ 0.000852       │
│ optim/kl_sample_train_v2              │ 0.000542       │
│ train/advantage_abs_mean              │ 0.992157       │
│ train/anchor_reward_mean              │ 0.000000       │
│ train/anchor_reward_std               │ 0.000000       │
│ train/avg_response_length             │ 348.187500     │
│ train/consistency_gap_1               │ -0.090286      │
│ train/consistency_reward_mean         │ -0.005553      │
│ train/consistency_reward_std          │ 0.044789       │
│ train/epoch                           │ 0              │
│ train/kl_policy_base                  │ 0.077576       │
│ train/n_anchor_rollouts               │ 0              │
│ train/n_consistency_rollouts          │ 16             │
│ train/n_ref_parsed                    │ 126            │
│ train/n_training_parsed               │ 125            │
│ train/p_hat_1                         │ 0.624000       │
│ train/p_ref                           │ 0.714286       │
│ train/parse_rate                      │ 0.980469       │
│ train/rate_var                        │ 0.002038       │
│ train/reward_pert1_trait0_count       │ 7              │
│ train/reward_pert1_trait0_mean        │ -0.056338      │
│ train/reward_pert1_trait1_count       │ 9              │
│ train/reward_pert1_trait1_mean        │ 0.033947       │
│ train/train/clock_cycle:unique        │ 1603007.000000 │
│ train/train/loss:sum                  │ 143.363556     │
│ train/train/ppo_clipped_fraction:mean │ 0.210446       │
│ train/train/ppo_kl_div:mean           │ 0.731567       │
│ train/train/ppo_mean_ratio:mean       │ 0.831641       │
└───────────────────────────────────────┴────────────────┘
tinker_cookbook.utils.ml_log:192 [INFO] Wrote metrics to logs/sweep-rollouts/llama-rlct-nr128/metrics.jsonl
tinker_cookbook.utils.ml_log:265 [INFO] 
                         Step 50                          
┏━━━━━━━━━━━━━━━━━━━━━━━━━━━━━━━━━━━━━━━┳━━━━━━━━━━━━━━━━┓
┃ Metric                                ┃ Value          ┃
┡━━━━━━━━━━━━━━━━━━━━━━━━━━━━━━━━━━━━━━━╇━━━━━━━━━━━━━━━━┩
│ optim/entropy                         │ 1.299762       │
│ optim/kl_sample_train_v1              │ 0.000919       │
│ optim/kl_sample_train_v2              │ 0.000419       │
│ train/advantage_abs_mean              │ 0.484123       │
│ train/anchor_reward_mean              │ 0.000000       │
│ train/anchor_reward_std               │ 0.000000       │
│ train/avg_response_length             │ 233.937500     │
│ train/consistency_gap_1               │ -0.035995      │
│ train/consistency_reward_mean         │ 0.000388       │
│ train/consistency_reward_std          │ 0.008713       │
│ train/epoch                           │ 0              │
│ train/kl_policy_base                  │ 0.041064       │
│ train/n_anchor_rollouts               │ 0              │
│ train/n_consistency_rollouts          │ 16             │
│ train/n_ref_parsed                    │ 114            │
│ train/n_training_parsed               │ 116            │
│ train/p_hat_1                         │ 0.051724       │
│ train/p_ref                           │ 0.087719       │
│ train/parse_rate                      │ 0.898438       │
│ train/rate_var                        │ 0.000324       │
│ train/reward_pert1_trait0_count       │ 15             │
│ train/reward_pert1_trait0_mean        │ -0.001862      │
│ train/reward_pert1_trait1_count       │ 1              │
│ train/reward_pert1_trait1_mean        │ 0.034133       │
│ train/train/clock_cycle:unique        │ 1603041.000000 │
│ train/train/loss:sum                  │ -2331.913727   │
│ train/train/ppo_clipped_fraction:mean │ 0.237914       │
│ train/train/ppo_kl_div:mean           │ 1.015523       │
│ train/train/ppo_mean_ratio:mean       │ 0.793562       │
└───────────────────────────────────────┴────────────────┘
tinker_cookbook.utils.ml_log:192 [INFO] Wrote metrics to logs/sweep-rollouts/llama-rlct-nr128/metrics.jsonl
tinker_cookbook.utils.ml_log:265 [INFO] 
                         Step 51                          
┏━━━━━━━━━━━━━━━━━━━━━━━━━━━━━━━━━━━━━━━┳━━━━━━━━━━━━━━━━┓
┃ Metric                                ┃ Value          ┃
┡━━━━━━━━━━━━━━━━━━━━━━━━━━━━━━━━━━━━━━━╇━━━━━━━━━━━━━━━━┩
│ optim/entropy                         │ 0.694552       │
│ optim/kl_sample_train_v1              │ 0.000807       │
│ optim/kl_sample_train_v2              │ 0.000528       │
│ train/advantage_abs_mean              │ 0.866025       │
│ train/anchor_reward_mean              │ 0.000000       │
│ train/anchor_reward_std               │ 0.000000       │
│ train/avg_response_length             │ 242.437500     │
│ train/consistency_gap_1               │ 0.199768       │
│ train/consistency_reward_mean         │ -0.005278      │
│ train/consistency_reward_std          │ 0.086502       │
│ train/epoch                           │ 0              │
│ train/kl_policy_base                  │ 0.131219       │
│ train/n_anchor_rollouts               │ 0              │
│ train/n_consistency_rollouts          │ 16             │
│ train/n_ref_parsed                    │ 126            │
│ train/n_training_parsed               │ 123            │
│ train/p_hat_1                         │ 0.723577       │
│ train/p_ref                           │ 0.523810       │
│ train/parse_rate                      │ 0.972656       │
│ train/rate_var                        │ 0.009977       │
│ train/reward_pert1_trait0_count       │ 4              │
│ train/reward_pert1_trait0_mean        │ 0.144547       │
│ train/reward_pert1_trait1_count       │ 12             │
│ train/reward_pert1_trait1_mean        │ -0.055220      │
│ train/train/clock_cycle:unique        │ 1603066.000000 │
│ train/train/loss:sum                  │ -192.517220    │
│ train/train/ppo_clipped_fraction:mean │ 0.274276       │
│ train/train/ppo_kl_div:mean           │ 1.176316       │
│ train/train/ppo_mean_ratio:mean       │ 0.762606       │
└───────────────────────────────────────┴────────────────┘
tinker_cookbook.utils.ml_log:192 [INFO] Wrote metrics to logs/sweep-rollouts/llama-rlct-nr128/metrics.jsonl
tinker_cookbook.utils.ml_log:265 [INFO] 
                         Step 52                          
┏━━━━━━━━━━━━━━━━━━━━━━━━━━━━━━━━━━━━━━━┳━━━━━━━━━━━━━━━━┓
┃ Metric                                ┃ Value          ┃
┡━━━━━━━━━━━━━━━━━━━━━━━━━━━━━━━━━━━━━━━╇━━━━━━━━━━━━━━━━┩
│ optim/entropy                         │ 0.460584       │
│ optim/kl_sample_train_v1              │ -0.000100      │
│ optim/kl_sample_train_v2              │ 0.000494       │
│ train/advantage_abs_mean              │ 0.927025       │
│ train/anchor_reward_mean              │ 0.000000       │
│ train/anchor_reward_std               │ 0.000000       │
│ train/avg_response_length             │ 327.062500     │
│ train/consistency_gap_1               │ -0.010999      │
│ train/consistency_reward_mean         │ -0.000806      │
│ train/consistency_reward_std          │ 0.005098       │
│ train/epoch                           │ 0              │
│ train/kl_policy_base                  │ 0.097403       │
│ train/n_anchor_rollouts               │ 0              │
│ train/n_consistency_rollouts          │ 16             │
│ train/n_ref_parsed                    │ 126            │
│ train/n_training_parsed               │ 127            │
│ train/p_hat_1                         │ 0.385827       │
│ train/p_ref                           │ 0.396825       │
│ train/parse_rate                      │ 0.988281       │
│ train/rate_var                        │ 0.000030       │
│ train/reward_pert1_trait0_count       │ 11             │
│ train/reward_pert1_trait0_mean        │ -0.004244      │
│ train/reward_pert1_trait1_count       │ 5              │
│ train/reward_pert1_trait1_mean        │ 0.006755       │
│ train/train/clock_cycle:unique        │ 1603117.000000 │
│ train/train/loss:sum                  │ 794.684631     │
│ train/train/ppo_clipped_fraction:mean │ 0.348193       │
│ train/train/ppo_kl_div:mean           │ 0.958612       │
│ train/train/ppo_mean_ratio:mean       │ 0.728046       │
└───────────────────────────────────────┴────────────────┘
tinker_cookbook.utils.ml_log:192 [INFO] Wrote metrics to logs/sweep-rollouts/llama-rlct-nr128/metrics.jsonl
tinker_cookbook.utils.ml_log:265 [INFO] 
               Step 53               
┏━━━━━━━━━━━━━━━━━━━━━━━━━━━┳━━━━━━━┓
┃ Metric                    ┃ Value ┃
┡━━━━━━━━━━━━━━━━━━━━━━━━━━━╇━━━━━━━┩
│ train/skipped_empty_batch │ 1     │
└───────────────────────────┴───────┘
tinker_cookbook.utils.ml_log:192 [INFO] Wrote metrics to logs/sweep-rollouts/llama-rlct-nr128/metrics.jsonl
tinker_cookbook.utils.ml_log:265 [INFO] 
               Step 54               
┏━━━━━━━━━━━━━━━━━━━━━━━━━━━┳━━━━━━━┓
┃ Metric                    ┃ Value ┃
┡━━━━━━━━━━━━━━━━━━━━━━━━━━━╇━━━━━━━┩
│ train/skipped_empty_batch │ 1     │
└───────────────────────────┴───────┘
tinker_cookbook.utils.ml_log:192 [INFO] Wrote metrics to logs/sweep-rollouts/llama-rlct-nr128/metrics.jsonl
tinker_cookbook.utils.ml_log:265 [INFO] 
                         Step 55                          
┏━━━━━━━━━━━━━━━━━━━━━━━━━━━━━━━━━━━━━━━┳━━━━━━━━━━━━━━━━┓
┃ Metric                                ┃ Value          ┃
┡━━━━━━━━━━━━━━━━━━━━━━━━━━━━━━━━━━━━━━━╇━━━━━━━━━━━━━━━━┩
│ optim/entropy                         │ 0.426905       │
│ optim/kl_sample_train_v1              │ 0.000523       │
│ optim/kl_sample_train_v2              │ 0.000382       │
│ train/advantage_abs_mean              │ 0.780625       │
│ train/anchor_reward_mean              │ 0.000000       │
│ train/anchor_reward_std               │ 0.000000       │
│ train/avg_response_length             │ 242.312500     │
│ train/consistency_gap_1               │ 0.077391       │
│ train/consistency_reward_mean         │ 0.003649       │
│ train/consistency_reward_std          │ 0.030207       │
│ train/epoch                           │ 0              │
│ train/kl_policy_base                  │ 0.026521       │
│ train/n_anchor_rollouts               │ 0              │
│ train/n_consistency_rollouts          │ 16             │
│ train/n_ref_parsed                    │ 124            │
│ train/n_training_parsed               │ 114            │
│ train/p_hat_1                         │ 0.859649       │
│ train/p_ref                           │ 0.782258       │
│ train/parse_rate                      │ 0.929688       │
│ train/rate_var                        │ 0.001497       │
│ train/reward_pert1_trait0_count       │ 3              │
│ train/reward_pert1_trait0_mean        │ 0.066529       │
│ train/reward_pert1_trait1_count       │ 13             │
│ train/reward_pert1_trait1_mean        │ -0.010862      │
│ train/train/clock_cycle:unique        │ 1603236.000000 │
│ train/train/loss:sum                  │ 433.255363     │
│ train/train/ppo_clipped_fraction:mean │ 0.221626       │
│ train/train/ppo_kl_div:mean           │ 0.753557       │
│ train/train/ppo_mean_ratio:mean       │ 0.823277       │
└───────────────────────────────────────┴────────────────┘
tinker_cookbook.utils.ml_log:192 [INFO] Wrote metrics to logs/sweep-rollouts/llama-rlct-nr128/metrics.jsonl
tinker_cookbook.utils.ml_log:265 [INFO] 
               Step 56               
┏━━━━━━━━━━━━━━━━━━━━━━━━━━━┳━━━━━━━┓
┃ Metric                    ┃ Value ┃
┡━━━━━━━━━━━━━━━━━━━━━━━━━━━╇━━━━━━━┩
│ train/skipped_empty_batch │ 1     │
└───────────────────────────┴───────┘
tinker_cookbook.utils.ml_log:192 [INFO] Wrote metrics to logs/sweep-rollouts/llama-rlct-nr128/metrics.jsonl
tinker_cookbook.utils.ml_log:265 [INFO] 
                         Step 57                          
┏━━━━━━━━━━━━━━━━━━━━━━━━━━━━━━━━━━━━━━━┳━━━━━━━━━━━━━━━━┓
┃ Metric                                ┃ Value          ┃
┡━━━━━━━━━━━━━━━━━━━━━━━━━━━━━━━━━━━━━━━╇━━━━━━━━━━━━━━━━┩
│ optim/entropy                         │ 0.537155       │
│ optim/kl_sample_train_v1              │ 0.000335       │
│ optim/kl_sample_train_v2              │ 0.000446       │
│ train/advantage_abs_mean              │ 0.484123       │
│ train/anchor_reward_mean              │ 0.000000       │
│ train/anchor_reward_std               │ 0.000000       │
│ train/avg_response_length             │ 315.500000     │
│ train/consistency_gap_1               │ -0.038690      │
│ train/consistency_reward_mean         │ -0.001612      │
│ train/consistency_reward_std          │ 0.009365       │
│ train/epoch                           │ 0              │
│ train/kl_policy_base                  │ 0.024371       │
│ train/n_anchor_rollouts               │ 0              │
│ train/n_consistency_rollouts          │ 16             │
│ train/n_ref_parsed                    │ 91             │
│ train/n_training_parsed               │ 96             │
│ train/p_hat_1                         │ 0.104167       │
│ train/p_ref                           │ 0.142857       │
│ train/parse_rate                      │ 0.730469       │
│ train/rate_var                        │ 0.000374       │
│ train/reward_pert1_trait0_count       │ 15             │
│ train/reward_pert1_trait0_mean        │ -0.004030      │
│ train/reward_pert1_trait1_count       │ 1              │
│ train/reward_pert1_trait1_mean        │ 0.034660       │
│ train/train/clock_cycle:unique        │ 1603366.000000 │
│ train/train/loss:sum                  │ -731.564301    │
│ train/train/ppo_clipped_fraction:mean │ 0.201665       │
│ train/train/ppo_kl_div:mean           │ 0.716069       │
│ train/train/ppo_mean_ratio:mean       │ 0.834085       │
└───────────────────────────────────────┴────────────────┘
tinker_cookbook.utils.ml_log:192 [INFO] Wrote metrics to logs/sweep-rollouts/llama-rlct-nr128/metrics.jsonl
tinker_cookbook.utils.ml_log:265 [INFO] 
                         Step 58                          
┏━━━━━━━━━━━━━━━━━━━━━━━━━━━━━━━━━━━━━━━┳━━━━━━━━━━━━━━━━┓
┃ Metric                                ┃ Value          ┃
┡━━━━━━━━━━━━━━━━━━━━━━━━━━━━━━━━━━━━━━━╇━━━━━━━━━━━━━━━━┩
│ optim/entropy                         │ 0.513659       │
│ optim/kl_sample_train_v1              │ -0.000500      │
│ optim/kl_sample_train_v2              │ 0.000487       │
│ train/advantage_abs_mean              │ 0.484123       │
│ train/anchor_reward_mean              │ 0.000000       │
│ train/anchor_reward_std               │ 0.000000       │
│ train/avg_response_length             │ 241.375000     │
│ train/consistency_gap_1               │ 0.015873       │
│ train/consistency_reward_mean         │ -0.000614      │
│ train/consistency_reward_std          │ 0.003842       │
│ train/epoch                           │ 0              │
│ train/kl_policy_base                  │ 0.093937       │
│ train/n_anchor_rollouts               │ 0              │
│ train/n_consistency_rollouts          │ 16             │
│ train/n_ref_parsed                    │ 126            │
│ train/n_training_parsed               │ 126            │
│ train/p_hat_1                         │ 0.023810       │
│ train/p_ref                           │ 0.007937       │
│ train/parse_rate                      │ 0.984375       │
│ train/rate_var                        │ 0.000063       │
│ train/reward_pert1_trait0_count       │ 15             │
│ train/reward_pert1_trait0_mean        │ 0.000378       │
│ train/reward_pert1_trait1_count       │ 1              │
│ train/reward_pert1_trait1_mean        │ -0.015495      │
│ train/train/clock_cycle:unique        │ 1603393.000000 │
│ train/train/loss:sum                  │ -54.799156     │
│ train/train/ppo_clipped_fraction:mean │ 0.246975       │
│ train/train/ppo_kl_div:mean           │ 0.851265       │
│ train/train/ppo_mean_ratio:mean       │ 0.798289       │
└───────────────────────────────────────┴────────────────┘
tinker_cookbook.utils.ml_log:192 [INFO] Wrote metrics to logs/sweep-rollouts/llama-rlct-nr128/metrics.jsonl
tinker_cookbook.utils.ml_log:265 [INFO] 
                         Step 59                          
┏━━━━━━━━━━━━━━━━━━━━━━━━━━━━━━━━━━━━━━━┳━━━━━━━━━━━━━━━━┓
┃ Metric                                ┃ Value          ┃
┡━━━━━━━━━━━━━━━━━━━━━━━━━━━━━━━━━━━━━━━╇━━━━━━━━━━━━━━━━┩
│ optim/entropy                         │ 0.649827       │
│ optim/kl_sample_train_v1              │ 0.000648       │
│ optim/kl_sample_train_v2              │ 0.000531       │
│ train/advantage_abs_mean              │ 0.968246       │
│ train/anchor_reward_mean              │ 0.000000       │
│ train/anchor_reward_std               │ 0.000000       │
│ train/avg_response_length             │ 213.000000     │
│ train/consistency_gap_1               │ -0.000724      │
│ train/consistency_reward_mean         │ 0.000010       │
│ train/consistency_reward_std          │ 0.000351       │
│ train/epoch                           │ 0              │
│ train/kl_policy_base                  │ 0.108120       │
│ train/n_anchor_rollouts               │ 0              │
│ train/n_consistency_rollouts          │ 16             │
│ train/n_ref_parsed                    │ 116            │
│ train/n_training_parsed               │ 119            │
│ train/p_hat_1                         │ 0.361345       │
│ train/p_ref                           │ 0.362069       │
│ train/parse_rate                      │ 0.917969       │
│ train/rate_var                        │ 0.000000       │
│ train/reward_pert1_trait0_count       │ 10             │
│ train/reward_pert1_trait0_mean        │ -0.000262      │
│ train/reward_pert1_trait1_count       │ 6              │
│ train/reward_pert1_trait1_mean        │ 0.000463       │
│ train/train/clock_cycle:unique        │ 1603430.000000 │
│ train/train/loss:sum                  │ -158.562653    │
│ train/train/ppo_clipped_fraction:mean │ 0.335142       │
│ train/train/ppo_kl_div:mean           │ 1.235344       │
│ train/train/ppo_mean_ratio:mean       │ 0.725771       │
└───────────────────────────────────────┴────────────────┘
tinker_cookbook.utils.ml_log:192 [INFO] Wrote metrics to logs/sweep-rollouts/llama-rlct-nr128/metrics.jsonl
tinker_cookbook.utils.ml_log:265 [INFO] 
               Step 60               
┏━━━━━━━━━━━━━━━━━━━━━━━━━━━┳━━━━━━━┓
┃ Metric                    ┃ Value ┃
┡━━━━━━━━━━━━━━━━━━━━━━━━━━━╇━━━━━━━┩
│ train/skipped_empty_batch │ 1     │
└───────────────────────────┴───────┘
tinker_cookbook.utils.ml_log:192 [INFO] Wrote metrics to logs/sweep-rollouts/llama-rlct-nr128/metrics.jsonl
tinker_cookbook.utils.ml_log:265 [INFO] 
                         Step 61                          
┏━━━━━━━━━━━━━━━━━━━━━━━━━━━━━━━━━━━━━━━┳━━━━━━━━━━━━━━━━┓
┃ Metric                                ┃ Value          ┃
┡━━━━━━━━━━━━━━━━━━━━━━━━━━━━━━━━━━━━━━━╇━━━━━━━━━━━━━━━━┩
│ optim/entropy                         │ 1.565050       │
│ optim/kl_sample_train_v1              │ 0.000998       │
│ optim/kl_sample_train_v2              │ 0.000528       │
│ train/advantage_abs_mean              │ 0.927025       │
│ train/anchor_reward_mean              │ 0.000000       │
│ train/anchor_reward_std               │ 0.000000       │
│ train/avg_response_length             │ 378.437500     │
│ train/consistency_gap_1               │ -0.099102      │
│ train/consistency_reward_mean         │ -0.011320      │
│ train/consistency_reward_std          │ 0.045935       │
│ train/epoch                           │ 0              │
│ train/kl_policy_base                  │ 0.064349       │
│ train/n_anchor_rollouts               │ 0              │
│ train/n_consistency_rollouts          │ 16             │
│ train/n_ref_parsed                    │ 121            │
│ train/n_training_parsed               │ 116            │
│ train/p_hat_1                         │ 0.801724       │
│ train/p_ref                           │ 0.900826       │
│ train/parse_rate                      │ 0.925781       │
│ train/rate_var                        │ 0.002455       │
│ train/reward_pert1_trait0_count       │ 5              │
│ train/reward_pert1_trait0_mean        │ -0.079453      │
│ train/reward_pert1_trait1_count       │ 11             │
│ train/reward_pert1_trait1_mean        │ 0.019650       │
│ train/train/clock_cycle:unique        │ 1603550.000000 │
│ train/train/loss:sum                  │ 1273.385727    │
│ train/train/ppo_clipped_fraction:mean │ 0.267458       │
│ train/train/ppo_kl_div:mean           │ 1.020299       │
│ train/train/ppo_mean_ratio:mean       │ 0.781461       │
└───────────────────────────────────────┴────────────────┘
tinker_cookbook.utils.ml_log:192 [INFO] Wrote metrics to logs/sweep-rollouts/llama-rlct-nr128/metrics.jsonl
tinker_cookbook.utils.ml_log:265 [INFO] 
               Step 62               
┏━━━━━━━━━━━━━━━━━━━━━━━━━━━┳━━━━━━━┓
┃ Metric                    ┃ Value ┃
┡━━━━━━━━━━━━━━━━━━━━━━━━━━━╇━━━━━━━┩
│ train/skipped_empty_batch │ 1     │
└───────────────────────────┴───────┘
tinker_cookbook.utils.ml_log:192 [INFO] Wrote metrics to logs/sweep-rollouts/llama-rlct-nr128/metrics.jsonl
tinker_cookbook.utils.ml_log:265 [INFO] 
                         Step 63                          
┏━━━━━━━━━━━━━━━━━━━━━━━━━━━━━━━━━━━━━━━┳━━━━━━━━━━━━━━━━┓
┃ Metric                                ┃ Value          ┃
┡━━━━━━━━━━━━━━━━━━━━━━━━━━━━━━━━━━━━━━━╇━━━━━━━━━━━━━━━━┩
│ optim/entropy                         │ 1.984391       │
│ optim/kl_sample_train_v1              │ 0.000309       │
│ optim/kl_sample_train_v2              │ 0.000512       │
│ train/advantage_abs_mean              │ 0.661438       │
│ train/anchor_reward_mean              │ 0.000000       │
│ train/anchor_reward_std               │ 0.000000       │
│ train/avg_response_length             │ 659.937500     │
│ train/consistency_gap_1               │ -0.110844      │
│ train/consistency_reward_mean         │ -0.005373      │
│ train/consistency_reward_std          │ 0.036658       │
│ train/epoch                           │ 0              │
│ train/kl_policy_base                  │ 0.031844       │
│ train/n_anchor_rollouts               │ 0              │
│ train/n_consistency_rollouts          │ 16             │
│ train/n_ref_parsed                    │ 102            │
│ train/n_training_parsed               │ 98             │
│ train/p_hat_1                         │ 0.173469       │
│ train/p_ref                           │ 0.284314       │
│ train/parse_rate                      │ 0.781250       │
│ train/rate_var                        │ 0.003072       │
│ train/reward_pert1_trait0_count       │ 14             │
│ train/reward_pert1_trait0_mean        │ -0.019228      │
│ train/reward_pert1_trait1_count       │ 2              │
│ train/reward_pert1_trait1_mean        │ 0.091616       │
│ train/train/clock_cycle:unique        │ 1603661.000000 │
│ train/train/loss:sum                  │ -68.298462     │
│ train/train/ppo_clipped_fraction:mean │ 0.132741       │
│ train/train/ppo_kl_div:mean           │ 0.432817       │
│ train/train/ppo_mean_ratio:mean       │ 0.894364       │
└───────────────────────────────────────┴────────────────┘
tinker_cookbook.utils.ml_log:192 [INFO] Wrote metrics to logs/sweep-rollouts/llama-rlct-nr128/metrics.jsonl
tinker_cookbook.utils.ml_log:265 [INFO] 
                         Step 64                          
┏━━━━━━━━━━━━━━━━━━━━━━━━━━━━━━━━━━━━━━━┳━━━━━━━━━━━━━━━━┓
┃ Metric                                ┃ Value          ┃
┡━━━━━━━━━━━━━━━━━━━━━━━━━━━━━━━━━━━━━━━╇━━━━━━━━━━━━━━━━┩
│ optim/entropy                         │ 0.541802       │
│ optim/kl_sample_train_v1              │ 0.000591       │
│ optim/kl_sample_train_v2              │ 0.000544       │
│ train/advantage_abs_mean              │ 0.661438       │
│ train/anchor_reward_mean              │ 0.000000       │
│ train/anchor_reward_std               │ 0.000000       │
│ train/avg_response_length             │ 258.375000     │
│ train/consistency_gap_1               │ -0.081222      │
│ train/consistency_reward_mean         │ 0.003828       │
│ train/consistency_reward_std          │ 0.026862       │
│ train/epoch                           │ 0              │
│ train/kl_policy_base                  │ 0.084056       │
│ train/n_anchor_rollouts               │ 0              │
│ train/n_consistency_rollouts          │ 16             │
│ train/n_ref_parsed                    │ 121            │
│ train/n_training_parsed               │ 122            │
│ train/p_hat_1                         │ 0.827869       │
│ train/p_ref                           │ 0.909091       │
│ train/parse_rate                      │ 0.949219       │
│ train/rate_var                        │ 0.001649       │
│ train/reward_pert1_trait0_count       │ 2              │
│ train/reward_pert1_trait0_mean        │ -0.067241      │
│ train/reward_pert1_trait1_count       │ 14             │
│ train/reward_pert1_trait1_mean        │ 0.013981       │
│ train/train/clock_cycle:unique        │ 1603668.000000 │
│ train/train/loss:sum                  │ -107.242050    │
│ train/train/ppo_clipped_fraction:mean │ 0.233037       │
│ train/train/ppo_kl_div:mean           │ 0.933100       │
│ train/train/ppo_mean_ratio:mean       │ 0.807539       │
└───────────────────────────────────────┴────────────────┘
tinker_cookbook.checkpoint_utils:461 [INFO] Saved checkpoints: {'sampler_path': 'tinker://2b36e8ed-ed86-54d3-aa3d-9fa70ebab7a3:train:0/sampler_weights/sweep-rollouts_llama-rlct-nr128_step64'}
tinker_cookbook.utils.ml_log:192 [INFO] Wrote metrics to logs/sweep-rollouts/llama-rlct-nr128/metrics.jsonl
tinker_cookbook.utils.ml_log:265 [INFO] 
                                    Step 64                                     
┏━━━━━━━━━━━━━━━━━━━━━━┳━━━━━━━━━━━━━━━━━━━━━━━━━━━━━━━━━━━━━━━━━━━━━━━━━━━━━━━┓
┃ Metric               ┃ Value                                                 ┃
┡━━━━━━━━━━━━━━━━━━━━━━╇━━━━━━━━━━━━━━━━━━━━━━━━━━━━━━━━━━━━━━━━━━━━━━━━━━━━━━━┩
│ checkpoint           │ tinker://2b36e8ed-ed86-54d3-aa3d-9fa70ebab7a3:train:… │
└──────────────────────┴───────────────────────────────────────────────────────┘
tinker_cookbook.utils.ml_log:192 [INFO] Wrote metrics to logs/sweep-rollouts/llama-rlct-nr128/metrics.jsonl
tinker_cookbook.utils.ml_log:265 [INFO] 
               Step 65               
┏━━━━━━━━━━━━━━━━━━━━━━━━━━━┳━━━━━━━┓
┃ Metric                    ┃ Value ┃
┡━━━━━━━━━━━━━━━━━━━━━━━━━━━╇━━━━━━━┩
│ train/skipped_empty_batch │ 1     │
└───────────────────────────┴───────┘
tinker_cookbook.utils.ml_log:192 [INFO] Wrote metrics to logs/sweep-rollouts/llama-rlct-nr128/metrics.jsonl
tinker_cookbook.utils.ml_log:265 [INFO] 
                         Step 66                          
┏━━━━━━━━━━━━━━━━━━━━━━━━━━━━━━━━━━━━━━━┳━━━━━━━━━━━━━━━━┓
┃ Metric                                ┃ Value          ┃
┡━━━━━━━━━━━━━━━━━━━━━━━━━━━━━━━━━━━━━━━╇━━━━━━━━━━━━━━━━┩
│ optim/entropy                         │ 0.626084       │
│ optim/kl_sample_train_v1              │ 0.001176       │
│ optim/kl_sample_train_v2              │ 0.000721       │
│ train/advantage_abs_mean              │ 0.484123       │
│ train/anchor_reward_mean              │ 0.000000       │
│ train/anchor_reward_std               │ 0.000000       │
│ train/avg_response_length             │ 343.500000     │
│ train/consistency_gap_1               │ -0.038759      │
│ train/consistency_reward_mean         │ 0.001754       │
│ train/consistency_reward_std          │ 0.009382       │
│ train/epoch                           │ 0              │
│ train/kl_policy_base                  │ 0.147407       │
│ train/n_anchor_rollouts               │ 0              │
│ train/n_consistency_rollouts          │ 16             │
│ train/n_ref_parsed                    │ 125            │
│ train/n_training_parsed               │ 116            │
│ train/p_hat_1                         │ 0.017241       │
│ train/p_ref                           │ 0.056000       │
│ train/parse_rate                      │ 0.941406       │
│ train/rate_var                        │ 0.000376       │
│ train/reward_pert1_trait0_count       │ 15             │
│ train/reward_pert1_trait0_mean        │ -0.000668      │
│ train/reward_pert1_trait1_count       │ 1              │
│ train/reward_pert1_trait1_mean        │ 0.038090       │
│ train/train/clock_cycle:unique        │ 1603672.000000 │
│ train/train/loss:sum                  │ -176.007202    │
│ train/train/ppo_clipped_fraction:mean │ 0.308943       │
│ train/train/ppo_kl_div:mean           │ 0.955517       │
│ train/train/ppo_mean_ratio:mean       │ 0.753312       │
└───────────────────────────────────────┴────────────────┘
tinker_cookbook.utils.ml_log:192 [INFO] Wrote metrics to logs/sweep-rollouts/llama-rlct-nr128/metrics.jsonl
tinker_cookbook.utils.ml_log:265 [INFO] 
               Step 67               
┏━━━━━━━━━━━━━━━━━━━━━━━━━━━┳━━━━━━━┓
┃ Metric                    ┃ Value ┃
┡━━━━━━━━━━━━━━━━━━━━━━━━━━━╇━━━━━━━┩
│ train/skipped_empty_batch │ 1     │
└───────────────────────────┴───────┘
tinker_cookbook.utils.ml_log:192 [INFO] Wrote metrics to logs/sweep-rollouts/llama-rlct-nr128/metrics.jsonl
tinker_cookbook.utils.ml_log:265 [INFO] 
                         Step 68                          
┏━━━━━━━━━━━━━━━━━━━━━━━━━━━━━━━━━━━━━━━┳━━━━━━━━━━━━━━━━┓
┃ Metric                                ┃ Value          ┃
┡━━━━━━━━━━━━━━━━━━━━━━━━━━━━━━━━━━━━━━━╇━━━━━━━━━━━━━━━━┩
│ optim/entropy                         │ 0.593397       │
│ optim/kl_sample_train_v1              │ -0.000375      │
│ optim/kl_sample_train_v2              │ 0.000515       │
│ train/advantage_abs_mean              │ 1.000000       │
│ train/anchor_reward_mean              │ 0.000000       │
│ train/anchor_reward_std               │ 0.000000       │
│ train/avg_response_length             │ 374.187500     │
│ train/consistency_gap_1               │ 0.200683       │
│ train/consistency_reward_mean         │ -0.008225      │
│ train/consistency_reward_std          │ 0.100342       │
│ train/epoch                           │ 0              │
│ train/kl_policy_base                  │ 0.077108       │
│ train/n_anchor_rollouts               │ 0              │
│ train/n_consistency_rollouts          │ 16             │
│ train/n_ref_parsed                    │ 120            │
│ train/n_training_parsed               │ 122            │
│ train/p_hat_1                         │ 0.459016       │
│ train/p_ref                           │ 0.258333       │
│ train/parse_rate                      │ 0.945312       │
│ train/rate_var                        │ 0.010068       │
│ train/reward_pert1_trait0_count       │ 8              │
│ train/reward_pert1_trait0_mean        │ 0.092117       │
│ train/reward_pert1_trait1_count       │ 8              │
│ train/reward_pert1_trait1_mean        │ -0.108566      │
│ train/train/clock_cycle:unique        │ 1603683.000000 │
│ train/train/loss:sum                  │ -696.624695    │
│ train/train/ppo_clipped_fraction:mean │ 0.238400       │
│ train/train/ppo_kl_div:mean           │ 0.973824       │
│ train/train/ppo_mean_ratio:mean       │ 0.796184       │
└───────────────────────────────────────┴────────────────┘
tinker_cookbook.utils.ml_log:192 [INFO] Wrote metrics to logs/sweep-rollouts/llama-rlct-nr128/metrics.jsonl
tinker_cookbook.utils.ml_log:265 [INFO] 
                         Step 69                          
┏━━━━━━━━━━━━━━━━━━━━━━━━━━━━━━━━━━━━━━━┳━━━━━━━━━━━━━━━━┓
┃ Metric                                ┃ Value          ┃
┡━━━━━━━━━━━━━━━━━━━━━━━━━━━━━━━━━━━━━━━╇━━━━━━━━━━━━━━━━┩
│ optim/entropy                         │ 1.525730       │
│ optim/kl_sample_train_v1              │ 0.000327       │
│ optim/kl_sample_train_v2              │ 0.000426       │
│ train/advantage_abs_mean              │ 0.484123       │
│ train/anchor_reward_mean              │ 0.000000       │
│ train/anchor_reward_std               │ 0.000000       │
│ train/avg_response_length             │ 518.625000     │
│ train/consistency_gap_1               │ 0.032868       │
│ train/consistency_reward_mean         │ 0.000232       │
│ train/consistency_reward_std          │ 0.007956       │
│ train/epoch                           │ 0              │
│ train/kl_policy_base                  │ 0.044430       │
│ train/n_anchor_rollouts               │ 0              │
│ train/n_consistency_rollouts          │ 16             │
│ train/n_ref_parsed                    │ 109            │
│ train/n_training_parsed               │ 115            │
│ train/p_hat_1                         │ 0.069565       │
│ train/p_ref                           │ 0.036697       │
│ train/parse_rate                      │ 0.875000       │
│ train/rate_var                        │ 0.000270       │
│ train/reward_pert1_trait0_count       │ 15             │
│ train/reward_pert1_trait0_mean        │ 0.002286       │
│ train/reward_pert1_trait1_count       │ 1              │
│ train/reward_pert1_trait1_mean        │ -0.030582      │
│ train/train/clock_cycle:unique        │ 1603696.000000 │
│ train/train/loss:sum                  │ 219.380432     │
│ train/train/ppo_clipped_fraction:mean │ 0.123586       │
│ train/train/ppo_kl_div:mean           │ 0.442042       │
│ train/train/ppo_mean_ratio:mean       │ 0.900371       │
└───────────────────────────────────────┴────────────────┘
tinker_cookbook.utils.ml_log:192 [INFO] Wrote metrics to logs/sweep-rollouts/llama-rlct-nr128/metrics.jsonl
tinker_cookbook.utils.ml_log:265 [INFO] 
               Step 70               
┏━━━━━━━━━━━━━━━━━━━━━━━━━━━┳━━━━━━━┓
┃ Metric                    ┃ Value ┃
┡━━━━━━━━━━━━━━━━━━━━━━━━━━━╇━━━━━━━┩
│ train/skipped_empty_batch │ 1     │
└───────────────────────────┴───────┘
tinker_cookbook.utils.ml_log:192 [INFO] Wrote metrics to logs/sweep-rollouts/llama-rlct-nr128/metrics.jsonl
tinker_cookbook.utils.ml_log:265 [INFO] 
                         Step 71                          
┏━━━━━━━━━━━━━━━━━━━━━━━━━━━━━━━━━━━━━━━┳━━━━━━━━━━━━━━━━┓
┃ Metric                                ┃ Value          ┃
┡━━━━━━━━━━━━━━━━━━━━━━━━━━━━━━━━━━━━━━━╇━━━━━━━━━━━━━━━━┩
│ optim/entropy                         │ 0.549911       │
│ optim/kl_sample_train_v1              │ 0.000161       │
│ optim/kl_sample_train_v2              │ 0.000579       │
│ train/advantage_abs_mean              │ 0.661438       │
│ train/anchor_reward_mean              │ 0.000000       │
│ train/anchor_reward_std               │ 0.000000       │
│ train/avg_response_length             │ 423.437500     │
│ train/consistency_gap_1               │ -0.063115      │
│ train/consistency_reward_mean         │ -0.001578      │
│ train/consistency_reward_std          │ 0.020873       │
│ train/epoch                           │ 0              │
│ train/kl_policy_base                  │ 0.101770       │
│ train/n_anchor_rollouts               │ 0              │
│ train/n_consistency_rollouts          │ 16             │
│ train/n_ref_parsed                    │ 122            │
│ train/n_training_parsed               │ 120            │
│ train/p_hat_1                         │ 0.150000       │
│ train/p_ref                           │ 0.213115       │
│ train/parse_rate                      │ 0.945312       │
│ train/rate_var                        │ 0.000996       │
│ train/reward_pert1_trait0_count       │ 14             │
│ train/reward_pert1_trait0_mean        │ -0.009467      │
│ train/reward_pert1_trait1_count       │ 2              │
│ train/reward_pert1_trait1_mean        │ 0.053648       │
│ train/train/clock_cycle:unique        │ 1603911.000000 │
│ train/train/loss:sum                  │ 0.391312       │
│ train/train/ppo_clipped_fraction:mean │ 0.207435       │
│ train/train/ppo_kl_div:mean           │ 0.680272       │
│ train/train/ppo_mean_ratio:mean       │ 0.833469       │
└───────────────────────────────────────┴────────────────┘
tinker_cookbook.utils.ml_log:192 [INFO] Wrote metrics to logs/sweep-rollouts/llama-rlct-nr128/metrics.jsonl
tinker_cookbook.utils.ml_log:265 [INFO] 
               Step 72               
┏━━━━━━━━━━━━━━━━━━━━━━━━━━━┳━━━━━━━┓
┃ Metric                    ┃ Value ┃
┡━━━━━━━━━━━━━━━━━━━━━━━━━━━╇━━━━━━━┩
│ train/skipped_empty_batch │ 1     │
└───────────────────────────┴───────┘
tinker_cookbook.utils.ml_log:192 [INFO] Wrote metrics to logs/sweep-rollouts/llama-rlct-nr128/metrics.jsonl
tinker_cookbook.utils.ml_log:265 [INFO] 
                         Step 73                          
┏━━━━━━━━━━━━━━━━━━━━━━━━━━━━━━━━━━━━━━━┳━━━━━━━━━━━━━━━━┓
┃ Metric                                ┃ Value          ┃
┡━━━━━━━━━━━━━━━━━━━━━━━━━━━━━━━━━━━━━━━╇━━━━━━━━━━━━━━━━┩
│ optim/entropy                         │ 0.928294       │
│ optim/kl_sample_train_v1              │ 0.000644       │
│ optim/kl_sample_train_v2              │ 0.000698       │
│ train/advantage_abs_mean              │ 0.866025       │
│ train/anchor_reward_mean              │ 0.000000       │
│ train/anchor_reward_std               │ 0.000000       │
│ train/avg_response_length             │ 526.687500     │
│ train/consistency_gap_1               │ -0.013557      │
│ train/consistency_reward_mean         │ -0.002534      │
│ train/consistency_reward_std          │ 0.005870       │
│ train/epoch                           │ 0              │
│ train/kl_policy_base                  │ 0.121276       │
│ train/n_anchor_rollouts               │ 0              │
│ train/n_consistency_rollouts          │ 16             │
│ train/n_ref_parsed                    │ 111            │
│ train/n_training_parsed               │ 103            │
│ train/p_hat_1                         │ 0.436893       │
│ train/p_ref                           │ 0.450450       │
│ train/parse_rate                      │ 0.835938       │
│ train/rate_var                        │ 0.000046       │
│ train/reward_pert1_trait0_count       │ 12             │
│ train/reward_pert1_trait0_mean        │ -0.005923      │
│ train/reward_pert1_trait1_count       │ 4              │
│ train/reward_pert1_trait1_mean        │ 0.007634       │
│ train/train/clock_cycle:unique        │ 1604029.000000 │
│ train/train/loss:sum                  │ 166.518890     │
│ train/train/ppo_clipped_fraction:mean │ 0.146919       │
│ train/train/ppo_kl_div:mean           │ 0.600487       │
│ train/train/ppo_mean_ratio:mean       │ 0.877207       │
└───────────────────────────────────────┴────────────────┘
tinker_cookbook.utils.ml_log:192 [INFO] Wrote metrics to logs/sweep-rollouts/llama-rlct-nr128/metrics.jsonl
tinker_cookbook.utils.ml_log:265 [INFO] 
                         Step 74                          
┏━━━━━━━━━━━━━━━━━━━━━━━━━━━━━━━━━━━━━━━┳━━━━━━━━━━━━━━━━┓
┃ Metric                                ┃ Value          ┃
┡━━━━━━━━━━━━━━━━━━━━━━━━━━━━━━━━━━━━━━━╇━━━━━━━━━━━━━━━━┩
│ optim/entropy                         │ 0.591212       │
│ optim/kl_sample_train_v1              │ 0.000494       │
│ optim/kl_sample_train_v2              │ 0.000565       │
│ train/advantage_abs_mean              │ 0.661438       │
│ train/anchor_reward_mean              │ 0.000000       │
│ train/anchor_reward_std               │ 0.000000       │
│ train/avg_response_length             │ 486.187500     │
│ train/consistency_gap_1               │ 0.060782       │
│ train/consistency_reward_mean         │ 0.000400       │
│ train/consistency_reward_std          │ 0.020102       │
│ train/epoch                           │ 0              │
│ train/kl_policy_base                  │ 0.110576       │
│ train/n_anchor_rollouts               │ 0              │
│ train/n_consistency_rollouts          │ 16             │
│ train/n_ref_parsed                    │ 113            │
│ train/n_training_parsed               │ 114            │
│ train/p_hat_1                         │ 0.131579       │
│ train/p_ref                           │ 0.070796       │
│ train/parse_rate                      │ 0.886719       │
│ train/rate_var                        │ 0.000924       │
│ train/reward_pert1_trait0_count       │ 14             │
│ train/reward_pert1_trait0_mean        │ 0.007998       │
│ train/reward_pert1_trait1_count       │ 2              │
│ train/reward_pert1_trait1_mean        │ -0.052785      │
│ train/train/clock_cycle:unique        │ 1604064.000000 │
│ train/train/loss:sum                  │ 785.639893     │
│ train/train/ppo_clipped_fraction:mean │ 0.127698       │
│ train/train/ppo_kl_div:mean           │ 0.506419       │
│ train/train/ppo_mean_ratio:mean       │ 0.892454       │
└───────────────────────────────────────┴────────────────┘
tinker_cookbook.utils.ml_log:192 [INFO] Wrote metrics to logs/sweep-rollouts/llama-rlct-nr128/metrics.jsonl
tinker_cookbook.utils.ml_log:265 [INFO] 
               Step 75               
┏━━━━━━━━━━━━━━━━━━━━━━━━━━━┳━━━━━━━┓
┃ Metric                    ┃ Value ┃
┡━━━━━━━━━━━━━━━━━━━━━━━━━━━╇━━━━━━━┩
│ train/skipped_empty_batch │ 1     │
└───────────────────────────┴───────┘
tinker_cookbook.utils.ml_log:192 [INFO] Wrote metrics to logs/sweep-rollouts/llama-rlct-nr128/metrics.jsonl
tinker_cookbook.utils.ml_log:265 [INFO] 
               Step 76               
┏━━━━━━━━━━━━━━━━━━━━━━━━━━━┳━━━━━━━┓
┃ Metric                    ┃ Value ┃
┡━━━━━━━━━━━━━━━━━━━━━━━━━━━╇━━━━━━━┩
│ train/skipped_empty_batch │ 1     │
└───────────────────────────┴───────┘
tinker_cookbook.utils.ml_log:192 [INFO] Wrote metrics to logs/sweep-rollouts/llama-rlct-nr128/metrics.jsonl
tinker_cookbook.utils.ml_log:265 [INFO] 
                         Step 77                          
┏━━━━━━━━━━━━━━━━━━━━━━━━━━━━━━━━━━━━━━━┳━━━━━━━━━━━━━━━━┓
┃ Metric                                ┃ Value          ┃
┡━━━━━━━━━━━━━━━━━━━━━━━━━━━━━━━━━━━━━━━╇━━━━━━━━━━━━━━━━┩
│ optim/entropy                         │ 0.483976       │
│ optim/kl_sample_train_v1              │ 0.001344       │
│ optim/kl_sample_train_v2              │ 0.000471       │
│ train/advantage_abs_mean              │ 0.780625       │
│ train/anchor_reward_mean              │ 0.000000       │
│ train/anchor_reward_std               │ 0.000000       │
│ train/avg_response_length             │ 485.000000     │
│ train/consistency_gap_1               │ -0.008000      │
│ train/consistency_reward_mean         │ -0.000028      │
│ train/consistency_reward_std          │ 0.003122       │
│ train/epoch                           │ 0              │
│ train/kl_policy_base                  │ 0.076219       │
│ train/n_anchor_rollouts               │ 0              │
│ train/n_consistency_rollouts          │ 16             │
│ train/n_ref_parsed                    │ 125            │
│ train/n_training_parsed               │ 125            │
│ train/p_hat_1                         │ 0.816000       │
│ train/p_ref                           │ 0.824000       │
│ train/parse_rate                      │ 0.976562       │
│ train/rate_var                        │ 0.000016       │
│ train/reward_pert1_trait0_count       │ 3              │
│ train/reward_pert1_trait0_mean        │ -0.006528      │
│ train/reward_pert1_trait1_count       │ 13             │
│ train/reward_pert1_trait1_mean        │ 0.001472       │
│ train/train/clock_cycle:unique        │ 1604207.000000 │
│ train/train/loss:sum                  │ 342.656815     │
│ train/train/ppo_clipped_fraction:mean │ 0.128083       │
│ train/train/ppo_kl_div:mean           │ 0.504931       │
│ train/train/ppo_mean_ratio:mean       │ 0.895747       │
└───────────────────────────────────────┴────────────────┘
tinker_cookbook.utils.ml_log:192 [INFO] Wrote metrics to logs/sweep-rollouts/llama-rlct-nr128/metrics.jsonl
tinker_cookbook.utils.ml_log:265 [INFO] 
               Step 78               
┏━━━━━━━━━━━━━━━━━━━━━━━━━━━┳━━━━━━━┓
┃ Metric                    ┃ Value ┃
┡━━━━━━━━━━━━━━━━━━━━━━━━━━━╇━━━━━━━┩
│ train/skipped_empty_batch │ 1     │
└───────────────────────────┴───────┘
tinker_cookbook.utils.ml_log:192 [INFO] Wrote metrics to logs/sweep-rollouts/llama-rlct-nr128/metrics.jsonl
tinker_cookbook.utils.ml_log:265 [INFO] 
                         Step 79                          
┏━━━━━━━━━━━━━━━━━━━━━━━━━━━━━━━━━━━━━━━┳━━━━━━━━━━━━━━━━┓
┃ Metric                                ┃ Value          ┃
┡━━━━━━━━━━━━━━━━━━━━━━━━━━━━━━━━━━━━━━━╇━━━━━━━━━━━━━━━━┩
│ optim/entropy                         │ 0.705873       │
│ optim/kl_sample_train_v1              │ 0.000451       │
│ optim/kl_sample_train_v2              │ 0.000613       │
│ train/advantage_abs_mean              │ 0.968246       │
│ train/anchor_reward_mean              │ 0.000000       │
│ train/anchor_reward_std               │ 0.000000       │
│ train/avg_response_length             │ 425.062500     │
│ train/consistency_gap_1               │ -0.066256      │
│ train/consistency_reward_mean         │ 0.006776       │
│ train/consistency_reward_std          │ 0.032076       │
│ train/epoch                           │ 0              │
│ train/kl_policy_base                  │ 0.122154       │
│ train/n_anchor_rollouts               │ 0              │
│ train/n_consistency_rollouts          │ 16             │
│ train/n_ref_parsed                    │ 118            │
│ train/n_training_parsed               │ 121            │
│ train/p_hat_1                         │ 0.272727       │
│ train/p_ref                           │ 0.338983       │
│ train/parse_rate                      │ 0.933594       │
│ train/rate_var                        │ 0.001097       │
│ train/reward_pert1_trait0_count       │ 10             │
│ train/reward_pert1_trait0_mean        │ -0.018070      │
│ train/reward_pert1_trait1_count       │ 6              │
│ train/reward_pert1_trait1_mean        │ 0.048186       │
│ train/train/clock_cycle:unique        │ 1604259.000000 │
│ train/train/loss:sum                  │ -215.594757    │
│ train/train/ppo_clipped_fraction:mean │ 0.156635       │
│ train/train/ppo_kl_div:mean           │ 0.659744       │
│ train/train/ppo_mean_ratio:mean       │ 0.870348       │
└───────────────────────────────────────┴────────────────┘
tinker_cookbook.utils.ml_log:192 [INFO] Wrote metrics to logs/sweep-rollouts/llama-rlct-nr128/metrics.jsonl
tinker_cookbook.utils.ml_log:265 [INFO] 
                         Step 80                          
┏━━━━━━━━━━━━━━━━━━━━━━━━━━━━━━━━━━━━━━━┳━━━━━━━━━━━━━━━━┓
┃ Metric                                ┃ Value          ┃
┡━━━━━━━━━━━━━━━━━━━━━━━━━━━━━━━━━━━━━━━╇━━━━━━━━━━━━━━━━┩
│ optim/entropy                         │ 0.608832       │
│ optim/kl_sample_train_v1              │ 0.000807       │
│ optim/kl_sample_train_v2              │ 0.000595       │
│ train/advantage_abs_mean              │ 0.780625       │
│ train/anchor_reward_mean              │ 0.000000       │
│ train/anchor_reward_std               │ 0.000000       │
│ train/avg_response_length             │ 460.000000     │
│ train/consistency_gap_1               │ 0.072100       │
│ train/consistency_reward_mean         │ -0.001271      │
│ train/consistency_reward_std          │ 0.028141       │
│ train/epoch                           │ 0              │
│ train/kl_policy_base                  │ 0.113275       │
│ train/n_anchor_rollouts               │ 0              │
│ train/n_consistency_rollouts          │ 16             │
│ train/n_ref_parsed                    │ 101            │
│ train/n_training_parsed               │ 117            │
│ train/p_hat_1                         │ 0.794872       │
│ train/p_ref                           │ 0.722772       │
│ train/parse_rate                      │ 0.851562       │
│ train/rate_var                        │ 0.001300       │
│ train/reward_pert1_trait0_count       │ 3              │
│ train/reward_pert1_trait0_mean        │ 0.057310       │
│ train/reward_pert1_trait1_count       │ 13             │
│ train/reward_pert1_trait1_mean        │ -0.014790      │
│ train/train/clock_cycle:unique        │ 1604320.000000 │
│ train/train/loss:sum                  │ -486.079102    │
│ train/train/ppo_clipped_fraction:mean │ 0.166842       │
│ train/train/ppo_kl_div:mean           │ 0.673240       │
│ train/train/ppo_mean_ratio:mean       │ 0.867926       │
└───────────────────────────────────────┴────────────────┘
tinker_cookbook.utils.ml_log:192 [INFO] Wrote metrics to logs/sweep-rollouts/llama-rlct-nr128/metrics.jsonl
tinker_cookbook.utils.ml_log:265 [INFO] 
                         Step 81                          
┏━━━━━━━━━━━━━━━━━━━━━━━━━━━━━━━━━━━━━━━┳━━━━━━━━━━━━━━━━┓
┃ Metric                                ┃ Value          ┃
┡━━━━━━━━━━━━━━━━━━━━━━━━━━━━━━━━━━━━━━━╇━━━━━━━━━━━━━━━━┩
│ optim/entropy                         │ 0.502130       │
│ optim/kl_sample_train_v1              │ 0.000086       │
│ optim/kl_sample_train_v2              │ 0.000589       │
│ train/advantage_abs_mean              │ 0.927025       │
│ train/anchor_reward_mean              │ 0.000000       │
│ train/anchor_reward_std               │ 0.000000       │
│ train/avg_response_length             │ 322.062500     │
│ train/consistency_gap_1               │ -0.154606      │
│ train/consistency_reward_mean         │ -0.008129      │
│ train/consistency_reward_std          │ 0.071662       │
│ train/epoch                           │ 0              │
│ train/kl_policy_base                  │ 0.137012       │
│ train/n_anchor_rollouts               │ 0              │
│ train/n_consistency_rollouts          │ 16             │
│ train/n_ref_parsed                    │ 127            │
│ train/n_training_parsed               │ 126            │
│ train/p_hat_1                         │ 0.365079       │
│ train/p_ref                           │ 0.519685       │
│ train/parse_rate                      │ 0.988281       │
│ train/rate_var                        │ 0.005976       │
│ train/reward_pert1_trait0_count       │ 11             │
│ train/reward_pert1_trait0_mean        │ -0.056443      │
│ train/reward_pert1_trait1_count       │ 5              │
│ train/reward_pert1_trait1_mean        │ 0.098162       │
│ train/train/clock_cycle:unique        │ 1604350.000000 │
│ train/train/loss:sum                  │ -250.376572    │
│ train/train/ppo_clipped_fraction:mean │ 0.162774       │
│ train/train/ppo_kl_div:mean           │ 0.749490       │
│ train/train/ppo_mean_ratio:mean       │ 0.863006       │
└───────────────────────────────────────┴────────────────┘
tinker_cookbook.utils.ml_log:192 [INFO] Wrote metrics to logs/sweep-rollouts/llama-rlct-nr128/metrics.jsonl
tinker_cookbook.utils.ml_log:265 [INFO] 
                         Step 82                          
┏━━━━━━━━━━━━━━━━━━━━━━━━━━━━━━━━━━━━━━━┳━━━━━━━━━━━━━━━━┓
┃ Metric                                ┃ Value          ┃
┡━━━━━━━━━━━━━━━━━━━━━━━━━━━━━━━━━━━━━━━╇━━━━━━━━━━━━━━━━┩
│ optim/entropy                         │ 0.346904       │
│ optim/kl_sample_train_v1              │ 0.000070       │
│ optim/kl_sample_train_v2              │ 0.000457       │
│ train/advantage_abs_mean              │ 0.780625       │
│ train/anchor_reward_mean              │ 0.000000       │
│ train/anchor_reward_std               │ 0.000000       │
│ train/avg_response_length             │ 453.875000     │
│ train/consistency_gap_1               │ -0.028066      │
│ train/consistency_reward_mean         │ 0.000661       │
│ train/consistency_reward_std          │ 0.010954       │
│ train/epoch                           │ 0              │
│ train/kl_policy_base                  │ 0.085310       │
│ train/n_anchor_rollouts               │ 0              │
│ train/n_consistency_rollouts          │ 16             │
│ train/n_ref_parsed                    │ 125            │
│ train/n_training_parsed               │ 122            │
│ train/p_hat_1                         │ 0.163934       │
│ train/p_ref                           │ 0.192000       │
│ train/parse_rate                      │ 0.964844       │
│ train/rate_var                        │ 0.000197       │
│ train/reward_pert1_trait0_count       │ 13             │
│ train/reward_pert1_trait0_mean        │ -0.004601      │
│ train/reward_pert1_trait1_count       │ 3              │
│ train/reward_pert1_trait1_mean        │ 0.023465       │
│ train/train/clock_cycle:unique        │ 1604365.000000 │
│ train/train/loss:sum                  │ -271.027710    │
│ train/train/ppo_clipped_fraction:mean │ 0.153989       │
│ train/train/ppo_kl_div:mean           │ 0.561736       │
│ train/train/ppo_mean_ratio:mean       │ 0.876577       │
└───────────────────────────────────────┴────────────────┘
tinker_cookbook.utils.ml_log:192 [INFO] Wrote metrics to logs/sweep-rollouts/llama-rlct-nr128/metrics.jsonl
tinker_cookbook.utils.ml_log:265 [INFO] 
                         Step 83                          
┏━━━━━━━━━━━━━━━━━━━━━━━━━━━━━━━━━━━━━━━┳━━━━━━━━━━━━━━━━┓
┃ Metric                                ┃ Value          ┃
┡━━━━━━━━━━━━━━━━━━━━━━━━━━━━━━━━━━━━━━━╇━━━━━━━━━━━━━━━━┩
│ optim/entropy                         │ 0.545082       │
│ optim/kl_sample_train_v1              │ 0.001387       │
│ optim/kl_sample_train_v2              │ 0.000706       │
│ train/advantage_abs_mean              │ 0.992157       │
│ train/anchor_reward_mean              │ 0.000000       │
│ train/anchor_reward_std               │ 0.000000       │
│ train/avg_response_length             │ 472.375000     │
│ train/consistency_gap_1               │ -0.059130      │
│ train/consistency_reward_mean         │ -0.002513      │
│ train/consistency_reward_std          │ 0.029333       │
│ train/epoch                           │ 0              │
│ train/kl_policy_base                  │ 0.150919       │
│ train/n_anchor_rollouts               │ 0              │
│ train/n_consistency_rollouts          │ 16             │
│ train/n_ref_parsed                    │ 115            │
│ train/n_training_parsed               │ 125            │
│ train/p_hat_1                         │ 0.480000       │
│ train/p_ref                           │ 0.539130       │
│ train/parse_rate                      │ 0.937500       │
│ train/rate_var                        │ 0.000874       │
│ train/reward_pert1_trait0_count       │ 9              │
│ train/reward_pert1_trait0_mean        │ -0.028383      │
│ train/reward_pert1_trait1_count       │ 7              │
│ train/reward_pert1_trait1_mean        │ 0.030748       │
│ train/train/clock_cycle:unique        │ 1604433.000000 │
│ train/train/loss:sum                  │ -191.987305    │
│ train/train/ppo_clipped_fraction:mean │ 0.274474       │
│ train/train/ppo_kl_div:mean           │ 0.853847       │
│ train/train/ppo_mean_ratio:mean       │ 0.783737       │
└───────────────────────────────────────┴────────────────┘
tinker_cookbook.utils.ml_log:192 [INFO] Wrote metrics to logs/sweep-rollouts/llama-rlct-nr128/metrics.jsonl
tinker_cookbook.utils.ml_log:265 [INFO] 
                         Step 84                          
┏━━━━━━━━━━━━━━━━━━━━━━━━━━━━━━━━━━━━━━━┳━━━━━━━━━━━━━━━━┓
┃ Metric                                ┃ Value          ┃
┡━━━━━━━━━━━━━━━━━━━━━━━━━━━━━━━━━━━━━━━╇━━━━━━━━━━━━━━━━┩
│ optim/entropy                         │ 0.502767       │
│ optim/kl_sample_train_v1              │ 0.000895       │
│ optim/kl_sample_train_v2              │ 0.000530       │
│ train/advantage_abs_mean              │ 0.484123       │
│ train/anchor_reward_mean              │ 0.000000       │
│ train/anchor_reward_std               │ 0.000000       │
│ train/avg_response_length             │ 478.625000     │
│ train/consistency_gap_1               │ 0.080836       │
│ train/consistency_reward_mean         │ 0.002119       │
│ train/consistency_reward_std          │ 0.019567       │
│ train/epoch                           │ 0              │
│ train/kl_policy_base                  │ 0.132055       │
│ train/n_anchor_rollouts               │ 0              │
│ train/n_consistency_rollouts          │ 16             │
│ train/n_ref_parsed                    │ 127            │
│ train/n_training_parsed               │ 124            │
│ train/p_hat_1                         │ 0.088710       │
│ train/p_ref                           │ 0.007874       │
│ train/parse_rate                      │ 0.980469       │
│ train/rate_var                        │ 0.001634       │
│ train/reward_pert1_trait0_count       │ 15             │
│ train/reward_pert1_trait0_mean        │ 0.007171       │
│ train/reward_pert1_trait1_count       │ 1              │
│ train/reward_pert1_trait1_mean        │ -0.073665      │
│ train/train/clock_cycle:unique        │ 1604471.000000 │
│ train/train/loss:sum                  │ -374.802208    │
│ train/train/ppo_clipped_fraction:mean │ 0.132112       │
│ train/train/ppo_kl_div:mean           │ 0.606729       │
│ train/train/ppo_mean_ratio:mean       │ 0.885759       │
└───────────────────────────────────────┴────────────────┘
tinker_cookbook.utils.ml_log:192 [INFO] Wrote metrics to logs/sweep-rollouts/llama-rlct-nr128/metrics.jsonl
tinker_cookbook.utils.ml_log:265 [INFO] 
               Step 85               
┏━━━━━━━━━━━━━━━━━━━━━━━━━━━┳━━━━━━━┓
┃ Metric                    ┃ Value ┃
┡━━━━━━━━━━━━━━━━━━━━━━━━━━━╇━━━━━━━┩
│ train/skipped_empty_batch │ 1     │
└───────────────────────────┴───────┘
tinker_cookbook.utils.ml_log:192 [INFO] Wrote metrics to logs/sweep-rollouts/llama-rlct-nr128/metrics.jsonl
tinker_cookbook.utils.ml_log:265 [INFO] 
               Step 86               
┏━━━━━━━━━━━━━━━━━━━━━━━━━━━┳━━━━━━━┓
┃ Metric                    ┃ Value ┃
┡━━━━━━━━━━━━━━━━━━━━━━━━━━━╇━━━━━━━┩
│ train/skipped_empty_batch │ 1     │
└───────────────────────────┴───────┘
tinker_cookbook.utils.ml_log:192 [INFO] Wrote metrics to logs/sweep-rollouts/llama-rlct-nr128/metrics.jsonl
tinker_cookbook.utils.ml_log:265 [INFO] 
               Step 87               
┏━━━━━━━━━━━━━━━━━━━━━━━━━━━┳━━━━━━━┓
┃ Metric                    ┃ Value ┃
┡━━━━━━━━━━━━━━━━━━━━━━━━━━━╇━━━━━━━┩
│ train/skipped_empty_batch │ 1     │
└───────────────────────────┴───────┘
tinker_cookbook.utils.ml_log:192 [INFO] Wrote metrics to logs/sweep-rollouts/llama-rlct-nr128/metrics.jsonl
tinker_cookbook.utils.ml_log:265 [INFO] 
               Step 88               
┏━━━━━━━━━━━━━━━━━━━━━━━━━━━┳━━━━━━━┓
┃ Metric                    ┃ Value ┃
┡━━━━━━━━━━━━━━━━━━━━━━━━━━━╇━━━━━━━┩
│ train/skipped_empty_batch │ 1     │
└───────────────────────────┴───────┘
tinker_cookbook.utils.ml_log:192 [INFO] Wrote metrics to logs/sweep-rollouts/llama-rlct-nr128/metrics.jsonl
tinker_cookbook.utils.ml_log:265 [INFO] 
                         Step 89                          
┏━━━━━━━━━━━━━━━━━━━━━━━━━━━━━━━━━━━━━━━┳━━━━━━━━━━━━━━━━┓
┃ Metric                                ┃ Value          ┃
┡━━━━━━━━━━━━━━━━━━━━━━━━━━━━━━━━━━━━━━━╇━━━━━━━━━━━━━━━━┩
│ optim/entropy                         │ 0.446179       │
│ optim/kl_sample_train_v1              │ 0.000458       │
│ optim/kl_sample_train_v2              │ 0.000603       │
│ train/advantage_abs_mean              │ 0.484123       │
│ train/anchor_reward_mean              │ 0.000000       │
│ train/anchor_reward_std               │ 0.000000       │
│ train/avg_response_length             │ 513.437500     │
│ train/consistency_gap_1               │ 0.015625       │
│ train/consistency_reward_mean         │ -0.000488      │
│ train/consistency_reward_std          │ 0.003782       │
│ train/epoch                           │ 0              │
│ train/kl_policy_base                  │ 0.124462       │
│ train/n_anchor_rollouts               │ 0              │
│ train/n_consistency_rollouts          │ 16             │
│ train/n_ref_parsed                    │ 128            │
│ train/n_training_parsed               │ 128            │
│ train/p_hat_1                         │ 0.031250       │
│ train/p_ref                           │ 0.015625       │
│ train/parse_rate                      │ 1.000000       │
│ train/rate_var                        │ 0.000061       │
│ train/reward_pert1_trait0_count       │ 15             │
│ train/reward_pert1_trait0_mean        │ 0.000488       │
│ train/reward_pert1_trait1_count       │ 1              │
│ train/reward_pert1_trait1_mean        │ -0.015137      │
│ train/train/clock_cycle:unique        │ 1604684.000000 │
│ train/train/loss:sum                  │ 218.323418     │
│ train/train/ppo_clipped_fraction:mean │ 0.379525       │
│ train/train/ppo_kl_div:mean           │ 1.305296       │
│ train/train/ppo_mean_ratio:mean       │ 0.693850       │
└───────────────────────────────────────┴────────────────┘
tinker_cookbook.utils.ml_log:192 [INFO] Wrote metrics to logs/sweep-rollouts/llama-rlct-nr128/metrics.jsonl
tinker_cookbook.utils.ml_log:265 [INFO] 
               Step 90               
┏━━━━━━━━━━━━━━━━━━━━━━━━━━━┳━━━━━━━┓
┃ Metric                    ┃ Value ┃
┡━━━━━━━━━━━━━━━━━━━━━━━━━━━╇━━━━━━━┩
│ train/skipped_empty_batch │ 1     │
└───────────────────────────┴───────┘
tinker_cookbook.utils.ml_log:192 [INFO] Wrote metrics to logs/sweep-rollouts/llama-rlct-nr128/metrics.jsonl
tinker_cookbook.utils.ml_log:265 [INFO] 
                         Step 91                          
┏━━━━━━━━━━━━━━━━━━━━━━━━━━━━━━━━━━━━━━━┳━━━━━━━━━━━━━━━━┓
┃ Metric                                ┃ Value          ┃
┡━━━━━━━━━━━━━━━━━━━━━━━━━━━━━━━━━━━━━━━╇━━━━━━━━━━━━━━━━┩
│ optim/entropy                         │ 0.492049       │
│ optim/kl_sample_train_v1              │ 0.000098       │
│ optim/kl_sample_train_v2              │ 0.000491       │
│ train/advantage_abs_mean              │ 0.484123       │
│ train/anchor_reward_mean              │ 0.000000       │
│ train/anchor_reward_std               │ 0.000000       │
│ train/avg_response_length             │ 327.812500     │
│ train/consistency_gap_1               │ 0.107960       │
│ train/consistency_reward_mean         │ -0.012804      │
│ train/consistency_reward_std          │ 0.026133       │
│ train/epoch                           │ 0              │
│ train/kl_policy_base                  │ 0.133170       │
│ train/n_anchor_rollouts               │ 0              │
│ train/n_consistency_rollouts          │ 16             │
│ train/n_ref_parsed                    │ 128            │
│ train/n_training_parsed               │ 127            │
│ train/p_hat_1                         │ 0.818898       │
│ train/p_ref                           │ 0.710938       │
│ train/parse_rate                      │ 0.996094       │
│ train/rate_var                        │ 0.002914       │
│ train/reward_pert1_trait0_count       │ 1              │
│ train/reward_pert1_trait0_mean        │ 0.088408       │
│ train/reward_pert1_trait1_count       │ 15             │
│ train/reward_pert1_trait1_mean        │ -0.019552      │
│ train/train/clock_cycle:unique        │ 1604737.000000 │
│ train/train/loss:sum                  │ -101.112343    │
│ train/train/ppo_clipped_fraction:mean │ 0.157974       │
│ train/train/ppo_kl_div:mean           │ 0.730846       │
│ train/train/ppo_mean_ratio:mean       │ 0.865245       │
└───────────────────────────────────────┴────────────────┘
tinker_cookbook.utils.ml_log:192 [INFO] Wrote metrics to logs/sweep-rollouts/llama-rlct-nr128/metrics.jsonl
tinker_cookbook.utils.ml_log:265 [INFO] 
                         Step 92                          
┏━━━━━━━━━━━━━━━━━━━━━━━━━━━━━━━━━━━━━━━┳━━━━━━━━━━━━━━━━┓
┃ Metric                                ┃ Value          ┃
┡━━━━━━━━━━━━━━━━━━━━━━━━━━━━━━━━━━━━━━━╇━━━━━━━━━━━━━━━━┩
│ optim/entropy                         │ 0.556930       │
│ optim/kl_sample_train_v1              │ 0.000894       │
│ optim/kl_sample_train_v2              │ 0.000689       │
│ train/advantage_abs_mean              │ 0.661438       │
│ train/anchor_reward_mean              │ 0.000000       │
│ train/anchor_reward_std               │ 0.000000       │
│ train/avg_response_length             │ 343.937500     │
│ train/consistency_gap_1               │ -0.015489      │
│ train/consistency_reward_mean         │ 0.000173       │
│ train/consistency_reward_std          │ 0.005123       │
│ train/epoch                           │ 0              │
│ train/kl_policy_base                  │ 0.163030       │
│ train/n_anchor_rollouts               │ 0              │
│ train/n_consistency_rollouts          │ 16             │
│ train/n_ref_parsed                    │ 116            │
│ train/n_training_parsed               │ 123            │
│ train/p_hat_1                         │ 0.113821       │
│ train/p_ref                           │ 0.129310       │
│ train/parse_rate                      │ 0.933594       │
│ train/rate_var                        │ 0.000060       │
│ train/reward_pert1_trait0_count       │ 14             │
│ train/reward_pert1_trait0_mean        │ -0.001763      │
│ train/reward_pert1_trait1_count       │ 2              │
│ train/reward_pert1_trait1_mean        │ 0.013726       │
│ train/train/clock_cycle:unique        │ 1604763.000000 │
│ train/train/loss:sum                  │ -410.520340    │
│ train/train/ppo_clipped_fraction:mean │ 0.383218       │
│ train/train/ppo_kl_div:mean           │ 1.388730       │
│ train/train/ppo_mean_ratio:mean       │ 0.685818       │
└───────────────────────────────────────┴────────────────┘
tinker_cookbook.utils.ml_log:192 [INFO] Wrote metrics to logs/sweep-rollouts/llama-rlct-nr128/metrics.jsonl
tinker_cookbook.utils.ml_log:265 [INFO] 
               Step 93               
┏━━━━━━━━━━━━━━━━━━━━━━━━━━━┳━━━━━━━┓
┃ Metric                    ┃ Value ┃
┡━━━━━━━━━━━━━━━━━━━━━━━━━━━╇━━━━━━━┩
│ train/skipped_empty_batch │ 1     │
└───────────────────────────┴───────┘
tinker_cookbook.utils.ml_log:192 [INFO] Wrote metrics to logs/sweep-rollouts/llama-rlct-nr128/metrics.jsonl
tinker_cookbook.utils.ml_log:265 [INFO] 
                         Step 94                          
┏━━━━━━━━━━━━━━━━━━━━━━━━━━━━━━━━━━━━━━━┳━━━━━━━━━━━━━━━━┓
┃ Metric                                ┃ Value          ┃
┡━━━━━━━━━━━━━━━━━━━━━━━━━━━━━━━━━━━━━━━╇━━━━━━━━━━━━━━━━┩
│ optim/entropy                         │ 0.464496       │
│ optim/kl_sample_train_v1              │ 0.000611       │
│ optim/kl_sample_train_v2              │ 0.000472       │
│ train/advantage_abs_mean              │ 0.484123       │
│ train/anchor_reward_mean              │ 0.000000       │
│ train/anchor_reward_std               │ 0.000000       │
│ train/avg_response_length             │ 426.250000     │
│ train/consistency_gap_1               │ 0.000194       │
│ train/consistency_reward_mean         │ -0.000007      │
│ train/consistency_reward_std          │ 0.000047       │
│ train/epoch                           │ 0              │
│ train/kl_policy_base                  │ 0.136188       │
│ train/n_anchor_rollouts               │ 0              │
│ train/n_consistency_rollouts          │ 16             │
│ train/n_ref_parsed                    │ 125            │
│ train/n_training_parsed               │ 124            │
│ train/p_hat_1                         │ 0.024194       │
│ train/p_ref                           │ 0.024000       │
│ train/parse_rate                      │ 0.972656       │
│ train/rate_var                        │ 0.000000       │
│ train/reward_pert1_trait0_count       │ 15             │
│ train/reward_pert1_trait0_mean        │ 0.000005       │
│ train/reward_pert1_trait1_count       │ 1              │
│ train/reward_pert1_trait1_mean        │ -0.000189      │
│ train/train/clock_cycle:unique        │ 1604806.000000 │
│ train/train/loss:sum                  │ -522.998749    │
│ train/train/ppo_clipped_fraction:mean │ 0.212880       │
│ train/train/ppo_kl_div:mean           │ 0.882854       │
│ train/train/ppo_mean_ratio:mean       │ 0.823429       │
└───────────────────────────────────────┴────────────────┘
tinker_cookbook.utils.ml_log:192 [INFO] Wrote metrics to logs/sweep-rollouts/llama-rlct-nr128/metrics.jsonl
tinker_cookbook.utils.ml_log:265 [INFO] 
               Step 95               
┏━━━━━━━━━━━━━━━━━━━━━━━━━━━┳━━━━━━━┓
┃ Metric                    ┃ Value ┃
┡━━━━━━━━━━━━━━━━━━━━━━━━━━━╇━━━━━━━┩
│ train/skipped_empty_batch │ 1     │
└───────────────────────────┴───────┘
tinker_cookbook.utils.ml_log:192 [INFO] Wrote metrics to logs/sweep-rollouts/llama-rlct-nr128/metrics.jsonl
tinker_cookbook.utils.ml_log:265 [INFO] 
                         Step 96                          
┏━━━━━━━━━━━━━━━━━━━━━━━━━━━━━━━━━━━━━━━┳━━━━━━━━━━━━━━━━┓
┃ Metric                                ┃ Value          ┃
┡━━━━━━━━━━━━━━━━━━━━━━━━━━━━━━━━━━━━━━━╇━━━━━━━━━━━━━━━━┩
│ optim/entropy                         │ 0.457642       │
│ optim/kl_sample_train_v1              │ 0.000631       │
│ optim/kl_sample_train_v2              │ 0.000443       │
│ train/advantage_abs_mean              │ 0.484123       │
│ train/anchor_reward_mean              │ 0.000000       │
│ train/anchor_reward_std               │ 0.000000       │
│ train/avg_response_length             │ 405.250000     │
│ train/consistency_gap_1               │ 0.031371       │
│ train/consistency_reward_mean         │ -0.000479      │
│ train/consistency_reward_std          │ 0.007594       │
│ train/epoch                           │ 0              │
│ train/kl_policy_base                  │ 0.144299       │
│ train/n_anchor_rollouts               │ 0              │
│ train/n_consistency_rollouts          │ 16             │
│ train/n_ref_parsed                    │ 126            │
│ train/n_training_parsed               │ 127            │
│ train/p_hat_1                         │ 0.047244       │
│ train/p_ref                           │ 0.015873       │
│ train/parse_rate                      │ 0.988281       │
│ train/rate_var                        │ 0.000246       │
│ train/reward_pert1_trait0_count       │ 15             │
│ train/reward_pert1_trait0_mean        │ 0.001482       │
│ train/reward_pert1_trait1_count       │ 1              │
│ train/reward_pert1_trait1_mean        │ -0.029889      │
│ train/train/clock_cycle:unique        │ 1604849.000000 │
│ train/train/loss:sum                  │ -25.305016     │
│ train/train/ppo_clipped_fraction:mean │ 0.197055       │
│ train/train/ppo_kl_div:mean           │ 0.806633       │
│ train/train/ppo_mean_ratio:mean       │ 0.831327       │
└───────────────────────────────────────┴────────────────┘
tinker_cookbook.utils.ml_log:192 [INFO] Wrote metrics to logs/sweep-rollouts/llama-rlct-nr128/metrics.jsonl
tinker_cookbook.utils.ml_log:265 [INFO] 
                         Step 97                          
┏━━━━━━━━━━━━━━━━━━━━━━━━━━━━━━━━━━━━━━━┳━━━━━━━━━━━━━━━━┓
┃ Metric                                ┃ Value          ┃
┡━━━━━━━━━━━━━━━━━━━━━━━━━━━━━━━━━━━━━━━╇━━━━━━━━━━━━━━━━┩
│ optim/entropy                         │ 0.328502       │
│ optim/kl_sample_train_v1              │ 0.000456       │
│ optim/kl_sample_train_v2              │ 0.000427       │
│ train/advantage_abs_mean              │ 0.927025       │
│ train/anchor_reward_mean              │ 0.000000       │
│ train/anchor_reward_std               │ 0.000000       │
│ train/avg_response_length             │ 782.312500     │
│ train/consistency_gap_1               │ -0.002788      │
│ train/consistency_reward_mean         │ 0.000360       │
│ train/consistency_reward_std          │ 0.001292       │
│ train/epoch                           │ 0              │
│ train/kl_policy_base                  │ 0.048078       │
│ train/n_anchor_rollouts               │ 0              │
│ train/n_consistency_rollouts          │ 16             │
│ train/n_ref_parsed                    │ 102            │
│ train/n_training_parsed               │ 109            │
│ train/p_hat_1                         │ 0.183486       │
│ train/p_ref                           │ 0.186275       │
│ train/parse_rate                      │ 0.824219       │
│ train/rate_var                        │ 0.000002       │
│ train/reward_pert1_trait0_count       │ 11             │
│ train/reward_pert1_trait0_mean        │ -0.000512      │
│ train/reward_pert1_trait1_count       │ 5              │
│ train/reward_pert1_trait1_mean        │ 0.002277       │
│ train/train/clock_cycle:unique        │ 1605041.000000 │
│ train/train/loss:sum                  │ 743.664307     │
│ train/train/ppo_clipped_fraction:mean │ 0.142850       │
│ train/train/ppo_kl_div:mean           │ 0.472733       │
│ train/train/ppo_mean_ratio:mean       │ 0.886829       │
└───────────────────────────────────────┴────────────────┘
tinker_cookbook.utils.ml_log:192 [INFO] Wrote metrics to logs/sweep-rollouts/llama-rlct-nr128/metrics.jsonl
tinker_cookbook.utils.ml_log:265 [INFO] 
                         Step 98                          
┏━━━━━━━━━━━━━━━━━━━━━━━━━━━━━━━━━━━━━━━┳━━━━━━━━━━━━━━━━┓
┃ Metric                                ┃ Value          ┃
┡━━━━━━━━━━━━━━━━━━━━━━━━━━━━━━━━━━━━━━━╇━━━━━━━━━━━━━━━━┩
│ optim/entropy                         │ 0.687063       │
│ optim/kl_sample_train_v1              │ -0.000217      │
│ optim/kl_sample_train_v2              │ 0.000576       │
│ train/advantage_abs_mean              │ 0.780625       │
│ train/anchor_reward_mean              │ 0.000000       │
│ train/anchor_reward_std               │ 0.000000       │
│ train/avg_response_length             │ 365.812500     │
│ train/consistency_gap_1               │ -0.029598      │
│ train/consistency_reward_mean         │ 0.002233       │
│ train/consistency_reward_std          │ 0.011552       │
│ train/epoch                           │ 0              │
│ train/kl_policy_base                  │ 0.132035       │
│ train/n_anchor_rollouts               │ 0              │
│ train/n_consistency_rollouts          │ 16             │
│ train/n_ref_parsed                    │ 120            │
│ train/n_training_parsed               │ 116            │
│ train/p_hat_1                         │ 0.112069       │
│ train/p_ref                           │ 0.141667       │
│ train/parse_rate                      │ 0.921875       │
│ train/rate_var                        │ 0.000219       │
│ train/reward_pert1_trait0_count       │ 13             │
│ train/reward_pert1_trait0_mean        │ -0.003317      │
│ train/reward_pert1_trait1_count       │ 3              │
│ train/reward_pert1_trait1_mean        │ 0.026281       │
│ train/train/clock_cycle:unique        │ 1605088.000000 │
│ train/train/loss:sum                  │ -282.052094    │
│ train/train/ppo_clipped_fraction:mean │ 0.166220       │
│ train/train/ppo_kl_div:mean           │ 0.737043       │
│ train/train/ppo_mean_ratio:mean       │ 0.857255       │
└───────────────────────────────────────┴────────────────┘
tinker_cookbook.utils.ml_log:192 [INFO] Wrote metrics to logs/sweep-rollouts/llama-rlct-nr128/metrics.jsonl
tinker_cookbook.utils.ml_log:265 [INFO] 
               Step 99               
┏━━━━━━━━━━━━━━━━━━━━━━━━━━━┳━━━━━━━┓
┃ Metric                    ┃ Value ┃
┡━━━━━━━━━━━━━━━━━━━━━━━━━━━╇━━━━━━━┩
│ train/skipped_empty_batch │ 1     │
└───────────────────────────┴───────┘
tinker_cookbook.utils.ml_log:192 [INFO] Wrote metrics to logs/sweep-rollouts/llama-rlct-nr128/metrics.jsonl
tinker_cookbook.utils.ml_log:265 [INFO] 
                         Step 100                         
┏━━━━━━━━━━━━━━━━━━━━━━━━━━━━━━━━━━━━━━━┳━━━━━━━━━━━━━━━━┓
┃ Metric                                ┃ Value          ┃
┡━━━━━━━━━━━━━━━━━━━━━━━━━━━━━━━━━━━━━━━╇━━━━━━━━━━━━━━━━┩
│ optim/entropy                         │ 0.966146       │
│ optim/kl_sample_train_v1              │ 0.000155       │
│ optim/kl_sample_train_v2              │ 0.000590       │
│ train/advantage_abs_mean              │ 0.661438       │
│ train/anchor_reward_mean              │ 0.000000       │
│ train/anchor_reward_std               │ 0.000000       │
│ train/avg_response_length             │ 484.687500     │
│ train/consistency_gap_1               │ -0.102711      │
│ train/consistency_reward_mean         │ -0.020497      │
│ train/consistency_reward_std          │ 0.033969       │
│ train/epoch                           │ 0              │
│ train/kl_policy_base                  │ 0.109534       │
│ train/n_anchor_rollouts               │ 0              │
│ train/n_consistency_rollouts          │ 16             │
│ train/n_ref_parsed                    │ 110            │
│ train/n_training_parsed               │ 114            │
│ train/p_hat_1                         │ 0.324561       │
│ train/p_ref                           │ 0.427273       │
│ train/parse_rate                      │ 0.875000       │
│ train/rate_var                        │ 0.002637       │
│ train/reward_pert1_trait0_count       │ 14             │
│ train/reward_pert1_trait0_mean        │ -0.033336      │
│ train/reward_pert1_trait1_count       │ 2              │
│ train/reward_pert1_trait1_mean        │ 0.069375       │
│ train/train/clock_cycle:unique        │ 1605197.000000 │
│ train/train/loss:sum                  │ 319.988708     │
│ train/train/ppo_clipped_fraction:mean │ 0.171142       │
│ train/train/ppo_kl_div:mean           │ 0.767436       │
│ train/train/ppo_mean_ratio:mean       │ 0.853097       │
└───────────────────────────────────────┴────────────────┘
tinker_cookbook.utils.ml_log:192 [INFO] Wrote metrics to logs/sweep-rollouts/llama-rlct-nr128/metrics.jsonl
tinker_cookbook.utils.ml_log:265 [INFO] 
              Step 101               
┏━━━━━━━━━━━━━━━━━━━━━━━━━━━┳━━━━━━━┓
┃ Metric                    ┃ Value ┃
┡━━━━━━━━━━━━━━━━━━━━━━━━━━━╇━━━━━━━┩
│ train/skipped_empty_batch │ 1     │
└───────────────────────────┴───────┘
tinker_cookbook.utils.ml_log:192 [INFO] Wrote metrics to logs/sweep-rollouts/llama-rlct-nr128/metrics.jsonl
tinker_cookbook.utils.ml_log:265 [INFO] 
                         Step 102                         
┏━━━━━━━━━━━━━━━━━━━━━━━━━━━━━━━━━━━━━━━┳━━━━━━━━━━━━━━━━┓
┃ Metric                                ┃ Value          ┃
┡━━━━━━━━━━━━━━━━━━━━━━━━━━━━━━━━━━━━━━━╇━━━━━━━━━━━━━━━━┩
│ optim/entropy                         │ 0.439407       │
│ optim/kl_sample_train_v1              │ 0.000356       │
│ optim/kl_sample_train_v2              │ 0.000435       │
│ train/advantage_abs_mean              │ 0.927025       │
│ train/anchor_reward_mean              │ 0.000000       │
│ train/anchor_reward_std               │ 0.000000       │
│ train/avg_response_length             │ 454.687500     │
│ train/consistency_gap_1               │ -0.059459      │
│ train/consistency_reward_mean         │ -0.005203      │
│ train/consistency_reward_std          │ 0.027560       │
│ train/epoch                           │ 0              │
│ train/kl_policy_base                  │ 0.127392       │
│ train/n_anchor_rollouts               │ 0              │
│ train/n_consistency_rollouts          │ 16             │
│ train/n_ref_parsed                    │ 111            │
│ train/n_training_parsed               │ 120            │
│ train/p_hat_1                         │ 0.400000       │
│ train/p_ref                           │ 0.459459       │
│ train/parse_rate                      │ 0.902344       │
│ train/rate_var                        │ 0.000884       │
│ train/reward_pert1_trait0_count       │ 11             │
│ train/reward_pert1_trait0_mean        │ -0.023784      │
│ train/reward_pert1_trait1_count       │ 5              │
│ train/reward_pert1_trait1_mean        │ 0.035676       │
│ train/train/clock_cycle:unique        │ 1605246.000000 │
│ train/train/loss:sum                  │ -183.165161    │
│ train/train/ppo_clipped_fraction:mean │ 0.153560       │
│ train/train/ppo_kl_div:mean           │ 0.561855       │
│ train/train/ppo_mean_ratio:mean       │ 0.875765       │
└───────────────────────────────────────┴────────────────┘
tinker_cookbook.utils.ml_log:192 [INFO] Wrote metrics to logs/sweep-rollouts/llama-rlct-nr128/metrics.jsonl
tinker_cookbook.utils.ml_log:265 [INFO] 
              Step 103               
┏━━━━━━━━━━━━━━━━━━━━━━━━━━━┳━━━━━━━┓
┃ Metric                    ┃ Value ┃
┡━━━━━━━━━━━━━━━━━━━━━━━━━━━╇━━━━━━━┩
│ train/skipped_empty_batch │ 1     │
└───────────────────────────┴───────┘
tinker_cookbook.utils.ml_log:192 [INFO] Wrote metrics to logs/sweep-rollouts/llama-rlct-nr128/metrics.jsonl
tinker_cookbook.utils.ml_log:265 [INFO] 
                         Step 104                         
┏━━━━━━━━━━━━━━━━━━━━━━━━━━━━━━━━━━━━━━━┳━━━━━━━━━━━━━━━━┓
┃ Metric                                ┃ Value          ┃
┡━━━━━━━━━━━━━━━━━━━━━━━━━━━━━━━━━━━━━━━╇━━━━━━━━━━━━━━━━┩
│ optim/entropy                         │ 1.799615       │
│ optim/kl_sample_train_v1              │ 0.001003       │
│ optim/kl_sample_train_v2              │ 0.000730       │
│ train/advantage_abs_mean              │ 0.780625       │
│ train/anchor_reward_mean              │ 0.000000       │
│ train/anchor_reward_std               │ 0.000000       │
│ train/avg_response_length             │ 498.750000     │
│ train/consistency_gap_1               │ 0.025084       │
│ train/consistency_reward_mean         │ 0.004819       │
│ train/consistency_reward_std          │ 0.009791       │
│ train/epoch                           │ 0              │
│ train/kl_policy_base                  │ 0.152594       │
│ train/n_anchor_rollouts               │ 0              │
│ train/n_consistency_rollouts          │ 16             │
│ train/n_ref_parsed                    │ 110            │
│ train/n_training_parsed               │ 108            │
│ train/p_hat_1                         │ 0.379630       │
│ train/p_ref                           │ 0.354545       │
│ train/parse_rate                      │ 0.851562       │
│ train/rate_var                        │ 0.000157       │
│ train/reward_pert1_trait0_count       │ 13             │
│ train/reward_pert1_trait0_mean        │ 0.009523       │
│ train/reward_pert1_trait1_count       │ 3              │
│ train/reward_pert1_trait1_mean        │ -0.015561      │
│ train/train/clock_cycle:unique        │ 1605460.000000 │
│ train/train/loss:sum                  │ 513.564362     │
│ train/train/ppo_clipped_fraction:mean │ 0.178152       │
│ train/train/ppo_kl_div:mean           │ 0.595250       │
│ train/train/ppo_mean_ratio:mean       │ 0.854984       │
└───────────────────────────────────────┴────────────────┘
tinker_cookbook.utils.ml_log:192 [INFO] Wrote metrics to logs/sweep-rollouts/llama-rlct-nr128/metrics.jsonl
tinker_cookbook.utils.ml_log:265 [INFO] 
                         Step 105                         
┏━━━━━━━━━━━━━━━━━━━━━━━━━━━━━━━━━━━━━━━┳━━━━━━━━━━━━━━━━┓
┃ Metric                                ┃ Value          ┃
┡━━━━━━━━━━━━━━━━━━━━━━━━━━━━━━━━━━━━━━━╇━━━━━━━━━━━━━━━━┩
│ optim/entropy                         │ 0.594431       │
│ optim/kl_sample_train_v1              │ 0.000600       │
│ optim/kl_sample_train_v2              │ 0.000496       │
│ train/advantage_abs_mean              │ 0.661438       │
│ train/anchor_reward_mean              │ 0.000000       │
│ train/anchor_reward_std               │ 0.000000       │
│ train/avg_response_length             │ 421.562500     │
│ train/consistency_gap_1               │ -0.069754      │
│ train/consistency_reward_mean         │ -0.002061      │
│ train/consistency_reward_std          │ 0.023069       │
│ train/epoch                           │ 0              │
│ train/kl_policy_base                  │ 0.099681       │
│ train/n_anchor_rollouts               │ 0              │
│ train/n_consistency_rollouts          │ 16             │
│ train/n_ref_parsed                    │ 107            │
│ train/n_training_parsed               │ 110            │
│ train/p_hat_1                         │ 0.154545       │
│ train/p_ref                           │ 0.224299       │
│ train/parse_rate                      │ 0.847656       │
│ train/rate_var                        │ 0.001216       │
│ train/reward_pert1_trait0_count       │ 14             │
│ train/reward_pert1_trait0_mean        │ -0.010780      │
│ train/reward_pert1_trait1_count       │ 2              │
│ train/reward_pert1_trait1_mean        │ 0.058974       │
│ train/train/clock_cycle:unique        │ 1605511.000000 │
│ train/train/loss:sum                  │ -31.314125     │
│ train/train/ppo_clipped_fraction:mean │ 0.180071       │
│ train/train/ppo_kl_div:mean           │ 0.688001       │
│ train/train/ppo_mean_ratio:mean       │ 0.853244       │
└───────────────────────────────────────┴────────────────┘
tinker_cookbook.utils.ml_log:192 [INFO] Wrote metrics to logs/sweep-rollouts/llama-rlct-nr128/metrics.jsonl
tinker_cookbook.utils.ml_log:265 [INFO] 
                         Step 106                         
┏━━━━━━━━━━━━━━━━━━━━━━━━━━━━━━━━━━━━━━━┳━━━━━━━━━━━━━━━━┓
┃ Metric                                ┃ Value          ┃
┡━━━━━━━━━━━━━━━━━━━━━━━━━━━━━━━━━━━━━━━╇━━━━━━━━━━━━━━━━┩
│ optim/entropy                         │ 0.500805       │
│ optim/kl_sample_train_v1              │ 0.000393       │
│ optim/kl_sample_train_v2              │ 0.000429       │
│ train/advantage_abs_mean              │ 0.484123       │
│ train/anchor_reward_mean              │ 0.000000       │
│ train/anchor_reward_std               │ 0.000000       │
│ train/avg_response_length             │ 218.750000     │
│ train/consistency_gap_1               │ 0.119697       │
│ train/consistency_reward_mean         │ -0.012106      │
│ train/consistency_reward_std          │ 0.028974       │
│ train/epoch                           │ 0              │
│ train/kl_policy_base                  │ 0.102069       │
│ train/n_anchor_rollouts               │ 0              │
│ train/n_consistency_rollouts          │ 16             │
│ train/n_ref_parsed                    │ 120            │
│ train/n_training_parsed               │ 110            │
│ train/p_hat_1                         │ 0.836364       │
│ train/p_ref                           │ 0.716667       │
│ train/parse_rate                      │ 0.898438       │
│ train/rate_var                        │ 0.003582       │
│ train/reward_pert1_trait0_count       │ 1              │
│ train/reward_pert1_trait0_mean        │ 0.100110       │
│ train/reward_pert1_trait1_count       │ 15             │
│ train/reward_pert1_trait1_mean        │ -0.019587      │
│ train/train/clock_cycle:unique        │ 1605536.000000 │
│ train/train/loss:sum                  │ -374.233170    │
│ train/train/ppo_clipped_fraction:mean │ 0.198016       │
│ train/train/ppo_kl_div:mean           │ 0.940574       │
│ train/train/ppo_mean_ratio:mean       │ 0.829524       │
└───────────────────────────────────────┴────────────────┘
tinker_cookbook.utils.ml_log:192 [INFO] Wrote metrics to logs/sweep-rollouts/llama-rlct-nr128/metrics.jsonl
tinker_cookbook.utils.ml_log:265 [INFO] 
              Step 107               
┏━━━━━━━━━━━━━━━━━━━━━━━━━━━┳━━━━━━━┓
┃ Metric                    ┃ Value ┃
┡━━━━━━━━━━━━━━━━━━━━━━━━━━━╇━━━━━━━┩
│ train/skipped_empty_batch │ 1     │
└───────────────────────────┴───────┘
tinker_cookbook.utils.ml_log:192 [INFO] Wrote metrics to logs/sweep-rollouts/llama-rlct-nr128/metrics.jsonl
tinker_cookbook.utils.ml_log:265 [INFO] 
                         Step 108                         
┏━━━━━━━━━━━━━━━━━━━━━━━━━━━━━━━━━━━━━━━┳━━━━━━━━━━━━━━━━┓
┃ Metric                                ┃ Value          ┃
┡━━━━━━━━━━━━━━━━━━━━━━━━━━━━━━━━━━━━━━━╇━━━━━━━━━━━━━━━━┩
│ optim/entropy                         │ 0.771173       │
│ optim/kl_sample_train_v1              │ 0.000329       │
│ optim/kl_sample_train_v2              │ 0.000618       │
│ train/advantage_abs_mean              │ 0.484123       │
│ train/anchor_reward_mean              │ 0.000000       │
│ train/anchor_reward_std               │ 0.000000       │
│ train/avg_response_length             │ 385.750000     │
│ train/consistency_gap_1               │ 0.068280       │
│ train/consistency_reward_mean         │ 0.003698       │
│ train/consistency_reward_std          │ 0.016528       │
│ train/epoch                           │ 0              │
│ train/kl_policy_base                  │ 0.092645       │
│ train/n_anchor_rollouts               │ 0              │
│ train/n_consistency_rollouts          │ 16             │
│ train/n_ref_parsed                    │ 124            │
│ train/n_training_parsed               │ 120            │
│ train/p_hat_1                         │ 0.116667       │
│ train/p_ref                           │ 0.048387       │
│ train/parse_rate                      │ 0.953125       │
│ train/rate_var                        │ 0.001166       │
│ train/reward_pert1_trait0_count       │ 15             │
│ train/reward_pert1_trait0_mean        │ 0.007966       │
│ train/reward_pert1_trait1_count       │ 1              │
│ train/reward_pert1_trait1_mean        │ -0.060314      │
│ train/train/clock_cycle:unique        │ 1605575.000000 │
│ train/train/loss:sum                  │ -254.836426    │
│ train/train/ppo_clipped_fraction:mean │ 0.153502       │
│ train/train/ppo_kl_div:mean           │ 0.658907       │
│ train/train/ppo_mean_ratio:mean       │ 0.866385       │
└───────────────────────────────────────┴────────────────┘
tinker_cookbook.utils.ml_log:192 [INFO] Wrote metrics to logs/sweep-rollouts/llama-rlct-nr128/metrics.jsonl
tinker_cookbook.utils.ml_log:265 [INFO] 
                         Step 109                         
┏━━━━━━━━━━━━━━━━━━━━━━━━━━━━━━━━━━━━━━━┳━━━━━━━━━━━━━━━━┓
┃ Metric                                ┃ Value          ┃
┡━━━━━━━━━━━━━━━━━━━━━━━━━━━━━━━━━━━━━━━╇━━━━━━━━━━━━━━━━┩
│ optim/entropy                         │ 0.455143       │
│ optim/kl_sample_train_v1              │ 0.001478       │
│ optim/kl_sample_train_v2              │ 0.000515       │
│ train/advantage_abs_mean              │ 0.866025       │
│ train/anchor_reward_mean              │ 0.000000       │
│ train/anchor_reward_std               │ 0.000000       │
│ train/avg_response_length             │ 275.562500     │
│ train/consistency_gap_1               │ -0.045542      │
│ train/consistency_reward_mean         │ 0.000193       │
│ train/consistency_reward_std          │ 0.019720       │
│ train/epoch                           │ 0              │
│ train/kl_policy_base                  │ 0.117122       │
│ train/n_anchor_rollouts               │ 0              │
│ train/n_consistency_rollouts          │ 16             │
│ train/n_ref_parsed                    │ 115            │
│ train/n_training_parsed               │ 118            │
│ train/p_hat_1                         │ 0.745763       │
│ train/p_ref                           │ 0.791304       │
│ train/parse_rate                      │ 0.910156       │
│ train/rate_var                        │ 0.000519       │
│ train/reward_pert1_trait0_count       │ 4              │
│ train/reward_pert1_trait0_mean        │ -0.033963      │
│ train/reward_pert1_trait1_count       │ 12             │
│ train/reward_pert1_trait1_mean        │ 0.011578       │
│ train/train/clock_cycle:unique        │ 1605603.000000 │
│ train/train/loss:sum                  │ 47.627441      │
│ train/train/ppo_clipped_fraction:mean │ 0.384519       │
│ train/train/ppo_kl_div:mean           │ 1.529160       │
│ train/train/ppo_mean_ratio:mean       │ 0.673034       │
└───────────────────────────────────────┴────────────────┘
tinker_cookbook.utils.ml_log:192 [INFO] Wrote metrics to logs/sweep-rollouts/llama-rlct-nr128/metrics.jsonl
tinker_cookbook.utils.ml_log:265 [INFO] 
              Step 110               
┏━━━━━━━━━━━━━━━━━━━━━━━━━━━┳━━━━━━━┓
┃ Metric                    ┃ Value ┃
┡━━━━━━━━━━━━━━━━━━━━━━━━━━━╇━━━━━━━┩
│ train/skipped_empty_batch │ 1     │
└───────────────────────────┴───────┘
tinker_cookbook.utils.ml_log:192 [INFO] Wrote metrics to logs/sweep-rollouts/llama-rlct-nr128/metrics.jsonl
tinker_cookbook.utils.ml_log:265 [INFO] 
                         Step 111                         
┏━━━━━━━━━━━━━━━━━━━━━━━━━━━━━━━━━━━━━━━┳━━━━━━━━━━━━━━━━┓
┃ Metric                                ┃ Value          ┃
┡━━━━━━━━━━━━━━━━━━━━━━━━━━━━━━━━━━━━━━━╇━━━━━━━━━━━━━━━━┩
│ optim/entropy                         │ 0.450000       │
│ optim/kl_sample_train_v1              │ 0.000354       │
│ optim/kl_sample_train_v2              │ 0.000424       │
│ train/advantage_abs_mean              │ 0.780625       │
│ train/anchor_reward_mean              │ 0.000000       │
│ train/anchor_reward_std               │ 0.000000       │
│ train/avg_response_length             │ 361.937500     │
│ train/consistency_gap_1               │ -0.037503      │
│ train/consistency_reward_mean         │ -0.001647      │
│ train/consistency_reward_std          │ 0.014638       │
│ train/epoch                           │ 0              │
│ train/kl_policy_base                  │ 0.122207       │
│ train/n_anchor_rollouts               │ 0              │
│ train/n_consistency_rollouts          │ 16             │
│ train/n_ref_parsed                    │ 119            │
│ train/n_training_parsed               │ 121            │
│ train/p_hat_1                         │ 0.231405       │
│ train/p_ref                           │ 0.268908       │
│ train/parse_rate                      │ 0.937500       │
│ train/rate_var                        │ 0.000352       │
│ train/reward_pert1_trait0_count       │ 13             │
│ train/reward_pert1_trait0_mean        │ -0.008678      │
│ train/reward_pert1_trait1_count       │ 3              │
│ train/reward_pert1_trait1_mean        │ 0.028824       │
│ train/train/clock_cycle:unique        │ 1605663.000000 │
│ train/train/loss:sum                  │ -312.137856    │
│ train/train/ppo_clipped_fraction:mean │ 0.179087       │
│ train/train/ppo_kl_div:mean           │ 0.786964       │
│ train/train/ppo_mean_ratio:mean       │ 0.842593       │
└───────────────────────────────────────┴────────────────┘
tinker_cookbook.utils.ml_log:192 [INFO] Wrote metrics to logs/sweep-rollouts/llama-rlct-nr128/metrics.jsonl
tinker_cookbook.utils.ml_log:265 [INFO] 
                         Step 112                         
┏━━━━━━━━━━━━━━━━━━━━━━━━━━━━━━━━━━━━━━━┳━━━━━━━━━━━━━━━━┓
┃ Metric                                ┃ Value          ┃
┡━━━━━━━━━━━━━━━━━━━━━━━━━━━━━━━━━━━━━━━╇━━━━━━━━━━━━━━━━┩
│ optim/entropy                         │ 0.499787       │
│ optim/kl_sample_train_v1              │ 0.001383       │
│ optim/kl_sample_train_v2              │ 0.000442       │
│ train/advantage_abs_mean              │ 0.661438       │
│ train/anchor_reward_mean              │ 0.000000       │
│ train/anchor_reward_std               │ 0.000000       │
│ train/avg_response_length             │ 407.750000     │
│ train/consistency_gap_1               │ 0.112094       │
│ train/consistency_reward_mean         │ -0.010788      │
│ train/consistency_reward_std          │ 0.037072       │
│ train/epoch                           │ 0              │
│ train/kl_policy_base                  │ 0.087422       │
│ train/n_anchor_rollouts               │ 0              │
│ train/n_consistency_rollouts          │ 16             │
│ train/n_ref_parsed                    │ 120            │
│ train/n_training_parsed               │ 113            │
│ train/p_hat_1                         │ 0.778761       │
│ train/p_ref                           │ 0.666667       │
│ train/parse_rate                      │ 0.910156       │
│ train/rate_var                        │ 0.003141       │
│ train/reward_pert1_trait0_count       │ 2              │
│ train/reward_pert1_trait0_mean        │ 0.087295       │
│ train/reward_pert1_trait1_count       │ 14             │
│ train/reward_pert1_trait1_mean        │ -0.024800      │
│ train/train/clock_cycle:unique        │ 1605704.000000 │
│ train/train/loss:sum                  │ -827.013252    │
│ train/train/ppo_clipped_fraction:mean │ 0.156359       │
│ train/train/ppo_kl_div:mean           │ 0.646185       │
│ train/train/ppo_mean_ratio:mean       │ 0.868836       │
└───────────────────────────────────────┴────────────────┘
tinker_cookbook.utils.ml_log:192 [INFO] Wrote metrics to logs/sweep-rollouts/llama-rlct-nr128/metrics.jsonl
tinker_cookbook.utils.ml_log:265 [INFO] 
              Step 113               
┏━━━━━━━━━━━━━━━━━━━━━━━━━━━┳━━━━━━━┓
┃ Metric                    ┃ Value ┃
┡━━━━━━━━━━━━━━━━━━━━━━━━━━━╇━━━━━━━┩
│ train/skipped_empty_batch │ 1     │
└───────────────────────────┴───────┘
tinker_cookbook.utils.ml_log:192 [INFO] Wrote metrics to logs/sweep-rollouts/llama-rlct-nr128/metrics.jsonl
tinker_cookbook.utils.ml_log:265 [INFO] 
              Step 114               
┏━━━━━━━━━━━━━━━━━━━━━━━━━━━┳━━━━━━━┓
┃ Metric                    ┃ Value ┃
┡━━━━━━━━━━━━━━━━━━━━━━━━━━━╇━━━━━━━┩
│ train/skipped_empty_batch │ 1     │
└───────────────────────────┴───────┘
tinker_cookbook.utils.ml_log:192 [INFO] Wrote metrics to logs/sweep-rollouts/llama-rlct-nr128/metrics.jsonl
tinker_cookbook.utils.ml_log:265 [INFO] 
              Step 115               
┏━━━━━━━━━━━━━━━━━━━━━━━━━━━┳━━━━━━━┓
┃ Metric                    ┃ Value ┃
┡━━━━━━━━━━━━━━━━━━━━━━━━━━━╇━━━━━━━┩
│ train/skipped_empty_batch │ 1     │
└───────────────────────────┴───────┘
tinker_cookbook.utils.ml_log:192 [INFO] Wrote metrics to logs/sweep-rollouts/llama-rlct-nr128/metrics.jsonl
tinker_cookbook.utils.ml_log:265 [INFO] 
              Step 116               
┏━━━━━━━━━━━━━━━━━━━━━━━━━━━┳━━━━━━━┓
┃ Metric                    ┃ Value ┃
┡━━━━━━━━━━━━━━━━━━━━━━━━━━━╇━━━━━━━┩
│ train/skipped_empty_batch │ 1     │
└───────────────────────────┴───────┘
tinker_cookbook.utils.ml_log:192 [INFO] Wrote metrics to logs/sweep-rollouts/llama-rlct-nr128/metrics.jsonl
tinker_cookbook.utils.ml_log:265 [INFO] 
                         Step 117                         
┏━━━━━━━━━━━━━━━━━━━━━━━━━━━━━━━━━━━━━━━┳━━━━━━━━━━━━━━━━┓
┃ Metric                                ┃ Value          ┃
┡━━━━━━━━━━━━━━━━━━━━━━━━━━━━━━━━━━━━━━━╇━━━━━━━━━━━━━━━━┩
│ optim/entropy                         │ 0.783053       │
│ optim/kl_sample_train_v1              │ 0.001106       │
│ optim/kl_sample_train_v2              │ 0.000589       │
│ train/advantage_abs_mean              │ 0.780625       │
│ train/anchor_reward_mean              │ 0.000000       │
│ train/anchor_reward_std               │ 0.000000       │
│ train/avg_response_length             │ 335.187500     │
│ train/consistency_gap_1               │ -0.021639      │
│ train/consistency_reward_mean         │ -0.001461      │
│ train/consistency_reward_std          │ 0.008446       │
│ train/epoch                           │ 0              │
│ train/kl_policy_base                  │ 0.153100       │
│ train/n_anchor_rollouts               │ 0              │
│ train/n_consistency_rollouts          │ 16             │
│ train/n_ref_parsed                    │ 122            │
│ train/n_training_parsed               │ 125            │
│ train/p_hat_1                         │ 0.880000       │
│ train/p_ref                           │ 0.901639       │
│ train/parse_rate                      │ 0.964844       │
│ train/rate_var                        │ 0.000117       │
│ train/reward_pert1_trait0_count       │ 3              │
│ train/reward_pert1_trait0_mean        │ -0.019043      │
│ train/reward_pert1_trait1_count       │ 13             │
│ train/reward_pert1_trait1_mean        │ 0.002597       │
│ train/train/clock_cycle:unique        │ 1605797.000000 │
│ train/train/loss:sum                  │ 440.650620     │
│ train/train/ppo_clipped_fraction:mean │ 0.188339       │
│ train/train/ppo_kl_div:mean           │ 0.807707       │
│ train/train/ppo_mean_ratio:mean       │ 0.841340       │
└───────────────────────────────────────┴────────────────┘
tinker_cookbook.utils.ml_log:192 [INFO] Wrote metrics to logs/sweep-rollouts/llama-rlct-nr128/metrics.jsonl
tinker_cookbook.utils.ml_log:265 [INFO] 
                         Step 118                         
┏━━━━━━━━━━━━━━━━━━━━━━━━━━━━━━━━━━━━━━━┳━━━━━━━━━━━━━━━━┓
┃ Metric                                ┃ Value          ┃
┡━━━━━━━━━━━━━━━━━━━━━━━━━━━━━━━━━━━━━━━╇━━━━━━━━━━━━━━━━┩
│ optim/entropy                         │ 0.530915       │
│ optim/kl_sample_train_v1              │ 0.001111       │
│ optim/kl_sample_train_v2              │ 0.000468       │
│ train/advantage_abs_mean              │ 0.968246       │
│ train/anchor_reward_mean              │ 0.000000       │
│ train/anchor_reward_std               │ 0.000000       │
│ train/avg_response_length             │ 456.375000     │
│ train/consistency_gap_1               │ 0.130647       │
│ train/consistency_reward_mean         │ -0.006883      │
│ train/consistency_reward_std          │ 0.063249       │
│ train/epoch                           │ 0              │
│ train/kl_policy_base                  │ 0.115180       │
│ train/n_anchor_rollouts               │ 0              │
│ train/n_consistency_rollouts          │ 16             │
│ train/n_ref_parsed                    │ 120            │
│ train/n_training_parsed               │ 121            │
│ train/p_hat_1                         │ 0.322314       │
│ train/p_ref                           │ 0.191667       │
│ train/parse_rate                      │ 0.941406       │
│ train/rate_var                        │ 0.004267       │
│ train/reward_pert1_trait0_count       │ 10             │
│ train/reward_pert1_trait0_mean        │ 0.042109       │
│ train/reward_pert1_trait1_count       │ 6              │
│ train/reward_pert1_trait1_mean        │ -0.088538      │
│ train/train/clock_cycle:unique        │ 1605825.000000 │
│ train/train/loss:sum                  │ -62.039345     │
│ train/train/ppo_clipped_fraction:mean │ 0.156911       │
│ train/train/ppo_kl_div:mean           │ 0.557937       │
│ train/train/ppo_mean_ratio:mean       │ 0.873453       │
└───────────────────────────────────────┴────────────────┘
tinker_cookbook.utils.ml_log:192 [INFO] Wrote metrics to logs/sweep-rollouts/llama-rlct-nr128/metrics.jsonl
tinker_cookbook.utils.ml_log:265 [INFO] 
                         Step 119                         
┏━━━━━━━━━━━━━━━━━━━━━━━━━━━━━━━━━━━━━━━┳━━━━━━━━━━━━━━━━┓
┃ Metric                                ┃ Value          ┃
┡━━━━━━━━━━━━━━━━━━━━━━━━━━━━━━━━━━━━━━━╇━━━━━━━━━━━━━━━━┩
│ optim/entropy                         │ 0.800484       │
│ optim/kl_sample_train_v1              │ 0.001604       │
│ optim/kl_sample_train_v2              │ 0.000691       │
│ train/advantage_abs_mean              │ 0.484123       │
│ train/anchor_reward_mean              │ 0.000000       │
│ train/anchor_reward_std               │ 0.000000       │
│ train/avg_response_length             │ 412.937500     │
│ train/consistency_gap_1               │ 0.065041       │
│ train/consistency_reward_mean         │ 0.005453       │
│ train/consistency_reward_std          │ 0.015744       │
│ train/epoch                           │ 0              │
│ train/kl_policy_base                  │ 0.147763       │
│ train/n_anchor_rollouts               │ 0              │
│ train/n_consistency_rollouts          │ 16             │
│ train/n_ref_parsed                    │ 123            │
│ train/n_training_parsed               │ 123            │
│ train/p_hat_1                         │ 0.146341       │
│ train/p_ref                           │ 0.081301       │
│ train/parse_rate                      │ 0.960938       │
│ train/rate_var                        │ 0.001058       │
│ train/reward_pert1_trait0_count       │ 15             │
│ train/reward_pert1_trait0_mean        │ 0.009518       │
│ train/reward_pert1_trait1_count       │ 1              │
│ train/reward_pert1_trait1_mean        │ -0.055523      │
│ train/train/clock_cycle:unique        │ 1605864.000000 │
│ train/train/loss:sum                  │ 551.236145     │
│ train/train/ppo_clipped_fraction:mean │ 0.359442       │
│ train/train/ppo_kl_div:mean           │ 1.069938       │
│ train/train/ppo_mean_ratio:mean       │ 0.720312       │
└───────────────────────────────────────┴────────────────┘
tinker_cookbook.utils.ml_log:192 [INFO] Wrote metrics to logs/sweep-rollouts/llama-rlct-nr128/metrics.jsonl
tinker_cookbook.utils.ml_log:265 [INFO] 
              Step 120               
┏━━━━━━━━━━━━━━━━━━━━━━━━━━━┳━━━━━━━┓
┃ Metric                    ┃ Value ┃
┡━━━━━━━━━━━━━━━━━━━━━━━━━━━╇━━━━━━━┩
│ train/skipped_empty_batch │ 1     │
└───────────────────────────┴───────┘
tinker_cookbook.utils.ml_log:192 [INFO] Wrote metrics to logs/sweep-rollouts/llama-rlct-nr128/metrics.jsonl
tinker_cookbook.utils.ml_log:265 [INFO] 
              Step 121               
┏━━━━━━━━━━━━━━━━━━━━━━━━━━━┳━━━━━━━┓
┃ Metric                    ┃ Value ┃
┡━━━━━━━━━━━━━━━━━━━━━━━━━━━╇━━━━━━━┩
│ train/skipped_empty_batch │ 1     │
└───────────────────────────┴───────┘
tinker_cookbook.utils.ml_log:192 [INFO] Wrote metrics to logs/sweep-rollouts/llama-rlct-nr128/metrics.jsonl
tinker_cookbook.utils.ml_log:265 [INFO] 
              Step 122               
┏━━━━━━━━━━━━━━━━━━━━━━━━━━━┳━━━━━━━┓
┃ Metric                    ┃ Value ┃
┡━━━━━━━━━━━━━━━━━━━━━━━━━━━╇━━━━━━━┩
│ train/skipped_empty_batch │ 1     │
└───────────────────────────┴───────┘
tinker_cookbook.utils.ml_log:192 [INFO] Wrote metrics to logs/sweep-rollouts/llama-rlct-nr128/metrics.jsonl
tinker_cookbook.utils.ml_log:265 [INFO] 
              Step 123               
┏━━━━━━━━━━━━━━━━━━━━━━━━━━━┳━━━━━━━┓
┃ Metric                    ┃ Value ┃
┡━━━━━━━━━━━━━━━━━━━━━━━━━━━╇━━━━━━━┩
│ train/skipped_empty_batch │ 1     │
└───────────────────────────┴───────┘
tinker_cookbook.utils.ml_log:192 [INFO] Wrote metrics to logs/sweep-rollouts/llama-rlct-nr128/metrics.jsonl
tinker_cookbook.utils.ml_log:265 [INFO] 
                         Step 124                         
┏━━━━━━━━━━━━━━━━━━━━━━━━━━━━━━━━━━━━━━━┳━━━━━━━━━━━━━━━━┓
┃ Metric                                ┃ Value          ┃
┡━━━━━━━━━━━━━━━━━━━━━━━━━━━━━━━━━━━━━━━╇━━━━━━━━━━━━━━━━┩
│ optim/entropy                         │ 0.957619       │
│ optim/kl_sample_train_v1              │ 0.000621       │
│ optim/kl_sample_train_v2              │ 0.000595       │
│ train/advantage_abs_mean              │ 0.484123       │
│ train/anchor_reward_mean              │ 0.000000       │
│ train/anchor_reward_std               │ 0.000000       │
│ train/avg_response_length             │ 267.437500     │
│ train/consistency_gap_1               │ -0.008185      │
│ train/consistency_reward_mean         │ -0.000317      │
│ train/consistency_reward_std          │ 0.001981       │
│ train/epoch                           │ 0              │
│ train/kl_policy_base                  │ 0.135886       │
│ train/n_anchor_rollouts               │ 0              │
│ train/n_consistency_rollouts          │ 16             │
│ train/n_ref_parsed                    │ 128            │
│ train/n_training_parsed               │ 126            │
│ train/p_hat_1                         │ 0.976190       │
│ train/p_ref                           │ 0.984375       │
│ train/parse_rate                      │ 0.992188       │
│ train/rate_var                        │ 0.000017       │
│ train/reward_pert1_trait0_count       │ 1              │
│ train/reward_pert1_trait0_mean        │ -0.007990      │
│ train/reward_pert1_trait1_count       │ 15             │
│ train/reward_pert1_trait1_mean        │ 0.000195       │
│ train/train/clock_cycle:unique        │ 1605946.000000 │
│ train/train/loss:sum                  │ 91.063438      │
│ train/train/ppo_clipped_fraction:mean │ 0.224030       │
│ train/train/ppo_kl_div:mean           │ 0.961086       │
│ train/train/ppo_mean_ratio:mean       │ 0.808007       │
└───────────────────────────────────────┴────────────────┘
tinker_cookbook.utils.ml_log:192 [INFO] Wrote metrics to logs/sweep-rollouts/llama-rlct-nr128/metrics.jsonl
tinker_cookbook.utils.ml_log:265 [INFO] 
                         Step 125                         
┏━━━━━━━━━━━━━━━━━━━━━━━━━━━━━━━━━━━━━━━┳━━━━━━━━━━━━━━━━┓
┃ Metric                                ┃ Value          ┃
┡━━━━━━━━━━━━━━━━━━━━━━━━━━━━━━━━━━━━━━━╇━━━━━━━━━━━━━━━━┩
│ optim/entropy                         │ 0.785065       │
│ optim/kl_sample_train_v1              │ 0.000889       │
│ optim/kl_sample_train_v2              │ 0.000616       │
│ train/advantage_abs_mean              │ 0.992157       │
│ train/anchor_reward_mean              │ 0.000000       │
│ train/anchor_reward_std               │ 0.000000       │
│ train/avg_response_length             │ 274.812500     │
│ train/consistency_gap_1               │ -0.015501      │
│ train/consistency_reward_mean         │ 0.001332       │
│ train/consistency_reward_std          │ 0.007690       │
│ train/epoch                           │ 0              │
│ train/kl_policy_base                  │ 0.169524       │
│ train/n_anchor_rollouts               │ 0              │
│ train/n_consistency_rollouts          │ 16             │
│ train/n_ref_parsed                    │ 126            │
│ train/n_training_parsed               │ 128            │
│ train/p_hat_1                         │ 0.476562       │
│ train/p_ref                           │ 0.492063       │
│ train/parse_rate                      │ 0.992188       │
│ train/rate_var                        │ 0.000060       │
│ train/reward_pert1_trait0_count       │ 7              │
│ train/reward_pert1_trait0_mean        │ -0.007387      │
│ train/reward_pert1_trait1_count       │ 9              │
│ train/reward_pert1_trait1_mean        │ 0.008114       │
│ train/train/clock_cycle:unique        │ 1605984.000000 │
│ train/train/loss:sum                  │ -271.410904    │
│ train/train/ppo_clipped_fraction:mean │ 0.209785       │
│ train/train/ppo_kl_div:mean           │ 0.764953       │
│ train/train/ppo_mean_ratio:mean       │ 0.822496       │
└───────────────────────────────────────┴────────────────┘
tinker_cookbook.utils.ml_log:192 [INFO] Wrote metrics to logs/sweep-rollouts/llama-rlct-nr128/metrics.jsonl
tinker_cookbook.utils.ml_log:265 [INFO] 
                         Step 126                         
┏━━━━━━━━━━━━━━━━━━━━━━━━━━━━━━━━━━━━━━━┳━━━━━━━━━━━━━━━━┓
┃ Metric                                ┃ Value          ┃
┡━━━━━━━━━━━━━━━━━━━━━━━━━━━━━━━━━━━━━━━╇━━━━━━━━━━━━━━━━┩
│ optim/entropy                         │ 0.703562       │
│ optim/kl_sample_train_v1              │ -0.000027      │
│ optim/kl_sample_train_v2              │ 0.000505       │
│ train/advantage_abs_mean              │ 0.866025       │
│ train/anchor_reward_mean              │ 0.000000       │
│ train/anchor_reward_std               │ 0.000000       │
│ train/avg_response_length             │ 258.750000     │
│ train/consistency_gap_1               │ 0.041749       │
│ train/consistency_reward_mean         │ 0.000470       │
│ train/consistency_reward_std          │ 0.018078       │
│ train/epoch                           │ 0              │
│ train/kl_policy_base                  │ 0.162055       │
│ train/n_anchor_rollouts               │ 0              │
│ train/n_consistency_rollouts          │ 16             │
│ train/n_ref_parsed                    │ 123            │
│ train/n_training_parsed               │ 111            │
│ train/p_hat_1                         │ 0.261261       │
│ train/p_ref                           │ 0.219512       │
│ train/parse_rate                      │ 0.914062       │
│ train/rate_var                        │ 0.000436       │
│ train/reward_pert1_trait0_count       │ 12             │
│ train/reward_pert1_trait0_mean        │ 0.010907       │
│ train/reward_pert1_trait1_count       │ 4              │
│ train/reward_pert1_trait1_mean        │ -0.030842      │
│ train/train/clock_cycle:unique        │ 1606014.000000 │
│ train/train/loss:sum                  │ 527.535202     │
│ train/train/ppo_clipped_fraction:mean │ 0.299191       │
│ train/train/ppo_kl_div:mean           │ 1.118477       │
│ train/train/ppo_mean_ratio:mean       │ 0.754454       │
└───────────────────────────────────────┴────────────────┘
tinker_cookbook.utils.ml_log:192 [INFO] Wrote metrics to logs/sweep-rollouts/llama-rlct-nr128/metrics.jsonl
tinker_cookbook.utils.ml_log:265 [INFO] 
              Step 127               
┏━━━━━━━━━━━━━━━━━━━━━━━━━━━┳━━━━━━━┓
┃ Metric                    ┃ Value ┃
┡━━━━━━━━━━━━━━━━━━━━━━━━━━━╇━━━━━━━┩
│ train/skipped_empty_batch │ 1     │
└───────────────────────────┴───────┘
tinker_cookbook.utils.ml_log:192 [INFO] Wrote metrics to logs/sweep-rollouts/llama-rlct-nr128/metrics.jsonl
tinker_cookbook.utils.ml_log:265 [INFO] 
              Step 128               
┏━━━━━━━━━━━━━━━━━━━━━━━━━━━┳━━━━━━━┓
┃ Metric                    ┃ Value ┃
┡━━━━━━━━━━━━━━━━━━━━━━━━━━━╇━━━━━━━┩
│ train/skipped_empty_batch │ 1     │
└───────────────────────────┴───────┘
tinker_cookbook.checkpoint_utils:461 [INFO] Saved checkpoints: {'sampler_path': 'tinker://2b36e8ed-ed86-54d3-aa3d-9fa70ebab7a3:train:0/sampler_weights/sweep-rollouts_llama-rlct-nr128'}
tinker_cookbook.utils.ml_log:192 [INFO] Wrote metrics to logs/sweep-rollouts/llama-rlct-nr128/metrics.jsonl
tinker_cookbook.utils.ml_log:265 [INFO] 
                                    Step 128                                    
┏━━━━━━━━━━━━━━━━━━━━━━┳━━━━━━━━━━━━━━━━━━━━━━━━━━━━━━━━━━━━━━━━━━━━━━━━━━━━━━━┓
┃ Metric               ┃ Value                                                 ┃
┡━━━━━━━━━━━━━━━━━━━━━━╇━━━━━━━━━━━━━━━━━━━━━━━━━━━━━━━━━━━━━━━━━━━━━━━━━━━━━━━┩
│ final_checkpoint     │ tinker://2b36e8ed-ed86-54d3-aa3d-9fa70ebab7a3:train:… │
└──────────────────────┴───────────────────────────────────────────────────────┘
tinker_cookbook.utils.ml_log:265 [INFO] 
Configuration:
  final_checkpoint: 
'tinker://2b36e8ed-ed86-54d3-aa3d-9fa70ebab7a3:train:0/sampler_weights/sweep-rol
louts_llama-rlct-nr128'
  all_checkpoints: 
['tinker://2b36e8ed-ed86-54d3-aa3d-9fa70ebab7a3:train:0/sampler_weights/sweep-ro
llouts_llama-rlct-nr128_step64', 
'tinker://2b36e8ed-ed86-54d3-aa3d-9fa70ebab7a3:train:0/sampler_weights/sweep-rol
louts_llama-rlct-nr128']
