root:654 [INFO] Command line invocation: scripts/tinker_training/train_rl.py --model meta-llama/Llama-3.1-8B-Instruct --experiment-name sweep-refresh-every --run-name llama-rlct-re1 --bias-types suggested_answer --datasets mmlu --n-datapoints 128 --lora-rank 8 --kl-coef 0.05 --anchor-weight 0.5 --loss-fn ppo --n-ref-rollouts 64 --n-train-rollouts 64 --n-consistency-rollouts 16 --batch-size 1 --refresh-every 1 --checkpoint-every 64 -y
tinker_cookbook.utils.ml_log:592 [INFO] Logging to: logs/sweep-refresh-every/llama-rlct-re1
tinker_cookbook.utils.ml_log:265 [INFO] 
Configuration:
  git: {'git_sha': '805c2833db224d35988f5e2311dd9512bd71fdca', 'git_branch': 
'reasoning-history-last-fix', 'git_dirty': True, 'git_dirt ...     "hatch": 
"//",\n+      "edgecolor": "black",\n+      "training_biases": []\n     }\n   
}\n }\n\\ No newline at end of file'}
tinker_cookbook.utils.ml_log:265 [INFO] 
Configuration:
  n_datapoints: 128
  total_steps: 128
  n_perturbations: 2
  base_lr: 0.0002856415043086949
tinker_cookbook.utils.ml_log:192 [INFO] Wrote metrics to logs/sweep-refresh-every/llama-rlct-re1/metrics.jsonl
tinker_cookbook.utils.ml_log:265 [INFO] 
               Step 1                
┏━━━━━━━━━━━━━━━━━━━━━━━━━━━┳━━━━━━━┓
┃ Metric                    ┃ Value ┃
┡━━━━━━━━━━━━━━━━━━━━━━━━━━━╇━━━━━━━┩
│ train/skipped_empty_batch │ 1     │
└───────────────────────────┴───────┘
tinker_cookbook.utils.ml_log:192 [INFO] Wrote metrics to logs/sweep-refresh-every/llama-rlct-re1/metrics.jsonl
tinker_cookbook.utils.ml_log:265 [INFO] 
               Step 2                
┏━━━━━━━━━━━━━━━━━━━━━━━━━━━┳━━━━━━━┓
┃ Metric                    ┃ Value ┃
┡━━━━━━━━━━━━━━━━━━━━━━━━━━━╇━━━━━━━┩
│ train/skipped_empty_batch │ 1     │
└───────────────────────────┴───────┘
tinker_cookbook.utils.ml_log:192 [INFO] Wrote metrics to logs/sweep-refresh-every/llama-rlct-re1/metrics.jsonl
tinker_cookbook.utils.ml_log:265 [INFO] 
               Step 3                
┏━━━━━━━━━━━━━━━━━━━━━━━━━━━┳━━━━━━━┓
┃ Metric                    ┃ Value ┃
┡━━━━━━━━━━━━━━━━━━━━━━━━━━━╇━━━━━━━┩
│ train/skipped_empty_batch │ 1     │
└───────────────────────────┴───────┘
tinker_cookbook.utils.ml_log:192 [INFO] Wrote metrics to logs/sweep-refresh-every/llama-rlct-re1/metrics.jsonl
tinker_cookbook.utils.ml_log:265 [INFO] 
                          Step 4                          
┏━━━━━━━━━━━━━━━━━━━━━━━━━━━━━━━━━━━━━━━┳━━━━━━━━━━━━━━━━┓
┃ Metric                                ┃ Value          ┃
┡━━━━━━━━━━━━━━━━━━━━━━━━━━━━━━━━━━━━━━━╇━━━━━━━━━━━━━━━━┩
│ optim/entropy                         │ 0.753047       │
│ optim/kl_sample_train_v1              │ 0.000647       │
│ optim/kl_sample_train_v2              │ 0.000679       │
│ train/advantage_abs_mean              │ 0.302741       │
│ train/anchor_reward_mean              │ -0.000000      │
│ train/anchor_reward_std               │ 0.012899       │
│ train/avg_response_length             │ 242.974684     │
│ train/consistency_gap_1               │ 0.825397       │
│ train/consistency_reward_mean         │ 0.000000       │
│ train/consistency_reward_std          │ 0.000000       │
│ train/epoch                           │ 0              │
│ train/kl_policy_base                  │ 0.000676       │
│ train/n_anchor_rollouts               │ 63             │
│ train/n_consistency_rollouts          │ 16             │
│ train/n_ref_parsed                    │ 63             │
│ train/n_training_parsed               │ 63             │
│ train/p_hat_1                         │ 1.000000       │
│ train/p_ref                           │ 0.174603       │
│ train/p_ref_drift                     │ 0.033978       │
│ train/p_ref_init                      │ 0.140625       │
│ train/parse_rate                      │ 0.984375       │
│ train/rate_var                        │ 0.170320       │
│ train/reward_pert0_trait0_count       │ 52             │
│ train/reward_pert0_trait0_mean        │ 0.005933       │
│ train/reward_pert0_trait1_count       │ 11             │
│ train/reward_pert0_trait1_mean        │ -0.028045      │
│ train/reward_pert1_trait1_count       │ 16             │
│ train/reward_pert1_trait1_mean        │ 0.000000       │
│ train/train/clock_cycle:unique        │ 1644468.000000 │
│ train/train/loss:sum                  │ -238.128489    │
│ train/train/ppo_clipped_fraction:mean │ 0.278554       │
│ train/train/ppo_kl_div:mean           │ 1.211800       │
│ train/train/ppo_mean_ratio:mean       │ 0.764453       │
└───────────────────────────────────────┴────────────────┘
tinker_cookbook.utils.ml_log:192 [INFO] Wrote metrics to logs/sweep-refresh-every/llama-rlct-re1/metrics.jsonl
tinker_cookbook.utils.ml_log:265 [INFO] 
                          Step 5                          
┏━━━━━━━━━━━━━━━━━━━━━━━━━━━━━━━━━━━━━━━┳━━━━━━━━━━━━━━━━┓
┃ Metric                                ┃ Value          ┃
┡━━━━━━━━━━━━━━━━━━━━━━━━━━━━━━━━━━━━━━━╇━━━━━━━━━━━━━━━━┩
│ optim/entropy                         │ 2.723627       │
│ optim/kl_sample_train_v1              │ 0.000271       │
│ optim/kl_sample_train_v2              │ 0.000652       │
│ train/advantage_abs_mean              │ 0.350310       │
│ train/anchor_reward_mean              │ 0.000000       │
│ train/anchor_reward_std               │ 0.008590       │
│ train/avg_response_length             │ 422.135135     │
│ train/consistency_gap_1               │ 0.244612       │
│ train/consistency_reward_mean         │ -0.007644      │
│ train/consistency_reward_std          │ 0.000000       │
│ train/epoch                           │ 0              │
│ train/kl_policy_base                  │ 0.001583       │
│ train/n_anchor_rollouts               │ 58             │
│ train/n_consistency_rollouts          │ 16             │
│ train/n_ref_parsed                    │ 58             │
│ train/n_training_parsed               │ 64             │
│ train/p_hat_1                         │ 0.968750       │
│ train/p_ref                           │ 0.724138       │
│ train/p_ref_drift                     │ 0.019220       │
│ train/p_ref_init                      │ 0.704918       │
│ train/parse_rate                      │ 0.953125       │
│ train/rate_var                        │ 0.014959       │
│ train/reward_pert0_trait0_count       │ 16             │
│ train/reward_pert0_trait0_mean        │ 0.013918       │
│ train/reward_pert0_trait1_count       │ 42             │
│ train/reward_pert0_trait1_mean        │ -0.005302      │
│ train/reward_pert1_trait1_count       │ 16             │
│ train/reward_pert1_trait1_mean        │ -0.007644      │
│ train/train/clock_cycle:unique        │ 1644477.000000 │
│ train/train/loss:sum                  │ -3694.343399   │
│ train/train/ppo_clipped_fraction:mean │ 0.168911       │
│ train/train/ppo_kl_div:mean           │ 0.716653       │
│ train/train/ppo_mean_ratio:mean       │ 0.863618       │
└───────────────────────────────────────┴────────────────┘
tinker_cookbook.utils.ml_log:192 [INFO] Wrote metrics to logs/sweep-refresh-every/llama-rlct-re1/metrics.jsonl
tinker_cookbook.utils.ml_log:265 [INFO] 
               Step 6                
┏━━━━━━━━━━━━━━━━━━━━━━━━━━━┳━━━━━━━┓
┃ Metric                    ┃ Value ┃
┡━━━━━━━━━━━━━━━━━━━━━━━━━━━╇━━━━━━━┩
│ train/skipped_empty_batch │ 1     │
└───────────────────────────┴───────┘
tinker_cookbook.utils.ml_log:192 [INFO] Wrote metrics to logs/sweep-refresh-every/llama-rlct-re1/metrics.jsonl
tinker_cookbook.utils.ml_log:265 [INFO] 
               Step 7                
┏━━━━━━━━━━━━━━━━━━━━━━━━━━━┳━━━━━━━┓
┃ Metric                    ┃ Value ┃
┡━━━━━━━━━━━━━━━━━━━━━━━━━━━╇━━━━━━━┩
│ train/skipped_empty_batch │ 1     │
└───────────────────────────┴───────┘
tinker_cookbook.utils.ml_log:192 [INFO] Wrote metrics to logs/sweep-refresh-every/llama-rlct-re1/metrics.jsonl
tinker_cookbook.utils.ml_log:265 [INFO] 
               Step 8                
┏━━━━━━━━━━━━━━━━━━━━━━━━━━━┳━━━━━━━┓
┃ Metric                    ┃ Value ┃
┡━━━━━━━━━━━━━━━━━━━━━━━━━━━╇━━━━━━━┩
│ train/skipped_empty_batch │ 1     │
└───────────────────────────┴───────┘
tinker_cookbook.utils.ml_log:192 [INFO] Wrote metrics to logs/sweep-refresh-every/llama-rlct-re1/metrics.jsonl
tinker_cookbook.utils.ml_log:265 [INFO] 
                          Step 9                          
┏━━━━━━━━━━━━━━━━━━━━━━━━━━━━━━━━━━━━━━━┳━━━━━━━━━━━━━━━━┓
┃ Metric                                ┃ Value          ┃
┡━━━━━━━━━━━━━━━━━━━━━━━━━━━━━━━━━━━━━━━╇━━━━━━━━━━━━━━━━┩
│ optim/entropy                         │ 3.067862       │
│ optim/kl_sample_train_v1              │ 0.000749       │
│ optim/kl_sample_train_v2              │ 0.000718       │
│ train/advantage_abs_mean              │ 0.184810       │
│ train/anchor_reward_mean              │ 0.000000       │
│ train/anchor_reward_std               │ 0.004727       │
│ train/avg_response_length             │ 565.293333     │
│ train/consistency_gap_1               │ 0.255778       │
│ train/consistency_reward_mean         │ 0.021799       │
│ train/consistency_reward_std          │ 0.099833       │
│ train/epoch                           │ 0              │
│ train/kl_policy_base                  │ 0.003429       │
│ train/n_anchor_rollouts               │ 59             │
│ train/n_consistency_rollouts          │ 16             │
│ train/n_ref_parsed                    │ 59             │
│ train/n_training_parsed               │ 55             │
│ train/p_hat_1                         │ 0.272727       │
│ train/p_ref                           │ 0.016949       │
│ train/p_ref_drift                     │ -0.036622      │
│ train/p_ref_init                      │ 0.053571       │
│ train/parse_rate                      │ 0.890625       │
│ train/rate_var                        │ 0.016356       │
│ train/reward_pert0_trait0_count       │ 58             │
│ train/reward_pert0_trait0_mean        │ -0.000621      │
│ train/reward_pert0_trait1_count       │ 1              │
│ train/reward_pert0_trait1_mean        │ 0.036002       │
│ train/reward_pert1_trait0_count       │ 13             │
│ train/reward_pert1_trait0_mean        │ 0.069758       │
│ train/reward_pert1_trait1_count       │ 3              │
│ train/reward_pert1_trait1_mean        │ -0.186020      │
│ train/train/clock_cycle:unique        │ 1644494.000000 │
│ train/train/loss:sum                  │ 1026.184961    │
│ train/train/ppo_clipped_fraction:mean │ 0.229648       │
│ train/train/ppo_kl_div:mean           │ 0.703970       │
│ train/train/ppo_mean_ratio:mean       │ 0.820737       │
└───────────────────────────────────────┴────────────────┘
tinker_cookbook.utils.ml_log:192 [INFO] Wrote metrics to logs/sweep-refresh-every/llama-rlct-re1/metrics.jsonl
tinker_cookbook.utils.ml_log:265 [INFO] 
                         Step 10                          
┏━━━━━━━━━━━━━━━━━━━━━━━━━━━━━━━━━━━━━━━┳━━━━━━━━━━━━━━━━┓
┃ Metric                                ┃ Value          ┃
┡━━━━━━━━━━━━━━━━━━━━━━━━━━━━━━━━━━━━━━━╇━━━━━━━━━━━━━━━━┩
│ optim/entropy                         │ 0.594297       │
│ optim/kl_sample_train_v1              │ 0.000708       │
│ optim/kl_sample_train_v2              │ 0.000486       │
│ train/advantage_abs_mean              │ 0.467262       │
│ train/anchor_reward_mean              │ -0.000000      │
│ train/anchor_reward_std               │ 0.058279       │
│ train/avg_response_length             │ 353.594937     │
│ train/consistency_gap_1               │ 0.067212       │
│ train/consistency_reward_mean         │ 0.017853       │
│ train/consistency_reward_std          │ 0.033606       │
│ train/epoch                           │ 0              │
│ train/kl_policy_base                  │ 0.005891       │
│ train/n_anchor_rollouts               │ 63             │
│ train/n_consistency_rollouts          │ 16             │
│ train/n_ref_parsed                    │ 63             │
│ train/n_training_parsed               │ 64             │
│ train/p_hat_1                         │ 0.765625       │
│ train/p_ref                           │ 0.698413       │
│ train/p_ref_drift                     │ 0.126984       │
│ train/p_ref_init                      │ 0.571429       │
│ train/parse_rate                      │ 0.992188       │
│ train/rate_var                        │ 0.001129       │
│ train/reward_pert0_trait0_count       │ 19             │
│ train/reward_pert0_trait0_mean        │ 0.088687       │
│ train/reward_pert0_trait1_count       │ 44             │
│ train/reward_pert0_trait1_mean        │ -0.038297      │
│ train/reward_pert1_trait0_count       │ 8              │
│ train/reward_pert1_trait0_mean        │ 0.051459       │
│ train/reward_pert1_trait1_count       │ 8              │
│ train/reward_pert1_trait1_mean        │ -0.015753      │
│ train/train/clock_cycle:unique        │ 1644501.000000 │
│ train/train/loss:sum                  │ -9.296670      │
│ train/train/ppo_clipped_fraction:mean │ 0.168906       │
│ train/train/ppo_kl_div:mean           │ 0.715060       │
│ train/train/ppo_mean_ratio:mean       │ 0.853336       │
└───────────────────────────────────────┴────────────────┘
tinker_cookbook.utils.ml_log:192 [INFO] Wrote metrics to logs/sweep-refresh-every/llama-rlct-re1/metrics.jsonl
tinker_cookbook.utils.ml_log:265 [INFO] 
               Step 11               
┏━━━━━━━━━━━━━━━━━━━━━━━━━━━┳━━━━━━━┓
┃ Metric                    ┃ Value ┃
┡━━━━━━━━━━━━━━━━━━━━━━━━━━━╇━━━━━━━┩
│ train/skipped_empty_batch │ 1     │
└───────────────────────────┴───────┘
tinker_cookbook.utils.ml_log:192 [INFO] Wrote metrics to logs/sweep-refresh-every/llama-rlct-re1/metrics.jsonl
tinker_cookbook.utils.ml_log:265 [INFO] 
               Step 12               
┏━━━━━━━━━━━━━━━━━━━━━━━━━━━┳━━━━━━━┓
┃ Metric                    ┃ Value ┃
┡━━━━━━━━━━━━━━━━━━━━━━━━━━━╇━━━━━━━┩
│ train/skipped_empty_batch │ 1     │
└───────────────────────────┴───────┘
tinker_cookbook.utils.ml_log:192 [INFO] Wrote metrics to logs/sweep-refresh-every/llama-rlct-re1/metrics.jsonl
tinker_cookbook.utils.ml_log:265 [INFO] 
               Step 13               
┏━━━━━━━━━━━━━━━━━━━━━━━━━━━┳━━━━━━━┓
┃ Metric                    ┃ Value ┃
┡━━━━━━━━━━━━━━━━━━━━━━━━━━━╇━━━━━━━┩
│ train/skipped_empty_batch │ 1     │
└───────────────────────────┴───────┘
tinker_cookbook.utils.ml_log:192 [INFO] Wrote metrics to logs/sweep-refresh-every/llama-rlct-re1/metrics.jsonl
tinker_cookbook.utils.ml_log:265 [INFO] 
               Step 14               
┏━━━━━━━━━━━━━━━━━━━━━━━━━━━┳━━━━━━━┓
┃ Metric                    ┃ Value ┃
┡━━━━━━━━━━━━━━━━━━━━━━━━━━━╇━━━━━━━┩
│ train/skipped_empty_batch │ 1     │
└───────────────────────────┴───────┘
tinker_cookbook.utils.ml_log:192 [INFO] Wrote metrics to logs/sweep-refresh-every/llama-rlct-re1/metrics.jsonl
tinker_cookbook.utils.ml_log:265 [INFO] 
                         Step 15                          
┏━━━━━━━━━━━━━━━━━━━━━━━━━━━━━━━━━━━━━━━┳━━━━━━━━━━━━━━━━┓
┃ Metric                                ┃ Value          ┃
┡━━━━━━━━━━━━━━━━━━━━━━━━━━━━━━━━━━━━━━━╇━━━━━━━━━━━━━━━━┩
│ optim/entropy                         │ 1.092830       │
│ optim/kl_sample_train_v1              │ 0.000651       │
│ optim/kl_sample_train_v2              │ 0.000663       │
│ train/advantage_abs_mean              │ 0.398777       │
│ train/anchor_reward_mean              │ -0.000000      │
│ train/anchor_reward_std               │ 0.058620       │
│ train/avg_response_length             │ 356.129870     │
│ train/consistency_gap_1               │ 0.137295       │
│ train/consistency_reward_mean         │ -0.008581      │
│ train/consistency_reward_std          │ 0.033234       │
│ train/epoch                           │ 0              │
│ train/kl_policy_base                  │ 0.009165       │
│ train/n_anchor_rollouts               │ 61             │
│ train/n_consistency_rollouts          │ 16             │
│ train/n_ref_parsed                    │ 61             │
│ train/n_training_parsed               │ 64             │
│ train/p_hat_1                         │ 0.875000       │
│ train/p_ref                           │ 0.737705       │
│ train/p_ref_drift                     │ -0.133263      │
│ train/p_ref_init                      │ 0.870968       │
│ train/parse_rate                      │ 0.976562       │
│ train/rate_var                        │ 0.004712       │
│ train/reward_pert0_trait0_count       │ 16             │
│ train/reward_pert0_trait0_mean        │ -0.098309      │
│ train/reward_pert0_trait1_count       │ 45             │
│ train/reward_pert0_trait1_mean        │ 0.034954       │
│ train/reward_pert1_trait0_count       │ 1              │
│ train/reward_pert1_trait0_mean        │ 0.120133       │
│ train/reward_pert1_trait1_count       │ 15             │
│ train/reward_pert1_trait1_mean        │ -0.017162      │
│ train/train/clock_cycle:unique        │ 1644518.000000 │
│ train/train/loss:sum                  │ 1183.654465    │
│ train/train/ppo_clipped_fraction:mean │ 0.138288       │
│ train/train/ppo_kl_div:mean           │ 0.676838       │
│ train/train/ppo_mean_ratio:mean       │ 0.883770       │
└───────────────────────────────────────┴────────────────┘
tinker_cookbook.utils.ml_log:192 [INFO] Wrote metrics to logs/sweep-refresh-every/llama-rlct-re1/metrics.jsonl
tinker_cookbook.utils.ml_log:265 [INFO] 
                         Step 16                          
┏━━━━━━━━━━━━━━━━━━━━━━━━━━━━━━━━━━━━━━━┳━━━━━━━━━━━━━━━━┓
┃ Metric                                ┃ Value          ┃
┡━━━━━━━━━━━━━━━━━━━━━━━━━━━━━━━━━━━━━━━╇━━━━━━━━━━━━━━━━┩
│ optim/entropy                         │ 0.840447       │
│ optim/kl_sample_train_v1              │ 0.000556       │
│ optim/kl_sample_train_v2              │ 0.000649       │
│ train/advantage_abs_mean              │ 0.400185       │
│ train/anchor_reward_mean              │ -0.000000      │
│ train/anchor_reward_std               │ 0.020231       │
│ train/avg_response_length             │ 439.000000     │
│ train/consistency_gap_1               │ 0.610259       │
│ train/consistency_reward_mean         │ -0.023760      │
│ train/consistency_reward_std          │ 0.201824       │
│ train/epoch                           │ 0              │
│ train/kl_policy_base                  │ 0.016322       │
│ train/n_anchor_rollouts               │ 62             │
│ train/n_consistency_rollouts          │ 16             │
│ train/n_ref_parsed                    │ 62             │
│ train/n_training_parsed               │ 61             │
│ train/p_hat_1                         │ 0.836066       │
│ train/p_ref                           │ 0.225806       │
│ train/p_ref_drift                     │ -0.048387      │
│ train/p_ref_init                      │ 0.274194       │
│ train/parse_rate                      │ 0.960938       │
│ train/rate_var                        │ 0.093104       │
│ train/reward_pert0_trait0_count       │ 48             │
│ train/reward_pert0_trait0_mean        │ -0.010926      │
│ train/reward_pert0_trait1_count       │ 14             │
│ train/reward_pert0_trait1_mean        │ 0.037461       │
│ train/reward_pert1_trait0_count       │ 2              │
│ train/reward_pert1_trait0_mean        │ 0.510217       │
│ train/reward_pert1_trait1_count       │ 14             │
│ train/reward_pert1_trait1_mean        │ -0.100042      │
│ train/train/clock_cycle:unique        │ 1644524.000000 │
│ train/train/loss:sum                  │ 236.075720     │
│ train/train/ppo_clipped_fraction:mean │ 0.192762       │
│ train/train/ppo_kl_div:mean           │ 0.600334       │
│ train/train/ppo_mean_ratio:mean       │ 0.851253       │
└───────────────────────────────────────┴────────────────┘
tinker_cookbook.utils.ml_log:192 [INFO] Wrote metrics to logs/sweep-refresh-every/llama-rlct-re1/metrics.jsonl
tinker_cookbook.utils.ml_log:265 [INFO] 
                         Step 17                          
┏━━━━━━━━━━━━━━━━━━━━━━━━━━━━━━━━━━━━━━━┳━━━━━━━━━━━━━━━━┓
┃ Metric                                ┃ Value          ┃
┡━━━━━━━━━━━━━━━━━━━━━━━━━━━━━━━━━━━━━━━╇━━━━━━━━━━━━━━━━┩
│ optim/entropy                         │ 2.746255       │
│ optim/kl_sample_train_v1              │ 0.000411       │
│ optim/kl_sample_train_v2              │ 0.000490       │
│ train/advantage_abs_mean              │ 0.249405       │
│ train/anchor_reward_mean              │ -0.000000      │
│ train/anchor_reward_std               │ 0.003331       │
│ train/avg_response_length             │ 500.986667     │
│ train/consistency_gap_1               │ 0.018410       │
│ train/consistency_reward_mean         │ 0.000436       │
│ train/consistency_reward_std          │ 0.004456       │
│ train/epoch                           │ 0              │
│ train/kl_policy_base                  │ 0.011064       │
│ train/n_anchor_rollouts               │ 59             │
│ train/n_consistency_rollouts          │ 16             │
│ train/n_ref_parsed                    │ 59             │
│ train/n_training_parsed               │ 58             │
│ train/p_hat_1                         │ 0.086207       │
│ train/p_ref                           │ 0.067797       │
│ train/p_ref_drift                     │ 0.013251       │
│ train/p_ref_init                      │ 0.054545       │
│ train/parse_rate                      │ 0.914062       │
│ train/rate_var                        │ 0.000085       │
│ train/reward_pert0_trait0_count       │ 55             │
│ train/reward_pert0_trait0_mean        │ 0.000898       │
│ train/reward_pert0_trait1_count       │ 4              │
│ train/reward_pert0_trait1_mean        │ -0.012353      │
│ train/reward_pert1_trait0_count       │ 15             │
│ train/reward_pert1_trait0_mean        │ 0.001587       │
│ train/reward_pert1_trait1_count       │ 1              │
│ train/reward_pert1_trait1_mean        │ -0.016823      │
│ train/train/clock_cycle:unique        │ 1644538.000000 │
│ train/train/loss:sum                  │ -1260.132189   │
│ train/train/ppo_clipped_fraction:mean │ 0.121305       │
│ train/train/ppo_kl_div:mean           │ 0.484310       │
│ train/train/ppo_mean_ratio:mean       │ 0.899151       │
└───────────────────────────────────────┴────────────────┘
tinker_cookbook.utils.ml_log:192 [INFO] Wrote metrics to logs/sweep-refresh-every/llama-rlct-re1/metrics.jsonl
tinker_cookbook.utils.ml_log:265 [INFO] 
                         Step 18                          
┏━━━━━━━━━━━━━━━━━━━━━━━━━━━━━━━━━━━━━━━┳━━━━━━━━━━━━━━━━┓
┃ Metric                                ┃ Value          ┃
┡━━━━━━━━━━━━━━━━━━━━━━━━━━━━━━━━━━━━━━━╇━━━━━━━━━━━━━━━━┩
│ optim/entropy                         │ 1.004688       │
│ optim/kl_sample_train_v1              │ 0.000739       │
│ optim/kl_sample_train_v2              │ 0.000641       │
│ train/advantage_abs_mean              │ 0.099671       │
│ train/anchor_reward_mean              │ 0.000000       │
│ train/anchor_reward_std               │ 0.016196       │
│ train/avg_response_length             │ 389.848101     │
│ train/consistency_gap_1               │ 0.063492       │
│ train/consistency_reward_mean         │ 0.005039       │
│ train/consistency_reward_std          │ 0.000000       │
│ train/epoch                           │ 0              │
│ train/kl_policy_base                  │ 0.013408       │
│ train/n_anchor_rollouts               │ 63             │
│ train/n_consistency_rollouts          │ 16             │
│ train/n_ref_parsed                    │ 63             │
│ train/n_training_parsed               │ 63             │
│ train/p_hat_1                         │ 0.079365       │
│ train/p_ref                           │ 0.015873       │
│ train/p_ref_drift                     │ -0.129582      │
│ train/p_ref_init                      │ 0.145455       │
│ train/parse_rate                      │ 0.984375       │
│ train/rate_var                        │ 0.001008       │
│ train/reward_pert0_trait0_count       │ 62             │
│ train/reward_pert0_trait0_mean        │ -0.002057      │
│ train/reward_pert0_trait1_count       │ 1              │
│ train/reward_pert0_trait1_mean        │ 0.127525       │
│ train/reward_pert1_trait0_count       │ 16             │
│ train/reward_pert1_trait0_mean        │ 0.005039       │
│ train/train/clock_cycle:unique        │ 1644545.000000 │
│ train/train/loss:sum                  │ 239.508301     │
│ train/train/ppo_clipped_fraction:mean │ 0.438548       │
│ train/train/ppo_kl_div:mean           │ 1.631623       │
│ train/train/ppo_mean_ratio:mean       │ 0.633727       │
└───────────────────────────────────────┴────────────────┘
tinker_cookbook.utils.ml_log:192 [INFO] Wrote metrics to logs/sweep-refresh-every/llama-rlct-re1/metrics.jsonl
tinker_cookbook.utils.ml_log:265 [INFO] 
                         Step 19                          
┏━━━━━━━━━━━━━━━━━━━━━━━━━━━━━━━━━━━━━━━┳━━━━━━━━━━━━━━━━┓
┃ Metric                                ┃ Value          ┃
┡━━━━━━━━━━━━━━━━━━━━━━━━━━━━━━━━━━━━━━━╇━━━━━━━━━━━━━━━━┩
│ optim/entropy                         │ 1.469890       │
│ optim/kl_sample_train_v1              │ 0.000423       │
│ optim/kl_sample_train_v2              │ 0.000630       │
│ train/advantage_abs_mean              │ 0.449677       │
│ train/anchor_reward_mean              │ 0.000000       │
│ train/anchor_reward_std               │ 0.013106       │
│ train/avg_response_length             │ 310.153846     │
│ train/consistency_gap_1               │ 0.166484       │
│ train/consistency_reward_mean         │ 0.021340       │
│ train/consistency_reward_std          │ 0.077168       │
│ train/epoch                           │ 0              │
│ train/kl_policy_base                  │ 0.016272       │
│ train/n_anchor_rollouts               │ 62             │
│ train/n_consistency_rollouts          │ 16             │
│ train/n_ref_parsed                    │ 62             │
│ train/n_training_parsed               │ 59             │
│ train/p_hat_1                         │ 0.440678       │
│ train/p_ref                           │ 0.274194       │
│ train/p_ref_drift                     │ -0.029378      │
│ train/p_ref_init                      │ 0.303571       │
│ train/parse_rate                      │ 0.945312       │
│ train/rate_var                        │ 0.006929       │
│ train/reward_pert0_trait0_count       │ 45             │
│ train/reward_pert0_trait0_mean        │ -0.008055      │
│ train/reward_pert0_trait1_count       │ 17             │
│ train/reward_pert0_trait1_mean        │ 0.021323       │
│ train/reward_pert1_trait0_count       │ 11             │
│ train/reward_pert1_trait0_mean        │ 0.073366       │
│ train/reward_pert1_trait1_count       │ 5              │
│ train/reward_pert1_trait1_mean        │ -0.093118      │
│ train/train/clock_cycle:unique        │ 1644548.000000 │
│ train/train/loss:sum                  │ -330.863306    │
│ train/train/ppo_clipped_fraction:mean │ 0.179346       │
│ train/train/ppo_kl_div:mean           │ 0.807107       │
│ train/train/ppo_mean_ratio:mean       │ 0.848426       │
└───────────────────────────────────────┴────────────────┘
tinker_cookbook.utils.ml_log:192 [INFO] Wrote metrics to logs/sweep-refresh-every/llama-rlct-re1/metrics.jsonl
tinker_cookbook.utils.ml_log:265 [INFO] 
                         Step 20                          
┏━━━━━━━━━━━━━━━━━━━━━━━━━━━━━━━━━━━━━━━┳━━━━━━━━━━━━━━━━┓
┃ Metric                                ┃ Value          ┃
┡━━━━━━━━━━━━━━━━━━━━━━━━━━━━━━━━━━━━━━━╇━━━━━━━━━━━━━━━━┩
│ optim/entropy                         │ 4.420539       │
│ optim/kl_sample_train_v1              │ 0.000480       │
│ optim/kl_sample_train_v2              │ 0.000536       │
│ train/advantage_abs_mean              │ 0.426543       │
│ train/anchor_reward_mean              │ -0.000000      │
│ train/anchor_reward_std               │ 0.015433       │
│ train/avg_response_length             │ 944.594203     │
│ train/consistency_gap_1               │ 0.292453       │
│ train/consistency_reward_mean         │ -0.018278      │
│ train/consistency_reward_std          │ 0.145080       │
│ train/epoch                           │ 0              │
│ train/kl_policy_base                  │ 0.006996       │
│ train/n_anchor_rollouts               │ 53             │
│ train/n_consistency_rollouts          │ 16             │
│ train/n_ref_parsed                    │ 53             │
│ train/n_training_parsed               │ 54             │
│ train/p_hat_1                         │ 0.500000       │
│ train/p_ref                           │ 0.207547       │
│ train/p_ref_drift                     │ 0.038056       │
│ train/p_ref_init                      │ 0.169492       │
│ train/parse_rate                      │ 0.835938       │
│ train/rate_var                        │ 0.021382       │
│ train/reward_pert0_trait0_count       │ 42             │
│ train/reward_pert0_trait0_mean        │ 0.007898       │
│ train/reward_pert0_trait1_count       │ 11             │
│ train/reward_pert0_trait1_mean        │ -0.030157      │
│ train/reward_pert1_trait0_count       │ 7              │
│ train/reward_pert1_trait0_mean        │ 0.146226       │
│ train/reward_pert1_trait1_count       │ 9              │
│ train/reward_pert1_trait1_mean        │ -0.146226      │
│ train/train/clock_cycle:unique        │ 1644560.000000 │
│ train/train/loss:sum                  │ 10423.092728   │
│ train/train/ppo_clipped_fraction:mean │ 0.086893       │
│ train/train/ppo_kl_div:mean           │ 0.319774       │
│ train/train/ppo_mean_ratio:mean       │ 0.928090       │
└───────────────────────────────────────┴────────────────┘
tinker_cookbook.utils.ml_log:192 [INFO] Wrote metrics to logs/sweep-refresh-every/llama-rlct-re1/metrics.jsonl
tinker_cookbook.utils.ml_log:265 [INFO] 
               Step 21               
┏━━━━━━━━━━━━━━━━━━━━━━━━━━━┳━━━━━━━┓
┃ Metric                    ┃ Value ┃
┡━━━━━━━━━━━━━━━━━━━━━━━━━━━╇━━━━━━━┩
│ train/skipped_empty_batch │ 1     │
└───────────────────────────┴───────┘
tinker_cookbook.utils.ml_log:192 [INFO] Wrote metrics to logs/sweep-refresh-every/llama-rlct-re1/metrics.jsonl
tinker_cookbook.utils.ml_log:265 [INFO] 
                         Step 22                          
┏━━━━━━━━━━━━━━━━━━━━━━━━━━━━━━━━━━━━━━━┳━━━━━━━━━━━━━━━━┓
┃ Metric                                ┃ Value          ┃
┡━━━━━━━━━━━━━━━━━━━━━━━━━━━━━━━━━━━━━━━╇━━━━━━━━━━━━━━━━┩
│ optim/entropy                         │ 0.614329       │
│ optim/kl_sample_train_v1              │ 0.000044       │
│ optim/kl_sample_train_v2              │ 0.000517       │
│ train/advantage_abs_mean              │ 0.139194       │
│ train/anchor_reward_mean              │ 0.000000       │
│ train/anchor_reward_std               │ 0.003120       │
│ train/avg_response_length             │ 234.212500     │
│ train/consistency_gap_1               │ 0.031250       │
│ train/consistency_reward_mean         │ 0.000000       │
│ train/consistency_reward_std          │ 0.000000       │
│ train/epoch                           │ 0              │
│ train/kl_policy_base                  │ 0.014393       │
│ train/n_anchor_rollouts               │ 64             │
│ train/n_consistency_rollouts          │ 16             │
│ train/n_ref_parsed                    │ 64             │
│ train/n_training_parsed               │ 63             │
│ train/p_hat_1                         │ 1.000000       │
│ train/p_ref                           │ 0.968750       │
│ train/p_ref_drift                     │ 0.017930       │
│ train/p_ref_init                      │ 0.950820       │
│ train/parse_rate                      │ 0.992188       │
│ train/rate_var                        │ 0.000244       │
│ train/reward_pert0_trait0_count       │ 2              │
│ train/reward_pert0_trait0_mean        │ 0.017370       │
│ train/reward_pert0_trait1_count       │ 62             │
│ train/reward_pert0_trait1_mean        │ -0.000560      │
│ train/reward_pert1_trait1_count       │ 16             │
│ train/reward_pert1_trait1_mean        │ 0.000000       │
│ train/train/clock_cycle:unique        │ 1644563.000000 │
│ train/train/loss:sum                  │ -229.822721    │
│ train/train/ppo_clipped_fraction:mean │ 0.233830       │
│ train/train/ppo_kl_div:mean           │ 1.023142       │
│ train/train/ppo_mean_ratio:mean       │ 0.805260       │
└───────────────────────────────────────┴────────────────┘
tinker_cookbook.utils.ml_log:192 [INFO] Wrote metrics to logs/sweep-refresh-every/llama-rlct-re1/metrics.jsonl
tinker_cookbook.utils.ml_log:265 [INFO] 
                         Step 23                          
┏━━━━━━━━━━━━━━━━━━━━━━━━━━━━━━━━━━━━━━━┳━━━━━━━━━━━━━━━━┓
┃ Metric                                ┃ Value          ┃
┡━━━━━━━━━━━━━━━━━━━━━━━━━━━━━━━━━━━━━━━╇━━━━━━━━━━━━━━━━┩
│ optim/entropy                         │ 0.546141       │
│ optim/kl_sample_train_v1              │ 0.000402       │
│ optim/kl_sample_train_v2              │ 0.000493       │
│ train/advantage_abs_mean              │ 0.225797       │
│ train/anchor_reward_mean              │ 0.000000       │
│ train/anchor_reward_std               │ 0.002719       │
│ train/avg_response_length             │ 364.675000     │
│ train/consistency_gap_1               │ 0.116291       │
│ train/consistency_reward_mean         │ -0.011915      │
│ train/consistency_reward_std          │ 0.050355       │
│ train/epoch                           │ 0              │
│ train/kl_policy_base                  │ 0.013781       │
│ train/n_anchor_rollouts               │ 64             │
│ train/n_consistency_rollouts          │ 16             │
│ train/n_ref_parsed                    │ 64             │
│ train/n_training_parsed               │ 61             │
│ train/p_hat_1                         │ 0.147541       │
│ train/p_ref                           │ 0.031250       │
│ train/p_ref_drift                     │ -0.015625      │
│ train/p_ref_init                      │ 0.046875       │
│ train/parse_rate                      │ 0.976562       │
│ train/rate_var                        │ 0.003381       │
│ train/reward_pert0_trait0_count       │ 62             │
│ train/reward_pert0_trait0_mean        │ -0.000488      │
│ train/reward_pert0_trait1_count       │ 2              │
│ train/reward_pert0_trait1_mean        │ 0.015137       │
│ train/reward_pert1_trait0_count       │ 12             │
│ train/reward_pert1_trait0_mean        │ 0.017158       │
│ train/reward_pert1_trait1_count       │ 4              │
│ train/reward_pert1_trait1_mean        │ -0.099133      │
│ train/train/clock_cycle:unique        │ 1644569.000000 │
│ train/train/loss:sum                  │ -165.766999    │
│ train/train/ppo_clipped_fraction:mean │ 0.205791       │
│ train/train/ppo_kl_div:mean           │ 0.757811       │
│ train/train/ppo_mean_ratio:mean       │ 0.832178       │
└───────────────────────────────────────┴────────────────┘
tinker_cookbook.utils.ml_log:192 [INFO] Wrote metrics to logs/sweep-refresh-every/llama-rlct-re1/metrics.jsonl
tinker_cookbook.utils.ml_log:265 [INFO] 
                         Step 24                          
┏━━━━━━━━━━━━━━━━━━━━━━━━━━━━━━━━━━━━━━━┳━━━━━━━━━━━━━━━━┓
┃ Metric                                ┃ Value          ┃
┡━━━━━━━━━━━━━━━━━━━━━━━━━━━━━━━━━━━━━━━╇━━━━━━━━━━━━━━━━┩
│ optim/entropy                         │ 0.663013       │
│ optim/kl_sample_train_v1              │ 0.000416       │
│ optim/kl_sample_train_v2              │ 0.000593       │
│ train/advantage_abs_mean              │ 0.351092       │
│ train/anchor_reward_mean              │ 0.000000       │
│ train/anchor_reward_std               │ 0.019712       │
│ train/avg_response_length             │ 348.430380     │
│ train/consistency_gap_1               │ 0.388889       │
│ train/consistency_reward_mean         │ 0.024306       │
│ train/consistency_reward_std          │ 0.192919       │
│ train/epoch                           │ 0              │
│ train/kl_policy_base                  │ 0.015299       │
│ train/n_anchor_rollouts               │ 63             │
│ train/n_consistency_rollouts          │ 16             │
│ train/n_ref_parsed                    │ 63             │
│ train/n_training_parsed               │ 54             │
│ train/p_hat_1                         │ 0.500000       │
│ train/p_ref                           │ 0.111111       │
│ train/p_ref_drift                     │ 0.062724       │
│ train/p_ref_init                      │ 0.048387       │
│ train/parse_rate                      │ 0.914062       │
│ train/rate_var                        │ 0.037809       │
│ train/reward_pert0_trait0_count       │ 56             │
│ train/reward_pert0_trait0_mean        │ 0.006969       │
│ train/reward_pert0_trait1_count       │ 7              │
│ train/reward_pert0_trait1_mean        │ -0.055755      │
│ train/reward_pert1_trait0_count       │ 9              │
│ train/reward_pert1_trait0_mean        │ 0.194444       │
│ train/reward_pert1_trait1_count       │ 7              │
│ train/reward_pert1_trait1_mean        │ -0.194444      │
│ train/train/clock_cycle:unique        │ 1644572.000000 │
│ train/train/loss:sum                  │ -351.232960    │
│ train/train/ppo_clipped_fraction:mean │ 0.342139       │
│ train/train/ppo_kl_div:mean           │ 1.375949       │
│ train/train/ppo_mean_ratio:mean       │ 0.712716       │
└───────────────────────────────────────┴────────────────┘
tinker_cookbook.utils.ml_log:192 [INFO] Wrote metrics to logs/sweep-refresh-every/llama-rlct-re1/metrics.jsonl
tinker_cookbook.utils.ml_log:265 [INFO] 
                         Step 25                          
┏━━━━━━━━━━━━━━━━━━━━━━━━━━━━━━━━━━━━━━━┳━━━━━━━━━━━━━━━━┓
┃ Metric                                ┃ Value          ┃
┡━━━━━━━━━━━━━━━━━━━━━━━━━━━━━━━━━━━━━━━╇━━━━━━━━━━━━━━━━┩
│ optim/entropy                         │ 2.900507       │
│ optim/kl_sample_train_v1              │ 0.000546       │
│ optim/kl_sample_train_v2              │ 0.000566       │
│ train/advantage_abs_mean              │ 0.417519       │
│ train/anchor_reward_mean              │ -0.000000      │
│ train/anchor_reward_std               │ 0.026024       │
│ train/avg_response_length             │ 294.704225     │
│ train/consistency_gap_1               │ 0.047124       │
│ train/consistency_reward_mean         │ 0.000721       │
│ train/consistency_reward_std          │ 0.020405       │
│ train/epoch                           │ 0              │
│ train/kl_policy_base                  │ 0.014920       │
│ train/n_anchor_rollouts               │ 55             │
│ train/n_consistency_rollouts          │ 16             │
│ train/n_ref_parsed                    │ 55             │
│ train/n_training_parsed               │ 49             │
│ train/p_hat_1                         │ 0.265306       │
│ train/p_ref                           │ 0.218182       │
│ train/p_ref_drift                     │ 0.063009       │
│ train/p_ref_init                      │ 0.155172       │
│ train/parse_rate                      │ 0.812500       │
│ train/rate_var                        │ 0.000555       │
│ train/reward_pert0_trait0_count       │ 43             │
│ train/reward_pert0_trait0_mean        │ 0.013748       │
│ train/reward_pert0_trait1_count       │ 12             │
│ train/reward_pert0_trait1_mean        │ -0.049262      │
│ train/reward_pert1_trait0_count       │ 12             │
│ train/reward_pert1_trait0_mean        │ 0.012502       │
│ train/reward_pert1_trait1_count       │ 4              │
│ train/reward_pert1_trait1_mean        │ -0.034622      │
│ train/train/clock_cycle:unique        │ 1644578.000000 │
│ train/train/loss:sum                  │ 1153.690474    │
│ train/train/ppo_clipped_fraction:mean │ 0.170061       │
│ train/train/ppo_kl_div:mean           │ 0.706652       │
│ train/train/ppo_mean_ratio:mean       │ 0.855277       │
└───────────────────────────────────────┴────────────────┘
tinker_cookbook.utils.ml_log:192 [INFO] Wrote metrics to logs/sweep-refresh-every/llama-rlct-re1/metrics.jsonl
tinker_cookbook.utils.ml_log:265 [INFO] 
                         Step 26                          
┏━━━━━━━━━━━━━━━━━━━━━━━━━━━━━━━━━━━━━━━┳━━━━━━━━━━━━━━━━┓
┃ Metric                                ┃ Value          ┃
┡━━━━━━━━━━━━━━━━━━━━━━━━━━━━━━━━━━━━━━━╇━━━━━━━━━━━━━━━━┩
│ optim/entropy                         │ 5.054647       │
│ optim/kl_sample_train_v1              │ 0.000680       │
│ optim/kl_sample_train_v2              │ 0.000723       │
│ train/advantage_abs_mean              │ 0.346718       │
│ train/anchor_reward_mean              │ 0.000000       │
│ train/anchor_reward_std               │ 0.016047       │
│ train/avg_response_length             │ 1540.892857    │
│ train/consistency_gap_1               │ 0.197297       │
│ train/consistency_reward_mean         │ -0.002999      │
│ train/consistency_reward_std          │ 0.091450       │
│ train/epoch                           │ 0              │
│ train/kl_policy_base                  │ 0.014042       │
│ train/n_anchor_rollouts               │ 40             │
│ train/n_consistency_rollouts          │ 16             │
│ train/n_ref_parsed                    │ 40             │
│ train/n_training_parsed               │ 37             │
│ train/p_hat_1                         │ 0.297297       │
│ train/p_ref                           │ 0.100000       │
│ train/p_ref_drift                     │ 0.053488       │
│ train/p_ref_init                      │ 0.046512       │
│ train/parse_rate                      │ 0.601562       │
│ train/rate_var                        │ 0.009732       │
│ train/reward_pert0_trait0_count       │ 36             │
│ train/reward_pert0_trait0_mean        │ 0.005349       │
│ train/reward_pert0_trait1_count       │ 4              │
│ train/reward_pert0_trait1_mean        │ -0.048140      │
│ train/reward_pert1_trait0_count       │ 11             │
│ train/reward_pert1_trait0_mean        │ 0.058656       │
│ train/reward_pert1_trait1_count       │ 5              │
│ train/reward_pert1_trait1_mean        │ -0.138641      │
│ train/train/clock_cycle:unique        │ 1644593.000000 │
│ train/train/loss:sum                  │ 6577.804306    │
│ train/train/ppo_clipped_fraction:mean │ 0.064538       │
│ train/train/ppo_kl_div:mean           │ 0.215443       │
│ train/train/ppo_mean_ratio:mean       │ 0.950389       │
└───────────────────────────────────────┴────────────────┘
tinker_cookbook.utils.ml_log:192 [INFO] Wrote metrics to logs/sweep-refresh-every/llama-rlct-re1/metrics.jsonl
tinker_cookbook.utils.ml_log:265 [INFO] 
               Step 27               
┏━━━━━━━━━━━━━━━━━━━━━━━━━━━┳━━━━━━━┓
┃ Metric                    ┃ Value ┃
┡━━━━━━━━━━━━━━━━━━━━━━━━━━━╇━━━━━━━┩
│ train/skipped_empty_batch │ 1     │
└───────────────────────────┴───────┘
tinker_cookbook.utils.ml_log:192 [INFO] Wrote metrics to logs/sweep-refresh-every/llama-rlct-re1/metrics.jsonl
tinker_cookbook.utils.ml_log:265 [INFO] 
                         Step 28                          
┏━━━━━━━━━━━━━━━━━━━━━━━━━━━━━━━━━━━━━━━┳━━━━━━━━━━━━━━━━┓
┃ Metric                                ┃ Value          ┃
┡━━━━━━━━━━━━━━━━━━━━━━━━━━━━━━━━━━━━━━━╇━━━━━━━━━━━━━━━━┩
│ optim/entropy                         │ 2.841576       │
│ optim/kl_sample_train_v1              │ 0.000912       │
│ optim/kl_sample_train_v2              │ 0.000745       │
│ train/advantage_abs_mean              │ 0.405466       │
│ train/anchor_reward_mean              │ -0.000000      │
│ train/anchor_reward_std               │ 0.009505       │
│ train/avg_response_length             │ 428.083333     │
│ train/consistency_gap_1               │ 0.267857       │
│ train/consistency_reward_mean         │ 0.019133       │
│ train/consistency_reward_std          │ 0.129676       │
│ train/epoch                           │ 0              │
│ train/kl_policy_base                  │ 0.017011       │
│ train/n_anchor_rollouts               │ 56             │
│ train/n_consistency_rollouts          │ 16             │
│ train/n_ref_parsed                    │ 56             │
│ train/n_training_parsed               │ 56             │
│ train/p_hat_1                         │ 0.446429       │
│ train/p_ref                           │ 0.178571       │
│ train/p_ref_drift                     │ -0.024818      │
│ train/p_ref_init                      │ 0.203390       │
│ train/parse_rate                      │ 0.875000       │
│ train/rate_var                        │ 0.017937       │
│ train/reward_pert0_trait0_count       │ 46             │
│ train/reward_pert0_trait0_mean        │ -0.004432      │
│ train/reward_pert0_trait1_count       │ 10             │
│ train/reward_pert0_trait1_mean        │ 0.020387       │
│ train/reward_pert1_trait0_count       │ 10             │
│ train/reward_pert1_trait0_mean        │ 0.119579       │
│ train/reward_pert1_trait1_count       │ 6              │
│ train/reward_pert1_trait1_mean        │ -0.148278      │
│ train/train/clock_cycle:unique        │ 1644604.000000 │
│ train/train/loss:sum                  │ 1967.954529    │
│ train/train/ppo_clipped_fraction:mean │ 0.310172       │
│ train/train/ppo_kl_div:mean           │ 0.946525       │
│ train/train/ppo_mean_ratio:mean       │ 0.753453       │
└───────────────────────────────────────┴────────────────┘
tinker_cookbook.utils.ml_log:192 [INFO] Wrote metrics to logs/sweep-refresh-every/llama-rlct-re1/metrics.jsonl
tinker_cookbook.utils.ml_log:265 [INFO] 
                         Step 29                          
┏━━━━━━━━━━━━━━━━━━━━━━━━━━━━━━━━━━━━━━━┳━━━━━━━━━━━━━━━━┓
┃ Metric                                ┃ Value          ┃
┡━━━━━━━━━━━━━━━━━━━━━━━━━━━━━━━━━━━━━━━╇━━━━━━━━━━━━━━━━┩
│ optim/entropy                         │ 6.074946       │
│ optim/kl_sample_train_v1              │ 0.000779       │
│ optim/kl_sample_train_v2              │ 0.000584       │
│ train/advantage_abs_mean              │ 0.381919       │
│ train/anchor_reward_mean              │ -0.000000      │
│ train/anchor_reward_std               │ 0.012537       │
│ train/avg_response_length             │ 1628.885246    │
│ train/consistency_gap_1               │ 0.330081       │
│ train/consistency_reward_mean         │ -0.012076      │
│ train/consistency_reward_std          │ 0.165041       │
│ train/epoch                           │ 0              │
│ train/kl_policy_base                  │ 0.008514       │
│ train/n_anchor_rollouts               │ 45             │
│ train/n_consistency_rollouts          │ 16             │
│ train/n_ref_parsed                    │ 45             │
│ train/n_training_parsed               │ 41             │
│ train/p_hat_1                         │ 0.463415       │
│ train/p_ref                           │ 0.133333       │
│ train/p_ref_drift                     │ -0.036879      │
│ train/p_ref_init                      │ 0.170213       │
│ train/parse_rate                      │ 0.671875       │
│ train/rate_var                        │ 0.027238       │
│ train/reward_pert0_trait0_count       │ 39             │
│ train/reward_pert0_trait0_mean        │ -0.004917      │
│ train/reward_pert0_trait1_count       │ 6              │
│ train/reward_pert0_trait1_mean        │ 0.031962       │
│ train/reward_pert1_trait0_count       │ 8              │
│ train/reward_pert1_trait0_mean        │ 0.152965       │
│ train/reward_pert1_trait1_count       │ 8              │
│ train/reward_pert1_trait1_mean        │ -0.177117      │
│ train/train/clock_cycle:unique        │ 1644613.000000 │
│ train/train/loss:sum                  │ 423.633820     │
│ train/train/ppo_clipped_fraction:mean │ 0.086900       │
│ train/train/ppo_kl_div:mean           │ 0.278467       │
│ train/train/ppo_mean_ratio:mean       │ 0.931118       │
└───────────────────────────────────────┴────────────────┘
tinker_cookbook.utils.ml_log:192 [INFO] Wrote metrics to logs/sweep-refresh-every/llama-rlct-re1/metrics.jsonl
tinker_cookbook.utils.ml_log:265 [INFO] 
                         Step 30                          
┏━━━━━━━━━━━━━━━━━━━━━━━━━━━━━━━━━━━━━━━┳━━━━━━━━━━━━━━━━┓
┃ Metric                                ┃ Value          ┃
┡━━━━━━━━━━━━━━━━━━━━━━━━━━━━━━━━━━━━━━━╇━━━━━━━━━━━━━━━━┩
│ optim/entropy                         │ 2.830018       │
│ optim/kl_sample_train_v1              │ 0.000615       │
│ optim/kl_sample_train_v2              │ 0.000579       │
│ train/advantage_abs_mean              │ 0.317972       │
│ train/anchor_reward_mean              │ -0.000000      │
│ train/anchor_reward_std               │ 0.014471       │
│ train/avg_response_length             │ 375.880000     │
│ train/consistency_gap_1               │ 0.152542       │
│ train/consistency_reward_mean         │ -0.011473      │
│ train/consistency_reward_std          │ 0.070705       │
│ train/epoch                           │ 0              │
│ train/kl_policy_base                  │ 0.012875       │
│ train/n_anchor_rollouts               │ 59             │
│ train/n_consistency_rollouts          │ 16             │
│ train/n_ref_parsed                    │ 59             │
│ train/n_training_parsed               │ 59             │
│ train/p_hat_1                         │ 0.237288       │
│ train/p_ref                           │ 0.084746       │
│ train/p_ref_drift                     │ 0.051959       │
│ train/p_ref_init                      │ 0.032787       │
│ train/parse_rate                      │ 0.921875       │
│ train/rate_var                        │ 0.005817       │
│ train/reward_pert0_trait0_count       │ 54             │
│ train/reward_pert0_trait0_mean        │ 0.004403       │
│ train/reward_pert0_trait1_count       │ 5              │
│ train/reward_pert0_trait1_mean        │ -0.047556      │
│ train/reward_pert1_trait0_count       │ 11             │
│ train/reward_pert1_trait0_mean        │ 0.036196       │
│ train/reward_pert1_trait1_count       │ 5              │
│ train/reward_pert1_trait1_mean        │ -0.116346      │
│ train/train/clock_cycle:unique        │ 1644634.000000 │
│ train/train/loss:sum                  │ 4721.229683    │
│ train/train/ppo_clipped_fraction:mean │ 0.149306       │
│ train/train/ppo_kl_div:mean           │ 0.631902       │
│ train/train/ppo_mean_ratio:mean       │ 0.870407       │
└───────────────────────────────────────┴────────────────┘
tinker_cookbook.utils.ml_log:192 [INFO] Wrote metrics to logs/sweep-refresh-every/llama-rlct-re1/metrics.jsonl
tinker_cookbook.utils.ml_log:265 [INFO] 
                         Step 31                          
┏━━━━━━━━━━━━━━━━━━━━━━━━━━━━━━━━━━━━━━━┳━━━━━━━━━━━━━━━━┓
┃ Metric                                ┃ Value          ┃
┡━━━━━━━━━━━━━━━━━━━━━━━━━━━━━━━━━━━━━━━╇━━━━━━━━━━━━━━━━┩
│ optim/entropy                         │ 5.626763       │
│ optim/kl_sample_train_v1              │ 0.000589       │
│ optim/kl_sample_train_v2              │ 0.000513       │
│ train/advantage_abs_mean              │ 0.388198       │
│ train/anchor_reward_mean              │ -0.000000      │
│ train/anchor_reward_std               │ 0.020555       │
│ train/avg_response_length             │ 931.057971     │
│ train/consistency_gap_1               │ -0.040881      │
│ train/consistency_reward_mean         │ -0.001703      │
│ train/consistency_reward_std          │ 0.013520       │
│ train/epoch                           │ 0              │
│ train/kl_policy_base                  │ 0.005965       │
│ train/n_anchor_rollouts               │ 53             │
│ train/n_consistency_rollouts          │ 16             │
│ train/n_ref_parsed                    │ 53             │
│ train/n_training_parsed               │ 54             │
│ train/p_hat_1                         │ 0.166667       │
│ train/p_ref                           │ 0.207547       │
│ train/p_ref_drift                     │ 0.050684       │
│ train/p_ref_init                      │ 0.156863       │
│ train/parse_rate                      │ 0.835938       │
│ train/rate_var                        │ 0.000418       │
│ train/reward_pert0_trait0_count       │ 42             │
│ train/reward_pert0_trait0_mean        │ 0.010519       │
│ train/reward_pert0_trait1_count       │ 11             │
│ train/reward_pert0_trait1_mean        │ -0.040165      │
│ train/reward_pert1_trait0_count       │ 14             │
│ train/reward_pert1_trait0_mean        │ -0.006813      │
│ train/reward_pert1_trait1_count       │ 2              │
│ train/reward_pert1_trait1_mean        │ 0.034067       │
│ train/train/clock_cycle:unique        │ 1644641.000000 │
│ train/train/loss:sum                  │ 14634.236843   │
│ train/train/ppo_clipped_fraction:mean │ 0.094192       │
│ train/train/ppo_kl_div:mean           │ 0.353309       │
│ train/train/ppo_mean_ratio:mean       │ 0.923581       │
└───────────────────────────────────────┴────────────────┘
tinker_cookbook.utils.ml_log:192 [INFO] Wrote metrics to logs/sweep-refresh-every/llama-rlct-re1/metrics.jsonl
tinker_cookbook.utils.ml_log:265 [INFO] 
                         Step 32                          
┏━━━━━━━━━━━━━━━━━━━━━━━━━━━━━━━━━━━━━━━┳━━━━━━━━━━━━━━━━┓
┃ Metric                                ┃ Value          ┃
┡━━━━━━━━━━━━━━━━━━━━━━━━━━━━━━━━━━━━━━━╇━━━━━━━━━━━━━━━━┩
│ optim/entropy                         │ 3.049114       │
│ optim/kl_sample_train_v1              │ 0.000548       │
│ optim/kl_sample_train_v2              │ 0.000410       │
│ train/advantage_abs_mean              │ 0.365951       │
│ train/anchor_reward_mean              │ -0.000000      │
│ train/anchor_reward_std               │ 0.021044       │
│ train/avg_response_length             │ 312.078947     │
│ train/consistency_gap_1               │ 0.042105       │
│ train/consistency_reward_mean         │ -0.005771      │
│ train/consistency_reward_std          │ 0.019516       │
│ train/epoch                           │ 0              │
│ train/kl_policy_base                  │ 0.009053       │
│ train/n_anchor_rollouts               │ 60             │
│ train/n_consistency_rollouts          │ 16             │
│ train/n_ref_parsed                    │ 60             │
│ train/n_training_parsed               │ 57             │
│ train/p_hat_1                         │ 0.175439       │
│ train/p_ref                           │ 0.133333       │
│ train/p_ref_drift                     │ 0.061905       │
│ train/p_ref_init                      │ 0.071429       │
│ train/parse_rate                      │ 0.914062       │
│ train/rate_var                        │ 0.000443       │
│ train/reward_pert0_trait0_count       │ 52             │
│ train/reward_pert0_trait0_mean        │ 0.008254       │
│ train/reward_pert0_trait1_count       │ 8              │
│ train/reward_pert0_trait1_mean        │ -0.053651      │
│ train/reward_pert1_trait0_count       │ 11             │
│ train/reward_pert1_trait0_mean        │ 0.007387       │
│ train/reward_pert1_trait1_count       │ 5              │
│ train/reward_pert1_trait1_mean        │ -0.034718      │
│ train/train/clock_cycle:unique        │ 1644653.000000 │
│ train/train/loss:sum                  │ 4360.538902    │
│ train/train/ppo_clipped_fraction:mean │ 0.187394       │
│ train/train/ppo_kl_div:mean           │ 0.817884       │
│ train/train/ppo_mean_ratio:mean       │ 0.839842       │
└───────────────────────────────────────┴────────────────┘
tinker_cookbook.utils.ml_log:192 [INFO] Wrote metrics to logs/sweep-refresh-every/llama-rlct-re1/metrics.jsonl
tinker_cookbook.utils.ml_log:265 [INFO] 
               Step 33               
┏━━━━━━━━━━━━━━━━━━━━━━━━━━━┳━━━━━━━┓
┃ Metric                    ┃ Value ┃
┡━━━━━━━━━━━━━━━━━━━━━━━━━━━╇━━━━━━━┩
│ train/skipped_empty_batch │ 1     │
└───────────────────────────┴───────┘
tinker_cookbook.utils.ml_log:192 [INFO] Wrote metrics to logs/sweep-refresh-every/llama-rlct-re1/metrics.jsonl
tinker_cookbook.utils.ml_log:265 [INFO] 
                         Step 34                          
┏━━━━━━━━━━━━━━━━━━━━━━━━━━━━━━━━━━━━━━━┳━━━━━━━━━━━━━━━━┓
┃ Metric                                ┃ Value          ┃
┡━━━━━━━━━━━━━━━━━━━━━━━━━━━━━━━━━━━━━━━╇━━━━━━━━━━━━━━━━┩
│ optim/entropy                         │ 0.929720       │
│ optim/kl_sample_train_v1              │ 0.000827       │
│ optim/kl_sample_train_v2              │ 0.000853       │
│ train/advantage_abs_mean              │ 0.048412       │
│ train/anchor_reward_mean              │ 0.000000       │
│ train/anchor_reward_std               │ 0.000000       │
│ train/avg_response_length             │ 289.250000     │
│ train/consistency_gap_1               │ 0.048387       │
│ train/consistency_reward_mean         │ -0.000683      │
│ train/consistency_reward_std          │ 0.011713       │
│ train/epoch                           │ 0              │
│ train/kl_policy_base                  │ 0.021896       │
│ train/n_anchor_rollouts               │ 64             │
│ train/n_consistency_rollouts          │ 16             │
│ train/n_ref_parsed                    │ 64             │
│ train/n_training_parsed               │ 62             │
│ train/p_hat_1                         │ 0.048387       │
│ train/p_ref                           │ 0.000000       │
│ train/p_ref_drift                     │ -0.015873      │
│ train/p_ref_init                      │ 0.015873       │
│ train/parse_rate                      │ 0.984375       │
│ train/rate_var                        │ 0.000585       │
│ train/reward_pert0_trait0_count       │ 64             │
│ train/reward_pert0_trait0_mean        │ 0.000000       │
│ train/reward_pert1_trait0_count       │ 15             │
│ train/reward_pert1_trait0_mean        │ 0.002341       │
│ train/reward_pert1_trait1_count       │ 1              │
│ train/reward_pert1_trait1_mean        │ -0.046046      │
│ train/train/clock_cycle:unique        │ 1644662.000000 │
│ train/train/loss:sum                  │ -163.039539    │
│ train/train/ppo_clipped_fraction:mean │ 0.560106       │
│ train/train/ppo_kl_div:mean           │ 1.877209       │
│ train/train/ppo_mean_ratio:mean       │ 0.546124       │
└───────────────────────────────────────┴────────────────┘
tinker_cookbook.utils.ml_log:192 [INFO] Wrote metrics to logs/sweep-refresh-every/llama-rlct-re1/metrics.jsonl
tinker_cookbook.utils.ml_log:265 [INFO] 
                         Step 35                          
┏━━━━━━━━━━━━━━━━━━━━━━━━━━━━━━━━━━━━━━━┳━━━━━━━━━━━━━━━━┓
┃ Metric                                ┃ Value          ┃
┡━━━━━━━━━━━━━━━━━━━━━━━━━━━━━━━━━━━━━━━╇━━━━━━━━━━━━━━━━┩
│ optim/entropy                         │ 1.734088       │
│ optim/kl_sample_train_v1              │ 0.000953       │
│ optim/kl_sample_train_v2              │ 0.000611       │
│ train/advantage_abs_mean              │ 0.169828       │
│ train/anchor_reward_mean              │ -0.000000      │
│ train/anchor_reward_std               │ 0.001475       │
│ train/avg_response_length             │ 339.936709     │
│ train/consistency_gap_1               │ -0.047619      │
│ train/consistency_reward_mean         │ 0.000000       │
│ train/consistency_reward_std          │ 0.000000       │
│ train/epoch                           │ 0              │
│ train/kl_policy_base                  │ 0.020871       │
│ train/n_anchor_rollouts               │ 63             │
│ train/n_consistency_rollouts          │ 16             │
│ train/n_ref_parsed                    │ 63             │
│ train/n_training_parsed               │ 63             │
│ train/p_hat_1                         │ 0.000000       │
│ train/p_ref                           │ 0.047619       │
│ train/p_ref_drift                     │ -0.006926      │
│ train/p_ref_init                      │ 0.054545       │
│ train/parse_rate                      │ 0.984375       │
│ train/rate_var                        │ 0.000567       │
│ train/reward_pert0_trait0_count       │ 60             │
│ train/reward_pert0_trait0_mean        │ -0.000330      │
│ train/reward_pert0_trait1_count       │ 3              │
│ train/reward_pert0_trait1_mean        │ 0.006597       │
│ train/reward_pert1_trait0_count       │ 16             │
│ train/reward_pert1_trait0_mean        │ 0.000000       │
│ train/train/clock_cycle:unique        │ 1644671.000000 │
│ train/train/loss:sum                  │ -779.277721    │
│ train/train/ppo_clipped_fraction:mean │ 0.194804       │
│ train/train/ppo_kl_div:mean           │ 0.895299       │
│ train/train/ppo_mean_ratio:mean       │ 0.831990       │
└───────────────────────────────────────┴────────────────┘
tinker_cookbook.utils.ml_log:192 [INFO] Wrote metrics to logs/sweep-refresh-every/llama-rlct-re1/metrics.jsonl
tinker_cookbook.utils.ml_log:265 [INFO] 
                         Step 36                          
┏━━━━━━━━━━━━━━━━━━━━━━━━━━━━━━━━━━━━━━━┳━━━━━━━━━━━━━━━━┓
┃ Metric                                ┃ Value          ┃
┡━━━━━━━━━━━━━━━━━━━━━━━━━━━━━━━━━━━━━━━╇━━━━━━━━━━━━━━━━┩
│ optim/entropy                         │ 0.929021       │
│ optim/kl_sample_train_v1              │ 0.000879       │
│ optim/kl_sample_train_v2              │ 0.000598       │
│ train/advantage_abs_mean              │ 0.423989       │
│ train/anchor_reward_mean              │ -0.000000      │
│ train/anchor_reward_std               │ 0.016059       │
│ train/avg_response_length             │ 367.468354     │
│ train/consistency_gap_1               │ 0.301587       │
│ train/consistency_reward_mean         │ 0.002394       │
│ train/consistency_reward_std          │ 0.150794       │
│ train/epoch                           │ 0              │
│ train/kl_policy_base                  │ 0.015858       │
│ train/n_anchor_rollouts               │ 63             │
│ train/n_consistency_rollouts          │ 16             │
│ train/n_ref_parsed                    │ 63             │
│ train/n_training_parsed               │ 63             │
│ train/p_hat_1                         │ 0.507937       │
│ train/p_ref                           │ 0.206349       │
│ train/p_ref_drift                     │ 0.039683       │
│ train/p_ref_init                      │ 0.166667       │
│ train/parse_rate                      │ 0.984375       │
│ train/rate_var                        │ 0.022739       │
│ train/reward_pert0_trait0_count       │ 50             │
│ train/reward_pert0_trait0_mean        │ 0.008188       │
│ train/reward_pert0_trait1_count       │ 13             │
│ train/reward_pert0_trait1_mean        │ -0.031494      │
│ train/reward_pert1_trait0_count       │ 8              │
│ train/reward_pert1_trait0_mean        │ 0.153187       │
│ train/reward_pert1_trait1_count       │ 8              │
│ train/reward_pert1_trait1_mean        │ -0.148400      │
│ train/train/clock_cycle:unique        │ 1644716.000000 │
│ train/train/loss:sum                  │ 179.835444     │
│ train/train/ppo_clipped_fraction:mean │ 0.143776       │
│ train/train/ppo_kl_div:mean           │ 0.634348       │
│ train/train/ppo_mean_ratio:mean       │ 0.877515       │
└───────────────────────────────────────┴────────────────┘
tinker_cookbook.utils.ml_log:192 [INFO] Wrote metrics to logs/sweep-refresh-every/llama-rlct-re1/metrics.jsonl
tinker_cookbook.utils.ml_log:265 [INFO] 
                         Step 37                          
┏━━━━━━━━━━━━━━━━━━━━━━━━━━━━━━━━━━━━━━━┳━━━━━━━━━━━━━━━━┓
┃ Metric                                ┃ Value          ┃
┡━━━━━━━━━━━━━━━━━━━━━━━━━━━━━━━━━━━━━━━╇━━━━━━━━━━━━━━━━┩
│ optim/entropy                         │ 0.532413       │
│ optim/kl_sample_train_v1              │ 0.000441       │
│ optim/kl_sample_train_v2              │ 0.000475       │
│ train/advantage_abs_mean              │ 0.049025       │
│ train/anchor_reward_mean              │ 0.000000       │
│ train/anchor_reward_std               │ 0.000000       │
│ train/avg_response_length             │ 264.025316     │
│ train/consistency_gap_1               │ 0.062500       │
│ train/consistency_reward_mean         │ 0.000000       │
│ train/consistency_reward_std          │ 0.015129       │
│ train/epoch                           │ 0              │
│ train/kl_policy_base                  │ 0.020454       │
│ train/n_anchor_rollouts               │ 63             │
│ train/n_consistency_rollouts          │ 16             │
│ train/n_ref_parsed                    │ 63             │
│ train/n_training_parsed               │ 64             │
│ train/p_hat_1                         │ 0.062500       │
│ train/p_ref                           │ 0.000000       │
│ train/p_ref_drift                     │ 0.000000       │
│ train/p_ref_init                      │ 0.000000       │
│ train/parse_rate                      │ 0.992188       │
│ train/rate_var                        │ 0.000977       │
│ train/reward_pert0_trait0_count       │ 63             │
│ train/reward_pert0_trait0_mean        │ 0.000000       │
│ train/reward_pert1_trait0_count       │ 15             │
│ train/reward_pert1_trait0_mean        │ 0.003906       │
│ train/reward_pert1_trait1_count       │ 1              │
│ train/reward_pert1_trait1_mean        │ -0.058594      │
│ train/train/clock_cycle:unique        │ 1644782.000000 │
│ train/train/loss:sum                  │ -91.287621     │
│ train/train/ppo_clipped_fraction:mean │ 0.261025       │
│ train/train/ppo_kl_div:mean           │ 1.013856       │
│ train/train/ppo_mean_ratio:mean       │ 0.794191       │
└───────────────────────────────────────┴────────────────┘
tinker_cookbook.utils.ml_log:192 [INFO] Wrote metrics to logs/sweep-refresh-every/llama-rlct-re1/metrics.jsonl
tinker_cookbook.utils.ml_log:265 [INFO] 
                         Step 38                          
┏━━━━━━━━━━━━━━━━━━━━━━━━━━━━━━━━━━━━━━━┳━━━━━━━━━━━━━━━━┓
┃ Metric                                ┃ Value          ┃
┡━━━━━━━━━━━━━━━━━━━━━━━━━━━━━━━━━━━━━━━╇━━━━━━━━━━━━━━━━┩
│ optim/entropy                         │ 0.740380       │
│ optim/kl_sample_train_v1              │ 0.000915       │
│ optim/kl_sample_train_v2              │ 0.000716       │
│ train/advantage_abs_mean              │ 0.311247       │
│ train/anchor_reward_mean              │ -0.000000      │
│ train/anchor_reward_std               │ 0.046869       │
│ train/avg_response_length             │ 362.425000     │
│ train/consistency_gap_1               │ 0.093750       │
│ train/consistency_reward_mean         │ 0.000000       │
│ train/consistency_reward_std          │ 0.036592       │
│ train/epoch                           │ 0              │
│ train/kl_policy_base                  │ 0.033757       │
│ train/n_anchor_rollouts               │ 64             │
│ train/n_consistency_rollouts          │ 16             │
│ train/n_ref_parsed                    │ 64             │
│ train/n_training_parsed               │ 64             │
│ train/p_hat_1                         │ 0.187500       │
│ train/p_ref                           │ 0.093750       │
│ train/p_ref_drift                     │ -0.160795      │
│ train/p_ref_init                      │ 0.254545       │
│ train/parse_rate                      │ 1.000000       │
│ train/rate_var                        │ 0.002197       │
│ train/reward_pert0_trait0_count       │ 58             │
│ train/reward_pert0_trait0_mean        │ -0.015075      │
│ train/reward_pert0_trait1_count       │ 6              │
│ train/reward_pert0_trait1_mean        │ 0.145721       │
│ train/reward_pert1_trait0_count       │ 13             │
│ train/reward_pert1_trait0_mean        │ 0.017578       │
│ train/reward_pert1_trait1_count       │ 3              │
│ train/reward_pert1_trait1_mean        │ -0.076172      │
│ train/train/clock_cycle:unique        │ 1644856.000000 │
│ train/train/loss:sum                  │ 559.163882     │
│ train/train/ppo_clipped_fraction:mean │ 0.368532       │
│ train/train/ppo_kl_div:mean           │ 1.022351       │
│ train/train/ppo_mean_ratio:mean       │ 0.721913       │
└───────────────────────────────────────┴────────────────┘
tinker_cookbook.utils.ml_log:192 [INFO] Wrote metrics to logs/sweep-refresh-every/llama-rlct-re1/metrics.jsonl
tinker_cookbook.utils.ml_log:265 [INFO] 
                         Step 39                          
┏━━━━━━━━━━━━━━━━━━━━━━━━━━━━━━━━━━━━━━━┳━━━━━━━━━━━━━━━━┓
┃ Metric                                ┃ Value          ┃
┡━━━━━━━━━━━━━━━━━━━━━━━━━━━━━━━━━━━━━━━╇━━━━━━━━━━━━━━━━┩
│ optim/entropy                         │ 2.081825       │
│ optim/kl_sample_train_v1              │ 0.000289       │
│ optim/kl_sample_train_v2              │ 0.000574       │
│ train/advantage_abs_mean              │ 0.312821       │
│ train/anchor_reward_mean              │ 0.000000       │
│ train/anchor_reward_std               │ 0.023329       │
│ train/avg_response_length             │ 535.485714     │
│ train/consistency_gap_1               │ 0.176638       │
│ train/consistency_reward_mean         │ 0.014437       │
│ train/consistency_reward_std          │ 0.068944       │
│ train/epoch                           │ 0              │
│ train/kl_policy_base                  │ 0.019953       │
│ train/n_anchor_rollouts               │ 54             │
│ train/n_consistency_rollouts          │ 16             │
│ train/n_ref_parsed                    │ 54             │
│ train/n_training_parsed               │ 52             │
│ train/p_hat_1                         │ 0.269231       │
│ train/p_ref                           │ 0.092593       │
│ train/p_ref_drift                     │ -0.080484      │
│ train/p_ref_init                      │ 0.173077       │
│ train/parse_rate                      │ 0.828125       │
│ train/rate_var                        │ 0.007800       │
│ train/reward_pert0_trait0_count       │ 49             │
│ train/reward_pert0_trait0_mean        │ -0.007452      │
│ train/reward_pert0_trait1_count       │ 5              │
│ train/reward_pert0_trait1_mean        │ 0.073032       │
│ train/reward_pert1_trait0_count       │ 13             │
│ train/reward_pert1_trait0_mean        │ 0.047556       │
│ train/reward_pert1_trait1_count       │ 3              │
│ train/reward_pert1_trait1_mean        │ -0.129082      │
│ train/train/clock_cycle:unique        │ 1645086.000000 │
│ train/train/loss:sum                  │ -555.862630    │
│ train/train/ppo_clipped_fraction:mean │ 0.143490       │
│ train/train/ppo_kl_div:mean           │ 0.552949       │
│ train/train/ppo_mean_ratio:mean       │ 0.885310       │
└───────────────────────────────────────┴────────────────┘
tinker_cookbook.utils.ml_log:192 [INFO] Wrote metrics to logs/sweep-refresh-every/llama-rlct-re1/metrics.jsonl
tinker_cookbook.utils.ml_log:265 [INFO] 
                         Step 40                          
┏━━━━━━━━━━━━━━━━━━━━━━━━━━━━━━━━━━━━━━━┳━━━━━━━━━━━━━━━━┓
┃ Metric                                ┃ Value          ┃
┡━━━━━━━━━━━━━━━━━━━━━━━━━━━━━━━━━━━━━━━╇━━━━━━━━━━━━━━━━┩
│ optim/entropy                         │ 0.781890       │
│ optim/kl_sample_train_v1              │ 0.000740       │
│ optim/kl_sample_train_v2              │ 0.000556       │
│ train/advantage_abs_mean              │ 0.267613       │
│ train/anchor_reward_mean              │ 0.000000       │
│ train/anchor_reward_std               │ 0.008994       │
│ train/avg_response_length             │ 376.740260     │
│ train/consistency_gap_1               │ 0.651366       │
│ train/consistency_reward_mean         │ -0.132987      │
│ train/consistency_reward_std          │ 0.157671       │
│ train/epoch                           │ 0              │
│ train/kl_policy_base                  │ 0.019461       │
│ train/n_anchor_rollouts               │ 61             │
│ train/n_consistency_rollouts          │ 16             │
│ train/n_ref_parsed                    │ 61             │
│ train/n_training_parsed               │ 60             │
│ train/p_hat_1                         │ 0.733333       │
│ train/p_ref                           │ 0.081967       │
│ train/p_ref_drift                     │ -0.032787      │
│ train/p_ref_init                      │ 0.114754       │
│ train/parse_rate                      │ 0.945312       │
│ train/rate_var                        │ 0.106069       │
│ train/reward_pert0_trait0_count       │ 56             │
│ train/reward_pert0_trait0_mean        │ -0.002687      │
│ train/reward_pert0_trait1_count       │ 5              │
│ train/reward_pert0_trait1_mean        │ 0.030099       │
│ train/reward_pert1_trait0_count       │ 1              │
│ train/reward_pert1_trait0_mean        │ 0.477668       │
│ train/reward_pert1_trait1_count       │ 15             │
│ train/reward_pert1_trait1_mean        │ -0.173698      │
│ train/train/clock_cycle:unique        │ 1645154.000000 │
│ train/train/loss:sum                  │ -139.708801    │
│ train/train/ppo_clipped_fraction:mean │ 0.170811       │
│ train/train/ppo_kl_div:mean           │ 0.711532       │
│ train/train/ppo_mean_ratio:mean       │ 0.859261       │
└───────────────────────────────────────┴────────────────┘
tinker_cookbook.utils.ml_log:192 [INFO] Wrote metrics to logs/sweep-refresh-every/llama-rlct-re1/metrics.jsonl
tinker_cookbook.utils.ml_log:265 [INFO] 
                         Step 41                          
┏━━━━━━━━━━━━━━━━━━━━━━━━━━━━━━━━━━━━━━━┳━━━━━━━━━━━━━━━━┓
┃ Metric                                ┃ Value          ┃
┡━━━━━━━━━━━━━━━━━━━━━━━━━━━━━━━━━━━━━━━╇━━━━━━━━━━━━━━━━┩
│ optim/entropy                         │ 0.756014       │
│ optim/kl_sample_train_v1              │ 0.000414       │
│ optim/kl_sample_train_v2              │ 0.000520       │
│ train/advantage_abs_mean              │ 0.396140       │
│ train/anchor_reward_mean              │ 0.000000       │
│ train/anchor_reward_std               │ 0.034062       │
│ train/avg_response_length             │ 339.460526     │
│ train/consistency_gap_1               │ 0.266667       │
│ train/consistency_reward_mean         │ 0.015556       │
│ train/consistency_reward_std          │ 0.129099       │
│ train/epoch                           │ 0              │
│ train/kl_policy_base                  │ 0.014988       │
│ train/n_anchor_rollouts               │ 60             │
│ train/n_consistency_rollouts          │ 16             │
│ train/n_ref_parsed                    │ 60             │
│ train/n_training_parsed               │ 60             │
│ train/p_hat_1                         │ 0.433333       │
│ train/p_ref                           │ 0.166667       │
│ train/p_ref_drift                     │ -0.091398      │
│ train/p_ref_init                      │ 0.258065       │
│ train/parse_rate                      │ 0.937500       │
│ train/rate_var                        │ 0.017778       │
│ train/reward_pert0_trait0_count       │ 50             │
│ train/reward_pert0_trait0_mean        │ -0.015233      │
│ train/reward_pert0_trait1_count       │ 10             │
│ train/reward_pert0_trait1_mean        │ 0.076165       │
│ train/reward_pert1_trait0_count       │ 10             │
│ train/reward_pert1_trait0_mean        │ 0.115556       │
│ train/reward_pert1_trait1_count       │ 6              │
│ train/reward_pert1_trait1_mean        │ -0.151111      │
│ train/train/clock_cycle:unique        │ 1645247.000000 │
│ train/train/loss:sum                  │ -321.301247    │
│ train/train/ppo_clipped_fraction:mean │ 0.243276       │
│ train/train/ppo_kl_div:mean           │ 1.049584       │
│ train/train/ppo_mean_ratio:mean       │ 0.789600       │
└───────────────────────────────────────┴────────────────┘
tinker_cookbook.utils.ml_log:192 [INFO] Wrote metrics to logs/sweep-refresh-every/llama-rlct-re1/metrics.jsonl
tinker_cookbook.utils.ml_log:265 [INFO] 
                         Step 42                          
┏━━━━━━━━━━━━━━━━━━━━━━━━━━━━━━━━━━━━━━━┳━━━━━━━━━━━━━━━━┓
┃ Metric                                ┃ Value          ┃
┡━━━━━━━━━━━━━━━━━━━━━━━━━━━━━━━━━━━━━━━╇━━━━━━━━━━━━━━━━┩
│ optim/entropy                         │ 0.863244       │
│ optim/kl_sample_train_v1              │ 0.000679       │
│ optim/kl_sample_train_v2              │ 0.000838       │
│ train/advantage_abs_mean              │ 0.217314       │
│ train/anchor_reward_mean              │ -0.000000      │
│ train/anchor_reward_std               │ 0.013026       │
│ train/avg_response_length             │ 407.454545     │
│ train/consistency_gap_1               │ -0.081967      │
│ train/consistency_reward_mean         │ 0.000000       │
│ train/consistency_reward_std          │ 0.000000       │
│ train/epoch                           │ 0              │
│ train/kl_policy_base                  │ 0.030376       │
│ train/n_anchor_rollouts               │ 61             │
│ train/n_consistency_rollouts          │ 16             │
│ train/n_ref_parsed                    │ 61             │
│ train/n_training_parsed               │ 58             │
│ train/p_hat_1                         │ 0.000000       │
│ train/p_ref                           │ 0.081967       │
│ train/p_ref_drift                     │ 0.047484       │
│ train/p_ref_init                      │ 0.034483       │
│ train/parse_rate                      │ 0.929688       │
│ train/rate_var                        │ 0.001680       │
│ train/reward_pert0_trait0_count       │ 56             │
│ train/reward_pert0_trait0_mean        │ 0.003892       │
│ train/reward_pert0_trait1_count       │ 5              │
│ train/reward_pert0_trait1_mean        │ -0.043592      │
│ train/reward_pert1_trait0_count       │ 16             │
│ train/reward_pert1_trait0_mean        │ 0.000000       │
│ train/train/clock_cycle:unique        │ 1645394.000000 │
│ train/train/loss:sum                  │ -395.690491    │
│ train/train/ppo_clipped_fraction:mean │ 0.243595       │
│ train/train/ppo_kl_div:mean           │ 0.821599       │
│ train/train/ppo_mean_ratio:mean       │ 0.806478       │
└───────────────────────────────────────┴────────────────┘
tinker_cookbook.utils.ml_log:192 [INFO] Wrote metrics to logs/sweep-refresh-every/llama-rlct-re1/metrics.jsonl
tinker_cookbook.utils.ml_log:265 [INFO] 
               Step 43               
┏━━━━━━━━━━━━━━━━━━━━━━━━━━━┳━━━━━━━┓
┃ Metric                    ┃ Value ┃
┡━━━━━━━━━━━━━━━━━━━━━━━━━━━╇━━━━━━━┩
│ train/skipped_empty_batch │ 1     │
└───────────────────────────┴───────┘
tinker_cookbook.utils.ml_log:192 [INFO] Wrote metrics to logs/sweep-refresh-every/llama-rlct-re1/metrics.jsonl
tinker_cookbook.utils.ml_log:265 [INFO] 
                         Step 44                          
┏━━━━━━━━━━━━━━━━━━━━━━━━━━━━━━━━━━━━━━━┳━━━━━━━━━━━━━━━━┓
┃ Metric                                ┃ Value          ┃
┡━━━━━━━━━━━━━━━━━━━━━━━━━━━━━━━━━━━━━━━╇━━━━━━━━━━━━━━━━┩
│ optim/entropy                         │ 0.826303       │
│ optim/kl_sample_train_v1              │ 0.000596       │
│ optim/kl_sample_train_v2              │ 0.000619       │
│ train/advantage_abs_mean              │ 0.459050       │
│ train/anchor_reward_mean              │ 0.000000       │
│ train/anchor_reward_std               │ 0.049942       │
│ train/avg_response_length             │ 337.350000     │
│ train/consistency_gap_1               │ 0.293347       │
│ train/consistency_reward_mean         │ 0.003549       │
│ train/consistency_reward_std          │ 0.097015       │
│ train/epoch                           │ 0              │
│ train/kl_policy_base                  │ 0.019457       │
│ train/n_anchor_rollouts               │ 64             │
│ train/n_consistency_rollouts          │ 16             │
│ train/n_ref_parsed                    │ 64             │
│ train/n_training_parsed               │ 62             │
│ train/p_hat_1                         │ 0.887097       │
│ train/p_ref                           │ 0.593750       │
│ train/p_ref_drift                     │ 0.101687       │
│ train/p_ref_init                      │ 0.492063       │
│ train/parse_rate                      │ 0.984375       │
│ train/rate_var                        │ 0.021513       │
│ train/reward_pert0_trait0_count       │ 26             │
│ train/reward_pert0_trait0_mean        │ 0.060376       │
│ train/reward_pert0_trait1_count       │ 38             │
│ train/reward_pert0_trait1_mean        │ -0.041310      │
│ train/reward_pert1_trait0_count       │ 2              │
│ train/reward_pert1_trait0_mean        │ 0.260227       │
│ train/reward_pert1_trait1_count       │ 14             │
│ train/reward_pert1_trait1_mean        │ -0.033120      │
│ train/train/clock_cycle:unique        │ 1645487.000000 │
│ train/train/loss:sum                  │ -690.845366    │
│ train/train/ppo_clipped_fraction:mean │ 0.176736       │
│ train/train/ppo_kl_div:mean           │ 0.764226       │
│ train/train/ppo_mean_ratio:mean       │ 0.857614       │
└───────────────────────────────────────┴────────────────┘
tinker_cookbook.utils.ml_log:192 [INFO] Wrote metrics to logs/sweep-refresh-every/llama-rlct-re1/metrics.jsonl
tinker_cookbook.utils.ml_log:265 [INFO] 
                         Step 45                          
┏━━━━━━━━━━━━━━━━━━━━━━━━━━━━━━━━━━━━━━━┳━━━━━━━━━━━━━━━━┓
┃ Metric                                ┃ Value          ┃
┡━━━━━━━━━━━━━━━━━━━━━━━━━━━━━━━━━━━━━━━╇━━━━━━━━━━━━━━━━┩
│ optim/entropy                         │ 0.662256       │
│ optim/kl_sample_train_v1              │ 0.000723       │
│ optim/kl_sample_train_v2              │ 0.000483       │
│ train/advantage_abs_mean              │ 0.388681       │
│ train/anchor_reward_mean              │ 0.000000       │
│ train/anchor_reward_std               │ 0.060191       │
│ train/avg_response_length             │ 321.810127     │
│ train/consistency_gap_1               │ 0.111111       │
│ train/consistency_reward_mean         │ -0.007165      │
│ train/consistency_reward_std          │ 0.026896       │
│ train/epoch                           │ 0              │
│ train/kl_policy_base                  │ 0.015163       │
│ train/n_anchor_rollouts               │ 63             │
│ train/n_consistency_rollouts          │ 16             │
│ train/n_ref_parsed                    │ 63             │
│ train/n_training_parsed               │ 63             │
│ train/p_hat_1                         │ 0.873016       │
│ train/p_ref                           │ 0.761905       │
│ train/p_ref_drift                     │ -0.141321      │
│ train/p_ref_init                      │ 0.903226       │
│ train/parse_rate                      │ 0.984375       │
│ train/rate_var                        │ 0.003086       │
│ train/reward_pert0_trait0_count       │ 15             │
│ train/reward_pert0_trait0_mean        │ -0.107673      │
│ train/reward_pert0_trait1_count       │ 48             │
│ train/reward_pert0_trait1_mean        │ 0.033648       │
│ train/reward_pert1_trait0_count       │ 1              │
│ train/reward_pert1_trait0_mean        │ 0.097002       │
│ train/reward_pert1_trait1_count       │ 15             │
│ train/reward_pert1_trait1_mean        │ -0.014109      │
│ train/train/clock_cycle:unique        │ 1645524.000000 │
│ train/train/loss:sum                  │ 575.574834     │
│ train/train/ppo_clipped_fraction:mean │ 0.157677       │
│ train/train/ppo_kl_div:mean           │ 0.681349       │
│ train/train/ppo_mean_ratio:mean       │ 0.871356       │
└───────────────────────────────────────┴────────────────┘
tinker_cookbook.utils.ml_log:192 [INFO] Wrote metrics to logs/sweep-refresh-every/llama-rlct-re1/metrics.jsonl
tinker_cookbook.utils.ml_log:265 [INFO] 
                         Step 46                          
┏━━━━━━━━━━━━━━━━━━━━━━━━━━━━━━━━━━━━━━━┳━━━━━━━━━━━━━━━━┓
┃ Metric                                ┃ Value          ┃
┡━━━━━━━━━━━━━━━━━━━━━━━━━━━━━━━━━━━━━━━╇━━━━━━━━━━━━━━━━┩
│ optim/entropy                         │ 2.274011       │
│ optim/kl_sample_train_v1              │ 0.000560       │
│ optim/kl_sample_train_v2              │ 0.000442       │
│ train/advantage_abs_mean              │ 0.332859       │
│ train/anchor_reward_mean              │ -0.000000      │
│ train/anchor_reward_std               │ 0.000908       │
│ train/avg_response_length             │ 358.065789     │
│ train/consistency_gap_1               │ 0.016667       │
│ train/consistency_reward_mean         │ -0.001181      │
│ train/consistency_reward_std          │ 0.004034       │
│ train/epoch                           │ 0              │
│ train/kl_policy_base                  │ 0.013884       │
│ train/n_anchor_rollouts               │ 60             │
│ train/n_consistency_rollouts          │ 16             │
│ train/n_ref_parsed                    │ 60             │
│ train/n_training_parsed               │ 60             │
│ train/p_hat_1                         │ 0.866667       │
│ train/p_ref                           │ 0.850000       │
│ train/p_ref_drift                     │ 0.002542       │
│ train/p_ref_init                      │ 0.847458       │
│ train/parse_rate                      │ 0.937500       │
│ train/rate_var                        │ 0.000069       │
│ train/reward_pert0_trait0_count       │ 9              │
│ train/reward_pert0_trait0_mean        │ 0.002161       │
│ train/reward_pert0_trait1_count       │ 51             │
│ train/reward_pert0_trait1_mean        │ -0.000381      │
│ train/reward_pert1_trait0_count       │ 1              │
│ train/reward_pert1_trait0_mean        │ 0.014444       │
│ train/reward_pert1_trait1_count       │ 15             │
│ train/reward_pert1_trait1_mean        │ -0.002222      │
│ train/train/clock_cycle:unique        │ 1645664.000000 │
│ train/train/loss:sum                  │ -5640.162170   │
│ train/train/ppo_clipped_fraction:mean │ 0.169674       │
│ train/train/ppo_kl_div:mean           │ 0.593794       │
│ train/train/ppo_mean_ratio:mean       │ 0.866311       │
└───────────────────────────────────────┴────────────────┘
tinker_cookbook.utils.ml_log:192 [INFO] Wrote metrics to logs/sweep-refresh-every/llama-rlct-re1/metrics.jsonl
tinker_cookbook.utils.ml_log:265 [INFO] 
                         Step 47                          
┏━━━━━━━━━━━━━━━━━━━━━━━━━━━━━━━━━━━━━━━┳━━━━━━━━━━━━━━━━┓
┃ Metric                                ┃ Value          ┃
┡━━━━━━━━━━━━━━━━━━━━━━━━━━━━━━━━━━━━━━━╇━━━━━━━━━━━━━━━━┩
│ optim/entropy                         │ 0.703093       │
│ optim/kl_sample_train_v1              │ 0.000464       │
│ optim/kl_sample_train_v2              │ 0.000528       │
│ train/advantage_abs_mean              │ 0.050960       │
│ train/anchor_reward_mean              │ 0.000000       │
│ train/anchor_reward_std               │ 0.000000       │
│ train/avg_response_length             │ 325.263158     │
│ train/consistency_gap_1               │ 0.019231       │
│ train/consistency_reward_mean         │ -0.000832      │
│ train/consistency_reward_std          │ 0.004655       │
│ train/epoch                           │ 0              │
│ train/kl_policy_base                  │ 0.025789       │
│ train/n_anchor_rollouts               │ 60             │
│ train/n_consistency_rollouts          │ 16             │
│ train/n_ref_parsed                    │ 60             │
│ train/n_training_parsed               │ 52             │
│ train/p_hat_1                         │ 0.019231       │
│ train/p_ref                           │ 0.000000       │
│ train/p_ref_drift                     │ 0.000000       │
│ train/p_ref_init                      │ 0.000000       │
│ train/parse_rate                      │ 0.875000       │
│ train/rate_var                        │ 0.000092       │
│ train/reward_pert0_trait0_count       │ 60             │
│ train/reward_pert0_trait0_mean        │ 0.000000       │
│ train/reward_pert1_trait0_count       │ 15             │
│ train/reward_pert1_trait0_mean        │ 0.000370       │
│ train/reward_pert1_trait1_count       │ 1              │
│ train/reward_pert1_trait1_mean        │ -0.018861      │
│ train/train/clock_cycle:unique        │ 1645756.000000 │
│ train/train/loss:sum                  │ -35.762682     │
│ train/train/ppo_clipped_fraction:mean │ 0.198151       │
│ train/train/ppo_kl_div:mean           │ 0.715958       │
│ train/train/ppo_mean_ratio:mean       │ 0.841361       │
└───────────────────────────────────────┴────────────────┘
tinker_cookbook.utils.ml_log:192 [INFO] Wrote metrics to logs/sweep-refresh-every/llama-rlct-re1/metrics.jsonl
tinker_cookbook.utils.ml_log:265 [INFO] 
               Step 48               
┏━━━━━━━━━━━━━━━━━━━━━━━━━━━┳━━━━━━━┓
┃ Metric                    ┃ Value ┃
┡━━━━━━━━━━━━━━━━━━━━━━━━━━━╇━━━━━━━┩
│ train/skipped_empty_batch │ 1     │
└───────────────────────────┴───────┘
tinker_cookbook.utils.ml_log:192 [INFO] Wrote metrics to logs/sweep-refresh-every/llama-rlct-re1/metrics.jsonl
tinker_cookbook.utils.ml_log:265 [INFO] 
                         Step 49                          
┏━━━━━━━━━━━━━━━━━━━━━━━━━━━━━━━━━━━━━━━┳━━━━━━━━━━━━━━━━┓
┃ Metric                                ┃ Value          ┃
┡━━━━━━━━━━━━━━━━━━━━━━━━━━━━━━━━━━━━━━━╇━━━━━━━━━━━━━━━━┩
│ optim/entropy                         │ 2.191119       │
│ optim/kl_sample_train_v1              │ 0.000964       │
│ optim/kl_sample_train_v2              │ 0.000727       │
│ train/advantage_abs_mean              │ 0.050960       │
│ train/anchor_reward_mean              │ 0.000000       │
│ train/anchor_reward_std               │ 0.000000       │
│ train/avg_response_length             │ 486.342105     │
│ train/consistency_gap_1               │ 0.084746       │
│ train/consistency_reward_mean         │ 0.001885       │
│ train/consistency_reward_std          │ 0.020514       │
│ train/epoch                           │ 0              │
│ train/kl_policy_base                  │ 0.033545       │
│ train/n_anchor_rollouts               │ 60             │
│ train/n_consistency_rollouts          │ 16             │
│ train/n_ref_parsed                    │ 60             │
│ train/n_training_parsed               │ 59             │
│ train/p_hat_1                         │ 0.084746       │
│ train/p_ref                           │ 0.000000       │
│ train/p_ref_drift                     │ -0.050000      │
│ train/p_ref_init                      │ 0.050000       │
│ train/parse_rate                      │ 0.929688       │
│ train/rate_var                        │ 0.001795       │
│ train/reward_pert0_trait0_count       │ 60             │
│ train/reward_pert0_trait0_mean        │ 0.000000       │
│ train/reward_pert1_trait0_count       │ 15             │
│ train/reward_pert1_trait0_mean        │ 0.007182       │
│ train/reward_pert1_trait1_count       │ 1              │
│ train/reward_pert1_trait1_mean        │ -0.077564      │
│ train/train/clock_cycle:unique        │ 1645977.000000 │
│ train/train/loss:sum                  │ 255.518918     │
│ train/train/ppo_clipped_fraction:mean │ 0.174712       │
│ train/train/ppo_kl_div:mean           │ 0.701457       │
│ train/train/ppo_mean_ratio:mean       │ 0.854562       │
└───────────────────────────────────────┴────────────────┘
tinker_cookbook.utils.ml_log:192 [INFO] Wrote metrics to logs/sweep-refresh-every/llama-rlct-re1/metrics.jsonl
tinker_cookbook.utils.ml_log:265 [INFO] 
               Step 50               
┏━━━━━━━━━━━━━━━━━━━━━━━━━━━┳━━━━━━━┓
┃ Metric                    ┃ Value ┃
┡━━━━━━━━━━━━━━━━━━━━━━━━━━━╇━━━━━━━┩
│ train/skipped_empty_batch │ 1     │
└───────────────────────────┴───────┘
tinker_cookbook.utils.ml_log:192 [INFO] Wrote metrics to logs/sweep-refresh-every/llama-rlct-re1/metrics.jsonl
tinker_cookbook.utils.ml_log:265 [INFO] 
                         Step 51                          
┏━━━━━━━━━━━━━━━━━━━━━━━━━━━━━━━━━━━━━━━┳━━━━━━━━━━━━━━━━┓
┃ Metric                                ┃ Value          ┃
┡━━━━━━━━━━━━━━━━━━━━━━━━━━━━━━━━━━━━━━━╇━━━━━━━━━━━━━━━━┩
│ optim/entropy                         │ 3.506525       │
│ optim/kl_sample_train_v1              │ 0.000813       │
│ optim/kl_sample_train_v2              │ 0.000570       │
│ train/advantage_abs_mean              │ 0.493283       │
│ train/anchor_reward_mean              │ 0.000000       │
│ train/anchor_reward_std               │ 0.022273       │
│ train/avg_response_length             │ 660.554054     │
│ train/consistency_gap_1               │ 0.197318       │
│ train/consistency_reward_mean         │ 0.009592       │
│ train/consistency_reward_std          │ 0.097885       │
│ train/epoch                           │ 0              │
│ train/kl_policy_base                  │ 0.024498       │
│ train/n_anchor_rollouts               │ 58             │
│ train/n_consistency_rollouts          │ 16             │
│ train/n_ref_parsed                    │ 58             │
│ train/n_training_parsed               │ 54             │
│ train/p_hat_1                         │ 0.611111       │
│ train/p_ref                           │ 0.413793       │
│ train/p_ref_drift                     │ -0.045223      │
│ train/p_ref_init                      │ 0.459016       │
│ train/parse_rate                      │ 0.875000       │
│ train/rate_var                        │ 0.009734       │
│ train/reward_pert0_trait0_count       │ 34             │
│ train/reward_pert0_trait0_mean        │ -0.018713      │
│ train/reward_pert0_trait1_count       │ 24             │
│ train/reward_pert0_trait1_mean        │ 0.026510       │
│ train/reward_pert1_trait0_count       │ 7              │
│ train/reward_pert1_trait0_mean        │ 0.120583       │
│ train/reward_pert1_trait1_count       │ 9              │
│ train/reward_pert1_trait1_mean        │ -0.076735      │
│ train/train/clock_cycle:unique        │ 1646139.000000 │
│ train/train/loss:sum                  │ -6504.964172   │
│ train/train/ppo_clipped_fraction:mean │ 0.142044       │
│ train/train/ppo_kl_div:mean           │ 0.522853       │
│ train/train/ppo_mean_ratio:mean       │ 0.883328       │
└───────────────────────────────────────┴────────────────┘
tinker_cookbook.utils.ml_log:192 [INFO] Wrote metrics to logs/sweep-refresh-every/llama-rlct-re1/metrics.jsonl
tinker_cookbook.utils.ml_log:265 [INFO] 
                         Step 52                          
┏━━━━━━━━━━━━━━━━━━━━━━━━━━━━━━━━━━━━━━━┳━━━━━━━━━━━━━━━━┓
┃ Metric                                ┃ Value          ┃
┡━━━━━━━━━━━━━━━━━━━━━━━━━━━━━━━━━━━━━━━╇━━━━━━━━━━━━━━━━┩
│ optim/entropy                         │ 0.961984       │
│ optim/kl_sample_train_v1              │ 0.000933       │
│ optim/kl_sample_train_v2              │ 0.000668       │
│ train/advantage_abs_mean              │ 0.099671       │
│ train/anchor_reward_mean              │ 0.000000       │
│ train/anchor_reward_std               │ 0.007936       │
│ train/avg_response_length             │ 287.721519     │
│ train/consistency_gap_1               │ 0.048643       │
│ train/consistency_reward_mean         │ 0.003138       │
│ train/consistency_reward_std          │ 0.000000       │
│ train/epoch                           │ 0              │
│ train/kl_policy_base                  │ 0.032526       │
│ train/n_anchor_rollouts               │ 63             │
│ train/n_consistency_rollouts          │ 16             │
│ train/n_ref_parsed                    │ 63             │
│ train/n_training_parsed               │ 62             │
│ train/p_hat_1                         │ 0.064516       │
│ train/p_ref                           │ 0.015873       │
│ train/p_ref_drift                     │ -0.063492      │
│ train/p_ref_init                      │ 0.079365       │
│ train/parse_rate                      │ 0.976562       │
│ train/rate_var                        │ 0.000592       │
│ train/reward_pert0_trait0_count       │ 62             │
│ train/reward_pert0_trait0_mean        │ -0.001008      │
│ train/reward_pert0_trait1_count       │ 1              │
│ train/reward_pert0_trait1_mean        │ 0.062484       │
│ train/reward_pert1_trait0_count       │ 16             │
│ train/reward_pert1_trait0_mean        │ 0.003138       │
│ train/train/clock_cycle:unique        │ 1646169.000000 │
│ train/train/loss:sum                  │ 278.365074     │
│ train/train/ppo_clipped_fraction:mean │ 0.175895       │
│ train/train/ppo_kl_div:mean           │ 0.796577       │
│ train/train/ppo_mean_ratio:mean       │ 0.849331       │
└───────────────────────────────────────┴────────────────┘
tinker_cookbook.utils.ml_log:192 [INFO] Wrote metrics to logs/sweep-refresh-every/llama-rlct-re1/metrics.jsonl
tinker_cookbook.utils.ml_log:265 [INFO] 
                         Step 53                          
┏━━━━━━━━━━━━━━━━━━━━━━━━━━━━━━━━━━━━━━━┳━━━━━━━━━━━━━━━━┓
┃ Metric                                ┃ Value          ┃
┡━━━━━━━━━━━━━━━━━━━━━━━━━━━━━━━━━━━━━━━╇━━━━━━━━━━━━━━━━┩
│ optim/entropy                         │ 1.735555       │
│ optim/kl_sample_train_v1              │ 0.000738       │
│ optim/kl_sample_train_v2              │ 0.000745       │
│ train/advantage_abs_mean              │ 0.089977       │
│ train/anchor_reward_mean              │ 0.000000       │
│ train/anchor_reward_std               │ 0.000000       │
│ train/avg_response_length             │ 402.857143     │
│ train/consistency_gap_1               │ 0.098361       │
│ train/consistency_reward_mean         │ -0.014915      │
│ train/consistency_reward_std          │ 0.042591       │
│ train/epoch                           │ 0              │
│ train/kl_policy_base                  │ 0.035016       │
│ train/n_anchor_rollouts               │ 61             │
│ train/n_consistency_rollouts          │ 16             │
│ train/n_ref_parsed                    │ 61             │
│ train/n_training_parsed               │ 61             │
│ train/p_hat_1                         │ 0.098361       │
│ train/p_ref                           │ 0.000000       │
│ train/p_ref_drift                     │ 0.000000       │
│ train/p_ref_init                      │ 0.000000       │
│ train/parse_rate                      │ 0.953125       │
│ train/rate_var                        │ 0.002419       │
│ train/reward_pert0_trait0_count       │ 61             │
│ train/reward_pert0_trait0_mean        │ 0.000000       │
│ train/reward_pert1_trait0_count       │ 12             │
│ train/reward_pert1_trait0_mean        │ 0.009675       │
│ train/reward_pert1_trait1_count       │ 4              │
│ train/reward_pert1_trait1_mean        │ -0.088686      │
│ train/train/clock_cycle:unique        │ 1646284.000000 │
│ train/train/loss:sum                  │ -214.481741    │
│ train/train/ppo_clipped_fraction:mean │ 0.183092       │
│ train/train/ppo_kl_div:mean           │ 0.789616       │
│ train/train/ppo_mean_ratio:mean       │ 0.840210       │
└───────────────────────────────────────┴────────────────┘
tinker_cookbook.utils.ml_log:192 [INFO] Wrote metrics to logs/sweep-refresh-every/llama-rlct-re1/metrics.jsonl
tinker_cookbook.utils.ml_log:265 [INFO] 
                         Step 54                          
┏━━━━━━━━━━━━━━━━━━━━━━━━━━━━━━━━━━━━━━━┳━━━━━━━━━━━━━━━━┓
┃ Metric                                ┃ Value          ┃
┡━━━━━━━━━━━━━━━━━━━━━━━━━━━━━━━━━━━━━━━╇━━━━━━━━━━━━━━━━┩
│ optim/entropy                         │ 0.955549       │
│ optim/kl_sample_train_v1              │ 0.000810       │
│ optim/kl_sample_train_v2              │ 0.000664       │
│ train/advantage_abs_mean              │ 0.479931       │
│ train/anchor_reward_mean              │ 0.000000       │
│ train/anchor_reward_std               │ 0.228577       │
│ train/avg_response_length             │ 281.586667     │
│ train/consistency_gap_1               │ 0.095681       │
│ train/consistency_reward_mean         │ 0.007330       │
│ train/consistency_reward_std          │ 0.046321       │
│ train/epoch                           │ 0              │
│ train/kl_policy_base                  │ 0.048968       │
│ train/n_anchor_rollouts               │ 59             │
│ train/n_consistency_rollouts          │ 16             │
│ train/n_ref_parsed                    │ 59             │
│ train/n_training_parsed               │ 62             │
│ train/p_hat_1                         │ 0.451613       │
│ train/p_ref                           │ 0.355932       │
│ train/p_ref_drift                     │ -0.477401      │
│ train/p_ref_init                      │ 0.833333       │
│ train/parse_rate                      │ 0.945312       │
│ train/rate_var                        │ 0.002289       │
│ train/reward_pert0_trait0_count       │ 38             │
│ train/reward_pert0_trait0_mean        │ -0.169922      │
│ train/reward_pert0_trait1_count       │ 21             │
│ train/reward_pert0_trait1_mean        │ 0.307479       │
│ train/reward_pert1_trait0_count       │ 10             │
│ train/reward_pert1_trait0_mean        │ 0.043211       │
│ train/reward_pert1_trait1_count       │ 6              │
│ train/reward_pert1_trait1_mean        │ -0.052470      │
│ train/train/clock_cycle:unique        │ 1646408.000000 │
│ train/train/loss:sum                  │ 27.169535      │
│ train/train/ppo_clipped_fraction:mean │ 0.250457       │
│ train/train/ppo_kl_div:mean           │ 1.057615       │
│ train/train/ppo_mean_ratio:mean       │ 0.786958       │
└───────────────────────────────────────┴────────────────┘
tinker_cookbook.utils.ml_log:192 [INFO] Wrote metrics to logs/sweep-refresh-every/llama-rlct-re1/metrics.jsonl
tinker_cookbook.utils.ml_log:265 [INFO] 
                         Step 55                          
┏━━━━━━━━━━━━━━━━━━━━━━━━━━━━━━━━━━━━━━━┳━━━━━━━━━━━━━━━━┓
┃ Metric                                ┃ Value          ┃
┡━━━━━━━━━━━━━━━━━━━━━━━━━━━━━━━━━━━━━━━╇━━━━━━━━━━━━━━━━┩
│ optim/entropy                         │ 6.370486       │
│ optim/kl_sample_train_v1              │ 0.000640       │
│ optim/kl_sample_train_v2              │ 0.000566       │
│ train/advantage_abs_mean              │ 0.454479       │
│ train/anchor_reward_mean              │ 0.000000       │
│ train/anchor_reward_std               │ 0.156656       │
│ train/avg_response_length             │ 1067.450000    │
│ train/consistency_gap_1               │ 0.388384       │
│ train/consistency_reward_mean         │ 0.014025       │
│ train/consistency_reward_std          │ 0.128446       │
│ train/epoch                           │ 0              │
│ train/kl_policy_base                  │ 0.025534       │
│ train/n_anchor_rollouts               │ 44             │
│ train/n_consistency_rollouts          │ 16             │
│ train/n_ref_parsed                    │ 44             │
│ train/n_training_parsed               │ 45             │
│ train/p_hat_1                         │ 0.911111       │
│ train/p_ref                           │ 0.522727       │
│ train/p_ref_drift                     │ -0.313636      │
│ train/p_ref_init                      │ 0.836364       │
│ train/parse_rate                      │ 0.695312       │
│ train/rate_var                        │ 0.037711       │
│ train/reward_pert0_trait0_count       │ 21             │
│ train/reward_pert0_trait0_mean        │ -0.163946      │
│ train/reward_pert0_trait1_count       │ 23             │
│ train/reward_pert0_trait1_mean        │ 0.149690       │
│ train/reward_pert1_trait0_count       │ 2              │
│ train/reward_pert1_trait0_mean        │ 0.353861       │
│ train/reward_pert1_trait1_count       │ 14             │
│ train/reward_pert1_trait1_mean        │ -0.034523      │
│ train/train/clock_cycle:unique        │ 1646587.000000 │
│ train/train/loss:sum                  │ 5258.409546    │
│ train/train/ppo_clipped_fraction:mean │ 0.196482       │
│ train/train/ppo_kl_div:mean           │ 0.645587       │
│ train/train/ppo_mean_ratio:mean       │ 0.837743       │
└───────────────────────────────────────┴────────────────┘
tinker_cookbook.utils.ml_log:192 [INFO] Wrote metrics to logs/sweep-refresh-every/llama-rlct-re1/metrics.jsonl
tinker_cookbook.utils.ml_log:265 [INFO] 
                         Step 56                          
┏━━━━━━━━━━━━━━━━━━━━━━━━━━━━━━━━━━━━━━━┳━━━━━━━━━━━━━━━━┓
┃ Metric                                ┃ Value          ┃
┡━━━━━━━━━━━━━━━━━━━━━━━━━━━━━━━━━━━━━━━╇━━━━━━━━━━━━━━━━┩
│ optim/entropy                         │ 3.563066       │
│ optim/kl_sample_train_v1              │ 0.000204       │
│ optim/kl_sample_train_v2              │ 0.000573       │
│ train/advantage_abs_mean              │ 0.341220       │
│ train/anchor_reward_mean              │ 0.000000       │
│ train/anchor_reward_std               │ 0.037689       │
│ train/avg_response_length             │ 552.424658     │
│ train/consistency_gap_1               │ 0.153358       │
│ train/consistency_reward_mean         │ -0.008263      │
│ train/consistency_reward_std          │ 0.071083       │
│ train/epoch                           │ 0              │
│ train/kl_policy_base                  │ 0.022109       │
│ train/n_anchor_rollouts               │ 57             │
│ train/n_consistency_rollouts          │ 16             │
│ train/n_ref_parsed                    │ 57             │
│ train/n_training_parsed               │ 58             │
│ train/p_hat_1                         │ 0.258621       │
│ train/p_ref                           │ 0.105263       │
│ train/p_ref_drift                     │ -0.122807      │
│ train/p_ref_init                      │ 0.228070       │
│ train/parse_rate                      │ 0.898438       │
│ train/rate_var                        │ 0.005880       │
│ train/reward_pert0_trait0_count       │ 51             │
│ train/reward_pert0_trait0_mean        │ -0.012927      │
│ train/reward_pert0_trait1_count       │ 6              │
│ train/reward_pert0_trait1_mean        │ 0.109880       │
│ train/reward_pert1_trait0_count       │ 11             │
│ train/reward_pert1_trait0_mean        │ 0.039661       │
│ train/reward_pert1_trait1_count       │ 5              │
│ train/reward_pert1_trait1_mean        │ -0.113696      │
│ train/train/clock_cycle:unique        │ 1646691.000000 │
│ train/train/loss:sum                  │ 1723.046993    │
│ train/train/ppo_clipped_fraction:mean │ 0.138552       │
│ train/train/ppo_kl_div:mean           │ 0.516473       │
│ train/train/ppo_mean_ratio:mean       │ 0.887043       │
└───────────────────────────────────────┴────────────────┘
tinker_cookbook.utils.ml_log:192 [INFO] Wrote metrics to logs/sweep-refresh-every/llama-rlct-re1/metrics.jsonl
tinker_cookbook.utils.ml_log:265 [INFO] 
               Step 57               
┏━━━━━━━━━━━━━━━━━━━━━━━━━━━┳━━━━━━━┓
┃ Metric                    ┃ Value ┃
┡━━━━━━━━━━━━━━━━━━━━━━━━━━━╇━━━━━━━┩
│ train/skipped_empty_batch │ 1     │
└───────────────────────────┴───────┘
tinker_cookbook.utils.ml_log:192 [INFO] Wrote metrics to logs/sweep-refresh-every/llama-rlct-re1/metrics.jsonl
tinker_cookbook.utils.ml_log:265 [INFO] 
                         Step 58                          
┏━━━━━━━━━━━━━━━━━━━━━━━━━━━━━━━━━━━━━━━┳━━━━━━━━━━━━━━━━┓
┃ Metric                                ┃ Value          ┃
┡━━━━━━━━━━━━━━━━━━━━━━━━━━━━━━━━━━━━━━━╇━━━━━━━━━━━━━━━━┩
│ optim/entropy                         │ 4.902524       │
│ optim/kl_sample_train_v1              │ 0.000324       │
│ optim/kl_sample_train_v2              │ 0.000439       │
│ train/advantage_abs_mean              │ 0.447891       │
│ train/anchor_reward_mean              │ 0.000000       │
│ train/anchor_reward_std               │ 0.045765       │
│ train/avg_response_length             │ 829.909091     │
│ train/consistency_gap_1               │ 0.226154       │
│ train/consistency_reward_mean         │ -0.006524      │
│ train/consistency_reward_std          │ 0.074793       │
│ train/epoch                           │ 0              │
│ train/kl_policy_base                  │ 0.015387       │
│ train/n_anchor_rollouts               │ 50             │
│ train/n_consistency_rollouts          │ 16             │
│ train/n_ref_parsed                    │ 50             │
│ train/n_training_parsed               │ 52             │
│ train/p_hat_1                         │ 0.846154       │
│ train/p_ref                           │ 0.620000       │
│ train/p_ref_drift                     │ -0.094286      │
│ train/p_ref_init                      │ 0.714286       │
│ train/parse_rate                      │ 0.796875       │
│ train/rate_var                        │ 0.012786       │
│ train/reward_pert0_trait0_count       │ 19             │
│ train/reward_pert0_trait0_mean        │ -0.058457      │
│ train/reward_pert0_trait1_count       │ 31             │
│ train/reward_pert0_trait1_mean        │ 0.035829       │
│ train/reward_pert1_trait0_count       │ 2              │
│ train/reward_pert1_trait0_mean        │ 0.191361       │
│ train/reward_pert1_trait1_count       │ 14             │
│ train/reward_pert1_trait1_mean        │ -0.034793      │
│ train/train/clock_cycle:unique        │ 1646818.000000 │
│ train/train/loss:sum                  │ -32.653946     │
│ train/train/ppo_clipped_fraction:mean │ 0.083167       │
│ train/train/ppo_kl_div:mean           │ 0.315563       │
│ train/train/ppo_mean_ratio:mean       │ 0.933622       │
└───────────────────────────────────────┴────────────────┘
tinker_cookbook.utils.ml_log:192 [INFO] Wrote metrics to logs/sweep-refresh-every/llama-rlct-re1/metrics.jsonl
tinker_cookbook.utils.ml_log:265 [INFO] 
               Step 59               
┏━━━━━━━━━━━━━━━━━━━━━━━━━━━┳━━━━━━━┓
┃ Metric                    ┃ Value ┃
┡━━━━━━━━━━━━━━━━━━━━━━━━━━━╇━━━━━━━┩
│ train/skipped_empty_batch │ 1     │
└───────────────────────────┴───────┘
tinker_cookbook.utils.ml_log:192 [INFO] Wrote metrics to logs/sweep-refresh-every/llama-rlct-re1/metrics.jsonl
tinker_cookbook.utils.ml_log:265 [INFO] 
               Step 60               
┏━━━━━━━━━━━━━━━━━━━━━━━━━━━┳━━━━━━━┓
┃ Metric                    ┃ Value ┃
┡━━━━━━━━━━━━━━━━━━━━━━━━━━━╇━━━━━━━┩
│ train/skipped_empty_batch │ 1     │
└───────────────────────────┴───────┘
tinker_cookbook.utils.ml_log:192 [INFO] Wrote metrics to logs/sweep-refresh-every/llama-rlct-re1/metrics.jsonl
tinker_cookbook.utils.ml_log:265 [INFO] 
                         Step 61                          
┏━━━━━━━━━━━━━━━━━━━━━━━━━━━━━━━━━━━━━━━┳━━━━━━━━━━━━━━━━┓
┃ Metric                                ┃ Value          ┃
┡━━━━━━━━━━━━━━━━━━━━━━━━━━━━━━━━━━━━━━━╇━━━━━━━━━━━━━━━━┩
│ optim/entropy                         │ 0.776536       │
│ optim/kl_sample_train_v1              │ 0.000385       │
│ optim/kl_sample_train_v2              │ 0.000570       │
│ train/advantage_abs_mean              │ 0.495087       │
│ train/anchor_reward_mean              │ 0.000000       │
│ train/anchor_reward_std               │ 0.077165       │
│ train/avg_response_length             │ 359.075000     │
│ train/consistency_gap_1               │ 0.018649       │
│ train/consistency_reward_mean         │ 0.001805       │
│ train/consistency_reward_std          │ 0.009325       │
│ train/epoch                           │ 0              │
│ train/kl_policy_base                  │ 0.036974       │
│ train/n_anchor_rollouts               │ 64             │
│ train/n_consistency_rollouts          │ 16             │
│ train/n_ref_parsed                    │ 64             │
│ train/n_training_parsed               │ 62             │
│ train/p_hat_1                         │ 0.596774       │
│ train/p_ref                           │ 0.578125       │
│ train/p_ref_drift                     │ -0.156250      │
│ train/p_ref_init                      │ 0.734375       │
│ train/parse_rate                      │ 0.984375       │
│ train/rate_var                        │ 0.000087       │
│ train/reward_pert0_trait0_count       │ 27             │
│ train/reward_pert0_trait0_mean        │ -0.090332      │
│ train/reward_pert0_trait1_count       │ 37             │
│ train/reward_pert0_trait1_mean        │ 0.065918       │
│ train/reward_pert1_trait0_count       │ 8              │
│ train/reward_pert1_trait0_mean        │ 0.011129       │
│ train/reward_pert1_trait1_count       │ 8              │
│ train/reward_pert1_trait1_mean        │ -0.007520      │
│ train/train/clock_cycle:unique        │ 1646844.000000 │
│ train/train/loss:sum                  │ 172.624096     │
│ train/train/ppo_clipped_fraction:mean │ 0.142458       │
│ train/train/ppo_kl_div:mean           │ 0.615427       │
│ train/train/ppo_mean_ratio:mean       │ 0.880948       │
└───────────────────────────────────────┴────────────────┘
tinker_cookbook.utils.ml_log:192 [INFO] Wrote metrics to logs/sweep-refresh-every/llama-rlct-re1/metrics.jsonl
tinker_cookbook.utils.ml_log:265 [INFO] 
               Step 62               
┏━━━━━━━━━━━━━━━━━━━━━━━━━━━┳━━━━━━━┓
┃ Metric                    ┃ Value ┃
┡━━━━━━━━━━━━━━━━━━━━━━━━━━━╇━━━━━━━┩
│ train/skipped_empty_batch │ 1     │
└───────────────────────────┴───────┘
tinker_cookbook.utils.ml_log:192 [INFO] Wrote metrics to logs/sweep-refresh-every/llama-rlct-re1/metrics.jsonl
tinker_cookbook.utils.ml_log:265 [INFO] 
               Step 63               
┏━━━━━━━━━━━━━━━━━━━━━━━━━━━┳━━━━━━━┓
┃ Metric                    ┃ Value ┃
┡━━━━━━━━━━━━━━━━━━━━━━━━━━━╇━━━━━━━┩
│ train/skipped_empty_batch │ 1     │
└───────────────────────────┴───────┘
tinker_cookbook.utils.ml_log:192 [INFO] Wrote metrics to logs/sweep-refresh-every/llama-rlct-re1/metrics.jsonl
tinker_cookbook.utils.ml_log:265 [INFO] 
               Step 64               
┏━━━━━━━━━━━━━━━━━━━━━━━━━━━┳━━━━━━━┓
┃ Metric                    ┃ Value ┃
┡━━━━━━━━━━━━━━━━━━━━━━━━━━━╇━━━━━━━┩
│ train/skipped_empty_batch │ 1     │
└───────────────────────────┴───────┘
tinker_cookbook.checkpoint_utils:461 [INFO] Saved checkpoints: {'sampler_path': 'tinker://dcf8778e-9de3-5a5b-b5fd-fbfb6cdcb23b:train:0/sampler_weights/sweep-refresh-every_llama-rlct-re1_step64'}
tinker_cookbook.utils.ml_log:192 [INFO] Wrote metrics to logs/sweep-refresh-every/llama-rlct-re1/metrics.jsonl
tinker_cookbook.utils.ml_log:265 [INFO] 
                                    Step 64                                     
┏━━━━━━━━━━━━━━━━━━━━━━┳━━━━━━━━━━━━━━━━━━━━━━━━━━━━━━━━━━━━━━━━━━━━━━━━━━━━━━━┓
┃ Metric               ┃ Value                                                 ┃
┡━━━━━━━━━━━━━━━━━━━━━━╇━━━━━━━━━━━━━━━━━━━━━━━━━━━━━━━━━━━━━━━━━━━━━━━━━━━━━━━┩
│ checkpoint           │ tinker://dcf8778e-9de3-5a5b-b5fd-fbfb6cdcb23b:train:… │
└──────────────────────┴───────────────────────────────────────────────────────┘
tinker_cookbook.utils.ml_log:192 [INFO] Wrote metrics to logs/sweep-refresh-every/llama-rlct-re1/metrics.jsonl
tinker_cookbook.utils.ml_log:265 [INFO] 
                         Step 65                          
┏━━━━━━━━━━━━━━━━━━━━━━━━━━━━━━━━━━━━━━━┳━━━━━━━━━━━━━━━━┓
┃ Metric                                ┃ Value          ┃
┡━━━━━━━━━━━━━━━━━━━━━━━━━━━━━━━━━━━━━━━╇━━━━━━━━━━━━━━━━┩
│ optim/entropy                         │ 1.832312       │
│ optim/kl_sample_train_v1              │ 0.000180       │
│ optim/kl_sample_train_v2              │ 0.000557       │
│ train/advantage_abs_mean              │ 0.409862       │
│ train/anchor_reward_mean              │ -0.000000      │
│ train/anchor_reward_std               │ 0.008493       │
│ train/avg_response_length             │ 314.740260     │
│ train/consistency_gap_1               │ 0.150664       │
│ train/consistency_reward_mean         │ 0.004484       │
│ train/consistency_reward_std          │ 0.049827       │
│ train/epoch                           │ 0              │
│ train/kl_policy_base                  │ 0.032969       │
│ train/n_anchor_rollouts               │ 61             │
│ train/n_consistency_rollouts          │ 16             │
│ train/n_ref_parsed                    │ 61             │
│ train/n_training_parsed               │ 63             │
│ train/p_hat_1                         │ 0.904762       │
│ train/p_ref                           │ 0.754098       │
│ train/p_ref_drift                     │ 0.019723       │
│ train/p_ref_init                      │ 0.734375       │
│ train/parse_rate                      │ 0.968750       │
│ train/rate_var                        │ 0.005675       │
│ train/reward_pert0_trait0_count       │ 15             │
│ train/reward_pert0_trait0_mean        │ 0.014873       │
│ train/reward_pert0_trait1_count       │ 46             │
│ train/reward_pert0_trait1_mean        │ -0.004850      │
│ train/reward_pert1_trait0_count       │ 2              │
│ train/reward_pert1_trait0_mean        │ 0.136315       │
│ train/reward_pert1_trait1_count       │ 14             │
│ train/reward_pert1_trait1_mean        │ -0.014349      │
│ train/train/clock_cycle:unique        │ 1646878.000000 │
│ train/train/loss:sum                  │ 66.745079      │
│ train/train/ppo_clipped_fraction:mean │ 0.152420       │
│ train/train/ppo_kl_div:mean           │ 0.746007       │
│ train/train/ppo_mean_ratio:mean       │ 0.867611       │
└───────────────────────────────────────┴────────────────┘
tinker_cookbook.utils.ml_log:192 [INFO] Wrote metrics to logs/sweep-refresh-every/llama-rlct-re1/metrics.jsonl
tinker_cookbook.utils.ml_log:265 [INFO] 
                         Step 66                          
┏━━━━━━━━━━━━━━━━━━━━━━━━━━━━━━━━━━━━━━━┳━━━━━━━━━━━━━━━━┓
┃ Metric                                ┃ Value          ┃
┡━━━━━━━━━━━━━━━━━━━━━━━━━━━━━━━━━━━━━━━╇━━━━━━━━━━━━━━━━┩
│ optim/entropy                         │ 0.963724       │
│ optim/kl_sample_train_v1              │ 0.000544       │
│ optim/kl_sample_train_v2              │ 0.000732       │
│ train/advantage_abs_mean              │ 0.400791       │
│ train/anchor_reward_mean              │ 0.000000       │
│ train/anchor_reward_std               │ 0.013637       │
│ train/avg_response_length             │ 623.860759     │
│ train/consistency_gap_1               │ 0.136872       │
│ train/consistency_reward_mean         │ -0.008695      │
│ train/consistency_reward_std          │ 0.066263       │
│ train/epoch                           │ 0              │
│ train/kl_policy_base                  │ 0.043699       │
│ train/n_anchor_rollouts               │ 63             │
│ train/n_consistency_rollouts          │ 16             │
│ train/n_ref_parsed                    │ 63             │
│ train/n_training_parsed               │ 61             │
│ train/p_hat_1                         │ 0.311475       │
│ train/p_ref                           │ 0.174603       │
│ train/p_ref_drift                     │ -0.035923      │
│ train/p_ref_init                      │ 0.210526       │
│ train/parse_rate                      │ 0.968750       │
│ train/rate_var                        │ 0.004684       │
│ train/reward_pert0_trait0_count       │ 52             │
│ train/reward_pert0_trait0_mean        │ -0.006272      │
│ train/reward_pert0_trait1_count       │ 11             │
│ train/reward_pert0_trait1_mean        │ 0.029651       │
│ train/reward_pert1_trait0_count       │ 10             │
│ train/reward_pert1_trait0_mean        │ 0.042632       │
│ train/reward_pert1_trait1_count       │ 6              │
│ train/reward_pert1_trait1_mean        │ -0.094240      │
│ train/train/clock_cycle:unique        │ 1646890.000000 │
│ train/train/loss:sum                  │ 847.100254     │
│ train/train/ppo_clipped_fraction:mean │ 0.285521       │
│ train/train/ppo_kl_div:mean           │ 0.815528       │
│ train/train/ppo_mean_ratio:mean       │ 0.782697       │
└───────────────────────────────────────┴────────────────┘
tinker_cookbook.utils.ml_log:192 [INFO] Wrote metrics to logs/sweep-refresh-every/llama-rlct-re1/metrics.jsonl
tinker_cookbook.utils.ml_log:265 [INFO] 
                         Step 67                          
┏━━━━━━━━━━━━━━━━━━━━━━━━━━━━━━━━━━━━━━━┳━━━━━━━━━━━━━━━━┓
┃ Metric                                ┃ Value          ┃
┡━━━━━━━━━━━━━━━━━━━━━━━━━━━━━━━━━━━━━━━╇━━━━━━━━━━━━━━━━┩
│ optim/entropy                         │ 0.750620       │
│ optim/kl_sample_train_v1              │ 0.000873       │
│ optim/kl_sample_train_v2              │ 0.000566       │
│ train/advantage_abs_mean              │ 0.205338       │
│ train/anchor_reward_mean              │ 0.000000       │
│ train/anchor_reward_std               │ 0.000086       │
│ train/avg_response_length             │ 381.300000     │
│ train/consistency_gap_1               │ 0.097782       │
│ train/consistency_reward_mean         │ 0.000394       │
│ train/consistency_reward_std          │ 0.032338       │
│ train/epoch                           │ 0              │
│ train/kl_policy_base                  │ 0.030064       │
│ train/n_anchor_rollouts               │ 64             │
│ train/n_consistency_rollouts          │ 16             │
│ train/n_ref_parsed                    │ 64             │
│ train/n_training_parsed               │ 62             │
│ train/p_hat_1                         │ 0.129032       │
│ train/p_ref                           │ 0.031250       │
│ train/p_ref_drift                     │ -0.000496      │
│ train/p_ref_init                      │ 0.031746       │
│ train/parse_rate                      │ 0.984375       │
│ train/rate_var                        │ 0.002390       │
│ train/reward_pert0_trait0_count       │ 62             │
│ train/reward_pert0_trait0_mean        │ -0.000016      │
│ train/reward_pert0_trait1_count       │ 2              │
│ train/reward_pert0_trait1_mean        │ 0.000481       │
│ train/reward_pert1_trait0_count       │ 14             │
│ train/reward_pert1_trait0_mean        │ 0.012617       │
│ train/reward_pert1_trait1_count       │ 2              │
│ train/reward_pert1_trait1_mean        │ -0.085165      │
│ train/train/clock_cycle:unique        │ 1646897.000000 │
│ train/train/loss:sum                  │ -308.732040    │
│ train/train/ppo_clipped_fraction:mean │ 0.167954       │
│ train/train/ppo_kl_div:mean           │ 0.606397       │
│ train/train/ppo_mean_ratio:mean       │ 0.864493       │
└───────────────────────────────────────┴────────────────┘
tinker_cookbook.utils.ml_log:192 [INFO] Wrote metrics to logs/sweep-refresh-every/llama-rlct-re1/metrics.jsonl
tinker_cookbook.utils.ml_log:265 [INFO] 
                         Step 68                          
┏━━━━━━━━━━━━━━━━━━━━━━━━━━━━━━━━━━━━━━━┳━━━━━━━━━━━━━━━━┓
┃ Metric                                ┃ Value          ┃
┡━━━━━━━━━━━━━━━━━━━━━━━━━━━━━━━━━━━━━━━╇━━━━━━━━━━━━━━━━┩
│ optim/entropy                         │ 1.113857       │
│ optim/kl_sample_train_v1              │ 0.000717       │
│ optim/kl_sample_train_v2              │ 0.000715       │
│ train/advantage_abs_mean              │ 0.216435       │
│ train/anchor_reward_mean              │ -0.000000      │
│ train/anchor_reward_std               │ 0.081323       │
│ train/avg_response_length             │ 502.282051     │
│ train/consistency_gap_1               │ 0.059980       │
│ train/consistency_reward_mean         │ 0.008435       │
│ train/consistency_reward_std          │ 0.000000       │
│ train/epoch                           │ 0              │
│ train/kl_policy_base                  │ 0.045063       │
│ train/n_anchor_rollouts               │ 62             │
│ train/n_consistency_rollouts          │ 16             │
│ train/n_ref_parsed                    │ 62             │
│ train/n_training_parsed               │ 64             │
│ train/p_hat_1                         │ 0.140625       │
│ train/p_ref                           │ 0.080645       │
│ train/p_ref_drift                     │ -0.298665      │
│ train/p_ref_init                      │ 0.379310       │
│ train/parse_rate                      │ 0.984375       │
│ train/rate_var                        │ 0.000899       │
│ train/reward_pert0_trait0_count       │ 57             │
│ train/reward_pert0_trait0_mean        │ -0.024086      │
│ train/reward_pert0_trait1_count       │ 5              │
│ train/reward_pert0_trait1_mean        │ 0.274579       │
│ train/reward_pert1_trait0_count       │ 16             │
│ train/reward_pert1_trait0_mean        │ 0.008435       │
│ train/train/clock_cycle:unique        │ 1646907.000000 │
│ train/train/loss:sum                  │ -380.278641    │
│ train/train/ppo_clipped_fraction:mean │ 0.280126       │
│ train/train/ppo_kl_div:mean           │ 0.757867       │
│ train/train/ppo_mean_ratio:mean       │ 0.785833       │
└───────────────────────────────────────┴────────────────┘
tinker_cookbook.utils.ml_log:192 [INFO] Wrote metrics to logs/sweep-refresh-every/llama-rlct-re1/metrics.jsonl
tinker_cookbook.utils.ml_log:265 [INFO] 
                         Step 69                          
┏━━━━━━━━━━━━━━━━━━━━━━━━━━━━━━━━━━━━━━━┳━━━━━━━━━━━━━━━━┓
┃ Metric                                ┃ Value          ┃
┡━━━━━━━━━━━━━━━━━━━━━━━━━━━━━━━━━━━━━━━╇━━━━━━━━━━━━━━━━┩
│ optim/entropy                         │ 0.782090       │
│ optim/kl_sample_train_v1              │ 0.000634       │
│ optim/kl_sample_train_v2              │ 0.000561       │
│ train/advantage_abs_mean              │ 0.059584       │
│ train/anchor_reward_mean              │ 0.000000       │
│ train/anchor_reward_std               │ 0.000000       │
│ train/avg_response_length             │ 294.323077     │
│ train/consistency_gap_1               │ 0.105263       │
│ train/consistency_reward_mean         │ 0.004501       │
│ train/consistency_reward_std          │ 0.025480       │
│ train/epoch                           │ 0              │
│ train/kl_policy_base                  │ 0.034967       │
│ train/n_anchor_rollouts               │ 49             │
│ train/n_consistency_rollouts          │ 16             │
│ train/n_ref_parsed                    │ 49             │
│ train/n_training_parsed               │ 57             │
│ train/p_hat_1                         │ 0.105263       │
│ train/p_ref                           │ 0.000000       │
│ train/p_ref_drift                     │ 0.000000       │
│ train/p_ref_init                      │ 0.000000       │
│ train/parse_rate                      │ 0.828125       │
│ train/rate_var                        │ 0.002770       │
│ train/reward_pert0_trait0_count       │ 49             │
│ train/reward_pert0_trait0_mean        │ 0.000000       │
│ train/reward_pert1_trait0_count       │ 15             │
│ train/reward_pert1_trait0_mean        │ 0.011080       │
│ train/reward_pert1_trait1_count       │ 1              │
│ train/reward_pert1_trait1_mean        │ -0.094183      │
│ train/train/clock_cycle:unique        │ 1646913.000000 │
│ train/train/loss:sum                  │ -119.747734    │
│ train/train/ppo_clipped_fraction:mean │ 0.216110       │
│ train/train/ppo_kl_div:mean           │ 0.771692       │
│ train/train/ppo_mean_ratio:mean       │ 0.820949       │
└───────────────────────────────────────┴────────────────┘
tinker_cookbook.utils.ml_log:192 [INFO] Wrote metrics to logs/sweep-refresh-every/llama-rlct-re1/metrics.jsonl
tinker_cookbook.utils.ml_log:265 [INFO] 
               Step 70               
┏━━━━━━━━━━━━━━━━━━━━━━━━━━━┳━━━━━━━┓
┃ Metric                    ┃ Value ┃
┡━━━━━━━━━━━━━━━━━━━━━━━━━━━╇━━━━━━━┩
│ train/skipped_empty_batch │ 1     │
└───────────────────────────┴───────┘
tinker_cookbook.utils.ml_log:192 [INFO] Wrote metrics to logs/sweep-refresh-every/llama-rlct-re1/metrics.jsonl
tinker_cookbook.utils.ml_log:265 [INFO] 
                         Step 71                          
┏━━━━━━━━━━━━━━━━━━━━━━━━━━━━━━━━━━━━━━━┳━━━━━━━━━━━━━━━━┓
┃ Metric                                ┃ Value          ┃
┡━━━━━━━━━━━━━━━━━━━━━━━━━━━━━━━━━━━━━━━╇━━━━━━━━━━━━━━━━┩
│ optim/entropy                         │ 1.406054       │
│ optim/kl_sample_train_v1              │ 0.000450       │
│ optim/kl_sample_train_v2              │ 0.000617       │
│ train/advantage_abs_mean              │ 0.100597       │
│ train/anchor_reward_mean              │ 0.000000       │
│ train/anchor_reward_std               │ 0.018697       │
│ train/avg_response_length             │ 483.870130     │
│ train/consistency_gap_1               │ 0.016393       │
│ train/consistency_reward_mean         │ 0.000537       │
│ train/consistency_reward_std          │ 0.000000       │
│ train/epoch                           │ 0              │
│ train/kl_policy_base                  │ 0.034127       │
│ train/n_anchor_rollouts               │ 61             │
│ train/n_consistency_rollouts          │ 16             │
│ train/n_ref_parsed                    │ 61             │
│ train/n_training_parsed               │ 61             │
│ train/p_hat_1                         │ 0.032787       │
│ train/p_ref                           │ 0.016393       │
│ train/p_ref_drift                     │ -0.147243      │
│ train/p_ref_init                      │ 0.163636       │
│ train/parse_rate                      │ 0.953125       │
│ train/rate_var                        │ 0.000067       │
│ train/reward_pert0_trait0_count       │ 60             │
│ train/reward_pert0_trait0_mean        │ -0.002414      │
│ train/reward_pert0_trait1_count       │ 1              │
│ train/reward_pert0_trait1_mean        │ 0.144829       │
│ train/reward_pert1_trait0_count       │ 16             │
│ train/reward_pert1_trait0_mean        │ 0.000537       │
│ train/train/clock_cycle:unique        │ 1646944.000000 │
│ train/train/loss:sum                  │ -544.178429    │
│ train/train/ppo_clipped_fraction:mean │ 0.139850       │
│ train/train/ppo_kl_div:mean           │ 0.465215       │
│ train/train/ppo_mean_ratio:mean       │ 0.887583       │
└───────────────────────────────────────┴────────────────┘
tinker_cookbook.utils.ml_log:192 [INFO] Wrote metrics to logs/sweep-refresh-every/llama-rlct-re1/metrics.jsonl
tinker_cookbook.utils.ml_log:265 [INFO] 
               Step 72               
┏━━━━━━━━━━━━━━━━━━━━━━━━━━━┳━━━━━━━┓
┃ Metric                    ┃ Value ┃
┡━━━━━━━━━━━━━━━━━━━━━━━━━━━╇━━━━━━━┩
│ train/skipped_empty_batch │ 1     │
└───────────────────────────┴───────┘
tinker_cookbook.utils.ml_log:192 [INFO] Wrote metrics to logs/sweep-refresh-every/llama-rlct-re1/metrics.jsonl
tinker_cookbook.utils.ml_log:265 [INFO] 
                         Step 73                          
┏━━━━━━━━━━━━━━━━━━━━━━━━━━━━━━━━━━━━━━━┳━━━━━━━━━━━━━━━━┓
┃ Metric                                ┃ Value          ┃
┡━━━━━━━━━━━━━━━━━━━━━━━━━━━━━━━━━━━━━━━╇━━━━━━━━━━━━━━━━┩
│ optim/entropy                         │ 3.855043       │
│ optim/kl_sample_train_v1              │ 0.000346       │
│ optim/kl_sample_train_v2              │ 0.000525       │
│ train/advantage_abs_mean              │ 0.489193       │
│ train/anchor_reward_mean              │ 0.000000       │
│ train/anchor_reward_std               │ 0.122889       │
│ train/avg_response_length             │ 508.346154     │
│ train/consistency_gap_1               │ 0.203341       │
│ train/consistency_reward_mean         │ 0.016340       │
│ train/consistency_reward_std          │ 0.094251       │
│ train/epoch                           │ 0              │
│ train/kl_policy_base                  │ 0.025272       │
│ train/n_anchor_rollouts               │ 62             │
│ train/n_consistency_rollouts          │ 16             │
│ train/n_ref_parsed                    │ 62             │
│ train/n_training_parsed               │ 56             │
│ train/p_hat_1                         │ 0.767857       │
│ train/p_ref                           │ 0.564516       │
│ train/p_ref_drift                     │ 0.247849       │
│ train/p_ref_init                      │ 0.316667       │
│ train/parse_rate                      │ 0.921875       │
│ train/rate_var                        │ 0.010337       │
│ train/reward_pert0_trait0_count       │ 27             │
│ train/reward_pert0_trait0_mean        │ 0.139915       │
│ train/reward_pert0_trait1_count       │ 35             │
│ train/reward_pert0_trait1_mean        │ -0.107934      │
│ train/reward_pert1_trait0_count       │ 5              │
│ train/reward_pert1_trait0_mean        │ 0.156137       │
│ train/reward_pert1_trait1_count       │ 11             │
│ train/reward_pert1_trait1_mean        │ -0.047204      │
│ train/train/clock_cycle:unique        │ 1646972.000000 │
│ train/train/loss:sum                  │ 2627.799614    │
│ train/train/ppo_clipped_fraction:mean │ 0.163755       │
│ train/train/ppo_kl_div:mean           │ 0.716013       │
│ train/train/ppo_mean_ratio:mean       │ 0.857298       │
└───────────────────────────────────────┴────────────────┘
tinker_cookbook.utils.ml_log:192 [INFO] Wrote metrics to logs/sweep-refresh-every/llama-rlct-re1/metrics.jsonl
tinker_cookbook.utils.ml_log:265 [INFO] 
                         Step 74                          
┏━━━━━━━━━━━━━━━━━━━━━━━━━━━━━━━━━━━━━━━┳━━━━━━━━━━━━━━━━┓
┃ Metric                                ┃ Value          ┃
┡━━━━━━━━━━━━━━━━━━━━━━━━━━━━━━━━━━━━━━━╇━━━━━━━━━━━━━━━━┩
│ optim/entropy                         │ 7.073328       │
│ optim/kl_sample_train_v1              │ 0.000396       │
│ optim/kl_sample_train_v2              │ 0.000436       │
│ train/advantage_abs_mean              │ 0.432176       │
│ train/anchor_reward_mean              │ -0.000000      │
│ train/anchor_reward_std               │ 0.027460       │
│ train/avg_response_length             │ 1152.134328    │
│ train/consistency_gap_1               │ 0.272059       │
│ train/consistency_reward_mean         │ 0.022672       │
│ train/consistency_reward_std          │ 0.089975       │
│ train/epoch                           │ 0              │
│ train/kl_policy_base                  │ 0.019726       │
│ train/n_anchor_rollouts               │ 51             │
│ train/n_consistency_rollouts          │ 16             │
│ train/n_ref_parsed                    │ 51             │
│ train/n_training_parsed               │ 48             │
│ train/p_hat_1                         │ 0.958333       │
│ train/p_ref                           │ 0.686275       │
│ train/p_ref_drift                     │ -0.059180      │
│ train/p_ref_init                      │ 0.745455       │
│ train/parse_rate                      │ 0.773438       │
│ train/rate_var                        │ 0.018504       │
│ train/reward_pert0_trait0_count       │ 16             │
│ train/reward_pert0_trait0_mean        │ -0.040614      │
│ train/reward_pert0_trait1_count       │ 35             │
│ train/reward_pert0_trait1_mean        │ 0.018566       │
│ train/reward_pert1_trait0_count       │ 2              │
│ train/reward_pert1_trait0_mean        │ 0.260723       │
│ train/reward_pert1_trait1_count       │ 14             │
│ train/reward_pert1_trait1_mean        │ -0.011336      │
│ train/train/clock_cycle:unique        │ 1647006.000000 │
│ train/train/loss:sum                  │ 12973.158508   │
│ train/train/ppo_clipped_fraction:mean │ 0.064898       │
│ train/train/ppo_kl_div:mean           │ 0.285694       │
│ train/train/ppo_mean_ratio:mean       │ 0.944213       │
└───────────────────────────────────────┴────────────────┘
tinker_cookbook.utils.ml_log:192 [INFO] Wrote metrics to logs/sweep-refresh-every/llama-rlct-re1/metrics.jsonl
tinker_cookbook.utils.ml_log:265 [INFO] 
                         Step 75                          
┏━━━━━━━━━━━━━━━━━━━━━━━━━━━━━━━━━━━━━━━┳━━━━━━━━━━━━━━━━┓
┃ Metric                                ┃ Value          ┃
┡━━━━━━━━━━━━━━━━━━━━━━━━━━━━━━━━━━━━━━━╇━━━━━━━━━━━━━━━━┩
│ optim/entropy                         │ 6.479969       │
│ optim/kl_sample_train_v1              │ 0.000224       │
│ optim/kl_sample_train_v2              │ 0.000534       │
│ train/advantage_abs_mean              │ 0.484989       │
│ train/anchor_reward_mean              │ 0.000000       │
│ train/anchor_reward_std               │ 0.087411       │
│ train/avg_response_length             │ 1000.442857    │
│ train/consistency_gap_1               │ 0.042023       │
│ train/consistency_reward_mean         │ -0.002222      │
│ train/consistency_reward_std          │ 0.019478       │
│ train/epoch                           │ 0              │
│ train/kl_policy_base                  │ 0.021457       │
│ train/n_anchor_rollouts               │ 54             │
│ train/n_consistency_rollouts          │ 16             │
│ train/n_ref_parsed                    │ 54             │
│ train/n_training_parsed               │ 52             │
│ train/p_hat_1                         │ 0.634615       │
│ train/p_ref                           │ 0.592593       │
│ train/p_ref_drift                     │ -0.177899      │
│ train/p_ref_init                      │ 0.770492       │
│ train/parse_rate                      │ 0.828125       │
│ train/rate_var                        │ 0.000441       │
│ train/reward_pert0_trait0_count       │ 22             │
│ train/reward_pert0_trait0_mean        │ -0.105422      │
│ train/reward_pert0_trait1_count       │ 32             │
│ train/reward_pert0_trait1_mean        │ 0.072477       │
│ train/reward_pert1_trait0_count       │ 5              │
│ train/reward_pert1_trait0_mean        │ 0.026668       │
│ train/reward_pert1_trait1_count       │ 11             │
│ train/reward_pert1_trait1_mean        │ -0.015354      │
│ train/train/clock_cycle:unique        │ 1647021.000000 │
│ train/train/loss:sum                  │ 3680.707794    │
│ train/train/ppo_clipped_fraction:mean │ 0.120678       │
│ train/train/ppo_kl_div:mean           │ 0.483531       │
│ train/train/ppo_mean_ratio:mean       │ 0.900270       │
└───────────────────────────────────────┴────────────────┘
tinker_cookbook.utils.ml_log:192 [INFO] Wrote metrics to logs/sweep-refresh-every/llama-rlct-re1/metrics.jsonl
tinker_cookbook.utils.ml_log:265 [INFO] 
                         Step 76                          
┏━━━━━━━━━━━━━━━━━━━━━━━━━━━━━━━━━━━━━━━┳━━━━━━━━━━━━━━━━┓
┃ Metric                                ┃ Value          ┃
┡━━━━━━━━━━━━━━━━━━━━━━━━━━━━━━━━━━━━━━━╇━━━━━━━━━━━━━━━━┩
│ optim/entropy                         │ 4.689114       │
│ optim/kl_sample_train_v1              │ 0.000200       │
│ optim/kl_sample_train_v2              │ 0.000500       │
│ train/advantage_abs_mean              │ 0.270114       │
│ train/anchor_reward_mean              │ 0.000000       │
│ train/anchor_reward_std               │ 0.009431       │
│ train/avg_response_length             │ 617.824324     │
│ train/consistency_gap_1               │ -0.019785      │
│ train/consistency_reward_mean         │ 0.001500       │
│ train/consistency_reward_std          │ 0.006543       │
│ train/epoch                           │ 0              │
│ train/kl_policy_base                  │ 0.025118       │
│ train/n_anchor_rollouts               │ 58             │
│ train/n_consistency_rollouts          │ 16             │
│ train/n_ref_parsed                    │ 58             │
│ train/n_training_parsed               │ 61             │
│ train/p_hat_1                         │ 0.049180       │
│ train/p_ref                           │ 0.068966       │
│ train/p_ref_drift                     │ 0.037219       │
│ train/p_ref_init                      │ 0.031746       │
│ train/parse_rate                      │ 0.929688       │
│ train/rate_var                        │ 0.000098       │
│ train/reward_pert0_trait0_count       │ 54             │
│ train/reward_pert0_trait0_mean        │ 0.002567       │
│ train/reward_pert0_trait1_count       │ 4              │
│ train/reward_pert0_trait1_mean        │ -0.034653      │
│ train/reward_pert1_trait0_count       │ 14             │
│ train/reward_pert1_trait0_mean        │ -0.000973      │
│ train/reward_pert1_trait1_count       │ 2              │
│ train/reward_pert1_trait1_mean        │ 0.018812       │
│ train/train/clock_cycle:unique        │ 1647194.000000 │
│ train/train/loss:sum                  │ 393.453178     │
│ train/train/ppo_clipped_fraction:mean │ 0.116753       │
│ train/train/ppo_kl_div:mean           │ 0.483931       │
│ train/train/ppo_mean_ratio:mean       │ 0.901636       │
└───────────────────────────────────────┴────────────────┘
tinker_cookbook.utils.ml_log:192 [INFO] Wrote metrics to logs/sweep-refresh-every/llama-rlct-re1/metrics.jsonl
tinker_cookbook.utils.ml_log:265 [INFO] 
                         Step 77                          
┏━━━━━━━━━━━━━━━━━━━━━━━━━━━━━━━━━━━━━━━┳━━━━━━━━━━━━━━━━┓
┃ Metric                                ┃ Value          ┃
┡━━━━━━━━━━━━━━━━━━━━━━━━━━━━━━━━━━━━━━━╇━━━━━━━━━━━━━━━━┩
│ optim/entropy                         │ 1.333496       │
│ optim/kl_sample_train_v1              │ 0.000009       │
│ optim/kl_sample_train_v2              │ 0.000632       │
│ train/advantage_abs_mean              │ 0.216159       │
│ train/anchor_reward_mean              │ 0.000000       │
│ train/anchor_reward_std               │ 0.006456       │
│ train/avg_response_length             │ 294.643836     │
│ train/consistency_gap_1               │ -0.000605      │
│ train/consistency_reward_mean         │ 0.000055       │
│ train/consistency_reward_std          │ 0.000200       │
│ train/epoch                           │ 0              │
│ train/kl_policy_base                  │ 0.046234       │
│ train/n_anchor_rollouts               │ 57             │
│ train/n_consistency_rollouts          │ 16             │
│ train/n_ref_parsed                    │ 57             │
│ train/n_training_parsed               │ 58             │
│ train/p_hat_1                         │ 0.034483       │
│ train/p_ref                           │ 0.035088       │
│ train/p_ref_drift                     │ 0.035088       │
│ train/p_ref_init                      │ 0.000000       │
│ train/parse_rate                      │ 0.898438       │
│ train/rate_var                        │ 0.000000       │
│ train/reward_pert0_trait0_count       │ 55             │
│ train/reward_pert0_trait0_mean        │ 0.001231       │
│ train/reward_pert0_trait1_count       │ 2              │
│ train/reward_pert0_trait1_mean        │ -0.033857      │
│ train/reward_pert1_trait0_count       │ 14             │
│ train/reward_pert1_trait0_mean        │ -0.000021      │
│ train/reward_pert1_trait1_count       │ 2              │
│ train/reward_pert1_trait1_mean        │ 0.000584       │
│ train/train/clock_cycle:unique        │ 1647413.000000 │
│ train/train/loss:sum                  │ 2208.741009    │
│ train/train/ppo_clipped_fraction:mean │ 0.157820       │
│ train/train/ppo_kl_div:mean           │ 0.801129       │
│ train/train/ppo_mean_ratio:mean       │ 0.862519       │
└───────────────────────────────────────┴────────────────┘
tinker_cookbook.utils.ml_log:192 [INFO] Wrote metrics to logs/sweep-refresh-every/llama-rlct-re1/metrics.jsonl
tinker_cookbook.utils.ml_log:265 [INFO] 
                         Step 78                          
┏━━━━━━━━━━━━━━━━━━━━━━━━━━━━━━━━━━━━━━━┳━━━━━━━━━━━━━━━━┓
┃ Metric                                ┃ Value          ┃
┡━━━━━━━━━━━━━━━━━━━━━━━━━━━━━━━━━━━━━━━╇━━━━━━━━━━━━━━━━┩
│ optim/entropy                         │ 7.403321       │
│ optim/kl_sample_train_v1              │ 0.000549       │
│ optim/kl_sample_train_v2              │ 0.000610       │
│ train/advantage_abs_mean              │ 0.409791       │
│ train/anchor_reward_mean              │ 0.000000       │
│ train/anchor_reward_std               │ 0.008735       │
│ train/avg_response_length             │ 2864.000000    │
│ train/consistency_gap_1               │ -0.010714      │
│ train/consistency_reward_mean         │ -0.000287      │
│ train/consistency_reward_std          │ 0.004182       │
│ train/epoch                           │ 0              │
│ train/kl_policy_base                  │ 0.013081       │
│ train/n_anchor_rollouts               │ 40             │
│ train/n_consistency_rollouts          │ 16             │
│ train/n_ref_parsed                    │ 40             │
│ train/n_training_parsed               │ 42             │
│ train/p_hat_1                         │ 0.214286       │
│ train/p_ref                           │ 0.225000       │
│ train/p_ref_drift                     │ 0.020918       │
│ train/p_ref_init                      │ 0.204082       │
│ train/parse_rate                      │ 0.640625       │
│ train/rate_var                        │ 0.000029       │
│ train/reward_pert0_trait0_count       │ 31             │
│ train/reward_pert0_trait0_mean        │ 0.004707       │
│ train/reward_pert0_trait1_count       │ 9              │
│ train/reward_pert0_trait1_mean        │ -0.016212      │
│ train/reward_pert1_trait0_count       │ 13             │
│ train/reward_pert1_trait0_mean        │ -0.002296      │
│ train/reward_pert1_trait1_count       │ 3              │
│ train/reward_pert1_trait1_mean        │ 0.008418       │
│ train/train/clock_cycle:unique        │ 1647852.000000 │
│ train/train/clock_cycle:unique_1      │ 1647853.000000 │
│ train/train/loss:sum                  │ -9597.105896   │
│ train/train/ppo_clipped_fraction:mean │ 0.036671       │
│ train/train/ppo_kl_div:mean           │ 0.113102       │
│ train/train/ppo_mean_ratio:mean       │ 0.973231       │
└───────────────────────────────────────┴────────────────┘
tinker_cookbook.utils.ml_log:192 [INFO] Wrote metrics to logs/sweep-refresh-every/llama-rlct-re1/metrics.jsonl
tinker_cookbook.utils.ml_log:265 [INFO] 
                         Step 79                          
┏━━━━━━━━━━━━━━━━━━━━━━━━━━━━━━━━━━━━━━━┳━━━━━━━━━━━━━━━━┓
┃ Metric                                ┃ Value          ┃
┡━━━━━━━━━━━━━━━━━━━━━━━━━━━━━━━━━━━━━━━╇━━━━━━━━━━━━━━━━┩
│ optim/entropy                         │ 1.967047       │
│ optim/kl_sample_train_v1              │ 0.000127       │
│ optim/kl_sample_train_v2              │ 0.000495       │
│ train/advantage_abs_mean              │ 0.354598       │
│ train/anchor_reward_mean              │ -0.000000      │
│ train/anchor_reward_std               │ 0.024734       │
│ train/avg_response_length             │ 364.743590     │
│ train/consistency_gap_1               │ 0.240295       │
│ train/consistency_reward_mean         │ -0.008146      │
│ train/consistency_reward_std          │ 0.000000       │
│ train/epoch                           │ 0              │
│ train/kl_policy_base                  │ 0.028368       │
│ train/n_anchor_rollouts               │ 62             │
│ train/n_consistency_rollouts          │ 16             │
│ train/n_ref_parsed                    │ 62             │
│ train/n_training_parsed               │ 59             │
│ train/p_hat_1                         │ 0.966102       │
│ train/p_ref                           │ 0.725806       │
│ train/p_ref_drift                     │ -0.055444      │
│ train/p_ref_init                      │ 0.781250       │
│ train/parse_rate                      │ 0.945312       │
│ train/rate_var                        │ 0.014435       │
│ train/reward_pert0_trait0_count       │ 17             │
│ train/reward_pert0_trait0_mean        │ -0.040241      │
│ train/reward_pert0_trait1_count       │ 45             │
│ train/reward_pert0_trait1_mean        │ 0.015202       │
│ train/reward_pert1_trait1_count       │ 16             │
│ train/reward_pert1_trait1_mean        │ -0.008146      │
│ train/train/clock_cycle:unique        │ 1648026.000000 │
│ train/train/loss:sum                  │ 3028.942772    │
│ train/train/ppo_clipped_fraction:mean │ 0.345954       │
│ train/train/ppo_kl_div:mean           │ 1.254709       │
│ train/train/ppo_mean_ratio:mean       │ 0.713201       │
└───────────────────────────────────────┴────────────────┘
tinker_cookbook.utils.ml_log:192 [INFO] Wrote metrics to logs/sweep-refresh-every/llama-rlct-re1/metrics.jsonl
tinker_cookbook.utils.ml_log:265 [INFO] 
                         Step 80                          
┏━━━━━━━━━━━━━━━━━━━━━━━━━━━━━━━━━━━━━━━┳━━━━━━━━━━━━━━━━┓
┃ Metric                                ┃ Value          ┃
┡━━━━━━━━━━━━━━━━━━━━━━━━━━━━━━━━━━━━━━━╇━━━━━━━━━━━━━━━━┩
│ optim/entropy                         │ 3.912511       │
│ optim/kl_sample_train_v1              │ 0.000803       │
│ optim/kl_sample_train_v2              │ 0.000552       │
│ train/advantage_abs_mean              │ 0.427040       │
│ train/anchor_reward_mean              │ 0.000000       │
│ train/anchor_reward_std               │ 0.040173       │
│ train/avg_response_length             │ 591.906667     │
│ train/consistency_gap_1               │ -0.015066      │
│ train/consistency_reward_mean         │ 0.000418       │
│ train/consistency_reward_std          │ 0.006524       │
│ train/epoch                           │ 0              │
│ train/kl_policy_base                  │ 0.031719       │
│ train/n_anchor_rollouts               │ 59             │
│ train/n_consistency_rollouts          │ 16             │
│ train/n_ref_parsed                    │ 59             │
│ train/n_training_parsed               │ 54             │
│ train/p_hat_1                         │ 0.222222       │
│ train/p_ref                           │ 0.237288       │
│ train/p_ref_drift                     │ 0.094431       │
│ train/p_ref_init                      │ 0.142857       │
│ train/parse_rate                      │ 0.882812       │
│ train/rate_var                        │ 0.000057       │
│ train/reward_pert0_trait0_count       │ 45             │
│ train/reward_pert0_trait0_mean        │ 0.022407       │
│ train/reward_pert0_trait1_count       │ 14             │
│ train/reward_pert0_trait1_mean        │ -0.072024      │
│ train/reward_pert1_trait0_count       │ 12             │
│ train/reward_pert1_trait0_mean        │ -0.003348      │
│ train/reward_pert1_trait1_count       │ 4              │
│ train/reward_pert1_trait1_mean        │ 0.011718       │
│ train/train/clock_cycle:unique        │ 1648323.000000 │
│ train/train/loss:sum                  │ 2943.022064    │
│ train/train/ppo_clipped_fraction:mean │ 0.160967       │
│ train/train/ppo_kl_div:mean           │ 0.555090       │
│ train/train/ppo_mean_ratio:mean       │ 0.868078       │
└───────────────────────────────────────┴────────────────┘
tinker_cookbook.utils.ml_log:192 [INFO] Wrote metrics to logs/sweep-refresh-every/llama-rlct-re1/metrics.jsonl
tinker_cookbook.utils.ml_log:265 [INFO] 
               Step 81               
┏━━━━━━━━━━━━━━━━━━━━━━━━━━━┳━━━━━━━┓
┃ Metric                    ┃ Value ┃
┡━━━━━━━━━━━━━━━━━━━━━━━━━━━╇━━━━━━━┩
│ train/skipped_empty_batch │ 1     │
└───────────────────────────┴───────┘
tinker_cookbook.utils.ml_log:192 [INFO] Wrote metrics to logs/sweep-refresh-every/llama-rlct-re1/metrics.jsonl
tinker_cookbook.utils.ml_log:265 [INFO] 
                         Step 82                          
┏━━━━━━━━━━━━━━━━━━━━━━━━━━━━━━━━━━━━━━━┳━━━━━━━━━━━━━━━━┓
┃ Metric                                ┃ Value          ┃
┡━━━━━━━━━━━━━━━━━━━━━━━━━━━━━━━━━━━━━━━╇━━━━━━━━━━━━━━━━┩
│ optim/entropy                         │ 2.932423       │
│ optim/kl_sample_train_v1              │ 0.000245       │
│ optim/kl_sample_train_v2              │ 0.000543       │
│ train/advantage_abs_mean              │ 0.492843       │
│ train/anchor_reward_mean              │ 0.000000       │
│ train/anchor_reward_std               │ 0.166633       │
│ train/avg_response_length             │ 536.216667     │
│ train/consistency_gap_1               │ 0.090909       │
│ train/consistency_reward_mean         │ -0.005682      │
│ train/consistency_reward_std          │ 0.045098       │
│ train/epoch                           │ 0              │
│ train/kl_policy_base                  │ 0.029319       │
│ train/n_anchor_rollouts               │ 44             │
│ train/n_consistency_rollouts          │ 16             │
│ train/n_ref_parsed                    │ 44             │
│ train/n_training_parsed               │ 36             │
│ train/p_hat_1                         │ 0.500000       │
│ train/p_ref                           │ 0.409091       │
│ train/p_ref_drift                     │ 0.338915       │
│ train/p_ref_init                      │ 0.070175       │
│ train/parse_rate                      │ 0.625000       │
│ train/rate_var                        │ 0.002066       │
│ train/reward_pert0_trait0_count       │ 26             │
│ train/reward_pert0_trait0_mean        │ 0.138647       │
│ train/reward_pert0_trait1_count       │ 18             │
│ train/reward_pert0_trait1_mean        │ -0.200268      │
│ train/reward_pert1_trait0_count       │ 7              │
│ train/reward_pert1_trait0_mean        │ 0.045455       │
│ train/reward_pert1_trait1_count       │ 9              │
│ train/reward_pert1_trait1_mean        │ -0.045455      │
│ train/train/clock_cycle:unique        │ 1648683.000000 │
│ train/train/loss:sum                  │ -4019.651268   │
│ train/train/ppo_clipped_fraction:mean │ 0.113478       │
│ train/train/ppo_kl_div:mean           │ 0.468319       │
│ train/train/ppo_mean_ratio:mean       │ 0.903496       │
└───────────────────────────────────────┴────────────────┘
tinker_cookbook.utils.ml_log:192 [INFO] Wrote metrics to logs/sweep-refresh-every/llama-rlct-re1/metrics.jsonl
tinker_cookbook.utils.ml_log:265 [INFO] 
                         Step 83                          
┏━━━━━━━━━━━━━━━━━━━━━━━━━━━━━━━━━━━━━━━┳━━━━━━━━━━━━━━━━┓
┃ Metric                                ┃ Value          ┃
┡━━━━━━━━━━━━━━━━━━━━━━━━━━━━━━━━━━━━━━━╇━━━━━━━━━━━━━━━━┩
│ optim/entropy                         │ 0.917021       │
│ optim/kl_sample_train_v1              │ 0.000867       │
│ optim/kl_sample_train_v2              │ 0.000709       │
│ train/advantage_abs_mean              │ 0.088823       │
│ train/anchor_reward_mean              │ 0.000000       │
│ train/anchor_reward_std               │ 0.000000       │
│ train/avg_response_length             │ 371.307692     │
│ train/consistency_gap_1               │ 0.060215       │
│ train/consistency_reward_mean         │ 0.007025       │
│ train/consistency_reward_std          │ 0.026074       │
│ train/epoch                           │ 0              │
│ train/kl_policy_base                  │ 0.079529       │
│ train/n_anchor_rollouts               │ 62             │
│ train/n_consistency_rollouts          │ 16             │
│ train/n_ref_parsed                    │ 62             │
│ train/n_training_parsed               │ 60             │
│ train/p_hat_1                         │ 0.366667       │
│ train/p_ref                           │ 0.306452       │
│ train/p_ref_drift                     │ 0.000000       │
│ train/p_ref_init                      │ 0.306452       │
│ train/parse_rate                      │ 0.953125       │
│ train/rate_var                        │ 0.000906       │
│ train/reward_pert0_trait0_count       │ 43             │
│ train/reward_pert0_trait0_mean        │ 0.000000       │
│ train/reward_pert0_trait1_count       │ 19             │
│ train/reward_pert0_trait1_mean        │ 0.000000       │
│ train/reward_pert1_trait0_count       │ 12             │
│ train/reward_pert1_trait0_mean        │ 0.022079       │
│ train/reward_pert1_trait1_count       │ 4              │
│ train/reward_pert1_trait1_mean        │ -0.038136      │
│ train/train/clock_cycle:unique        │ 1648773.000000 │
│ train/train/loss:sum                  │ 138.005152     │
│ train/train/ppo_clipped_fraction:mean │ 0.319655       │
│ train/train/ppo_kl_div:mean           │ 1.072486       │
│ train/train/ppo_mean_ratio:mean       │ 0.747031       │
└───────────────────────────────────────┴────────────────┘
tinker_cookbook.utils.ml_log:192 [INFO] Wrote metrics to logs/sweep-refresh-every/llama-rlct-re1/metrics.jsonl
tinker_cookbook.utils.ml_log:265 [INFO] 
                         Step 84                          
┏━━━━━━━━━━━━━━━━━━━━━━━━━━━━━━━━━━━━━━━┳━━━━━━━━━━━━━━━━┓
┃ Metric                                ┃ Value          ┃
┡━━━━━━━━━━━━━━━━━━━━━━━━━━━━━━━━━━━━━━━╇━━━━━━━━━━━━━━━━┩
│ optim/entropy                         │ 1.941128       │
│ optim/kl_sample_train_v1              │ 0.001134       │
│ optim/kl_sample_train_v2              │ 0.000632       │
│ train/advantage_abs_mean              │ 0.201015       │
│ train/anchor_reward_mean              │ 0.000000       │
│ train/anchor_reward_std               │ 0.031416       │
│ train/avg_response_length             │ 494.500000     │
│ train/consistency_gap_1               │ 0.141534       │
│ train/consistency_reward_mean         │ 0.016428       │
│ train/consistency_reward_std          │ 0.034260       │
│ train/epoch                           │ 0              │
│ train/kl_policy_base                  │ 0.038919       │
│ train/n_anchor_rollouts               │ 54             │
│ train/n_consistency_rollouts          │ 16             │
│ train/n_ref_parsed                    │ 54             │
│ train/n_training_parsed               │ 56             │
│ train/p_hat_1                         │ 0.178571       │
│ train/p_ref                           │ 0.037037       │
│ train/p_ref_drift                     │ -0.166353      │
│ train/p_ref_init                      │ 0.203390       │
│ train/parse_rate                      │ 0.859375       │
│ train/rate_var                        │ 0.005008       │
│ train/reward_pert0_trait0_count       │ 52             │
│ train/reward_pert0_trait0_mean        │ -0.006161      │
│ train/reward_pert0_trait1_count       │ 2              │
│ train/reward_pert0_trait1_mean        │ 0.160192       │
│ train/reward_pert1_trait0_count       │ 15             │
│ train/reward_pert1_trait0_mean        │ 0.025274       │
│ train/reward_pert1_trait1_count       │ 1              │
│ train/reward_pert1_trait1_mean        │ -0.116260      │
│ train/train/clock_cycle:unique        │ 1649117.000000 │
│ train/train/loss:sum                  │ 192.378869     │
│ train/train/ppo_clipped_fraction:mean │ 0.198110       │
│ train/train/ppo_kl_div:mean           │ 0.706178       │
│ train/train/ppo_mean_ratio:mean       │ 0.837159       │
└───────────────────────────────────────┴────────────────┘
tinker_cookbook.utils.ml_log:192 [INFO] Wrote metrics to logs/sweep-refresh-every/llama-rlct-re1/metrics.jsonl
tinker_cookbook.utils.ml_log:265 [INFO] 
                         Step 85                          
┏━━━━━━━━━━━━━━━━━━━━━━━━━━━━━━━━━━━━━━━┳━━━━━━━━━━━━━━━━┓
┃ Metric                                ┃ Value          ┃
┡━━━━━━━━━━━━━━━━━━━━━━━━━━━━━━━━━━━━━━━╇━━━━━━━━━━━━━━━━┩
│ optim/entropy                         │ 1.644919       │
│ optim/kl_sample_train_v1              │ 0.000468       │
│ optim/kl_sample_train_v2              │ 0.000581       │
│ train/advantage_abs_mean              │ 0.498219       │
│ train/anchor_reward_mean              │ -0.000000      │
│ train/anchor_reward_std               │ 0.266605       │
│ train/avg_response_length             │ 286.108108     │
│ train/consistency_gap_1               │ -0.101149      │
│ train/consistency_reward_mean         │ 0.000421       │
│ train/consistency_reward_std          │ 0.050178       │
│ train/epoch                           │ 0              │
│ train/kl_policy_base                  │ 0.079898       │
│ train/n_anchor_rollouts               │ 58             │
│ train/n_consistency_rollouts          │ 16             │
│ train/n_ref_parsed                    │ 58             │
│ train/n_training_parsed               │ 60             │
│ train/p_hat_1                         │ 0.433333       │
│ train/p_ref                           │ 0.534483       │
│ train/p_ref_drift                     │ 0.534483       │
│ train/p_ref_init                      │ 0.000000       │
│ train/parse_rate                      │ 0.921875       │
│ train/rate_var                        │ 0.002558       │
│ train/reward_pert0_trait0_count       │ 27             │
│ train/reward_pert0_trait0_mean        │ 0.285672       │
│ train/reward_pert0_trait1_count       │ 31             │
│ train/reward_pert0_trait1_mean        │ -0.248811      │
│ train/reward_pert1_trait0_count       │ 9              │
│ train/reward_pert1_trait0_mean        │ -0.043831      │
│ train/reward_pert1_trait1_count       │ 7              │
│ train/reward_pert1_trait1_mean        │ 0.057318       │
│ train/train/clock_cycle:unique        │ 1649345.000000 │
│ train/train/loss:sum                  │ -1607.440483   │
│ train/train/ppo_clipped_fraction:mean │ 0.237683       │
│ train/train/ppo_kl_div:mean           │ 1.013575       │
│ train/train/ppo_mean_ratio:mean       │ 0.796298       │
└───────────────────────────────────────┴────────────────┘
tinker_cookbook.utils.ml_log:192 [INFO] Wrote metrics to logs/sweep-refresh-every/llama-rlct-re1/metrics.jsonl
tinker_cookbook.utils.ml_log:265 [INFO] 
                         Step 86                          
┏━━━━━━━━━━━━━━━━━━━━━━━━━━━━━━━━━━━━━━━┳━━━━━━━━━━━━━━━━┓
┃ Metric                                ┃ Value          ┃
┡━━━━━━━━━━━━━━━━━━━━━━━━━━━━━━━━━━━━━━━╇━━━━━━━━━━━━━━━━┩
│ optim/entropy                         │ 0.923729       │
│ optim/kl_sample_train_v1              │ 0.000350       │
│ optim/kl_sample_train_v2              │ 0.000666       │
│ train/advantage_abs_mean              │ 0.492507       │
│ train/anchor_reward_mean              │ 0.000000       │
│ train/anchor_reward_std               │ 0.027888       │
│ train/avg_response_length             │ 441.100000     │
│ train/consistency_gap_1               │ 0.176915       │
│ train/consistency_reward_mean         │ -0.004637      │
│ train/consistency_reward_std          │ 0.082002       │
│ train/epoch                           │ 0              │
│ train/kl_policy_base                  │ 0.043657       │
│ train/n_anchor_rollouts               │ 64             │
│ train/n_consistency_rollouts          │ 16             │
│ train/n_ref_parsed                    │ 64             │
│ train/n_training_parsed               │ 62             │
│ train/p_hat_1                         │ 0.661290       │
│ train/p_ref                           │ 0.484375       │
│ train/p_ref_drift                     │ 0.055804       │
│ train/p_ref_init                      │ 0.428571       │
│ train/parse_rate                      │ 0.984375       │
│ train/rate_var                        │ 0.007825       │
│ train/reward_pert0_trait0_count       │ 33             │
│ train/reward_pert0_trait0_mean        │ 0.027030       │
│ train/reward_pert0_trait1_count       │ 31             │
│ train/reward_pert0_trait1_mean        │ -0.028774      │
│ train/reward_pert1_trait0_count       │ 5              │
│ train/reward_pert1_trait0_mean        │ 0.116992       │
│ train/reward_pert1_trait1_count       │ 11             │
│ train/reward_pert1_trait1_mean        │ -0.059923      │
│ train/train/clock_cycle:unique        │ 1649500.000000 │
│ train/train/loss:sum                  │ 743.623039     │
│ train/train/ppo_clipped_fraction:mean │ 0.162055       │
│ train/train/ppo_kl_div:mean           │ 0.621906       │
│ train/train/ppo_mean_ratio:mean       │ 0.864852       │
└───────────────────────────────────────┴────────────────┘
tinker_cookbook.utils.ml_log:192 [INFO] Wrote metrics to logs/sweep-refresh-every/llama-rlct-re1/metrics.jsonl
tinker_cookbook.utils.ml_log:265 [INFO] 
                         Step 87                          
┏━━━━━━━━━━━━━━━━━━━━━━━━━━━━━━━━━━━━━━━┳━━━━━━━━━━━━━━━━┓
┃ Metric                                ┃ Value          ┃
┡━━━━━━━━━━━━━━━━━━━━━━━━━━━━━━━━━━━━━━━╇━━━━━━━━━━━━━━━━┩
│ optim/entropy                         │ 0.966007       │
│ optim/kl_sample_train_v1              │ 0.000780       │
│ optim/kl_sample_train_v2              │ 0.000552       │
│ train/advantage_abs_mean              │ 0.148696       │
│ train/anchor_reward_mean              │ -0.000000      │
│ train/anchor_reward_std               │ 0.001984       │
│ train/avg_response_length             │ 421.924051     │
│ train/consistency_gap_1               │ 0.018025       │
│ train/consistency_reward_mean         │ -0.000516      │
│ train/consistency_reward_std          │ 0.004363       │
│ train/epoch                           │ 0              │
│ train/kl_policy_base                  │ 0.029650       │
│ train/n_anchor_rollouts               │ 63             │
│ train/n_consistency_rollouts          │ 16             │
│ train/n_ref_parsed                    │ 63             │
│ train/n_training_parsed               │ 59             │
│ train/p_hat_1                         │ 0.033898       │
│ train/p_ref                           │ 0.015873       │
│ train/p_ref_drift                     │ 0.015873       │
│ train/p_ref_init                      │ 0.000000       │
│ train/parse_rate                      │ 0.953125       │
│ train/rate_var                        │ 0.000081       │
│ train/reward_pert0_trait0_count       │ 62             │
│ train/reward_pert0_trait0_mean        │ 0.000252       │
│ train/reward_pert0_trait1_count       │ 1              │
│ train/reward_pert0_trait1_mean        │ -0.015621      │
│ train/reward_pert1_trait0_count       │ 15             │
│ train/reward_pert1_trait0_mean        │ 0.000611       │
│ train/reward_pert1_trait1_count       │ 1              │
│ train/reward_pert1_trait1_mean        │ -0.017414      │
│ train/train/clock_cycle:unique        │ 1649577.000000 │
│ train/train/loss:sum                  │ 655.900635     │
│ train/train/ppo_clipped_fraction:mean │ 0.417702       │
│ train/train/ppo_kl_div:mean           │ 1.384080       │
│ train/train/ppo_mean_ratio:mean       │ 0.664498       │
└───────────────────────────────────────┴────────────────┘
tinker_cookbook.utils.ml_log:192 [INFO] Wrote metrics to logs/sweep-refresh-every/llama-rlct-re1/metrics.jsonl
tinker_cookbook.utils.ml_log:265 [INFO] 
                         Step 88                          
┏━━━━━━━━━━━━━━━━━━━━━━━━━━━━━━━━━━━━━━━┳━━━━━━━━━━━━━━━━┓
┃ Metric                                ┃ Value          ┃
┡━━━━━━━━━━━━━━━━━━━━━━━━━━━━━━━━━━━━━━━╇━━━━━━━━━━━━━━━━┩
│ optim/entropy                         │ 1.653996       │
│ optim/kl_sample_train_v1              │ 0.000806       │
│ optim/kl_sample_train_v2              │ 0.000768       │
│ train/advantage_abs_mean              │ 0.411477       │
│ train/anchor_reward_mean              │ -0.000000      │
│ train/anchor_reward_std               │ 0.094285       │
│ train/avg_response_length             │ 483.605263     │
│ train/consistency_gap_1               │ -0.046610      │
│ train/consistency_reward_mean         │ -0.003654      │
│ train/consistency_reward_std          │ 0.015415       │
│ train/epoch                           │ 0              │
│ train/kl_policy_base                  │ 0.045574       │
│ train/n_anchor_rollouts               │ 60             │
│ train/n_consistency_rollouts          │ 16             │
│ train/n_ref_parsed                    │ 60             │
│ train/n_training_parsed               │ 59             │
│ train/p_hat_1                         │ 0.203390       │
│ train/p_ref                           │ 0.250000       │
│ train/p_ref_drift                     │ -0.217742      │
│ train/p_ref_init                      │ 0.467742       │
│ train/parse_rate                      │ 0.929688       │
│ train/rate_var                        │ 0.000543       │
│ train/reward_pert0_trait0_count       │ 45             │
│ train/reward_pert0_trait0_mean        │ -0.054435      │
│ train/reward_pert0_trait1_count       │ 15             │
│ train/reward_pert0_trait1_mean        │ 0.163306       │
│ train/reward_pert1_trait0_count       │ 14             │
│ train/reward_pert1_trait0_mean        │ -0.009480      │
│ train/reward_pert1_trait1_count       │ 2              │
│ train/reward_pert1_trait1_mean        │ 0.037130       │
│ train/train/clock_cycle:unique        │ 1649677.000000 │
│ train/train/loss:sum                  │ 1722.954908    │
│ train/train/ppo_clipped_fraction:mean │ 0.326813       │
│ train/train/ppo_kl_div:mean           │ 1.001772       │
│ train/train/ppo_mean_ratio:mean       │ 0.739123       │
└───────────────────────────────────────┴────────────────┘
tinker_cookbook.utils.ml_log:192 [INFO] Wrote metrics to logs/sweep-refresh-every/llama-rlct-re1/metrics.jsonl
tinker_cookbook.utils.ml_log:265 [INFO] 
                         Step 89                          
┏━━━━━━━━━━━━━━━━━━━━━━━━━━━━━━━━━━━━━━━┳━━━━━━━━━━━━━━━━┓
┃ Metric                                ┃ Value          ┃
┡━━━━━━━━━━━━━━━━━━━━━━━━━━━━━━━━━━━━━━━╇━━━━━━━━━━━━━━━━┩
│ optim/entropy                         │ 1.946480       │
│ optim/kl_sample_train_v1              │ 0.000803       │
│ optim/kl_sample_train_v2              │ 0.000689       │
│ train/advantage_abs_mean              │ 0.323088       │
│ train/anchor_reward_mean              │ 0.000000       │
│ train/anchor_reward_std               │ 0.039556       │
│ train/avg_response_length             │ 550.175676     │
│ train/consistency_gap_1               │ 0.253695       │
│ train/consistency_reward_mean         │ 0.043037       │
│ train/consistency_reward_std          │ 0.099020       │
│ train/epoch                           │ 0              │
│ train/kl_policy_base                  │ 0.049112       │
│ train/n_anchor_rollouts               │ 58             │
│ train/n_consistency_rollouts          │ 16             │
│ train/n_ref_parsed                    │ 58             │
│ train/n_training_parsed               │ 56             │
│ train/p_hat_1                         │ 0.357143       │
│ train/p_ref                           │ 0.103448       │
│ train/p_ref_drift                     │ -0.129885      │
│ train/p_ref_init                      │ 0.233333       │
│ train/parse_rate                      │ 0.890625       │
│ train/rate_var                        │ 0.016090       │
│ train/reward_pert0_trait0_count       │ 52             │
│ train/reward_pert0_trait0_mean        │ -0.013436      │
│ train/reward_pert0_trait1_count       │ 6              │
│ train/reward_pert0_trait1_mean        │ 0.116449       │
│ train/reward_pert1_trait0_count       │ 13             │
│ train/reward_pert1_trait0_mean        │ 0.090605       │
│ train/reward_pert1_trait1_count       │ 3              │
│ train/reward_pert1_trait1_mean        │ -0.163089      │
│ train/train/clock_cycle:unique        │ 1649818.000000 │
│ train/train/loss:sum                  │ 383.645030     │
│ train/train/ppo_clipped_fraction:mean │ 0.194841       │
│ train/train/ppo_kl_div:mean           │ 0.638065       │
│ train/train/ppo_mean_ratio:mean       │ 0.849161       │
└───────────────────────────────────────┴────────────────┘
tinker_cookbook.utils.ml_log:192 [INFO] Wrote metrics to logs/sweep-refresh-every/llama-rlct-re1/metrics.jsonl
tinker_cookbook.utils.ml_log:265 [INFO] 
                         Step 90                          
┏━━━━━━━━━━━━━━━━━━━━━━━━━━━━━━━━━━━━━━━┳━━━━━━━━━━━━━━━━┓
┃ Metric                                ┃ Value          ┃
┡━━━━━━━━━━━━━━━━━━━━━━━━━━━━━━━━━━━━━━━╇━━━━━━━━━━━━━━━━┩
│ optim/entropy                         │ 0.815586       │
│ optim/kl_sample_train_v1              │ 0.000833       │
│ optim/kl_sample_train_v2              │ 0.000610       │
│ train/advantage_abs_mean              │ 0.049654       │
│ train/anchor_reward_mean              │ 0.000000       │
│ train/anchor_reward_std               │ 0.000000       │
│ train/avg_response_length             │ 396.217949     │
│ train/consistency_gap_1               │ 0.081967       │
│ train/consistency_reward_mean         │ 0.001596       │
│ train/consistency_reward_std          │ 0.019841       │
│ train/epoch                           │ 0              │
│ train/kl_policy_base                  │ 0.040330       │
│ train/n_anchor_rollouts               │ 62             │
│ train/n_consistency_rollouts          │ 16             │
│ train/n_ref_parsed                    │ 62             │
│ train/n_training_parsed               │ 61             │
│ train/p_hat_1                         │ 0.081967       │
│ train/p_ref                           │ 0.000000       │
│ train/p_ref_drift                     │ 0.000000       │
│ train/p_ref_init                      │ 0.000000       │
│ train/parse_rate                      │ 0.960938       │
│ train/rate_var                        │ 0.001680       │
│ train/reward_pert0_trait0_count       │ 62             │
│ train/reward_pert0_trait0_mean        │ 0.000000       │
│ train/reward_pert1_trait0_count       │ 15             │
│ train/reward_pert1_trait0_mean        │ 0.006719       │
│ train/reward_pert1_trait1_count       │ 1              │
│ train/reward_pert1_trait1_mean        │ -0.075249      │
│ train/train/clock_cycle:unique        │ 1649869.000000 │
│ train/train/loss:sum                  │ 62.071492      │
│ train/train/ppo_clipped_fraction:mean │ 0.136902       │
│ train/train/ppo_kl_div:mean           │ 0.629272       │
│ train/train/ppo_mean_ratio:mean       │ 0.883386       │
└───────────────────────────────────────┴────────────────┘
tinker_cookbook.utils.ml_log:192 [INFO] Wrote metrics to logs/sweep-refresh-every/llama-rlct-re1/metrics.jsonl
tinker_cookbook.utils.ml_log:265 [INFO] 
                         Step 91                          
┏━━━━━━━━━━━━━━━━━━━━━━━━━━━━━━━━━━━━━━━┳━━━━━━━━━━━━━━━━┓
┃ Metric                                ┃ Value          ┃
┡━━━━━━━━━━━━━━━━━━━━━━━━━━━━━━━━━━━━━━━╇━━━━━━━━━━━━━━━━┩
│ optim/entropy                         │ 0.881809       │
│ optim/kl_sample_train_v1              │ 0.000754       │
│ optim/kl_sample_train_v2              │ 0.000669       │
│ train/advantage_abs_mean              │ 0.282158       │
│ train/anchor_reward_mean              │ -0.000000      │
│ train/anchor_reward_std               │ 0.011612       │
│ train/avg_response_length             │ 420.139241     │
│ train/consistency_gap_1               │ 0.158730       │
│ train/consistency_reward_mean         │ -0.004409      │
│ train/consistency_reward_std          │ 0.068732       │
│ train/epoch                           │ 0              │
│ train/kl_policy_base                  │ 0.043192       │
│ train/n_anchor_rollouts               │ 63             │
│ train/n_consistency_rollouts          │ 16             │
│ train/n_ref_parsed                    │ 63             │
│ train/n_training_parsed               │ 63             │
│ train/p_hat_1                         │ 0.222222       │
│ train/p_ref                           │ 0.063492       │
│ train/p_ref_drift                     │ 0.047619       │
│ train/p_ref_init                      │ 0.015873       │
│ train/parse_rate                      │ 0.984375       │
│ train/rate_var                        │ 0.006299       │
│ train/reward_pert0_trait0_count       │ 59             │
│ train/reward_pert0_trait0_mean        │ 0.003023       │
│ train/reward_pert0_trait1_count       │ 4              │
│ train/reward_pert0_trait1_mean        │ -0.044596      │
│ train/reward_pert1_trait0_count       │ 12             │
│ train/reward_pert1_trait0_mean        │ 0.035273       │
│ train/reward_pert1_trait1_count       │ 4              │
│ train/reward_pert1_trait1_mean        │ -0.123457      │
│ train/train/clock_cycle:unique        │ 1649967.000000 │
│ train/train/loss:sum                  │ 761.687500     │
│ train/train/ppo_clipped_fraction:mean │ 0.195821       │
│ train/train/ppo_kl_div:mean           │ 0.791345       │
│ train/train/ppo_mean_ratio:mean       │ 0.834323       │
└───────────────────────────────────────┴────────────────┘
tinker_cookbook.utils.ml_log:192 [INFO] Wrote metrics to logs/sweep-refresh-every/llama-rlct-re1/metrics.jsonl
tinker_cookbook.utils.ml_log:265 [INFO] 
                         Step 92                          
┏━━━━━━━━━━━━━━━━━━━━━━━━━━━━━━━━━━━━━━━┳━━━━━━━━━━━━━━━━┓
┃ Metric                                ┃ Value          ┃
┡━━━━━━━━━━━━━━━━━━━━━━━━━━━━━━━━━━━━━━━╇━━━━━━━━━━━━━━━━┩
│ optim/entropy                         │ 0.392486       │
│ optim/kl_sample_train_v1              │ 0.000287       │
│ optim/kl_sample_train_v2              │ 0.000355       │
│ train/advantage_abs_mean              │ 0.341220       │
│ train/anchor_reward_mean              │ 0.000000       │
│ train/anchor_reward_std               │ 0.027870       │
│ train/avg_response_length             │ 440.150685     │
│ train/consistency_gap_1               │ 0.192982       │
│ train/consistency_reward_mean         │ -0.002751      │
│ train/consistency_reward_std          │ 0.089450       │
│ train/epoch                           │ 0              │
│ train/kl_policy_base                  │ 0.022801       │
│ train/n_anchor_rollouts               │ 57             │
│ train/n_consistency_rollouts          │ 16             │
│ train/n_ref_parsed                    │ 57             │
│ train/n_training_parsed               │ 57             │
│ train/p_hat_1                         │ 0.298246       │
│ train/p_ref                           │ 0.105263       │
│ train/p_ref_drift                     │ -0.090815      │
│ train/p_ref_init                      │ 0.196078       │
│ train/parse_rate                      │ 0.890625       │
│ train/rate_var                        │ 0.009311       │
│ train/reward_pert0_trait0_count       │ 51             │
│ train/reward_pert0_trait0_mean        │ -0.009560      │
│ train/reward_pert0_trait1_count       │ 6              │
│ train/reward_pert0_trait1_mean        │ 0.081256       │
│ train/reward_pert1_trait0_count       │ 11             │
│ train/reward_pert1_trait0_mean        │ 0.057556       │
│ train/reward_pert1_trait1_count       │ 5              │
│ train/reward_pert1_trait1_mean        │ -0.135426      │
│ train/train/clock_cycle:unique        │ 1650067.000000 │
│ train/train/loss:sum                  │ -231.890549    │
│ train/train/ppo_clipped_fraction:mean │ 0.142535       │
│ train/train/ppo_kl_div:mean           │ 0.519207       │
│ train/train/ppo_mean_ratio:mean       │ 0.884005       │
└───────────────────────────────────────┴────────────────┘
tinker_cookbook.utils.ml_log:192 [INFO] Wrote metrics to logs/sweep-refresh-every/llama-rlct-re1/metrics.jsonl
tinker_cookbook.utils.ml_log:265 [INFO] 
               Step 93               
┏━━━━━━━━━━━━━━━━━━━━━━━━━━━┳━━━━━━━┓
┃ Metric                    ┃ Value ┃
┡━━━━━━━━━━━━━━━━━━━━━━━━━━━╇━━━━━━━┩
│ train/skipped_empty_batch │ 1     │
└───────────────────────────┴───────┘
tinker_cookbook.utils.ml_log:192 [INFO] Wrote metrics to logs/sweep-refresh-every/llama-rlct-re1/metrics.jsonl
tinker_cookbook.utils.ml_log:265 [INFO] 
                         Step 94                          
┏━━━━━━━━━━━━━━━━━━━━━━━━━━━━━━━━━━━━━━━┳━━━━━━━━━━━━━━━━┓
┃ Metric                                ┃ Value          ┃
┡━━━━━━━━━━━━━━━━━━━━━━━━━━━━━━━━━━━━━━━╇━━━━━━━━━━━━━━━━┩
│ optim/entropy                         │ 0.740014       │
│ optim/kl_sample_train_v1              │ 0.000621       │
│ optim/kl_sample_train_v2              │ 0.000583       │
│ train/advantage_abs_mean              │ 0.475535       │
│ train/anchor_reward_mean              │ -0.000000      │
│ train/anchor_reward_std               │ 0.031133       │
│ train/avg_response_length             │ 376.560000     │
│ train/consistency_gap_1               │ 0.023378       │
│ train/consistency_reward_mean         │ 0.001562       │
│ train/consistency_reward_std          │ 0.010836       │
│ train/epoch                           │ 0              │
│ train/kl_policy_base                  │ 0.040672       │
│ train/n_anchor_rollouts               │ 59             │
│ train/n_consistency_rollouts          │ 16             │
│ train/n_ref_parsed                    │ 59             │
│ train/n_training_parsed               │ 58             │
│ train/p_hat_1                         │ 0.379310       │
│ train/p_ref                           │ 0.355932       │
│ train/p_ref_drift                     │ 0.065023       │
│ train/p_ref_init                      │ 0.290909       │
│ train/parse_rate                      │ 0.914062       │
│ train/rate_var                        │ 0.000137       │
│ train/reward_pert0_trait0_count       │ 38             │
│ train/reward_pert0_trait0_mean        │ 0.023144       │
│ train/reward_pert0_trait1_count       │ 21             │
│ train/reward_pert0_trait1_mean        │ -0.041879      │
│ train/reward_pert1_trait0_count       │ 11             │
│ train/reward_pert1_trait0_mean        │ 0.008868       │
│ train/reward_pert1_trait1_count       │ 5              │
│ train/reward_pert1_trait1_mean        │ -0.014511      │
│ train/train/clock_cycle:unique        │ 1650084.000000 │
│ train/train/loss:sum                  │ -27.205204     │
│ train/train/ppo_clipped_fraction:mean │ 0.155921       │
│ train/train/ppo_kl_div:mean           │ 0.592708       │
│ train/train/ppo_mean_ratio:mean       │ 0.874244       │
└───────────────────────────────────────┴────────────────┘
tinker_cookbook.utils.ml_log:192 [INFO] Wrote metrics to logs/sweep-refresh-every/llama-rlct-re1/metrics.jsonl
tinker_cookbook.utils.ml_log:265 [INFO] 
                         Step 95                          
┏━━━━━━━━━━━━━━━━━━━━━━━━━━━━━━━━━━━━━━━┳━━━━━━━━━━━━━━━━┓
┃ Metric                                ┃ Value          ┃
┡━━━━━━━━━━━━━━━━━━━━━━━━━━━━━━━━━━━━━━━╇━━━━━━━━━━━━━━━━┩
│ optim/entropy                         │ 0.754010       │
│ optim/kl_sample_train_v1              │ 0.000721       │
│ optim/kl_sample_train_v2              │ 0.000567       │
│ train/advantage_abs_mean              │ 0.475964       │
│ train/anchor_reward_mean              │ -0.000000      │
│ train/anchor_reward_std               │ 0.061419       │
│ train/avg_response_length             │ 381.986486     │
│ train/consistency_gap_1               │ 0.155747       │
│ train/consistency_reward_mean         │ -0.002596      │
│ train/consistency_reward_std          │ 0.077874       │
│ train/epoch                           │ 0              │
│ train/kl_policy_base                  │ 0.035411       │
│ train/n_anchor_rollouts               │ 58             │
│ train/n_consistency_rollouts          │ 16             │
│ train/n_ref_parsed                    │ 58             │
│ train/n_training_parsed               │ 60             │
│ train/p_hat_1                         │ 0.483333       │
│ train/p_ref                           │ 0.327586       │
│ train/p_ref_drift                     │ 0.130865       │
│ train/p_ref_init                      │ 0.196721       │
│ train/parse_rate                      │ 0.921875       │
│ train/rate_var                        │ 0.006064       │
│ train/reward_pert0_trait0_count       │ 39             │
│ train/reward_pert0_trait0_mean        │ 0.042870       │
│ train/reward_pert0_trait1_count       │ 19             │
│ train/reward_pert0_trait1_mean        │ -0.087995      │
│ train/reward_pert1_trait0_count       │ 8              │
│ train/reward_pert1_trait0_mean        │ 0.075278       │
│ train/reward_pert1_trait1_count       │ 8              │
│ train/reward_pert1_trait1_mean        │ -0.080469      │
│ train/train/clock_cycle:unique        │ 1650088.000000 │
│ train/train/loss:sum                  │ -860.859209    │
│ train/train/ppo_clipped_fraction:mean │ 0.155588       │
│ train/train/ppo_kl_div:mean           │ 0.590097       │
│ train/train/ppo_mean_ratio:mean       │ 0.871254       │
└───────────────────────────────────────┴────────────────┘
tinker_cookbook.utils.ml_log:192 [INFO] Wrote metrics to logs/sweep-refresh-every/llama-rlct-re1/metrics.jsonl
tinker_cookbook.utils.ml_log:265 [INFO] 
                         Step 96                          
┏━━━━━━━━━━━━━━━━━━━━━━━━━━━━━━━━━━━━━━━┳━━━━━━━━━━━━━━━━┓
┃ Metric                                ┃ Value          ┃
┡━━━━━━━━━━━━━━━━━━━━━━━━━━━━━━━━━━━━━━━╇━━━━━━━━━━━━━━━━┩
│ optim/entropy                         │ 0.701056       │
│ optim/kl_sample_train_v1              │ 0.000591       │
│ optim/kl_sample_train_v2              │ 0.000551       │
│ train/advantage_abs_mean              │ 0.149785       │
│ train/anchor_reward_mean              │ 0.000000       │
│ train/anchor_reward_std               │ 0.001905       │
│ train/avg_response_length             │ 281.858974     │
│ train/consistency_gap_1               │ 0.031490       │
│ train/consistency_reward_mean         │ -0.000469      │
│ train/consistency_reward_std          │ 0.007623       │
│ train/epoch                           │ 0              │
│ train/kl_policy_base                  │ 0.031533       │
│ train/n_anchor_rollouts               │ 62             │
│ train/n_consistency_rollouts          │ 16             │
│ train/n_ref_parsed                    │ 62             │
│ train/n_training_parsed               │ 63             │
│ train/p_hat_1                         │ 0.047619       │
│ train/p_ref                           │ 0.016129       │
│ train/p_ref_drift                     │ -0.015121      │
│ train/p_ref_init                      │ 0.031250       │
│ train/parse_rate                      │ 0.976562       │
│ train/rate_var                        │ 0.000248       │
│ train/reward_pert0_trait0_count       │ 61             │
│ train/reward_pert0_trait0_mean        │ -0.000244      │
│ train/reward_pert0_trait1_count       │ 1              │
│ train/reward_pert0_trait1_mean        │ 0.014877       │
│ train/reward_pert1_trait0_count       │ 15             │
│ train/reward_pert1_trait0_mean        │ 0.001500       │
│ train/reward_pert1_trait1_count       │ 1              │
│ train/reward_pert1_trait1_mean        │ -0.029990      │
│ train/train/clock_cycle:unique        │ 1650091.000000 │
│ train/train/loss:sum                  │ -286.003158    │
│ train/train/ppo_clipped_fraction:mean │ 0.163992       │
│ train/train/ppo_kl_div:mean           │ 0.756571       │
│ train/train/ppo_mean_ratio:mean       │ 0.863337       │
└───────────────────────────────────────┴────────────────┘
tinker_cookbook.utils.ml_log:192 [INFO] Wrote metrics to logs/sweep-refresh-every/llama-rlct-re1/metrics.jsonl
tinker_cookbook.utils.ml_log:265 [INFO] 
                         Step 97                          
┏━━━━━━━━━━━━━━━━━━━━━━━━━━━━━━━━━━━━━━━┳━━━━━━━━━━━━━━━━┓
┃ Metric                                ┃ Value          ┃
┡━━━━━━━━━━━━━━━━━━━━━━━━━━━━━━━━━━━━━━━╇━━━━━━━━━━━━━━━━┩
│ optim/entropy                         │ 0.754017       │
│ optim/kl_sample_train_v1              │ 0.000847       │
│ optim/kl_sample_train_v2              │ 0.000603       │
│ train/advantage_abs_mean              │ 0.148696       │
│ train/anchor_reward_mean              │ -0.000000      │
│ train/anchor_reward_std               │ 0.000065       │
│ train/avg_response_length             │ 311.936709     │
│ train/consistency_gap_1               │ 0.000520       │
│ train/consistency_reward_mean         │ -0.000024      │
│ train/consistency_reward_std          │ 0.000126       │
│ train/epoch                           │ 0              │
│ train/kl_policy_base                  │ 0.066027       │
│ train/n_anchor_rollouts               │ 63             │
│ train/n_consistency_rollouts          │ 16             │
│ train/n_ref_parsed                    │ 63             │
│ train/n_training_parsed               │ 61             │
│ train/p_hat_1                         │ 0.016393       │
│ train/p_ref                           │ 0.015873       │
│ train/p_ref_drift                     │ -0.000520      │
│ train/p_ref_init                      │ 0.016393       │
│ train/parse_rate                      │ 0.968750       │
│ train/rate_var                        │ 0.000000       │
│ train/reward_pert0_trait0_count       │ 62             │
│ train/reward_pert0_trait0_mean        │ -0.000008      │
│ train/reward_pert0_trait1_count       │ 1              │
│ train/reward_pert0_trait1_mean        │ 0.000512       │
│ train/reward_pert1_trait0_count       │ 15             │
│ train/reward_pert1_trait0_mean        │ 0.000009       │
│ train/reward_pert1_trait1_count       │ 1              │
│ train/reward_pert1_trait1_mean        │ -0.000512      │
│ train/train/clock_cycle:unique        │ 1650095.000000 │
│ train/train/loss:sum                  │ -53.879287     │
│ train/train/ppo_clipped_fraction:mean │ 0.237548       │
│ train/train/ppo_kl_div:mean           │ 1.031374       │
│ train/train/ppo_mean_ratio:mean       │ 0.798217       │
└───────────────────────────────────────┴────────────────┘
tinker.lib.retry_handler:241 [ERROR] Request failed with non-retryable error: ValueError: Error retrieving result: Error code: 402 - {'detail': 'Access for consistency.training.methods@gmail.com_default_org is blocked due to billing status. Please add payment at https://tinker-console.thinkingmachines.ai/billing/balance.'} with status code e.status_code=402 for self.request_id='dcf8778e-9de3-5a5b-b5fd-fbfb6cdcb23b:sample:1:5499' and expected type self.model_cls=<class 'tinker.SampleResponse'>
tinker.lib.telemetry:204 [INFO] Exception logged for session ID: dcf8778e-9de3-5a5b-b5fd-fbfb6cdcb23b
cot_transparency.apis.tinker.rl_training:531 [ERROR] Training failed with exception:
Traceback (most recent call last):
  File "/home/prakharg/miniconda3/envs/cot/lib/python3.12/site-packages/tinker/lib/api_future_impl.py", line 123, in _result_async
    response = await client.futures.with_raw_response.retrieve(
               ^^^^^^^^^^^^^^^^^^^^^^^^^^^^^^^^^^^^^^^^^^^^^^^^
  File "/home/prakharg/miniconda3/envs/cot/lib/python3.12/site-packages/tinker/_response.py", line 786, in wrapped
    return cast(AsyncAPIResponse[R], await func(*args, **kwargs))
                                     ^^^^^^^^^^^^^^^^^^^^^^^^^^^
  File "/home/prakharg/miniconda3/envs/cot/lib/python3.12/site-packages/tinker/resources/futures.py", line 74, in retrieve
    await self._post(
  File "/home/prakharg/miniconda3/envs/cot/lib/python3.12/site-packages/tinker/_base_client.py", line 1230, in post
    return await self.request(cast_to, opts, stream=stream, stream_cls=stream_cls)
           ^^^^^^^^^^^^^^^^^^^^^^^^^^^^^^^^^^^^^^^^^^^^^^^^^^^^^^^^^^^^^^^^^^^^^^^
  File "/home/prakharg/miniconda3/envs/cot/lib/python3.12/site-packages/tinker/_base_client.py", line 1031, in request
    raise self._make_status_error_from_response(err.response) from None
tinker.APIStatusError: Error code: 402 - {'detail': 'Access for consistency.training.methods@gmail.com_default_org is blocked due to billing status. Please add payment at https://tinker-console.thinkingmachines.ai/billing/balance.'}

The above exception was the direct cause of the following exception:

Traceback (most recent call last):
  File "/home/prakharg/cot-transparency/cot_transparency/apis/tinker/rl_training.py", line 525, in train
    return await self._train_loop(
           ^^^^^^^^^^^^^^^^^^^^^^^
  File "/home/prakharg/cot-transparency/cot_transparency/apis/tinker/rl_training.py", line 560, in _train_loop
    return await self._train_loop_inner(
           ^^^^^^^^^^^^^^^^^^^^^^^^^^^^^
  File "/home/prakharg/cot-transparency/cot_transparency/apis/tinker/rl_training.py", line 716, in _train_loop_inner
    anchor_results = await asyncio.gather(*[_sample_anchor(item) for item in items_needing_anchor])
                     ^^^^^^^^^^^^^^^^^^^^^^^^^^^^^^^^^^^^^^^^^^^^^^^^^^^^^^^^^^^^^^^^^^^^^^^^^^^^^^
  File "/home/prakharg/cot-transparency/cot_transparency/apis/tinker/rl_training.py", line 710, in _sample_anchor
    result = await self._collect_rollouts(
             ^^^^^^^^^^^^^^^^^^^^^^^^^^^^^
  File "/home/prakharg/cot-transparency/cot_transparency/apis/tinker/rl_training.py", line 372, in _collect_rollouts
    results = await asyncio.gather(*[rollout_perturbation(idx) for idx in all_idx])
              ^^^^^^^^^^^^^^^^^^^^^^^^^^^^^^^^^^^^^^^^^^^^^^^^^^^^^^^^^^^^^^^^^^^^^
  File "/home/prakharg/cot-transparency/cot_transparency/apis/tinker/rl_training.py", line 356, in rollout_perturbation
    raw = await self._sample_from_client(client, prompt, n_rollouts_per[idx])
          ^^^^^^^^^^^^^^^^^^^^^^^^^^^^^^^^^^^^^^^^^^^^^^^^^^^^^^^^^^^^^^^^^^^
  File "/home/prakharg/cot-transparency/cot_transparency/apis/tinker/rl_training.py", line 292, in _sample_from_client
    result = await client.sample_async(
             ^^^^^^^^^^^^^^^^^^^^^^^^^^
  File "/home/prakharg/miniconda3/envs/cot/lib/python3.12/site-packages/tinker/lib/public_interfaces/sampling_client.py", line 266, in sample_async
    return await AwaitableConcurrentFuture(
           ^^^^^^^^^^^^^^^^^^^^^^^^^^^^^^^^
  File "/home/prakharg/miniconda3/envs/cot/lib/python3.12/site-packages/tinker/lib/public_interfaces/api_future.py", line 132, in result_async
    return await asyncio.wrap_future(self._future)
           ^^^^^^^^^^^^^^^^^^^^^^^^^^^^^^^^^^^^^^^
  File "/home/prakharg/miniconda3/envs/cot/lib/python3.12/site-packages/tinker/lib/telemetry.py", line 384, in _awrapper
    return await cast(Callable[..., Awaitable[R]], func)(*args, **kwargs)
           ^^^^^^^^^^^^^^^^^^^^^^^^^^^^^^^^^^^^^^^^^^^^^^^^^^^^^^^^^^^^^^
  File "/home/prakharg/miniconda3/envs/cot/lib/python3.12/site-packages/tinker/lib/public_interfaces/sampling_client.py", line 252, in _sample_async_with_retries
    return await self.retry_handler.execute(_sample_async)
           ^^^^^^^^^^^^^^^^^^^^^^^^^^^^^^^^^^^^^^^^^^^^^^^
  File "/home/prakharg/miniconda3/envs/cot/lib/python3.12/site-packages/tinker/lib/retry_handler.py", line 155, in execute
    result = await self._execute_with_retry(func, *args, **kwargs)
             ^^^^^^^^^^^^^^^^^^^^^^^^^^^^^^^^^^^^^^^^^^^^^^^^^^^^^
  File "/home/prakharg/miniconda3/envs/cot/lib/python3.12/site-packages/tinker/lib/retry_handler.py", line 207, in _execute_with_retry
    result = await func(*args, **kwargs)
             ^^^^^^^^^^^^^^^^^^^^^^^^^^^
  File "/home/prakharg/miniconda3/envs/cot/lib/python3.12/site-packages/tinker/lib/public_interfaces/sampling_client.py", line 242, in _sample_async
    return await self._sample_async_impl(
           ^^^^^^^^^^^^^^^^^^^^^^^^^^^^^^
  File "/home/prakharg/miniconda3/envs/cot/lib/python3.12/site-packages/tinker/lib/public_interfaces/sampling_client.py", line 200, in _sample_async_impl
    return await _APIFuture(
           ^^^^^^^^^^^^^^^^^
  File "/home/prakharg/miniconda3/envs/cot/lib/python3.12/site-packages/tinker/lib/api_future_impl.py", line 278, in result_async
    return await asyncio.wait_for(self._future, timeout)
           ^^^^^^^^^^^^^^^^^^^^^^^^^^^^^^^^^^^^^^^^^^^^^
  File "/home/prakharg/miniconda3/envs/cot/lib/python3.12/asyncio/tasks.py", line 520, in wait_for
    return await fut
           ^^^^^^^^^
  File "/home/prakharg/miniconda3/envs/cot/lib/python3.12/site-packages/tinker/lib/public_interfaces/api_future.py", line 132, in result_async
    return await asyncio.wrap_future(self._future)
           ^^^^^^^^^^^^^^^^^^^^^^^^^^^^^^^^^^^^^^^
  File "/home/prakharg/miniconda3/envs/cot/lib/python3.12/site-packages/tinker/lib/api_future_impl.py", line 175, in _result_async
    raise ValueError(
ValueError: Error retrieving result: Error code: 402 - {'detail': 'Access for consistency.training.methods@gmail.com_default_org is blocked due to billing status. Please add payment at https://tinker-console.thinkingmachines.ai/billing/balance.'} with status code e.status_code=402 for self.request_id='dcf8778e-9de3-5a5b-b5fd-fbfb6cdcb23b:sample:1:5499' and expected type self.model_cls=<class 'tinker.SampleResponse'>

tinker_cookbook.utils.ml_log:192 [INFO] Wrote metrics to logs/sweep-refresh-every/llama-rlct-re1/metrics.jsonl
tinker_cookbook.utils.ml_log:265 [INFO] 
┏━━━━━━━━━━━━━━━━━━━━━━┳━━━━━━━━━━━━━━━━━━━━━━━━━━━━━━━━━━━━━━━━━━━━━━━━━━━━━━━┓
┃ Metric               ┃ Value                                                 ┃
┡━━━━━━━━━━━━━━━━━━━━━━╇━━━━━━━━━━━━━━━━━━━━━━━━━━━━━━━━━━━━━━━━━━━━━━━━━━━━━━━┩
│ train/error          │ Traceback (most recent call last):                    │
│                      │   File                                                │
│                      │ "/home/prakharg/miniconda3/envs/cot/lib/python3.12/s… │
│                      │ line 123, in _result_async                            │
│                      │     response = await                                  │
│                      │ client.futures.with_raw_response.retrieve(            │
│                      │                ^^^^^^^^^^^^^^^^^^^^^^^^^^^^^^^^^^^^^… │
│                      │   File                                                │
│                      │ "/home/prakharg/miniconda3/envs/cot/lib/python3.12/s… │
│                      │ line 786, in wrapped                                  │
│                      │     return cast(AsyncAPIResponse[R], await            │
│                      │ func(*args, **kwargs))                                │
│                      │                                      ^^^^^^^^^^^^^^^… │
│                      │   File                                                │
│                      │ "/home/prakharg/miniconda3/envs/cot/lib/python3.12/s… │
│                      │ line 74, in retrieve                                  │
│                      │     await self._post(                                 │
│                      │   File                                                │
│                      │ "/home/prakharg/miniconda3/envs/cot/lib/python3.12/s… │
│                      │ line 1230, in post                                    │
│                      │     return await self.request(cast_to, opts,          │
│                      │ stream=stream, stream_cls=stream_cls)                 │
│                      │            ^^^^^^^^^^^^^^^^^^^^^^^^^^^^^^^^^^^^^^^^^… │
│                      │   File                                                │
│                      │ "/home/prakharg/miniconda3/envs/cot/lib/python3.12/s… │
│                      │ line 1031, in request                                 │
│                      │     raise                                             │
│                      │ self._make_status_error_from_response(err.response)   │
│                      │ from None                                             │
│                      │ tinker.APIStatusError: Error code: 402 - {'detail':   │
│                      │ 'Access for                                           │
│                      │ consistency.training.methods@gmail.com_default_org is │
│                      │ blocked due to billing status. Please add payment at  │
│                      │ https://tinker-console.thinkingmachines.ai/billing/b… │
│                      │                                                       │
│                      │ The above exception was the direct cause of the       │
│                      │ following exception:                                  │
│                      │                                                       │
│                      │ Traceback (most recent call last):                    │
│                      │   File                                                │
│                      │ "/home/prakharg/cot-transparency/cot_transparency/ap… │
│                      │ line 525, in train                                    │
│                      │     return await self._train_loop(                    │
│                      │            ^^^^^^^^^^^^^^^^^^^^^^^                    │
│                      │   File                                                │
│                      │ "/home/prakharg/cot-transparency/cot_transparency/ap… │
│                      │ line 560, in _train_loop                              │
│                      │     return await self._train_loop_inner(              │
│                      │            ^^^^^^^^^^^^^^^^^^^^^^^^^^^^^              │
│                      │   File                                                │
│                      │ "/home/prakharg/cot-transparency/cot_transparency/ap… │
│                      │ line 716, in _train_loop_inner                        │
│                      │     anchor_results = await                            │
│                      │ asyncio.gather(*[_sample_anchor(item) for item in     │
│                      │ items_needing_anchor])                                │
│                      │                      ^^^^^^^^^^^^^^^^^^^^^^^^^^^^^^^… │
│                      │   File                                                │
│                      │ "/home/prakharg/cot-transparency/cot_transparency/ap… │
│                      │ line 710, in _sample_anchor                           │
│                      │     result = await self._collect_rollouts(            │
│                      │              ^^^^^^^^^^^^^^^^^^^^^^^^^^^^^            │
│                      │   File                                                │
│                      │ "/home/prakharg/cot-transparency/cot_transparency/ap… │
│                      │ line 372, in _collect_rollouts                        │
│                      │     results = await asyncio.gather(*)                 │
│                      │               ^^^^^^^^^^^^^^^^^^^^^^^^^^^^^^^^^^^^^^… │
│                      │   File                                                │
│                      │ "/home/prakharg/cot-transparency/cot_transparency/ap… │
│                      │ line 356, in rollout_perturbation                     │
│                      │     raw = await self._sample_from_client(client,      │
│                      │ prompt, n_rollouts_per)                               │
│                      │           ^^^^^^^^^^^^^^^^^^^^^^^^^^^^^^^^^^^^^^^^^^… │
│                      │   File                                                │
│                      │ "/home/prakharg/cot-transparency/cot_transparency/ap… │
│                      │ line 292, in _sample_from_client                      │
│                      │     result = await client.sample_async(               │
│                      │              ^^^^^^^^^^^^^^^^^^^^^^^^^^               │
│                      │   File                                                │
│                      │ "/home/prakharg/miniconda3/envs/cot/lib/python3.12/s… │
│                      │ line 266, in sample_async                             │
│                      │     return await AwaitableConcurrentFuture(           │
│                      │            ^^^^^^^^^^^^^^^^^^^^^^^^^^^^^^^^           │
│                      │   File                                                │
│                      │ "/home/prakharg/miniconda3/envs/cot/lib/python3.12/s… │
│                      │ line 132, in result_async                             │
│                      │     return await asyncio.wrap_future(self._future)    │
│                      │            ^^^^^^^^^^^^^^^^^^^^^^^^^^^^^^^^^^^^^^^    │
│                      │   File                                                │
│                      │ "/home/prakharg/miniconda3/envs/cot/lib/python3.12/s… │
│                      │ line 384, in _awrapper                                │
│                      │     return await cast(Callable[..., Awaitable[R]],    │
│                      │ func)(*args, **kwargs)                                │
│                      │            ^^^^^^^^^^^^^^^^^^^^^^^^^^^^^^^^^^^^^^^^^… │
│                      │   File                                                │
│                      │ "/home/prakharg/miniconda3/envs/cot/lib/python3.12/s… │
│                      │ line 252, in _sample_async_with_retries               │
│                      │     return await                                      │
│                      │ self.retry_handler.execute(_sample_async)             │
│                      │            ^^^^^^^^^^^^^^^^^^^^^^^^^^^^^^^^^^^^^^^^^… │
│                      │   File                                                │
│                      │ "/home/prakharg/miniconda3/envs/cot/lib/python3.12/s… │
│                      │ line 155, in execute                                  │
│                      │     result = await self._execute_with_retry(func,     │
│                      │ *args, **kwargs)                                      │
│                      │              ^^^^^^^^^^^^^^^^^^^^^^^^^^^^^^^^^^^^^^^… │
│                      │   File                                                │
│                      │ "/home/prakharg/miniconda3/envs/cot/lib/python3.12/s… │
│                      │ line 207, in _execute_with_retry                      │
│                      │     result = await func(*args, **kwargs)              │
│                      │              ^^^^^^^^^^^^^^^^^^^^^^^^^^^              │
│                      │   File                                                │
│                      │ "/home/prakharg/miniconda3/envs/cot/lib/python3.12/s… │
│                      │ line 242, in _sample_async                            │
│                      │     return await self._sample_async_impl(             │
│                      │            ^^^^^^^^^^^^^^^^^^^^^^^^^^^^^^             │
│                      │   File                                                │
│                      │ "/home/prakharg/miniconda3/envs/cot/lib/python3.12/s… │
│                      │ line 200, in _sample_async_impl                       │
│                      │     return await _APIFuture(                          │
│                      │            ^^^^^^^^^^^^^^^^^                          │
│                      │   File                                                │
│                      │ "/home/prakharg/miniconda3/envs/cot/lib/python3.12/s… │
│                      │ line 278, in result_async                             │
│                      │     return await asyncio.wait_for(self._future,       │
│                      │ timeout)                                              │
│                      │            ^^^^^^^^^^^^^^^^^^^^^^^^^^^^^^^^^^^^^^^^^… │
│                      │   File                                                │
│                      │ "/home/prakharg/miniconda3/envs/cot/lib/python3.12/a… │
│                      │ line 520, in wait_for                                 │
│                      │     return await fut                                  │
│                      │            ^^^^^^^^^                                  │
│                      │   File                                                │
│                      │ "/home/prakharg/miniconda3/envs/cot/lib/python3.12/s… │
│                      │ line 132, in result_async                             │
│                      │     return await asyncio.wrap_future(self._future)    │
│                      │            ^^^^^^^^^^^^^^^^^^^^^^^^^^^^^^^^^^^^^^^    │
│                      │   File                                                │
│                      │ "/home/prakharg/miniconda3/envs/cot/lib/python3.12/s… │
│                      │ line 175, in _result_async                            │
│                      │     raise ValueError(                                 │
│                      │ ValueError: Error retrieving result: Error code: 402  │
│                      │ - {'detail': 'Access for                              │
│                      │ consistency.training.methods@gmail.com_default_org is │
│                      │ blocked due to billing status. Please add payment at  │
│                      │ https://tinker-console.thinkingmachines.ai/billing/b… │
│                      │ with status code e.status_code=402 for                │
│                      │ self.request_id='dcf8778e-9de3-5a5b-b5fd-fbfb6cdcb23… │
│                      │ and expected type self.model_cls=<class               │
│                      │ 'tinker.SampleResponse'>                              │
│                      │                                                       │
└──────────────────────┴───────────────────────────────────────────────────────┘
root:654 [INFO] Command line invocation: scripts/tinker_training/train_rl.py --model meta-llama/Llama-3.1-8B-Instruct --experiment-name sweep-refresh-every --run-name llama-rlct-re1 --bias-types suggested_answer --datasets mmlu --n-datapoints 128 --lora-rank 8 --kl-coef 0.05 --anchor-weight 0.0 --loss-fn ppo --n-ref-rollouts 64 --n-train-rollouts 64 --n-consistency-rollouts 16 --batch-size 1 --refresh-every 1 --checkpoint-every 64 -y
tinker_cookbook.utils.ml_log:592 [INFO] Logging to: logs/sweep-refresh-every/llama-rlct-re1
tinker_cookbook.utils.ml_log:265 [INFO] 
Configuration:
  git: {'git_sha': '96370379d5ccd054f534da1e2989f8229d8fef58', 'git_branch': 
'reasoning-history-last-fix', 'git_dirty': True, 'git_dirt ...     "hatch": 
"//",\n+      "edgecolor": "black",\n+      "training_biases": []\n     }\n   
}\n }\n\\ No newline at end of file'}
tinker_cookbook.utils.ml_log:265 [INFO] 
Configuration:
  n_datapoints: 128
  total_steps: 128
  n_perturbations: 2
  base_lr: 0.0002856415043086949
tinker_cookbook.utils.ml_log:192 [INFO] Wrote metrics to logs/sweep-refresh-every/llama-rlct-re1/metrics.jsonl
tinker_cookbook.utils.ml_log:265 [INFO] 
               Step 1                
┏━━━━━━━━━━━━━━━━━━━━━━━━━━━┳━━━━━━━┓
┃ Metric                    ┃ Value ┃
┡━━━━━━━━━━━━━━━━━━━━━━━━━━━╇━━━━━━━┩
│ train/skipped_empty_batch │ 1     │
└───────────────────────────┴───────┘
tinker_cookbook.utils.ml_log:192 [INFO] Wrote metrics to logs/sweep-refresh-every/llama-rlct-re1/metrics.jsonl
tinker_cookbook.utils.ml_log:265 [INFO] 
               Step 2                
┏━━━━━━━━━━━━━━━━━━━━━━━━━━━┳━━━━━━━┓
┃ Metric                    ┃ Value ┃
┡━━━━━━━━━━━━━━━━━━━━━━━━━━━╇━━━━━━━┩
│ train/skipped_empty_batch │ 1     │
└───────────────────────────┴───────┘
tinker_cookbook.utils.ml_log:192 [INFO] Wrote metrics to logs/sweep-refresh-every/llama-rlct-re1/metrics.jsonl
tinker_cookbook.utils.ml_log:265 [INFO] 
               Step 3                
┏━━━━━━━━━━━━━━━━━━━━━━━━━━━┳━━━━━━━┓
┃ Metric                    ┃ Value ┃
┡━━━━━━━━━━━━━━━━━━━━━━━━━━━╇━━━━━━━┩
│ train/skipped_empty_batch │ 1     │
└───────────────────────────┴───────┘
tinker_cookbook.utils.ml_log:192 [INFO] Wrote metrics to logs/sweep-refresh-every/llama-rlct-re1/metrics.jsonl
tinker_cookbook.utils.ml_log:265 [INFO] 
                         Step 4                          
┏━━━━━━━━━━━━━━━━━━━━━━━━━━━━━━━━━━━━━━━┳━━━━━━━━━━━━━━━┓
┃ Metric                                ┃ Value         ┃
┡━━━━━━━━━━━━━━━━━━━━━━━━━━━━━━━━━━━━━━━╇━━━━━━━━━━━━━━━┩
│ optim/entropy                         │ 0.957704      │
│ optim/kl_sample_train_v1              │ 0.000302      │
│ optim/kl_sample_train_v2              │ 0.000619      │
│ train/advantage_abs_mean              │ 0.927025      │
│ train/anchor_reward_mean              │ 0.000000      │
│ train/anchor_reward_std               │ 0.000000      │
│ train/avg_response_length             │ 370.312500    │
│ train/consistency_gap_1               │ 0.617702      │
│ train/consistency_reward_mean         │ 0.025519      │
│ train/consistency_reward_std          │ 0.286313      │
│ train/epoch                           │ 0             │
│ train/kl_policy_base                  │ 0.000921      │
│ train/n_anchor_rollouts               │ 0             │
│ train/n_consistency_rollouts          │ 16            │
│ train/n_ref_parsed                    │ 63            │
│ train/n_training_parsed               │ 59            │
│ train/p_hat_1                         │ 0.728814      │
│ train/p_ref                           │ 0.111111      │
│ train/parse_rate                      │ 0.953125      │
│ train/rate_var                        │ 0.095389      │
│ train/reward_pert1_trait0_count       │ 5             │
│ train/reward_pert1_trait0_mean        │ 0.450190      │
│ train/reward_pert1_trait1_count       │ 11            │
│ train/reward_pert1_trait1_mean        │ -0.167513     │
│ train/train/clock_cycle:unique        │ 104507.000000 │
│ train/train/loss:sum                  │ 613.355713    │
│ train/train/ppo_clipped_fraction:mean │ 0.229277      │
│ train/train/ppo_kl_div:mean           │ 0.815028      │
│ train/train/ppo_mean_ratio:mean       │ 0.812630      │
└───────────────────────────────────────┴───────────────┘
tinker_cookbook.utils.ml_log:192 [INFO] Wrote metrics to logs/sweep-refresh-every/llama-rlct-re1/metrics.jsonl
tinker_cookbook.utils.ml_log:265 [INFO] 
                         Step 5                          
┏━━━━━━━━━━━━━━━━━━━━━━━━━━━━━━━━━━━━━━━┳━━━━━━━━━━━━━━━┓
┃ Metric                                ┃ Value         ┃
┡━━━━━━━━━━━━━━━━━━━━━━━━━━━━━━━━━━━━━━━╇━━━━━━━━━━━━━━━┩
│ optim/entropy                         │ 0.851304      │
│ optim/kl_sample_train_v1              │ 0.000263      │
│ optim/kl_sample_train_v2              │ 0.000614      │
│ train/advantage_abs_mean              │ 0.968246      │
│ train/anchor_reward_mean              │ 0.000000      │
│ train/anchor_reward_std               │ 0.000000      │
│ train/avg_response_length             │ 261.687500    │
│ train/consistency_gap_1               │ -0.016667     │
│ train/consistency_reward_mean         │ -0.002083     │
│ train/consistency_reward_std          │ 0.008069      │
│ train/epoch                           │ 0             │
│ train/kl_policy_base                  │ 0.010395      │
│ train/n_anchor_rollouts               │ 0             │
│ train/n_consistency_rollouts          │ 16            │
│ train/n_ref_parsed                    │ 60            │
│ train/n_training_parsed               │ 64            │
│ train/p_hat_1                         │ 0.750000      │
│ train/p_ref                           │ 0.766667      │
│ train/parse_rate                      │ 0.968750      │
│ train/rate_var                        │ 0.000069      │
│ train/reward_pert1_trait0_count       │ 6             │
│ train/reward_pert1_trait0_mean        │ -0.012500     │
│ train/reward_pert1_trait1_count       │ 10            │
│ train/reward_pert1_trait1_mean        │ 0.004167      │
│ train/train/clock_cycle:unique        │ 104513.000000 │
│ train/train/loss:sum                  │ 162.743439    │
│ train/train/ppo_clipped_fraction:mean │ 0.288789      │
│ train/train/ppo_kl_div:mean           │ 1.251296      │
│ train/train/ppo_mean_ratio:mean       │ 0.755381      │
└───────────────────────────────────────┴───────────────┘
tinker_cookbook.utils.ml_log:192 [INFO] Wrote metrics to logs/sweep-refresh-every/llama-rlct-re1/metrics.jsonl
tinker_cookbook.utils.ml_log:265 [INFO] 
               Step 6                
┏━━━━━━━━━━━━━━━━━━━━━━━━━━━┳━━━━━━━┓
┃ Metric                    ┃ Value ┃
┡━━━━━━━━━━━━━━━━━━━━━━━━━━━╇━━━━━━━┩
│ train/skipped_empty_batch │ 1     │
└───────────────────────────┴───────┘
tinker_cookbook.utils.ml_log:192 [INFO] Wrote metrics to logs/sweep-refresh-every/llama-rlct-re1/metrics.jsonl
tinker_cookbook.utils.ml_log:265 [INFO] 
                         Step 7                          
┏━━━━━━━━━━━━━━━━━━━━━━━━━━━━━━━━━━━━━━━┳━━━━━━━━━━━━━━━┓
┃ Metric                                ┃ Value         ┃
┡━━━━━━━━━━━━━━━━━━━━━━━━━━━━━━━━━━━━━━━╇━━━━━━━━━━━━━━━┩
│ optim/entropy                         │ 0.867069      │
│ optim/kl_sample_train_v1              │ 0.000392      │
│ optim/kl_sample_train_v2              │ 0.000602      │
│ train/advantage_abs_mean              │ 0.661438      │
│ train/anchor_reward_mean              │ 0.000000      │
│ train/anchor_reward_std               │ 0.000000      │
│ train/avg_response_length             │ 371.062500    │
│ train/consistency_gap_1               │ 0.285714      │
│ train/consistency_reward_mean         │ 0.008503      │
│ train/consistency_reward_std          │ 0.094491      │
│ train/epoch                           │ 0             │
│ train/kl_policy_base                  │ 0.024233      │
│ train/n_anchor_rollouts               │ 0             │
│ train/n_consistency_rollouts          │ 16            │
│ train/n_ref_parsed                    │ 63            │
│ train/n_training_parsed               │ 63            │
│ train/p_hat_1                         │ 0.904762      │
│ train/p_ref                           │ 0.619048      │
│ train/parse_rate                      │ 0.984375      │
│ train/rate_var                        │ 0.020408      │
│ train/reward_pert1_trait0_count       │ 2             │
│ train/reward_pert1_trait0_mean        │ 0.258503      │
│ train/reward_pert1_trait1_count       │ 14            │
│ train/reward_pert1_trait1_mean        │ -0.027211     │
│ train/train/clock_cycle:unique        │ 104522.000000 │
│ train/train/loss:sum                  │ 532.478516    │
│ train/train/ppo_clipped_fraction:mean │ 0.157579      │
│ train/train/ppo_kl_div:mean           │ 0.752444      │
│ train/train/ppo_mean_ratio:mean       │ 0.861330      │
└───────────────────────────────────────┴───────────────┘
tinker_cookbook.utils.ml_log:192 [INFO] Wrote metrics to logs/sweep-refresh-every/llama-rlct-re1/metrics.jsonl
tinker_cookbook.utils.ml_log:265 [INFO] 
               Step 8                
┏━━━━━━━━━━━━━━━━━━━━━━━━━━━┳━━━━━━━┓
┃ Metric                    ┃ Value ┃
┡━━━━━━━━━━━━━━━━━━━━━━━━━━━╇━━━━━━━┩
│ train/skipped_empty_batch │ 1     │
└───────────────────────────┴───────┘
tinker_cookbook.utils.ml_log:192 [INFO] Wrote metrics to logs/sweep-refresh-every/llama-rlct-re1/metrics.jsonl
tinker_cookbook.utils.ml_log:265 [INFO] 
               Step 9                
┏━━━━━━━━━━━━━━━━━━━━━━━━━━━┳━━━━━━━┓
┃ Metric                    ┃ Value ┃
┡━━━━━━━━━━━━━━━━━━━━━━━━━━━╇━━━━━━━┩
│ train/skipped_empty_batch │ 1     │
└───────────────────────────┴───────┘
tinker_cookbook.utils.ml_log:192 [INFO] Wrote metrics to logs/sweep-refresh-every/llama-rlct-re1/metrics.jsonl
tinker_cookbook.utils.ml_log:265 [INFO] 
               Step 10               
┏━━━━━━━━━━━━━━━━━━━━━━━━━━━┳━━━━━━━┓
┃ Metric                    ┃ Value ┃
┡━━━━━━━━━━━━━━━━━━━━━━━━━━━╇━━━━━━━┩
│ train/skipped_empty_batch │ 1     │
└───────────────────────────┴───────┘
tinker_cookbook.utils.ml_log:192 [INFO] Wrote metrics to logs/sweep-refresh-every/llama-rlct-re1/metrics.jsonl
tinker_cookbook.utils.ml_log:265 [INFO] 
                         Step 11                         
┏━━━━━━━━━━━━━━━━━━━━━━━━━━━━━━━━━━━━━━━┳━━━━━━━━━━━━━━━┓
┃ Metric                                ┃ Value         ┃
┡━━━━━━━━━━━━━━━━━━━━━━━━━━━━━━━━━━━━━━━╇━━━━━━━━━━━━━━━┩
│ optim/entropy                         │ 0.954566      │
│ optim/kl_sample_train_v1              │ 0.000117      │
│ optim/kl_sample_train_v2              │ 0.000723      │
│ train/advantage_abs_mean              │ 0.780625      │
│ train/anchor_reward_mean              │ 0.000000      │
│ train/anchor_reward_std               │ 0.000000      │
│ train/avg_response_length             │ 348.687500    │
│ train/consistency_gap_1               │ 0.114481      │
│ train/consistency_reward_mean         │ -0.006451     │
│ train/consistency_reward_std          │ 0.044683      │
│ train/epoch                           │ 0             │
│ train/kl_policy_base                  │ 0.025955      │
│ train/n_anchor_rollouts               │ 0             │
│ train/n_consistency_rollouts          │ 16            │
│ train/n_ref_parsed                    │ 60            │
│ train/n_training_parsed               │ 61            │
│ train/p_hat_1                         │ 0.131148      │
│ train/p_ref                           │ 0.016667      │
│ train/parse_rate                      │ 0.945312      │
│ train/rate_var                        │ 0.003276      │
│ train/reward_pert1_trait0_count       │ 13            │
│ train/reward_pert1_trait0_mean        │ 0.015014      │
│ train/reward_pert1_trait1_count       │ 3             │
│ train/reward_pert1_trait1_mean        │ -0.099467     │
│ train/train/clock_cycle:unique        │ 104531.000000 │
│ train/train/loss:sum                  │ -188.910706   │
│ train/train/ppo_clipped_fraction:mean │ 0.192092      │
│ train/train/ppo_kl_div:mean           │ 0.779233      │
│ train/train/ppo_mean_ratio:mean       │ 0.841840      │
└───────────────────────────────────────┴───────────────┘
tinker_cookbook.utils.ml_log:192 [INFO] Wrote metrics to logs/sweep-refresh-every/llama-rlct-re1/metrics.jsonl
tinker_cookbook.utils.ml_log:265 [INFO] 
               Step 12               
┏━━━━━━━━━━━━━━━━━━━━━━━━━━━┳━━━━━━━┓
┃ Metric                    ┃ Value ┃
┡━━━━━━━━━━━━━━━━━━━━━━━━━━━╇━━━━━━━┩
│ train/skipped_empty_batch │ 1     │
└───────────────────────────┴───────┘
tinker_cookbook.utils.ml_log:192 [INFO] Wrote metrics to logs/sweep-refresh-every/llama-rlct-re1/metrics.jsonl
tinker_cookbook.utils.ml_log:265 [INFO] 
                         Step 13                         
┏━━━━━━━━━━━━━━━━━━━━━━━━━━━━━━━━━━━━━━━┳━━━━━━━━━━━━━━━┓
┃ Metric                                ┃ Value         ┃
┡━━━━━━━━━━━━━━━━━━━━━━━━━━━━━━━━━━━━━━━╇━━━━━━━━━━━━━━━┩
│ optim/entropy                         │ 0.809890      │
│ optim/kl_sample_train_v1              │ 0.000230      │
│ optim/kl_sample_train_v2              │ 0.000624      │
│ train/advantage_abs_mean              │ 0.484123      │
│ train/anchor_reward_mean              │ 0.000000      │
│ train/anchor_reward_std               │ 0.000000      │
│ train/avg_response_length             │ 274.312500    │
│ train/consistency_gap_1               │ 0.031490      │
│ train/consistency_reward_mean         │ -0.000469     │
│ train/consistency_reward_std          │ 0.007623      │
│ train/epoch                           │ 0             │
│ train/kl_policy_base                  │ 0.036514      │
│ train/n_anchor_rollouts               │ 0             │
│ train/n_consistency_rollouts          │ 16            │
│ train/n_ref_parsed                    │ 62            │
│ train/n_training_parsed               │ 63            │
│ train/p_hat_1                         │ 0.047619      │
│ train/p_ref                           │ 0.016129      │
│ train/parse_rate                      │ 0.976562      │
│ train/rate_var                        │ 0.000248      │
│ train/reward_pert1_trait0_count       │ 15            │
│ train/reward_pert1_trait0_mean        │ 0.001500      │
│ train/reward_pert1_trait1_count       │ 1             │
│ train/reward_pert1_trait1_mean        │ -0.029990     │
│ train/train/clock_cycle:unique        │ 104534.000000 │
│ train/train/loss:sum                  │ 268.589508    │
│ train/train/ppo_clipped_fraction:mean │ 0.254898      │
│ train/train/ppo_kl_div:mean           │ 1.160396      │
│ train/train/ppo_mean_ratio:mean       │ 0.777539      │
└───────────────────────────────────────┴───────────────┘
tinker_cookbook.utils.ml_log:192 [INFO] Wrote metrics to logs/sweep-refresh-every/llama-rlct-re1/metrics.jsonl
tinker_cookbook.utils.ml_log:265 [INFO] 
                         Step 14                         
┏━━━━━━━━━━━━━━━━━━━━━━━━━━━━━━━━━━━━━━━┳━━━━━━━━━━━━━━━┓
┃ Metric                                ┃ Value         ┃
┡━━━━━━━━━━━━━━━━━━━━━━━━━━━━━━━━━━━━━━━╇━━━━━━━━━━━━━━━┩
│ optim/entropy                         │ 5.975885      │
│ optim/kl_sample_train_v1              │ 0.000412      │
│ optim/kl_sample_train_v2              │ 0.000488      │
│ train/advantage_abs_mean              │ 0.992157      │
│ train/anchor_reward_mean              │ 0.000000      │
│ train/anchor_reward_std               │ 0.000000      │
│ train/avg_response_length             │ 1091.437500   │
│ train/consistency_gap_1               │ 0.190730      │
│ train/consistency_reward_mean         │ 0.028506      │
│ train/consistency_reward_std          │ 0.094617      │
│ train/epoch                           │ 0             │
│ train/kl_policy_base                  │ 0.009382      │
│ train/n_anchor_rollouts               │ 0             │
│ train/n_consistency_rollouts          │ 16            │
│ train/n_ref_parsed                    │ 53            │
│ train/n_training_parsed               │ 46            │
│ train/p_hat_1                         │ 0.586957      │
│ train/p_ref                           │ 0.396226      │
│ train/parse_rate                      │ 0.773438      │
│ train/rate_var                        │ 0.009094      │
│ train/reward_pert1_trait0_count       │ 9             │
│ train/reward_pert1_trait0_mean        │ 0.111950      │
│ train/reward_pert1_trait1_count       │ 7             │
│ train/reward_pert1_trait1_mean        │ -0.078780     │
│ train/train/clock_cycle:unique        │ 104552.000000 │
│ train/train/loss:sum                  │ 3799.369904   │
│ train/train/ppo_clipped_fraction:mean │ 0.179358      │
│ train/train/ppo_kl_div:mean           │ 0.556429      │
│ train/train/ppo_mean_ratio:mean       │ 0.858883      │
└───────────────────────────────────────┴───────────────┘
tinker_cookbook.utils.ml_log:192 [INFO] Wrote metrics to logs/sweep-refresh-every/llama-rlct-re1/metrics.jsonl
tinker_cookbook.utils.ml_log:265 [INFO] 
                         Step 15                         
┏━━━━━━━━━━━━━━━━━━━━━━━━━━━━━━━━━━━━━━━┳━━━━━━━━━━━━━━━┓
┃ Metric                                ┃ Value         ┃
┡━━━━━━━━━━━━━━━━━━━━━━━━━━━━━━━━━━━━━━━╇━━━━━━━━━━━━━━━┩
│ optim/entropy                         │ 0.546558      │
│ optim/kl_sample_train_v1              │ 0.000825      │
│ optim/kl_sample_train_v2              │ 0.000491      │
│ train/advantage_abs_mean              │ 0.866025      │
│ train/anchor_reward_mean              │ 0.000000      │
│ train/anchor_reward_std               │ 0.000000      │
│ train/avg_response_length             │ 188.625000    │
│ train/consistency_gap_1               │ 0.113886      │
│ train/consistency_reward_mean         │ 0.000483      │
│ train/consistency_reward_std          │ 0.049314      │
│ train/epoch                           │ 0             │
│ train/kl_policy_base                  │ 0.058882      │
│ train/n_anchor_rollouts               │ 0             │
│ train/n_consistency_rollouts          │ 16            │
│ train/n_ref_parsed                    │ 57            │
│ train/n_training_parsed               │ 59            │
│ train/p_hat_1                         │ 0.254237      │
│ train/p_ref                           │ 0.140351      │
│ train/parse_rate                      │ 0.906250      │
│ train/rate_var                        │ 0.003243      │
│ train/reward_pert1_trait0_count       │ 12            │
│ train/reward_pert1_trait0_mean        │ 0.028954      │
│ train/reward_pert1_trait1_count       │ 4             │
│ train/reward_pert1_trait1_mean        │ -0.084932     │
│ train/train/clock_cycle:unique        │ 104563.000000 │
│ train/train/loss:sum                  │ -273.331139   │
│ train/train/ppo_clipped_fraction:mean │ 0.277060      │
│ train/train/ppo_kl_div:mean           │ 1.338736      │
│ train/train/ppo_mean_ratio:mean       │ 0.754317      │
└───────────────────────────────────────┴───────────────┘
tinker_cookbook.utils.ml_log:192 [INFO] Wrote metrics to logs/sweep-refresh-every/llama-rlct-re1/metrics.jsonl
tinker_cookbook.utils.ml_log:265 [INFO] 
               Step 16               
┏━━━━━━━━━━━━━━━━━━━━━━━━━━━┳━━━━━━━┓
┃ Metric                    ┃ Value ┃
┡━━━━━━━━━━━━━━━━━━━━━━━━━━━╇━━━━━━━┩
│ train/skipped_empty_batch │ 1     │
└───────────────────────────┴───────┘
tinker_cookbook.utils.ml_log:192 [INFO] Wrote metrics to logs/sweep-refresh-every/llama-rlct-re1/metrics.jsonl
tinker_cookbook.utils.ml_log:265 [INFO] 
                         Step 17                         
┏━━━━━━━━━━━━━━━━━━━━━━━━━━━━━━━━━━━━━━━┳━━━━━━━━━━━━━━━┓
┃ Metric                                ┃ Value         ┃
┡━━━━━━━━━━━━━━━━━━━━━━━━━━━━━━━━━━━━━━━╇━━━━━━━━━━━━━━━┩
│ optim/entropy                         │ 0.784677      │
│ optim/kl_sample_train_v1              │ 0.001469      │
│ optim/kl_sample_train_v2              │ 0.000579      │
│ train/advantage_abs_mean              │ 1.000000      │
│ train/anchor_reward_mean              │ 0.000000      │
│ train/anchor_reward_std               │ 0.000000      │
│ train/avg_response_length             │ 373.312500    │
│ train/consistency_gap_1               │ 0.279310      │
│ train/consistency_reward_mean         │ -0.027931     │
│ train/consistency_reward_std          │ 0.139655      │
│ train/epoch                           │ 0             │
│ train/kl_policy_base                  │ 0.039186      │
│ train/n_anchor_rollouts               │ 0             │
│ train/n_consistency_rollouts          │ 16            │
│ train/n_ref_parsed                    │ 58            │
│ train/n_training_parsed               │ 60            │
│ train/p_hat_1                         │ 0.400000      │
│ train/p_ref                           │ 0.120690      │
│ train/parse_rate                      │ 0.921875      │
│ train/rate_var                        │ 0.019504      │
│ train/reward_pert1_trait0_count       │ 8             │
│ train/reward_pert1_trait0_mean        │ 0.111724      │
│ train/reward_pert1_trait1_count       │ 8             │
│ train/reward_pert1_trait1_mean        │ -0.167586     │
│ train/train/clock_cycle:unique        │ 104572.000000 │
│ train/train/loss:sum                  │ -140.418274   │
│ train/train/ppo_clipped_fraction:mean │ 0.180581      │
│ train/train/ppo_kl_div:mean           │ 0.723535      │
│ train/train/ppo_mean_ratio:mean       │ 0.848381      │
└───────────────────────────────────────┴───────────────┘
tinker_cookbook.utils.ml_log:192 [INFO] Wrote metrics to logs/sweep-refresh-every/llama-rlct-re1/metrics.jsonl
tinker_cookbook.utils.ml_log:265 [INFO] 
               Step 18               
┏━━━━━━━━━━━━━━━━━━━━━━━━━━━┳━━━━━━━┓
┃ Metric                    ┃ Value ┃
┡━━━━━━━━━━━━━━━━━━━━━━━━━━━╇━━━━━━━┩
│ train/skipped_empty_batch │ 1     │
└───────────────────────────┴───────┘
tinker_cookbook.utils.ml_log:192 [INFO] Wrote metrics to logs/sweep-refresh-every/llama-rlct-re1/metrics.jsonl
tinker_cookbook.utils.ml_log:265 [INFO] 
                         Step 19                         
┏━━━━━━━━━━━━━━━━━━━━━━━━━━━━━━━━━━━━━━━┳━━━━━━━━━━━━━━━┓
┃ Metric                                ┃ Value         ┃
┡━━━━━━━━━━━━━━━━━━━━━━━━━━━━━━━━━━━━━━━╇━━━━━━━━━━━━━━━┩
│ optim/entropy                         │ 0.888210      │
│ optim/kl_sample_train_v1              │ 0.000780      │
│ optim/kl_sample_train_v2              │ 0.000717      │
│ train/advantage_abs_mean              │ 0.992157      │
│ train/anchor_reward_mean              │ 0.000000      │
│ train/anchor_reward_std               │ 0.000000      │
│ train/avg_response_length             │ 337.562500    │
│ train/consistency_gap_1               │ 0.319355      │
│ train/consistency_reward_mean         │ -0.005795     │
│ train/consistency_reward_std          │ 0.158425      │
│ train/epoch                           │ 0             │
│ train/kl_policy_base                  │ 0.057736      │
│ train/n_anchor_rollouts               │ 0             │
│ train/n_consistency_rollouts          │ 16            │
│ train/n_ref_parsed                    │ 60            │
│ train/n_training_parsed               │ 62            │
│ train/p_hat_1                         │ 0.419355      │
│ train/p_ref                           │ 0.100000      │
│ train/parse_rate                      │ 0.953125      │
│ train/rate_var                        │ 0.025497      │
│ train/reward_pert1_trait0_count       │ 9             │
│ train/reward_pert1_trait0_mean        │ 0.133923      │
│ train/reward_pert1_trait1_count       │ 7             │
│ train/reward_pert1_trait1_mean        │ -0.185432     │
│ train/train/clock_cycle:unique        │ 104575.000000 │
│ train/train/loss:sum                  │ 29.698181     │
│ train/train/ppo_clipped_fraction:mean │ 0.363776      │
│ train/train/ppo_kl_div:mean           │ 1.483439      │
│ train/train/ppo_mean_ratio:mean       │ 0.691975      │
└───────────────────────────────────────┴───────────────┘
tinker_cookbook.utils.ml_log:192 [INFO] Wrote metrics to logs/sweep-refresh-every/llama-rlct-re1/metrics.jsonl
tinker_cookbook.utils.ml_log:265 [INFO] 
                         Step 20                         
┏━━━━━━━━━━━━━━━━━━━━━━━━━━━━━━━━━━━━━━━┳━━━━━━━━━━━━━━━┓
┃ Metric                                ┃ Value         ┃
┡━━━━━━━━━━━━━━━━━━━━━━━━━━━━━━━━━━━━━━━╇━━━━━━━━━━━━━━━┩
│ optim/entropy                         │ 0.603257      │
│ optim/kl_sample_train_v1              │ 0.000181      │
│ optim/kl_sample_train_v2              │ 0.000542      │
│ train/advantage_abs_mean              │ 0.484123      │
│ train/anchor_reward_mean              │ 0.000000      │
│ train/anchor_reward_std               │ 0.000000      │
│ train/avg_response_length             │ 218.875000    │
│ train/consistency_gap_1               │ 0.031994      │
│ train/consistency_reward_mean         │ -0.000476     │
│ train/consistency_reward_std          │ 0.007745      │
│ train/epoch                           │ 0             │
│ train/kl_policy_base                  │ 0.065633      │
│ train/n_anchor_rollouts               │ 0             │
│ train/n_consistency_rollouts          │ 16            │
│ train/n_ref_parsed                    │ 64            │
│ train/n_training_parsed               │ 63            │
│ train/p_hat_1                         │ 0.047619      │
│ train/p_ref                           │ 0.015625      │
│ train/parse_rate                      │ 0.992188      │
│ train/rate_var                        │ 0.000256      │
│ train/reward_pert1_trait0_count       │ 15            │
│ train/reward_pert1_trait0_mean        │ 0.001524      │
│ train/reward_pert1_trait1_count       │ 1             │
│ train/reward_pert1_trait1_mean        │ -0.030471     │
│ train/train/clock_cycle:unique        │ 104578.000000 │
│ train/train/loss:sum                  │ 52.916336     │
│ train/train/ppo_clipped_fraction:mean │ 0.306796      │
│ train/train/ppo_kl_div:mean           │ 1.239610      │
│ train/train/ppo_mean_ratio:mean       │ 0.751600      │
└───────────────────────────────────────┴───────────────┘
tinker_cookbook.utils.ml_log:192 [INFO] Wrote metrics to logs/sweep-refresh-every/llama-rlct-re1/metrics.jsonl
tinker_cookbook.utils.ml_log:265 [INFO] 
                         Step 21                         
┏━━━━━━━━━━━━━━━━━━━━━━━━━━━━━━━━━━━━━━━┳━━━━━━━━━━━━━━━┓
┃ Metric                                ┃ Value         ┃
┡━━━━━━━━━━━━━━━━━━━━━━━━━━━━━━━━━━━━━━━╇━━━━━━━━━━━━━━━┩
│ optim/entropy                         │ 2.851565      │
│ optim/kl_sample_train_v1              │ 0.000363      │
│ optim/kl_sample_train_v2              │ 0.000999      │
│ train/advantage_abs_mean              │ 0.661438      │
│ train/anchor_reward_mean              │ 0.000000      │
│ train/anchor_reward_std               │ 0.000000      │
│ train/avg_response_length             │ 1074.437500   │
│ train/consistency_gap_1               │ -0.005952     │
│ train/consistency_reward_mean         │ 0.000035      │
│ train/consistency_reward_std          │ 0.001969      │
│ train/epoch                           │ 0             │
│ train/kl_policy_base                  │ 0.022671      │
│ train/n_anchor_rollouts               │ 0             │
│ train/n_consistency_rollouts          │ 16            │
│ train/n_ref_parsed                    │ 40            │
│ train/n_training_parsed               │ 42            │
│ train/p_hat_1                         │ 0.119048      │
│ train/p_ref                           │ 0.125000      │
│ train/parse_rate                      │ 0.640625      │
│ train/rate_var                        │ 0.000009      │
│ train/reward_pert1_trait0_count       │ 14            │
│ train/reward_pert1_trait0_mean        │ -0.000709     │
│ train/reward_pert1_trait1_count       │ 2             │
│ train/reward_pert1_trait1_mean        │ 0.005244      │
│ train/train/clock_cycle:unique        │ 104590.000000 │
│ train/train/loss:sum                  │ 1712.995605   │
│ train/train/ppo_clipped_fraction:mean │ 0.113995      │
│ train/train/ppo_kl_div:mean           │ 0.439231      │
│ train/train/ppo_mean_ratio:mean       │ 0.910177      │
└───────────────────────────────────────┴───────────────┘
tinker_cookbook.utils.ml_log:192 [INFO] Wrote metrics to logs/sweep-refresh-every/llama-rlct-re1/metrics.jsonl
tinker_cookbook.utils.ml_log:265 [INFO] 
               Step 22               
┏━━━━━━━━━━━━━━━━━━━━━━━━━━━┳━━━━━━━┓
┃ Metric                    ┃ Value ┃
┡━━━━━━━━━━━━━━━━━━━━━━━━━━━╇━━━━━━━┩
│ train/skipped_empty_batch │ 1     │
└───────────────────────────┴───────┘
tinker_cookbook.utils.ml_log:192 [INFO] Wrote metrics to logs/sweep-refresh-every/llama-rlct-re1/metrics.jsonl
tinker_cookbook.utils.ml_log:265 [INFO] 
               Step 23               
┏━━━━━━━━━━━━━━━━━━━━━━━━━━━┳━━━━━━━┓
┃ Metric                    ┃ Value ┃
┡━━━━━━━━━━━━━━━━━━━━━━━━━━━╇━━━━━━━┩
│ train/skipped_empty_batch │ 1     │
└───────────────────────────┴───────┘
tinker_cookbook.utils.ml_log:192 [INFO] Wrote metrics to logs/sweep-refresh-every/llama-rlct-re1/metrics.jsonl
tinker_cookbook.utils.ml_log:265 [INFO] 
               Step 24               
┏━━━━━━━━━━━━━━━━━━━━━━━━━━━┳━━━━━━━┓
┃ Metric                    ┃ Value ┃
┡━━━━━━━━━━━━━━━━━━━━━━━━━━━╇━━━━━━━┩
│ train/skipped_empty_batch │ 1     │
└───────────────────────────┴───────┘
tinker_cookbook.utils.ml_log:192 [INFO] Wrote metrics to logs/sweep-refresh-every/llama-rlct-re1/metrics.jsonl
tinker_cookbook.utils.ml_log:265 [INFO] 
               Step 25               
┏━━━━━━━━━━━━━━━━━━━━━━━━━━━┳━━━━━━━┓
┃ Metric                    ┃ Value ┃
┡━━━━━━━━━━━━━━━━━━━━━━━━━━━╇━━━━━━━┩
│ train/skipped_empty_batch │ 1     │
└───────────────────────────┴───────┘
tinker_cookbook.utils.ml_log:192 [INFO] Wrote metrics to logs/sweep-refresh-every/llama-rlct-re1/metrics.jsonl
tinker_cookbook.utils.ml_log:265 [INFO] 
               Step 26               
┏━━━━━━━━━━━━━━━━━━━━━━━━━━━┳━━━━━━━┓
┃ Metric                    ┃ Value ┃
┡━━━━━━━━━━━━━━━━━━━━━━━━━━━╇━━━━━━━┩
│ train/skipped_empty_batch │ 1     │
└───────────────────────────┴───────┘
tinker_cookbook.utils.ml_log:192 [INFO] Wrote metrics to logs/sweep-refresh-every/llama-rlct-re1/metrics.jsonl
tinker_cookbook.utils.ml_log:265 [INFO] 
               Step 27               
┏━━━━━━━━━━━━━━━━━━━━━━━━━━━┳━━━━━━━┓
┃ Metric                    ┃ Value ┃
┡━━━━━━━━━━━━━━━━━━━━━━━━━━━╇━━━━━━━┩
│ train/skipped_empty_batch │ 1     │
└───────────────────────────┴───────┘
tinker_cookbook.utils.ml_log:192 [INFO] Wrote metrics to logs/sweep-refresh-every/llama-rlct-re1/metrics.jsonl
tinker_cookbook.utils.ml_log:265 [INFO] 
                         Step 28                         
┏━━━━━━━━━━━━━━━━━━━━━━━━━━━━━━━━━━━━━━━┳━━━━━━━━━━━━━━━┓
┃ Metric                                ┃ Value         ┃
┡━━━━━━━━━━━━━━━━━━━━━━━━━━━━━━━━━━━━━━━╇━━━━━━━━━━━━━━━┩
│ optim/entropy                         │ 0.892046      │
│ optim/kl_sample_train_v1              │ 0.001571      │
│ optim/kl_sample_train_v2              │ 0.000783      │
│ train/advantage_abs_mean              │ 0.866025      │
│ train/anchor_reward_mean              │ 0.000000      │
│ train/anchor_reward_std               │ 0.000000      │
│ train/avg_response_length             │ 371.062500    │
│ train/consistency_gap_1               │ -0.150706     │
│ train/consistency_reward_mean         │ 0.011774      │
│ train/consistency_reward_std          │ 0.065257      │
│ train/epoch                           │ 0             │
│ train/kl_policy_base                  │ 0.064987      │
│ train/n_anchor_rollouts               │ 0             │
│ train/n_consistency_rollouts          │ 16            │
│ train/n_ref_parsed                    │ 62            │
│ train/n_training_parsed               │ 64            │
│ train/p_hat_1                         │ 0.171875      │
│ train/p_ref                           │ 0.322581      │
│ train/parse_rate                      │ 0.984375      │
│ train/rate_var                        │ 0.005678      │
│ train/reward_pert1_trait0_count       │ 12            │
│ train/reward_pert1_trait0_mean        │ -0.025903     │
│ train/reward_pert1_trait1_count       │ 4             │
│ train/reward_pert1_trait1_mean        │ 0.124803      │
│ train/train/clock_cycle:unique        │ 104611.000000 │
│ train/train/loss:sum                  │ 617.466019    │
│ train/train/ppo_clipped_fraction:mean │ 0.271118      │
│ train/train/ppo_kl_div:mean           │ 1.003562      │
│ train/train/ppo_mean_ratio:mean       │ 0.785250      │
└───────────────────────────────────────┴───────────────┘
tinker_cookbook.utils.ml_log:192 [INFO] Wrote metrics to logs/sweep-refresh-every/llama-rlct-re1/metrics.jsonl
tinker_cookbook.utils.ml_log:265 [INFO] 
                         Step 29                         
┏━━━━━━━━━━━━━━━━━━━━━━━━━━━━━━━━━━━━━━━┳━━━━━━━━━━━━━━━┓
┃ Metric                                ┃ Value         ┃
┡━━━━━━━━━━━━━━━━━━━━━━━━━━━━━━━━━━━━━━━╇━━━━━━━━━━━━━━━┩
│ optim/entropy                         │ 3.236757      │
│ optim/kl_sample_train_v1              │ 0.000747      │
│ optim/kl_sample_train_v2              │ 0.000711      │
│ train/advantage_abs_mean              │ 0.927025      │
│ train/anchor_reward_mean              │ 0.000000      │
│ train/anchor_reward_std               │ 0.000000      │
│ train/avg_response_length             │ 588.562500    │
│ train/consistency_gap_1               │ 0.378762      │
│ train/consistency_reward_mean         │ -0.016450     │
│ train/consistency_reward_std          │ 0.175561      │
│ train/epoch                           │ 0             │
│ train/kl_policy_base                  │ 0.062410      │
│ train/n_anchor_rollouts               │ 0             │
│ train/n_consistency_rollouts          │ 16            │
│ train/n_ref_parsed                    │ 49            │
│ train/n_training_parsed               │ 59            │
│ train/p_hat_1                         │ 0.644068      │
│ train/p_ref                           │ 0.265306      │
│ train/parse_rate                      │ 0.843750      │
│ train/rate_var                        │ 0.035865      │
│ train/reward_pert1_trait0_count       │ 5             │
│ train/reward_pert1_trait0_mean        │ 0.243948      │
│ train/reward_pert1_trait1_count       │ 11            │
│ train/reward_pert1_trait1_mean        │ -0.134813     │
│ train/train/clock_cycle:unique        │ 104620.000000 │
│ train/train/loss:sum                  │ 2062.901236   │
│ train/train/ppo_clipped_fraction:mean │ 0.392261      │
│ train/train/ppo_kl_div:mean           │ 1.504534      │
│ train/train/ppo_mean_ratio:mean       │ 0.673061      │
└───────────────────────────────────────┴───────────────┘
tinker_cookbook.utils.ml_log:192 [INFO] Wrote metrics to logs/sweep-refresh-every/llama-rlct-re1/metrics.jsonl
tinker_cookbook.utils.ml_log:265 [INFO] 
               Step 30               
┏━━━━━━━━━━━━━━━━━━━━━━━━━━━┳━━━━━━━┓
┃ Metric                    ┃ Value ┃
┡━━━━━━━━━━━━━━━━━━━━━━━━━━━╇━━━━━━━┩
│ train/skipped_empty_batch │ 1     │
└───────────────────────────┴───────┘
tinker_cookbook.utils.ml_log:192 [INFO] Wrote metrics to logs/sweep-refresh-every/llama-rlct-re1/metrics.jsonl
tinker_cookbook.utils.ml_log:265 [INFO] 
               Step 31               
┏━━━━━━━━━━━━━━━━━━━━━━━━━━━┳━━━━━━━┓
┃ Metric                    ┃ Value ┃
┡━━━━━━━━━━━━━━━━━━━━━━━━━━━╇━━━━━━━┩
│ train/skipped_empty_batch │ 1     │
└───────────────────────────┴───────┘
tinker_cookbook.utils.ml_log:192 [INFO] Wrote metrics to logs/sweep-refresh-every/llama-rlct-re1/metrics.jsonl
tinker_cookbook.utils.ml_log:265 [INFO] 
               Step 32               
┏━━━━━━━━━━━━━━━━━━━━━━━━━━━┳━━━━━━━┓
┃ Metric                    ┃ Value ┃
┡━━━━━━━━━━━━━━━━━━━━━━━━━━━╇━━━━━━━┩
│ train/skipped_empty_batch │ 1     │
└───────────────────────────┴───────┘
tinker_cookbook.utils.ml_log:192 [INFO] Wrote metrics to logs/sweep-refresh-every/llama-rlct-re1/metrics.jsonl
tinker_cookbook.utils.ml_log:265 [INFO] 
               Step 33               
┏━━━━━━━━━━━━━━━━━━━━━━━━━━━┳━━━━━━━┓
┃ Metric                    ┃ Value ┃
┡━━━━━━━━━━━━━━━━━━━━━━━━━━━╇━━━━━━━┩
│ train/skipped_empty_batch │ 1     │
└───────────────────────────┴───────┘
tinker_cookbook.utils.ml_log:192 [INFO] Wrote metrics to logs/sweep-refresh-every/llama-rlct-re1/metrics.jsonl
tinker_cookbook.utils.ml_log:265 [INFO] 
                         Step 34                         
┏━━━━━━━━━━━━━━━━━━━━━━━━━━━━━━━━━━━━━━━┳━━━━━━━━━━━━━━━┓
┃ Metric                                ┃ Value         ┃
┡━━━━━━━━━━━━━━━━━━━━━━━━━━━━━━━━━━━━━━━╇━━━━━━━━━━━━━━━┩
│ optim/entropy                         │ 0.822924      │
│ optim/kl_sample_train_v1              │ 0.001368      │
│ optim/kl_sample_train_v2              │ 0.000769      │
│ train/advantage_abs_mean              │ 0.484123      │
│ train/anchor_reward_mean              │ 0.000000      │
│ train/anchor_reward_std               │ 0.000000      │
│ train/avg_response_length             │ 340.375000    │
│ train/consistency_gap_1               │ 0.046875      │
│ train/consistency_reward_mean         │ -0.000732     │
│ train/consistency_reward_std          │ 0.011347      │
│ train/epoch                           │ 0             │
│ train/kl_policy_base                  │ 0.087045      │
│ train/n_anchor_rollouts               │ 0             │
│ train/n_consistency_rollouts          │ 16            │
│ train/n_ref_parsed                    │ 64            │
│ train/n_training_parsed               │ 64            │
│ train/p_hat_1                         │ 0.046875      │
│ train/p_ref                           │ 0.000000      │
│ train/parse_rate                      │ 1.000000      │
│ train/rate_var                        │ 0.000549      │
│ train/reward_pert1_trait0_count       │ 15            │
│ train/reward_pert1_trait0_mean        │ 0.002197      │
│ train/reward_pert1_trait1_count       │ 1             │
│ train/reward_pert1_trait1_mean        │ -0.044678     │
│ train/train/clock_cycle:unique        │ 104627.000000 │
│ train/train/loss:sum                  │ 118.961700    │
│ train/train/ppo_clipped_fraction:mean │ 0.405259      │
│ train/train/ppo_kl_div:mean           │ 1.349347      │
│ train/train/ppo_mean_ratio:mean       │ 0.670439      │
└───────────────────────────────────────┴───────────────┘
tinker_cookbook.utils.ml_log:192 [INFO] Wrote metrics to logs/sweep-refresh-every/llama-rlct-re1/metrics.jsonl
tinker_cookbook.utils.ml_log:265 [INFO] 
               Step 35               
┏━━━━━━━━━━━━━━━━━━━━━━━━━━━┳━━━━━━━┓
┃ Metric                    ┃ Value ┃
┡━━━━━━━━━━━━━━━━━━━━━━━━━━━╇━━━━━━━┩
│ train/skipped_empty_batch │ 1     │
└───────────────────────────┴───────┘
tinker_cookbook.utils.ml_log:192 [INFO] Wrote metrics to logs/sweep-refresh-every/llama-rlct-re1/metrics.jsonl
tinker_cookbook.utils.ml_log:265 [INFO] 
                         Step 36                         
┏━━━━━━━━━━━━━━━━━━━━━━━━━━━━━━━━━━━━━━━┳━━━━━━━━━━━━━━━┓
┃ Metric                                ┃ Value         ┃
┡━━━━━━━━━━━━━━━━━━━━━━━━━━━━━━━━━━━━━━━╇━━━━━━━━━━━━━━━┩
│ optim/entropy                         │ 0.837407      │
│ optim/kl_sample_train_v1              │ 0.000264      │
│ optim/kl_sample_train_v2              │ 0.000562      │
│ train/advantage_abs_mean              │ 0.484123      │
│ train/anchor_reward_mean              │ 0.000000      │
│ train/anchor_reward_std               │ 0.000000      │
│ train/avg_response_length             │ 473.312500    │
│ train/consistency_gap_1               │ 0.006118      │
│ train/consistency_reward_mean         │ -0.000567     │
│ train/consistency_reward_std          │ 0.001481      │
│ train/epoch                           │ 0             │
│ train/kl_policy_base                  │ 0.061419      │
│ train/n_anchor_rollouts               │ 0             │
│ train/n_consistency_rollouts          │ 16            │
│ train/n_ref_parsed                    │ 62            │
│ train/n_training_parsed               │ 58            │
│ train/p_hat_1                         │ 0.844828      │
│ train/p_ref                           │ 0.838710      │
│ train/parse_rate                      │ 0.937500      │
│ train/rate_var                        │ 0.000009      │
│ train/reward_pert1_trait0_count       │ 1             │
│ train/reward_pert1_trait0_mean        │ 0.005169      │
│ train/reward_pert1_trait1_count       │ 15            │
│ train/reward_pert1_trait1_mean        │ -0.000949     │
│ train/train/clock_cycle:unique        │ 104636.000000 │
│ train/train/loss:sum                  │ 426.530914    │
│ train/train/ppo_clipped_fraction:mean │ 0.142432      │
│ train/train/ppo_kl_div:mean           │ 0.647222      │
│ train/train/ppo_mean_ratio:mean       │ 0.882514      │
└───────────────────────────────────────┴───────────────┘
tinker_cookbook.utils.ml_log:192 [INFO] Wrote metrics to logs/sweep-refresh-every/llama-rlct-re1/metrics.jsonl
tinker_cookbook.utils.ml_log:265 [INFO] 
               Step 37               
┏━━━━━━━━━━━━━━━━━━━━━━━━━━━┳━━━━━━━┓
┃ Metric                    ┃ Value ┃
┡━━━━━━━━━━━━━━━━━━━━━━━━━━━╇━━━━━━━┩
│ train/skipped_empty_batch │ 1     │
└───────────────────────────┴───────┘
tinker_cookbook.utils.ml_log:192 [INFO] Wrote metrics to logs/sweep-refresh-every/llama-rlct-re1/metrics.jsonl
tinker_cookbook.utils.ml_log:265 [INFO] 
                         Step 38                         
┏━━━━━━━━━━━━━━━━━━━━━━━━━━━━━━━━━━━━━━━┳━━━━━━━━━━━━━━━┓
┃ Metric                                ┃ Value         ┃
┡━━━━━━━━━━━━━━━━━━━━━━━━━━━━━━━━━━━━━━━╇━━━━━━━━━━━━━━━┩
│ optim/entropy                         │ 0.753500      │
│ optim/kl_sample_train_v1              │ 0.000762      │
│ optim/kl_sample_train_v2              │ 0.000651      │
│ train/advantage_abs_mean              │ 0.780625      │
│ train/anchor_reward_mean              │ 0.000000      │
│ train/anchor_reward_std               │ 0.000000      │
│ train/avg_response_length             │ 279.750000    │
│ train/consistency_gap_1               │ 0.013825      │
│ train/consistency_reward_mean         │ -0.000617     │
│ train/consistency_reward_std          │ 0.005396      │
│ train/epoch                           │ 0             │
│ train/kl_policy_base                  │ 0.065687      │
│ train/n_anchor_rollouts               │ 0             │
│ train/n_consistency_rollouts          │ 16            │
│ train/n_ref_parsed                    │ 62            │
│ train/n_training_parsed               │ 63            │
│ train/p_hat_1                         │ 0.142857      │
│ train/p_ref                           │ 0.129032      │
│ train/parse_rate                      │ 0.976562      │
│ train/rate_var                        │ 0.000048      │
│ train/reward_pert1_trait0_count       │ 13            │
│ train/reward_pert1_trait0_mean        │ 0.001975      │
│ train/reward_pert1_trait1_count       │ 3             │
│ train/reward_pert1_trait1_mean        │ -0.011850     │
│ train/train/clock_cycle:unique        │ 104645.000000 │
│ train/train/loss:sum                  │ 13.516998     │
│ train/train/ppo_clipped_fraction:mean │ 0.189791      │
│ train/train/ppo_kl_div:mean           │ 0.949133      │
│ train/train/ppo_mean_ratio:mean       │ 0.836938      │
└───────────────────────────────────────┴───────────────┘
tinker_cookbook.utils.ml_log:192 [INFO] Wrote metrics to logs/sweep-refresh-every/llama-rlct-re1/metrics.jsonl
tinker_cookbook.utils.ml_log:265 [INFO] 
                         Step 39                         
┏━━━━━━━━━━━━━━━━━━━━━━━━━━━━━━━━━━━━━━━┳━━━━━━━━━━━━━━━┓
┃ Metric                                ┃ Value         ┃
┡━━━━━━━━━━━━━━━━━━━━━━━━━━━━━━━━━━━━━━━╇━━━━━━━━━━━━━━━┩
│ optim/entropy                         │ 0.662291      │
│ optim/kl_sample_train_v1              │ 0.001079      │
│ optim/kl_sample_train_v2              │ 0.000741      │
│ train/advantage_abs_mean              │ 0.661438      │
│ train/anchor_reward_mean              │ 0.000000      │
│ train/anchor_reward_std               │ 0.000000      │
│ train/avg_response_length             │ 225.000000    │
│ train/consistency_gap_1               │ -0.120784     │
│ train/consistency_reward_mean         │ -0.017494     │
│ train/consistency_reward_std          │ 0.039945      │
│ train/epoch                           │ 0             │
│ train/kl_policy_base                  │ 0.108953      │
│ train/n_anchor_rollouts               │ 0             │
│ train/n_consistency_rollouts          │ 16            │
│ train/n_ref_parsed                    │ 64            │
│ train/n_training_parsed               │ 63            │
│ train/p_hat_1                         │ 0.269841      │
│ train/p_ref                           │ 0.390625      │
│ train/parse_rate                      │ 0.992188      │
│ train/rate_var                        │ 0.003647      │
│ train/reward_pert1_trait0_count       │ 14            │
│ train/reward_pert1_trait0_mean        │ -0.032592     │
│ train/reward_pert1_trait1_count       │ 2             │
│ train/reward_pert1_trait1_mean        │ 0.088191      │
│ train/train/clock_cycle:unique        │ 104654.000000 │
│ train/train/loss:sum                  │ 105.363693    │
│ train/train/ppo_clipped_fraction:mean │ 0.470075      │
│ train/train/ppo_kl_div:mean           │ 1.339378      │
│ train/train/ppo_mean_ratio:mean       │ 0.648268      │
└───────────────────────────────────────┴───────────────┘
tinker_cookbook.utils.ml_log:192 [INFO] Wrote metrics to logs/sweep-refresh-every/llama-rlct-re1/metrics.jsonl
tinker_cookbook.utils.ml_log:265 [INFO] 
               Step 40               
┏━━━━━━━━━━━━━━━━━━━━━━━━━━━┳━━━━━━━┓
┃ Metric                    ┃ Value ┃
┡━━━━━━━━━━━━━━━━━━━━━━━━━━━╇━━━━━━━┩
│ train/skipped_empty_batch │ 1     │
└───────────────────────────┴───────┘
tinker_cookbook.utils.ml_log:192 [INFO] Wrote metrics to logs/sweep-refresh-every/llama-rlct-re1/metrics.jsonl
tinker_cookbook.utils.ml_log:265 [INFO] 
                         Step 41                         
┏━━━━━━━━━━━━━━━━━━━━━━━━━━━━━━━━━━━━━━━┳━━━━━━━━━━━━━━━┓
┃ Metric                                ┃ Value         ┃
┡━━━━━━━━━━━━━━━━━━━━━━━━━━━━━━━━━━━━━━━╇━━━━━━━━━━━━━━━┩
│ optim/entropy                         │ 0.998252      │
│ optim/kl_sample_train_v1              │ 0.001395      │
│ optim/kl_sample_train_v2              │ 0.000708      │
│ train/advantage_abs_mean              │ 0.661438      │
│ train/anchor_reward_mean              │ 0.000000      │
│ train/anchor_reward_std               │ 0.000000      │
│ train/avg_response_length             │ 135.937500    │
│ train/consistency_gap_1               │ 0.070505      │
│ train/consistency_reward_mean         │ 0.001688      │
│ train/consistency_reward_std          │ 0.023317      │
│ train/epoch                           │ 0             │
│ train/kl_policy_base                  │ 0.134763      │
│ train/n_anchor_rollouts               │ 0             │
│ train/n_consistency_rollouts          │ 16            │
│ train/n_ref_parsed                    │ 51            │
│ train/n_training_parsed               │ 47            │
│ train/p_hat_1                         │ 0.148936      │
│ train/p_ref                           │ 0.078431      │
│ train/parse_rate                      │ 0.765625      │
│ train/rate_var                        │ 0.001243      │
│ train/reward_pert1_trait0_count       │ 14            │
│ train/reward_pert1_trait0_mean        │ 0.010501      │
│ train/reward_pert1_trait1_count       │ 2             │
│ train/reward_pert1_trait1_mean        │ -0.060004     │
│ train/train/clock_cycle:unique        │ 104660.000000 │
│ train/train/loss:sum                  │ 835.320583    │
│ train/train/ppo_clipped_fraction:mean │ 0.349764      │
│ train/train/ppo_kl_div:mean           │ 1.814508      │
│ train/train/ppo_mean_ratio:mean       │ 0.692394      │
└───────────────────────────────────────┴───────────────┘
tinker_cookbook.utils.ml_log:192 [INFO] Wrote metrics to logs/sweep-refresh-every/llama-rlct-re1/metrics.jsonl
tinker_cookbook.utils.ml_log:265 [INFO] 
               Step 42               
┏━━━━━━━━━━━━━━━━━━━━━━━━━━━┳━━━━━━━┓
┃ Metric                    ┃ Value ┃
┡━━━━━━━━━━━━━━━━━━━━━━━━━━━╇━━━━━━━┩
│ train/skipped_empty_batch │ 1     │
└───────────────────────────┴───────┘
tinker_cookbook.utils.ml_log:192 [INFO] Wrote metrics to logs/sweep-refresh-every/llama-rlct-re1/metrics.jsonl
tinker_cookbook.utils.ml_log:265 [INFO] 
                         Step 43                         
┏━━━━━━━━━━━━━━━━━━━━━━━━━━━━━━━━━━━━━━━┳━━━━━━━━━━━━━━━┓
┃ Metric                                ┃ Value         ┃
┡━━━━━━━━━━━━━━━━━━━━━━━━━━━━━━━━━━━━━━━╇━━━━━━━━━━━━━━━┩
│ optim/entropy                         │ 0.744203      │
│ optim/kl_sample_train_v1              │ 0.000605      │
│ optim/kl_sample_train_v2              │ 0.000649      │
│ train/advantage_abs_mean              │ 0.780625      │
│ train/anchor_reward_mean              │ 0.000000      │
│ train/anchor_reward_std               │ 0.000000      │
│ train/avg_response_length             │ 254.562500    │
│ train/consistency_gap_1               │ -0.310452     │
│ train/consistency_reward_mean         │ -0.057552     │
│ train/consistency_reward_std          │ 0.121173      │
│ train/epoch                           │ 0             │
│ train/kl_policy_base                  │ 0.122285      │
│ train/n_anchor_rollouts               │ 0             │
│ train/n_consistency_rollouts          │ 16            │
│ train/n_ref_parsed                    │ 60            │
│ train/n_training_parsed               │ 59            │
│ train/p_hat_1                         │ 0.372881      │
│ train/p_ref                           │ 0.683333      │
│ train/parse_rate                      │ 0.929688      │
│ train/rate_var                        │ 0.024095      │
│ train/reward_pert1_trait0_count       │ 13            │
│ train/reward_pert1_trait0_mean        │ -0.115762     │
│ train/reward_pert1_trait1_count       │ 3             │
│ train/reward_pert1_trait1_mean        │ 0.194690      │
│ train/train/clock_cycle:unique        │ 104669.000000 │
│ train/train/loss:sum                  │ 933.754318    │
│ train/train/ppo_clipped_fraction:mean │ 0.418780      │
│ train/train/ppo_kl_div:mean           │ 1.269918      │
│ train/train/ppo_mean_ratio:mean       │ 0.675016      │
└───────────────────────────────────────┴───────────────┘
tinker_cookbook.utils.ml_log:192 [INFO] Wrote metrics to logs/sweep-refresh-every/llama-rlct-re1/metrics.jsonl
tinker_cookbook.utils.ml_log:265 [INFO] 
               Step 44               
┏━━━━━━━━━━━━━━━━━━━━━━━━━━━┳━━━━━━━┓
┃ Metric                    ┃ Value ┃
┡━━━━━━━━━━━━━━━━━━━━━━━━━━━╇━━━━━━━┩
│ train/skipped_empty_batch │ 1     │
└───────────────────────────┴───────┘
tinker_cookbook.utils.ml_log:192 [INFO] Wrote metrics to logs/sweep-refresh-every/llama-rlct-re1/metrics.jsonl
tinker_cookbook.utils.ml_log:265 [INFO] 
               Step 45               
┏━━━━━━━━━━━━━━━━━━━━━━━━━━━┳━━━━━━━┓
┃ Metric                    ┃ Value ┃
┡━━━━━━━━━━━━━━━━━━━━━━━━━━━╇━━━━━━━┩
│ train/skipped_empty_batch │ 1     │
└───────────────────────────┴───────┘
tinker_cookbook.utils.ml_log:192 [INFO] Wrote metrics to logs/sweep-refresh-every/llama-rlct-re1/metrics.jsonl
tinker_cookbook.utils.ml_log:265 [INFO] 
               Step 46               
┏━━━━━━━━━━━━━━━━━━━━━━━━━━━┳━━━━━━━┓
┃ Metric                    ┃ Value ┃
┡━━━━━━━━━━━━━━━━━━━━━━━━━━━╇━━━━━━━┩
│ train/skipped_empty_batch │ 1     │
└───────────────────────────┴───────┘
tinker_cookbook.utils.ml_log:192 [INFO] Wrote metrics to logs/sweep-refresh-every/llama-rlct-re1/metrics.jsonl
tinker_cookbook.utils.ml_log:265 [INFO] 
               Step 47               
┏━━━━━━━━━━━━━━━━━━━━━━━━━━━┳━━━━━━━┓
┃ Metric                    ┃ Value ┃
┡━━━━━━━━━━━━━━━━━━━━━━━━━━━╇━━━━━━━┩
│ train/skipped_empty_batch │ 1     │
└───────────────────────────┴───────┘
tinker_cookbook.utils.ml_log:192 [INFO] Wrote metrics to logs/sweep-refresh-every/llama-rlct-re1/metrics.jsonl
tinker_cookbook.utils.ml_log:265 [INFO] 
               Step 48               
┏━━━━━━━━━━━━━━━━━━━━━━━━━━━┳━━━━━━━┓
┃ Metric                    ┃ Value ┃
┡━━━━━━━━━━━━━━━━━━━━━━━━━━━╇━━━━━━━┩
│ train/skipped_empty_batch │ 1     │
└───────────────────────────┴───────┘
tinker_cookbook.utils.ml_log:192 [INFO] Wrote metrics to logs/sweep-refresh-every/llama-rlct-re1/metrics.jsonl
tinker_cookbook.utils.ml_log:265 [INFO] 
                         Step 49                         
┏━━━━━━━━━━━━━━━━━━━━━━━━━━━━━━━━━━━━━━━┳━━━━━━━━━━━━━━━┓
┃ Metric                                ┃ Value         ┃
┡━━━━━━━━━━━━━━━━━━━━━━━━━━━━━━━━━━━━━━━╇━━━━━━━━━━━━━━━┩
│ optim/entropy                         │ 1.001515      │
│ optim/kl_sample_train_v1              │ 0.000150      │
│ optim/kl_sample_train_v2              │ 0.000661      │
│ train/advantage_abs_mean              │ 1.000000      │
│ train/anchor_reward_mean              │ 0.000000      │
│ train/anchor_reward_std               │ 0.000000      │
│ train/avg_response_length             │ 165.000000    │
│ train/consistency_gap_1               │ -0.081699     │
│ train/consistency_reward_mean         │ -0.002403     │
│ train/consistency_reward_std          │ 0.040850      │
│ train/epoch                           │ 0             │
│ train/kl_policy_base                  │ 0.178710      │
│ train/n_anchor_rollouts               │ 0             │
│ train/n_consistency_rollouts          │ 16            │
│ train/n_ref_parsed                    │ 54            │
│ train/n_training_parsed               │ 51            │
│ train/p_hat_1                         │ 0.529412      │
│ train/p_ref                           │ 0.611111      │
│ train/parse_rate                      │ 0.820312      │
│ train/rate_var                        │ 0.001669      │
│ train/reward_pert1_trait0_count       │ 8             │
│ train/reward_pert1_trait0_mean        │ -0.043253     │
│ train/reward_pert1_trait1_count       │ 8             │
│ train/reward_pert1_trait1_mean        │ 0.038447      │
│ train/train/clock_cycle:unique        │ 104679.000000 │
│ train/train/loss:sum                  │ -262.181030   │
│ train/train/ppo_clipped_fraction:mean │ 0.317064      │
│ train/train/ppo_kl_div:mean           │ 1.606756      │
│ train/train/ppo_mean_ratio:mean       │ 0.720192      │
└───────────────────────────────────────┴───────────────┘
tinker_cookbook.utils.ml_log:192 [INFO] Wrote metrics to logs/sweep-refresh-every/llama-rlct-re1/metrics.jsonl
tinker_cookbook.utils.ml_log:265 [INFO] 
               Step 50               
┏━━━━━━━━━━━━━━━━━━━━━━━━━━━┳━━━━━━━┓
┃ Metric                    ┃ Value ┃
┡━━━━━━━━━━━━━━━━━━━━━━━━━━━╇━━━━━━━┩
│ train/skipped_empty_batch │ 1     │
└───────────────────────────┴───────┘
tinker_cookbook.utils.ml_log:192 [INFO] Wrote metrics to logs/sweep-refresh-every/llama-rlct-re1/metrics.jsonl
tinker_cookbook.utils.ml_log:265 [INFO] 
                         Step 51                         
┏━━━━━━━━━━━━━━━━━━━━━━━━━━━━━━━━━━━━━━━┳━━━━━━━━━━━━━━━┓
┃ Metric                                ┃ Value         ┃
┡━━━━━━━━━━━━━━━━━━━━━━━━━━━━━━━━━━━━━━━╇━━━━━━━━━━━━━━━┩
│ optim/entropy                         │ 0.676199      │
│ optim/kl_sample_train_v1              │ -0.000548     │
│ optim/kl_sample_train_v2              │ 0.000614      │
│ train/advantage_abs_mean              │ 0.661438      │
│ train/anchor_reward_mean              │ 0.000000      │
│ train/anchor_reward_std               │ 0.000000      │
│ train/avg_response_length             │ 118.312500    │
│ train/consistency_gap_1               │ 0.021875      │
│ train/consistency_reward_mean         │ -0.000547     │
│ train/consistency_reward_std          │ 0.007234      │
│ train/epoch                           │ 0             │
│ train/kl_policy_base                  │ 0.165250      │
│ train/n_anchor_rollouts               │ 0             │
│ train/n_consistency_rollouts          │ 16            │
│ train/n_ref_parsed                    │ 64            │
│ train/n_training_parsed               │ 60            │
│ train/p_hat_1                         │ 0.850000      │
│ train/p_ref                           │ 0.828125      │
│ train/parse_rate                      │ 0.968750      │
│ train/rate_var                        │ 0.000120      │
│ train/reward_pert1_trait0_count       │ 2             │
│ train/reward_pert1_trait0_mean        │ 0.018594      │
│ train/reward_pert1_trait1_count       │ 14            │
│ train/reward_pert1_trait1_mean        │ -0.003281     │
│ train/train/clock_cycle:unique        │ 104682.000000 │
│ train/train/loss:sum                  │ 107.049843    │
│ train/train/ppo_clipped_fraction:mean │ 0.543952      │
│ train/train/ppo_kl_div:mean           │ 1.878048      │
│ train/train/ppo_mean_ratio:mean       │ 0.564514      │
└───────────────────────────────────────┴───────────────┘
tinker_cookbook.utils.ml_log:192 [INFO] Wrote metrics to logs/sweep-refresh-every/llama-rlct-re1/metrics.jsonl
tinker_cookbook.utils.ml_log:265 [INFO] 
                         Step 52                         
┏━━━━━━━━━━━━━━━━━━━━━━━━━━━━━━━━━━━━━━━┳━━━━━━━━━━━━━━━┓
┃ Metric                                ┃ Value         ┃
┡━━━━━━━━━━━━━━━━━━━━━━━━━━━━━━━━━━━━━━━╇━━━━━━━━━━━━━━━┩
│ optim/entropy                         │ 0.486997      │
│ optim/kl_sample_train_v1              │ -0.000258     │
│ optim/kl_sample_train_v2              │ 0.000405      │
│ train/advantage_abs_mean              │ 0.927025      │
│ train/anchor_reward_mean              │ 0.000000      │
│ train/anchor_reward_std               │ 0.000000      │
│ train/avg_response_length             │ 62.687500     │
│ train/consistency_gap_1               │ -0.009073     │
│ train/consistency_reward_mean         │ 0.000284      │
│ train/consistency_reward_std          │ 0.004205      │
│ train/epoch                           │ 0             │
│ train/kl_policy_base                  │ 0.392743      │
│ train/n_anchor_rollouts               │ 0             │
│ train/n_consistency_rollouts          │ 16            │
│ train/n_ref_parsed                    │ 62            │
│ train/n_training_parsed               │ 64            │
│ train/p_hat_1                         │ 0.281250      │
│ train/p_ref                           │ 0.290323      │
│ train/parse_rate                      │ 0.984375      │
│ train/rate_var                        │ 0.000021      │
│ train/reward_pert1_trait0_count       │ 11            │
│ train/reward_pert1_trait0_mean        │ -0.002552     │
│ train/reward_pert1_trait1_count       │ 5             │
│ train/reward_pert1_trait1_mean        │ 0.006521      │
│ train/train/clock_cycle:unique        │ 104685.000000 │
│ train/train/loss:sum                  │ 87.148048     │
│ train/train/ppo_clipped_fraction:mean │ 0.665861      │
│ train/train/ppo_kl_div:mean           │ 2.635440      │
│ train/train/ppo_mean_ratio:mean       │ 0.440443      │
└───────────────────────────────────────┴───────────────┘
tinker_cookbook.utils.ml_log:192 [INFO] Wrote metrics to logs/sweep-refresh-every/llama-rlct-re1/metrics.jsonl
tinker_cookbook.utils.ml_log:265 [INFO] 
               Step 53               
┏━━━━━━━━━━━━━━━━━━━━━━━━━━━┳━━━━━━━┓
┃ Metric                    ┃ Value ┃
┡━━━━━━━━━━━━━━━━━━━━━━━━━━━╇━━━━━━━┩
│ train/skipped_empty_batch │ 1     │
└───────────────────────────┴───────┘
tinker_cookbook.utils.ml_log:192 [INFO] Wrote metrics to logs/sweep-refresh-every/llama-rlct-re1/metrics.jsonl
tinker_cookbook.utils.ml_log:265 [INFO] 
               Step 54               
┏━━━━━━━━━━━━━━━━━━━━━━━━━━━┳━━━━━━━┓
┃ Metric                    ┃ Value ┃
┡━━━━━━━━━━━━━━━━━━━━━━━━━━━╇━━━━━━━┩
│ train/skipped_empty_batch │ 1     │
└───────────────────────────┴───────┘
tinker_cookbook.utils.ml_log:192 [INFO] Wrote metrics to logs/sweep-refresh-every/llama-rlct-re1/metrics.jsonl
tinker_cookbook.utils.ml_log:265 [INFO] 
               Step 55               
┏━━━━━━━━━━━━━━━━━━━━━━━━━━━┳━━━━━━━┓
┃ Metric                    ┃ Value ┃
┡━━━━━━━━━━━━━━━━━━━━━━━━━━━╇━━━━━━━┩
│ train/skipped_empty_batch │ 1     │
└───────────────────────────┴───────┘
tinker_cookbook.utils.ml_log:192 [INFO] Wrote metrics to logs/sweep-refresh-every/llama-rlct-re1/metrics.jsonl
tinker_cookbook.utils.ml_log:265 [INFO] 
               Step 56               
┏━━━━━━━━━━━━━━━━━━━━━━━━━━━┳━━━━━━━┓
┃ Metric                    ┃ Value ┃
┡━━━━━━━━━━━━━━━━━━━━━━━━━━━╇━━━━━━━┩
│ train/skipped_empty_batch │ 1     │
└───────────────────────────┴───────┘
tinker_cookbook.utils.ml_log:192 [INFO] Wrote metrics to logs/sweep-refresh-every/llama-rlct-re1/metrics.jsonl
tinker_cookbook.utils.ml_log:265 [INFO] 
                         Step 57                         
┏━━━━━━━━━━━━━━━━━━━━━━━━━━━━━━━━━━━━━━━┳━━━━━━━━━━━━━━━┓
┃ Metric                                ┃ Value         ┃
┡━━━━━━━━━━━━━━━━━━━━━━━━━━━━━━━━━━━━━━━╇━━━━━━━━━━━━━━━┩
│ optim/entropy                         │ 0.651453      │
│ optim/kl_sample_train_v1              │ 0.000709      │
│ optim/kl_sample_train_v2              │ 0.000593      │
│ train/advantage_abs_mean              │ 0.661438      │
│ train/anchor_reward_mean              │ 0.000000      │
│ train/anchor_reward_std               │ 0.000000      │
│ train/avg_response_length             │ 96.250000     │
│ train/consistency_gap_1               │ 0.031250      │
│ train/consistency_reward_mean         │ 0.000000      │
│ train/consistency_reward_std          │ 0.010335      │
│ train/epoch                           │ 0             │
│ train/kl_policy_base                  │ 0.233900      │
│ train/n_anchor_rollouts               │ 0             │
│ train/n_consistency_rollouts          │ 16            │
│ train/n_ref_parsed                    │ 64            │
│ train/n_training_parsed               │ 64            │
│ train/p_hat_1                         │ 0.875000      │
│ train/p_ref                           │ 0.843750      │
│ train/parse_rate                      │ 1.000000      │
│ train/rate_var                        │ 0.000244      │
│ train/reward_pert1_trait0_count       │ 2             │
│ train/reward_pert1_trait0_mean        │ 0.027344      │
│ train/reward_pert1_trait1_count       │ 14            │
│ train/reward_pert1_trait1_mean        │ -0.003906     │
│ train/train/clock_cycle:unique        │ 104691.000000 │
│ train/train/loss:sum                  │ -38.437185    │
│ train/train/ppo_clipped_fraction:mean │ 0.441616      │
│ train/train/ppo_kl_div:mean           │ 1.921813      │
│ train/train/ppo_mean_ratio:mean       │ 0.622391      │
└───────────────────────────────────────┴───────────────┘
tinker_cookbook.utils.ml_log:192 [INFO] Wrote metrics to logs/sweep-refresh-every/llama-rlct-re1/metrics.jsonl
tinker_cookbook.utils.ml_log:265 [INFO] 
                         Step 58                         
┏━━━━━━━━━━━━━━━━━━━━━━━━━━━━━━━━━━━━━━━┳━━━━━━━━━━━━━━━┓
┃ Metric                                ┃ Value         ┃
┡━━━━━━━━━━━━━━━━━━━━━━━━━━━━━━━━━━━━━━━╇━━━━━━━━━━━━━━━┩
│ optim/entropy                         │ 0.594730      │
│ optim/kl_sample_train_v1              │ 0.001168      │
│ optim/kl_sample_train_v2              │ 0.000522      │
│ train/advantage_abs_mean              │ 0.661438      │
│ train/anchor_reward_mean              │ 0.000000      │
│ train/anchor_reward_std               │ 0.000000      │
│ train/avg_response_length             │ 99.562500     │
│ train/consistency_gap_1               │ 0.018579      │
│ train/consistency_reward_mean         │ 0.000155      │
│ train/consistency_reward_std          │ 0.006145      │
│ train/epoch                           │ 0             │
│ train/kl_policy_base                  │ 0.300644      │
│ train/n_anchor_rollouts               │ 0             │
│ train/n_consistency_rollouts          │ 16            │
│ train/n_ref_parsed                    │ 61            │
│ train/n_training_parsed               │ 60            │
│ train/p_hat_1                         │ 0.133333      │
│ train/p_ref                           │ 0.114754      │
│ train/parse_rate                      │ 0.945312      │
│ train/rate_var                        │ 0.000086      │
│ train/reward_pert1_trait0_count       │ 14            │
│ train/reward_pert1_trait0_mean        │ 0.002477      │
│ train/reward_pert1_trait1_count       │ 2             │
│ train/reward_pert1_trait1_mean        │ -0.016102     │
│ train/train/clock_cycle:unique        │ 104694.000000 │
│ train/train/loss:sum                  │ -131.636400   │
│ train/train/ppo_clipped_fraction:mean │ 0.489232      │
│ train/train/ppo_kl_div:mean           │ 2.074317      │
│ train/train/ppo_mean_ratio:mean       │ 0.591826      │
└───────────────────────────────────────┴───────────────┘
tinker_cookbook.utils.ml_log:192 [INFO] Wrote metrics to logs/sweep-refresh-every/llama-rlct-re1/metrics.jsonl
tinker_cookbook.utils.ml_log:265 [INFO] 
               Step 59               
┏━━━━━━━━━━━━━━━━━━━━━━━━━━━┳━━━━━━━┓
┃ Metric                    ┃ Value ┃
┡━━━━━━━━━━━━━━━━━━━━━━━━━━━╇━━━━━━━┩
│ train/skipped_empty_batch │ 1     │
└───────────────────────────┴───────┘
tinker_cookbook.utils.ml_log:192 [INFO] Wrote metrics to logs/sweep-refresh-every/llama-rlct-re1/metrics.jsonl
tinker_cookbook.utils.ml_log:265 [INFO] 
                         Step 60                         
┏━━━━━━━━━━━━━━━━━━━━━━━━━━━━━━━━━━━━━━━┳━━━━━━━━━━━━━━━┓
┃ Metric                                ┃ Value         ┃
┡━━━━━━━━━━━━━━━━━━━━━━━━━━━━━━━━━━━━━━━╇━━━━━━━━━━━━━━━┩
│ optim/entropy                         │ 0.618981      │
│ optim/kl_sample_train_v1              │ -0.001430     │
│ optim/kl_sample_train_v2              │ 0.000443      │
│ train/advantage_abs_mean              │ 0.992157      │
│ train/anchor_reward_mean              │ 0.000000      │
│ train/anchor_reward_std               │ 0.000000      │
│ train/avg_response_length             │ 87.937500     │
│ train/consistency_gap_1               │ -0.195437     │
│ train/consistency_reward_mean         │ 0.024430      │
│ train/consistency_reward_std          │ 0.096952      │
│ train/epoch                           │ 0             │
│ train/kl_policy_base                  │ 0.250810      │
│ train/n_anchor_rollouts               │ 0             │
│ train/n_consistency_rollouts          │ 16            │
│ train/n_ref_parsed                    │ 63            │
│ train/n_training_parsed               │ 64            │
│ train/p_hat_1                         │ 0.312500      │
│ train/p_ref                           │ 0.507937      │
│ train/parse_rate                      │ 0.992188      │
│ train/rate_var                        │ 0.009549      │
│ train/reward_pert1_trait0_count       │ 9             │
│ train/reward_pert1_trait0_mean        │ -0.061074     │
│ train/reward_pert1_trait1_count       │ 7             │
│ train/reward_pert1_trait1_mean        │ 0.134363      │
│ train/train/clock_cycle:unique        │ 104700.000000 │
│ train/train/loss:sum                  │ 68.183228     │
│ train/train/ppo_clipped_fraction:mean │ 0.385168      │
│ train/train/ppo_kl_div:mean           │ 1.821351      │
│ train/train/ppo_mean_ratio:mean       │ 0.669325      │
└───────────────────────────────────────┴───────────────┘
tinker_cookbook.utils.ml_log:192 [INFO] Wrote metrics to logs/sweep-refresh-every/llama-rlct-re1/metrics.jsonl
tinker_cookbook.utils.ml_log:265 [INFO] 
               Step 61               
┏━━━━━━━━━━━━━━━━━━━━━━━━━━━┳━━━━━━━┓
┃ Metric                    ┃ Value ┃
┡━━━━━━━━━━━━━━━━━━━━━━━━━━━╇━━━━━━━┩
│ train/skipped_empty_batch │ 1     │
└───────────────────────────┴───────┘
tinker_cookbook.utils.ml_log:192 [INFO] Wrote metrics to logs/sweep-refresh-every/llama-rlct-re1/metrics.jsonl
tinker_cookbook.utils.ml_log:265 [INFO] 
                         Step 62                         
┏━━━━━━━━━━━━━━━━━━━━━━━━━━━━━━━━━━━━━━━┳━━━━━━━━━━━━━━━┓
┃ Metric                                ┃ Value         ┃
┡━━━━━━━━━━━━━━━━━━━━━━━━━━━━━━━━━━━━━━━╇━━━━━━━━━━━━━━━┩
│ optim/entropy                         │ 0.652721      │
│ optim/kl_sample_train_v1              │ 0.000759      │
│ optim/kl_sample_train_v2              │ 0.000568      │
│ train/advantage_abs_mean              │ 0.484123      │
│ train/anchor_reward_mean              │ 0.000000      │
│ train/anchor_reward_std               │ 0.000000      │
│ train/avg_response_length             │ 167.687500    │
│ train/consistency_gap_1               │ 0.049709      │
│ train/consistency_reward_mean         │ 0.000968      │
│ train/consistency_reward_std          │ 0.012033      │
│ train/epoch                           │ 0             │
│ train/kl_policy_base                  │ 0.165305      │
│ train/n_anchor_rollouts               │ 0             │
│ train/n_consistency_rollouts          │ 16            │
│ train/n_ref_parsed                    │ 62            │
│ train/n_training_parsed               │ 61            │
│ train/p_hat_1                         │ 0.081967      │
│ train/p_ref                           │ 0.032258      │
│ train/parse_rate                      │ 0.960938      │
│ train/rate_var                        │ 0.000618      │
│ train/reward_pert1_trait0_count       │ 15            │
│ train/reward_pert1_trait0_mean        │ 0.004075      │
│ train/reward_pert1_trait1_count       │ 1             │
│ train/reward_pert1_trait1_mean        │ -0.045635     │
│ train/train/clock_cycle:unique        │ 104706.000000 │
│ train/train/loss:sum                  │ 336.534096    │
│ train/train/ppo_clipped_fraction:mean │ 0.291061      │
│ train/train/ppo_kl_div:mean           │ 1.329945      │
│ train/train/ppo_mean_ratio:mean       │ 0.747564      │
└───────────────────────────────────────┴───────────────┘
tinker_cookbook.utils.ml_log:192 [INFO] Wrote metrics to logs/sweep-refresh-every/llama-rlct-re1/metrics.jsonl
tinker_cookbook.utils.ml_log:265 [INFO] 
               Step 63               
┏━━━━━━━━━━━━━━━━━━━━━━━━━━━┳━━━━━━━┓
┃ Metric                    ┃ Value ┃
┡━━━━━━━━━━━━━━━━━━━━━━━━━━━╇━━━━━━━┩
│ train/skipped_empty_batch │ 1     │
└───────────────────────────┴───────┘
tinker_cookbook.utils.ml_log:192 [INFO] Wrote metrics to logs/sweep-refresh-every/llama-rlct-re1/metrics.jsonl
tinker_cookbook.utils.ml_log:265 [INFO] 
                         Step 64                         
┏━━━━━━━━━━━━━━━━━━━━━━━━━━━━━━━━━━━━━━━┳━━━━━━━━━━━━━━━┓
┃ Metric                                ┃ Value         ┃
┡━━━━━━━━━━━━━━━━━━━━━━━━━━━━━━━━━━━━━━━╇━━━━━━━━━━━━━━━┩
│ optim/entropy                         │ 0.511710      │
│ optim/kl_sample_train_v1              │ 0.000286      │
│ optim/kl_sample_train_v2              │ 0.000435      │
│ train/advantage_abs_mean              │ 0.780625      │
│ train/anchor_reward_mean              │ 0.000000      │
│ train/anchor_reward_std               │ 0.000000      │
│ train/avg_response_length             │ 155.937500    │
│ train/consistency_gap_1               │ 0.050000      │
│ train/consistency_reward_mean         │ 0.006042      │
│ train/consistency_reward_std          │ 0.019516      │
│ train/epoch                           │ 0             │
│ train/kl_policy_base                  │ 0.136839      │
│ train/n_anchor_rollouts               │ 0             │
│ train/n_consistency_rollouts          │ 16            │
│ train/n_ref_parsed                    │ 60            │
│ train/n_training_parsed               │ 60            │
│ train/p_hat_1                         │ 0.933333      │
│ train/p_ref                           │ 0.883333      │
│ train/parse_rate                      │ 0.937500      │
│ train/rate_var                        │ 0.000625      │
│ train/reward_pert1_trait0_count       │ 3             │
│ train/reward_pert1_trait0_mean        │ 0.046667      │
│ train/reward_pert1_trait1_count       │ 13            │
│ train/reward_pert1_trait1_mean        │ -0.003333     │
│ train/train/clock_cycle:unique        │ 104718.000000 │
│ train/train/loss:sum                  │ -260.661709   │
│ train/train/ppo_clipped_fraction:mean │ 0.281750      │
│ train/train/ppo_kl_div:mean           │ 1.420193      │
│ train/train/ppo_mean_ratio:mean       │ 0.756092      │
└───────────────────────────────────────┴───────────────┘
tinker_cookbook.checkpoint_utils:461 [INFO] Saved checkpoints: {'sampler_path': 'tinker://2852de74-f9d7-5b2e-8747-c3d2e45dab32:train:0/sampler_weights/sweep-refresh-every_llama-rlct-re1_step64'}
tinker_cookbook.utils.ml_log:192 [INFO] Wrote metrics to logs/sweep-refresh-every/llama-rlct-re1/metrics.jsonl
tinker_cookbook.utils.ml_log:265 [INFO] 
                                    Step 64                                     
┏━━━━━━━━━━━━━━━━━━━━━━┳━━━━━━━━━━━━━━━━━━━━━━━━━━━━━━━━━━━━━━━━━━━━━━━━━━━━━━━┓
┃ Metric               ┃ Value                                                 ┃
┡━━━━━━━━━━━━━━━━━━━━━━╇━━━━━━━━━━━━━━━━━━━━━━━━━━━━━━━━━━━━━━━━━━━━━━━━━━━━━━━┩
│ checkpoint           │ tinker://2852de74-f9d7-5b2e-8747-c3d2e45dab32:train:… │
└──────────────────────┴───────────────────────────────────────────────────────┘
tinker_cookbook.utils.ml_log:192 [INFO] Wrote metrics to logs/sweep-refresh-every/llama-rlct-re1/metrics.jsonl
tinker_cookbook.utils.ml_log:265 [INFO] 
                         Step 65                         
┏━━━━━━━━━━━━━━━━━━━━━━━━━━━━━━━━━━━━━━━┳━━━━━━━━━━━━━━━┓
┃ Metric                                ┃ Value         ┃
┡━━━━━━━━━━━━━━━━━━━━━━━━━━━━━━━━━━━━━━━╇━━━━━━━━━━━━━━━┩
│ optim/entropy                         │ 0.715384      │
│ optim/kl_sample_train_v1              │ 0.000037      │
│ optim/kl_sample_train_v2              │ 0.000482      │
│ train/advantage_abs_mean              │ 0.780625      │
│ train/anchor_reward_mean              │ 0.000000      │
│ train/anchor_reward_std               │ 0.000000      │
│ train/avg_response_length             │ 245.937500    │
│ train/consistency_gap_1               │ 0.080381      │
│ train/consistency_reward_mean         │ -0.007293     │
│ train/consistency_reward_std          │ 0.031374      │
│ train/epoch                           │ 0             │
│ train/kl_policy_base                  │ 0.086449      │
│ train/n_anchor_rollouts               │ 0             │
│ train/n_consistency_rollouts          │ 16            │
│ train/n_ref_parsed                    │ 61            │
│ train/n_training_parsed               │ 62            │
│ train/p_hat_1                         │ 0.096774      │
│ train/p_ref                           │ 0.016393      │
│ train/parse_rate                      │ 0.960938      │
│ train/rate_var                        │ 0.001615      │
│ train/reward_pert1_trait0_count       │ 13            │
│ train/reward_pert1_trait0_mean        │ 0.007779      │
│ train/reward_pert1_trait1_count       │ 3             │
│ train/reward_pert1_trait1_mean        │ -0.072602     │
│ train/train/clock_cycle:unique        │ 104728.000000 │
│ train/train/loss:sum                  │ 186.245033    │
│ train/train/ppo_clipped_fraction:mean │ 0.283873      │
│ train/train/ppo_kl_div:mean           │ 1.257273      │
│ train/train/ppo_mean_ratio:mean       │ 0.761635      │
└───────────────────────────────────────┴───────────────┘
tinker_cookbook.utils.ml_log:192 [INFO] Wrote metrics to logs/sweep-refresh-every/llama-rlct-re1/metrics.jsonl
tinker_cookbook.utils.ml_log:265 [INFO] 
               Step 66               
┏━━━━━━━━━━━━━━━━━━━━━━━━━━━┳━━━━━━━┓
┃ Metric                    ┃ Value ┃
┡━━━━━━━━━━━━━━━━━━━━━━━━━━━╇━━━━━━━┩
│ train/skipped_empty_batch │ 1     │
└───────────────────────────┴───────┘
tinker_cookbook.utils.ml_log:192 [INFO] Wrote metrics to logs/sweep-refresh-every/llama-rlct-re1/metrics.jsonl
tinker_cookbook.utils.ml_log:265 [INFO] 
                         Step 67                         
┏━━━━━━━━━━━━━━━━━━━━━━━━━━━━━━━━━━━━━━━┳━━━━━━━━━━━━━━━┓
┃ Metric                                ┃ Value         ┃
┡━━━━━━━━━━━━━━━━━━━━━━━━━━━━━━━━━━━━━━━╇━━━━━━━━━━━━━━━┩
│ optim/entropy                         │ 6.067821      │
│ optim/kl_sample_train_v1              │ 0.000556      │
│ optim/kl_sample_train_v2              │ 0.000605      │
│ train/advantage_abs_mean              │ 0.780625      │
│ train/anchor_reward_mean              │ 0.000000      │
│ train/anchor_reward_std               │ 0.000000      │
│ train/avg_response_length             │ 1496.687500   │
│ train/consistency_gap_1               │ 0.050758      │
│ train/consistency_reward_mean         │ 0.004201      │
│ train/consistency_reward_std          │ 0.019812      │
│ train/epoch                           │ 0             │
│ train/kl_policy_base                  │ 0.032519      │
│ train/n_anchor_rollouts               │ 0             │
│ train/n_consistency_rollouts          │ 16            │
│ train/n_ref_parsed                    │ 41            │
│ train/n_training_parsed               │ 37            │
│ train/p_hat_1                         │ 0.270270      │
│ train/p_ref                           │ 0.219512      │
│ train/parse_rate                      │ 0.609375      │
│ train/rate_var                        │ 0.000644      │
│ train/reward_pert1_trait0_count       │ 13            │
│ train/reward_pert1_trait0_mean        │ 0.013718      │
│ train/reward_pert1_trait1_count       │ 3             │
│ train/reward_pert1_trait1_mean        │ -0.037040     │
│ train/train/clock_cycle:unique        │ 104744.000000 │
│ train/train/loss:sum                  │ -7633.130005  │
│ train/train/ppo_clipped_fraction:mean │ 0.094963      │
│ train/train/ppo_kl_div:mean           │ 0.351972      │
│ train/train/ppo_mean_ratio:mean       │ 0.924986      │
└───────────────────────────────────────┴───────────────┘
tinker_cookbook.utils.ml_log:192 [INFO] Wrote metrics to logs/sweep-refresh-every/llama-rlct-re1/metrics.jsonl
tinker_cookbook.utils.ml_log:265 [INFO] 
                         Step 68                         
┏━━━━━━━━━━━━━━━━━━━━━━━━━━━━━━━━━━━━━━━┳━━━━━━━━━━━━━━━┓
┃ Metric                                ┃ Value         ┃
┡━━━━━━━━━━━━━━━━━━━━━━━━━━━━━━━━━━━━━━━╇━━━━━━━━━━━━━━━┩
│ optim/entropy                         │ 6.767834      │
│ optim/kl_sample_train_v1              │ 0.000842      │
│ optim/kl_sample_train_v2              │ 0.000598      │
│ train/advantage_abs_mean              │ 0.780625      │
│ train/anchor_reward_mean              │ 0.000000      │
│ train/anchor_reward_std               │ 0.000000      │
│ train/avg_response_length             │ 1537.250000   │
│ train/consistency_gap_1               │ -0.023810     │
│ train/consistency_reward_mean         │ -0.000071     │
│ train/consistency_reward_std          │ 0.009293      │
│ train/epoch                           │ 0             │
│ train/kl_policy_base                  │ 0.027303      │
│ train/n_anchor_rollouts               │ 0             │
│ train/n_consistency_rollouts          │ 16            │
│ train/n_ref_parsed                    │ 42            │
│ train/n_training_parsed               │ 42            │
│ train/p_hat_1                         │ 0.190476      │
│ train/p_ref                           │ 0.214286      │
│ train/parse_rate                      │ 0.656250      │
│ train/rate_var                        │ 0.000142      │
│ train/reward_pert1_trait0_count       │ 13            │
│ train/reward_pert1_trait0_mean        │ -0.004535     │
│ train/reward_pert1_trait1_count       │ 3             │
│ train/reward_pert1_trait1_mean        │ 0.019274      │
│ train/train/clock_cycle:unique        │ 104755.000000 │
│ train/train/loss:sum                  │ -8181.460793  │
│ train/train/ppo_clipped_fraction:mean │ 0.066030      │
│ train/train/ppo_kl_div:mean           │ 0.254666      │
│ train/train/ppo_mean_ratio:mean       │ 0.947454      │
└───────────────────────────────────────┴───────────────┘
tinker_cookbook.utils.ml_log:192 [INFO] Wrote metrics to logs/sweep-refresh-every/llama-rlct-re1/metrics.jsonl
tinker_cookbook.utils.ml_log:265 [INFO] 
                         Step 69                         
┏━━━━━━━━━━━━━━━━━━━━━━━━━━━━━━━━━━━━━━━┳━━━━━━━━━━━━━━━┓
┃ Metric                                ┃ Value         ┃
┡━━━━━━━━━━━━━━━━━━━━━━━━━━━━━━━━━━━━━━━╇━━━━━━━━━━━━━━━┩
│ optim/entropy                         │ 1.280291      │
│ optim/kl_sample_train_v1              │ 0.001073      │
│ optim/kl_sample_train_v2              │ 0.000547      │
│ train/advantage_abs_mean              │ 0.992157      │
│ train/anchor_reward_mean              │ 0.000000      │
│ train/anchor_reward_std               │ 0.000000      │
│ train/avg_response_length             │ 253.125000    │
│ train/consistency_gap_1               │ 0.004545      │
│ train/consistency_reward_mean         │ 0.001007      │
│ train/consistency_reward_std          │ 0.002255      │
│ train/epoch                           │ 0             │
│ train/kl_policy_base                  │ 0.087730      │
│ train/n_anchor_rollouts               │ 0             │
│ train/n_consistency_rollouts          │ 16            │
│ train/n_ref_parsed                    │ 55            │
│ train/n_training_parsed               │ 44            │
│ train/p_hat_1                         │ 0.659091      │
│ train/p_ref                           │ 0.654545      │
│ train/parse_rate                      │ 0.773438      │
│ train/rate_var                        │ 0.000005      │
│ train/reward_pert1_trait0_count       │ 9             │
│ train/reward_pert1_trait0_mean        │ 0.002996      │
│ train/reward_pert1_trait1_count       │ 7             │
│ train/reward_pert1_trait1_mean        │ -0.001550     │
│ train/train/clock_cycle:unique        │ 104767.000000 │
│ train/train/loss:sum                  │ 452.418205    │
│ train/train/ppo_clipped_fraction:mean │ 0.187412      │
│ train/train/ppo_kl_div:mean           │ 0.957135      │
│ train/train/ppo_mean_ratio:mean       │ 0.838025      │
└───────────────────────────────────────┴───────────────┘
tinker_cookbook.utils.ml_log:192 [INFO] Wrote metrics to logs/sweep-refresh-every/llama-rlct-re1/metrics.jsonl
tinker_cookbook.utils.ml_log:265 [INFO] 
               Step 70               
┏━━━━━━━━━━━━━━━━━━━━━━━━━━━┳━━━━━━━┓
┃ Metric                    ┃ Value ┃
┡━━━━━━━━━━━━━━━━━━━━━━━━━━━╇━━━━━━━┩
│ train/skipped_empty_batch │ 1     │
└───────────────────────────┴───────┘
tinker_cookbook.utils.ml_log:192 [INFO] Wrote metrics to logs/sweep-refresh-every/llama-rlct-re1/metrics.jsonl
tinker_cookbook.utils.ml_log:265 [INFO] 
               Step 71               
┏━━━━━━━━━━━━━━━━━━━━━━━━━━━┳━━━━━━━┓
┃ Metric                    ┃ Value ┃
┡━━━━━━━━━━━━━━━━━━━━━━━━━━━╇━━━━━━━┩
│ train/skipped_empty_batch │ 1     │
└───────────────────────────┴───────┘
tinker_cookbook.utils.ml_log:192 [INFO] Wrote metrics to logs/sweep-refresh-every/llama-rlct-re1/metrics.jsonl
tinker_cookbook.utils.ml_log:265 [INFO] 
               Step 72               
┏━━━━━━━━━━━━━━━━━━━━━━━━━━━┳━━━━━━━┓
┃ Metric                    ┃ Value ┃
┡━━━━━━━━━━━━━━━━━━━━━━━━━━━╇━━━━━━━┩
│ train/skipped_empty_batch │ 1     │
└───────────────────────────┴───────┘
tinker_cookbook.utils.ml_log:192 [INFO] Wrote metrics to logs/sweep-refresh-every/llama-rlct-re1/metrics.jsonl
tinker_cookbook.utils.ml_log:265 [INFO] 
                         Step 73                         
┏━━━━━━━━━━━━━━━━━━━━━━━━━━━━━━━━━━━━━━━┳━━━━━━━━━━━━━━━┓
┃ Metric                                ┃ Value         ┃
┡━━━━━━━━━━━━━━━━━━━━━━━━━━━━━━━━━━━━━━━╇━━━━━━━━━━━━━━━┩
│ optim/entropy                         │ 5.725576      │
│ optim/kl_sample_train_v1              │ 0.000363      │
│ optim/kl_sample_train_v2              │ 0.000452      │
│ train/advantage_abs_mean              │ 0.968246      │
│ train/anchor_reward_mean              │ 0.000000      │
│ train/anchor_reward_std               │ 0.000000      │
│ train/avg_response_length             │ 949.187500    │
│ train/consistency_gap_1               │ 0.284444      │
│ train/consistency_reward_mean         │ 0.019753      │
│ train/consistency_reward_std          │ 0.137706      │
│ train/epoch                           │ 0             │
│ train/kl_policy_base                  │ 0.053627      │
│ train/n_anchor_rollouts               │ 0             │
│ train/n_consistency_rollouts          │ 16            │
│ train/n_ref_parsed                    │ 50            │
│ train/n_training_parsed               │ 54            │
│ train/p_hat_1                         │ 0.444444      │
│ train/p_ref                           │ 0.160000      │
│ train/parse_rate                      │ 0.812500      │
│ train/rate_var                        │ 0.020227      │
│ train/reward_pert1_trait0_count       │ 10            │
│ train/reward_pert1_trait0_mean        │ 0.126420      │
│ train/reward_pert1_trait1_count       │ 6             │
│ train/reward_pert1_trait1_mean        │ -0.158025     │
│ train/train/clock_cycle:unique        │ 104779.000000 │
│ train/train/loss:sum                  │ 1738.903374   │
│ train/train/ppo_clipped_fraction:mean │ 0.125758      │
│ train/train/ppo_kl_div:mean           │ 0.625425      │
│ train/train/ppo_mean_ratio:mean       │ 0.888488      │
└───────────────────────────────────────┴───────────────┘
tinker_cookbook.utils.ml_log:192 [INFO] Wrote metrics to logs/sweep-refresh-every/llama-rlct-re1/metrics.jsonl
tinker_cookbook.utils.ml_log:265 [INFO] 
                         Step 74                         
┏━━━━━━━━━━━━━━━━━━━━━━━━━━━━━━━━━━━━━━━┳━━━━━━━━━━━━━━━┓
┃ Metric                                ┃ Value         ┃
┡━━━━━━━━━━━━━━━━━━━━━━━━━━━━━━━━━━━━━━━╇━━━━━━━━━━━━━━━┩
│ optim/entropy                         │ 0.630052      │
│ optim/kl_sample_train_v1              │ 0.001042      │
│ optim/kl_sample_train_v2              │ 0.000584      │
│ train/advantage_abs_mean              │ 0.968246      │
│ train/anchor_reward_mean              │ 0.000000      │
│ train/anchor_reward_std               │ 0.000000      │
│ train/avg_response_length             │ 341.062500    │
│ train/consistency_gap_1               │ -0.101269     │
│ train/consistency_reward_mean         │ -0.009753     │
│ train/consistency_reward_std          │ 0.049027      │
│ train/epoch                           │ 0             │
│ train/kl_policy_base                  │ 0.120439      │
│ train/n_anchor_rollouts               │ 0             │
│ train/n_consistency_rollouts          │ 16            │
│ train/n_ref_parsed                    │ 62            │
│ train/n_training_parsed               │ 61            │
│ train/p_hat_1                         │ 0.721311      │
│ train/p_ref                           │ 0.822581      │
│ train/parse_rate                      │ 0.960938      │
│ train/rate_var                        │ 0.002564      │
│ train/reward_pert1_trait0_count       │ 6             │
│ train/reward_pert1_trait0_mean        │ -0.073047     │
│ train/reward_pert1_trait1_count       │ 10            │
│ train/reward_pert1_trait1_mean        │ 0.028223      │
│ train/train/clock_cycle:unique        │ 104785.000000 │
│ train/train/loss:sum                  │ 711.200638    │
│ train/train/ppo_clipped_fraction:mean │ 0.157850      │
│ train/train/ppo_kl_div:mean           │ 0.841607      │
│ train/train/ppo_mean_ratio:mean       │ 0.861777      │
└───────────────────────────────────────┴───────────────┘
tinker_cookbook.utils.ml_log:192 [INFO] Wrote metrics to logs/sweep-refresh-every/llama-rlct-re1/metrics.jsonl
tinker_cookbook.utils.ml_log:265 [INFO] 
                         Step 75                         
┏━━━━━━━━━━━━━━━━━━━━━━━━━━━━━━━━━━━━━━━┳━━━━━━━━━━━━━━━┓
┃ Metric                                ┃ Value         ┃
┡━━━━━━━━━━━━━━━━━━━━━━━━━━━━━━━━━━━━━━━╇━━━━━━━━━━━━━━━┩
│ optim/entropy                         │ 0.464769      │
│ optim/kl_sample_train_v1              │ 0.000860      │
│ optim/kl_sample_train_v2              │ 0.000485      │
│ train/advantage_abs_mean              │ 0.484123      │
│ train/anchor_reward_mean              │ 0.000000      │
│ train/anchor_reward_std               │ 0.000000      │
│ train/avg_response_length             │ 366.187500    │
│ train/consistency_gap_1               │ 0.045363      │
│ train/consistency_reward_mean         │ 0.001418      │
│ train/consistency_reward_std          │ 0.010981      │
│ train/epoch                           │ 0             │
│ train/kl_policy_base                  │ 0.116199      │
│ train/n_anchor_rollouts               │ 0             │
│ train/n_consistency_rollouts          │ 16            │
│ train/n_ref_parsed                    │ 62            │
│ train/n_training_parsed               │ 64            │
│ train/p_hat_1                         │ 0.093750      │
│ train/p_ref                           │ 0.048387      │
│ train/parse_rate                      │ 0.984375      │
│ train/rate_var                        │ 0.000514      │
│ train/reward_pert1_trait0_count       │ 15            │
│ train/reward_pert1_trait0_mean        │ 0.004253      │
│ train/reward_pert1_trait1_count       │ 1             │
│ train/reward_pert1_trait1_mean        │ -0.041110     │
│ train/train/clock_cycle:unique        │ 104788.000000 │
│ train/train/loss:sum                  │ 421.581837    │
│ train/train/ppo_clipped_fraction:mean │ 0.166094      │
│ train/train/ppo_kl_div:mean           │ 0.848191      │
│ train/train/ppo_mean_ratio:mean       │ 0.860125      │
└───────────────────────────────────────┴───────────────┘
tinker_cookbook.utils.ml_log:192 [INFO] Wrote metrics to logs/sweep-refresh-every/llama-rlct-re1/metrics.jsonl
tinker_cookbook.utils.ml_log:265 [INFO] 
                         Step 76                         
┏━━━━━━━━━━━━━━━━━━━━━━━━━━━━━━━━━━━━━━━┳━━━━━━━━━━━━━━━┓
┃ Metric                                ┃ Value         ┃
┡━━━━━━━━━━━━━━━━━━━━━━━━━━━━━━━━━━━━━━━╇━━━━━━━━━━━━━━━┩
│ optim/entropy                         │ 0.465378      │
│ optim/kl_sample_train_v1              │ 0.001019      │
│ optim/kl_sample_train_v2              │ 0.000473      │
│ train/advantage_abs_mean              │ 0.661438      │
│ train/anchor_reward_mean              │ 0.000000      │
│ train/anchor_reward_std               │ 0.000000      │
│ train/avg_response_length             │ 347.750000    │
│ train/consistency_gap_1               │ -0.047619     │
│ train/consistency_reward_mean         │ 0.000661      │
│ train/consistency_reward_std          │ 0.015749      │
│ train/epoch                           │ 0             │
│ train/kl_policy_base                  │ 0.166252      │
│ train/n_anchor_rollouts               │ 0             │
│ train/n_consistency_rollouts          │ 16            │
│ train/n_ref_parsed                    │ 63            │
│ train/n_training_parsed               │ 63            │
│ train/p_hat_1                         │ 0.111111      │
│ train/p_ref                           │ 0.158730      │
│ train/parse_rate                      │ 0.984375      │
│ train/rate_var                        │ 0.000567      │
│ train/reward_pert1_trait0_count       │ 14            │
│ train/reward_pert1_trait0_mean        │ -0.005291     │
│ train/reward_pert1_trait1_count       │ 2             │
│ train/reward_pert1_trait1_mean        │ 0.042328      │
│ train/train/clock_cycle:unique        │ 104797.000000 │
│ train/train/loss:sum                  │ 518.045486    │
│ train/train/ppo_clipped_fraction:mean │ 0.196584      │
│ train/train/ppo_kl_div:mean           │ 1.088398      │
│ train/train/ppo_mean_ratio:mean       │ 0.826590      │
└───────────────────────────────────────┴───────────────┘
tinker_cookbook.utils.ml_log:192 [INFO] Wrote metrics to logs/sweep-refresh-every/llama-rlct-re1/metrics.jsonl
tinker_cookbook.utils.ml_log:265 [INFO] 
                         Step 77                         
┏━━━━━━━━━━━━━━━━━━━━━━━━━━━━━━━━━━━━━━━┳━━━━━━━━━━━━━━━┓
┃ Metric                                ┃ Value         ┃
┡━━━━━━━━━━━━━━━━━━━━━━━━━━━━━━━━━━━━━━━╇━━━━━━━━━━━━━━━┩
│ optim/entropy                         │ 0.452012      │
│ optim/kl_sample_train_v1              │ 0.000702      │
│ optim/kl_sample_train_v2              │ 0.000579      │
│ train/advantage_abs_mean              │ 0.661438      │
│ train/anchor_reward_mean              │ 0.000000      │
│ train/anchor_reward_std               │ 0.000000      │
│ train/avg_response_length             │ 544.812500    │
│ train/consistency_gap_1               │ 0.025697      │
│ train/consistency_reward_mean         │ 0.000933      │
│ train/consistency_reward_std          │ 0.008499      │
│ train/epoch                           │ 0             │
│ train/kl_policy_base                  │ 0.131205      │
│ train/n_anchor_rollouts               │ 0             │
│ train/n_consistency_rollouts          │ 16            │
│ train/n_ref_parsed                    │ 59            │
│ train/n_training_parsed               │ 62            │
│ train/p_hat_1                         │ 0.161290      │
│ train/p_ref                           │ 0.135593      │
│ train/parse_rate                      │ 0.945312      │
│ train/rate_var                        │ 0.000165      │
│ train/reward_pert1_trait0_count       │ 14            │
│ train/reward_pert1_trait0_mean        │ 0.004145      │
│ train/reward_pert1_trait1_count       │ 2             │
│ train/reward_pert1_trait1_mean        │ -0.021552     │
│ train/train/clock_cycle:unique        │ 104800.000000 │
│ train/train/loss:sum                  │ -223.400848   │
│ train/train/ppo_clipped_fraction:mean │ 0.312267      │
│ train/train/ppo_kl_div:mean           │ 1.008660      │
│ train/train/ppo_mean_ratio:mean       │ 0.754511      │
└───────────────────────────────────────┴───────────────┘
tinker_cookbook.utils.ml_log:192 [INFO] Wrote metrics to logs/sweep-refresh-every/llama-rlct-re1/metrics.jsonl
tinker_cookbook.utils.ml_log:265 [INFO] 
                         Step 78                         
┏━━━━━━━━━━━━━━━━━━━━━━━━━━━━━━━━━━━━━━━┳━━━━━━━━━━━━━━━┓
┃ Metric                                ┃ Value         ┃
┡━━━━━━━━━━━━━━━━━━━━━━━━━━━━━━━━━━━━━━━╇━━━━━━━━━━━━━━━┩
│ optim/entropy                         │ 0.547334      │
│ optim/kl_sample_train_v1              │ -0.000157     │
│ optim/kl_sample_train_v2              │ 0.000578      │
│ train/advantage_abs_mean              │ 0.968246      │
│ train/anchor_reward_mean              │ 0.000000      │
│ train/anchor_reward_std               │ 0.000000      │
│ train/avg_response_length             │ 323.437500    │
│ train/consistency_gap_1               │ -0.114335     │
│ train/consistency_reward_mean         │ -0.006579     │
│ train/consistency_reward_std          │ 0.055352      │
│ train/epoch                           │ 0             │
│ train/kl_policy_base                  │ 0.182650      │
│ train/n_anchor_rollouts               │ 0             │
│ train/n_consistency_rollouts          │ 16            │
│ train/n_ref_parsed                    │ 64            │
│ train/n_training_parsed               │ 63            │
│ train/p_hat_1                         │ 0.682540      │
│ train/p_ref                           │ 0.796875      │
│ train/parse_rate                      │ 0.992188      │
│ train/rate_var                        │ 0.003268      │
│ train/reward_pert1_trait0_count       │ 6             │
│ train/reward_pert1_trait0_mean        │ -0.078038     │
│ train/reward_pert1_trait1_count       │ 10            │
│ train/reward_pert1_trait1_mean        │ 0.036297      │
│ train/train/clock_cycle:unique        │ 104803.000000 │
│ train/train/loss:sum                  │ 17.981201     │
│ train/train/ppo_clipped_fraction:mean │ 0.202181      │
│ train/train/ppo_kl_div:mean           │ 1.113831      │
│ train/train/ppo_mean_ratio:mean       │ 0.822409      │
└───────────────────────────────────────┴───────────────┘
tinker_cookbook.utils.ml_log:192 [INFO] Wrote metrics to logs/sweep-refresh-every/llama-rlct-re1/metrics.jsonl
tinker_cookbook.utils.ml_log:265 [INFO] 
               Step 79               
┏━━━━━━━━━━━━━━━━━━━━━━━━━━━┳━━━━━━━┓
┃ Metric                    ┃ Value ┃
┡━━━━━━━━━━━━━━━━━━━━━━━━━━━╇━━━━━━━┩
│ train/skipped_empty_batch │ 1     │
└───────────────────────────┴───────┘
tinker_cookbook.utils.ml_log:192 [INFO] Wrote metrics to logs/sweep-refresh-every/llama-rlct-re1/metrics.jsonl
tinker_cookbook.utils.ml_log:265 [INFO] 
               Step 80               
┏━━━━━━━━━━━━━━━━━━━━━━━━━━━┳━━━━━━━┓
┃ Metric                    ┃ Value ┃
┡━━━━━━━━━━━━━━━━━━━━━━━━━━━╇━━━━━━━┩
│ train/skipped_empty_batch │ 1     │
└───────────────────────────┴───────┘
tinker_cookbook.utils.ml_log:192 [INFO] Wrote metrics to logs/sweep-refresh-every/llama-rlct-re1/metrics.jsonl
tinker_cookbook.utils.ml_log:265 [INFO] 
                         Step 81                         
┏━━━━━━━━━━━━━━━━━━━━━━━━━━━━━━━━━━━━━━━┳━━━━━━━━━━━━━━━┓
┃ Metric                                ┃ Value         ┃
┡━━━━━━━━━━━━━━━━━━━━━━━━━━━━━━━━━━━━━━━╇━━━━━━━━━━━━━━━┩
│ optim/entropy                         │ 1.002105      │
│ optim/kl_sample_train_v1              │ 0.000951      │
│ optim/kl_sample_train_v2              │ 0.000523      │
│ train/advantage_abs_mean              │ 0.992157      │
│ train/anchor_reward_mean              │ 0.000000      │
│ train/anchor_reward_std               │ 0.000000      │
│ train/avg_response_length             │ 562.000000    │
│ train/consistency_gap_1               │ 0.107615      │
│ train/consistency_reward_mean         │ -0.013669     │
│ train/consistency_reward_std          │ 0.053385      │
│ train/epoch                           │ 0             │
│ train/kl_policy_base                  │ 0.111473      │
│ train/n_anchor_rollouts               │ 0             │
│ train/n_consistency_rollouts          │ 16            │
│ train/n_ref_parsed                    │ 61            │
│ train/n_training_parsed               │ 62            │
│ train/p_hat_1                         │ 0.435484      │
│ train/p_ref                           │ 0.327869      │
│ train/parse_rate                      │ 0.960938      │
│ train/rate_var                        │ 0.002895      │
│ train/reward_pert1_trait0_count       │ 7             │
│ train/reward_pert1_trait0_mean        │ 0.046865      │
│ train/reward_pert1_trait1_count       │ 9             │
│ train/reward_pert1_trait1_mean        │ -0.060750     │
│ train/train/clock_cycle:unique        │ 104809.000000 │
│ train/train/loss:sum                  │ -877.355484   │
│ train/train/ppo_clipped_fraction:mean │ 0.169716      │
│ train/train/ppo_kl_div:mean           │ 0.767566      │
│ train/train/ppo_mean_ratio:mean       │ 0.856071      │
└───────────────────────────────────────┴───────────────┘
tinker_cookbook.utils.ml_log:192 [INFO] Wrote metrics to logs/sweep-refresh-every/llama-rlct-re1/metrics.jsonl
tinker_cookbook.utils.ml_log:265 [INFO] 
               Step 82               
┏━━━━━━━━━━━━━━━━━━━━━━━━━━━┳━━━━━━━┓
┃ Metric                    ┃ Value ┃
┡━━━━━━━━━━━━━━━━━━━━━━━━━━━╇━━━━━━━┩
│ train/skipped_empty_batch │ 1     │
└───────────────────────────┴───────┘
tinker_cookbook.utils.ml_log:192 [INFO] Wrote metrics to logs/sweep-refresh-every/llama-rlct-re1/metrics.jsonl
tinker_cookbook.utils.ml_log:265 [INFO] 
                         Step 83                         
┏━━━━━━━━━━━━━━━━━━━━━━━━━━━━━━━━━━━━━━━┳━━━━━━━━━━━━━━━┓
┃ Metric                                ┃ Value         ┃
┡━━━━━━━━━━━━━━━━━━━━━━━━━━━━━━━━━━━━━━━╇━━━━━━━━━━━━━━━┩
│ optim/entropy                         │ 0.573817      │
│ optim/kl_sample_train_v1              │ 0.000485      │
│ optim/kl_sample_train_v2              │ 0.000573      │
│ train/advantage_abs_mean              │ 0.968246      │
│ train/anchor_reward_mean              │ 0.000000      │
│ train/anchor_reward_std               │ 0.000000      │
│ train/avg_response_length             │ 304.000000    │
│ train/consistency_gap_1               │ 0.069011      │
│ train/consistency_reward_mean         │ 0.011409      │
│ train/consistency_reward_std          │ 0.033410      │
│ train/epoch                           │ 0             │
│ train/kl_policy_base                  │ 0.170910      │
│ train/n_anchor_rollouts               │ 0             │
│ train/n_consistency_rollouts          │ 16            │
│ train/n_ref_parsed                    │ 61            │
│ train/n_training_parsed               │ 62            │
│ train/p_hat_1                         │ 0.790323      │
│ train/p_ref                           │ 0.721311      │
│ train/parse_rate                      │ 0.960938      │
│ train/rate_var                        │ 0.001191      │
│ train/reward_pert1_trait0_count       │ 6             │
│ train/reward_pert1_trait0_mean        │ 0.054541      │
│ train/reward_pert1_trait1_count       │ 10            │
│ train/reward_pert1_trait1_mean        │ -0.014470     │
│ train/train/clock_cycle:unique        │ 104815.000000 │
│ train/train/loss:sum                  │ -38.266922    │
│ train/train/ppo_clipped_fraction:mean │ 0.172367      │
│ train/train/ppo_kl_div:mean           │ 1.018096      │
│ train/train/ppo_mean_ratio:mean       │ 0.844913      │
└───────────────────────────────────────┴───────────────┘
tinker_cookbook.utils.ml_log:192 [INFO] Wrote metrics to logs/sweep-refresh-every/llama-rlct-re1/metrics.jsonl
tinker_cookbook.utils.ml_log:265 [INFO] 
               Step 84               
┏━━━━━━━━━━━━━━━━━━━━━━━━━━━┳━━━━━━━┓
┃ Metric                    ┃ Value ┃
┡━━━━━━━━━━━━━━━━━━━━━━━━━━━╇━━━━━━━┩
│ train/skipped_empty_batch │ 1     │
└───────────────────────────┴───────┘
tinker_cookbook.utils.ml_log:192 [INFO] Wrote metrics to logs/sweep-refresh-every/llama-rlct-re1/metrics.jsonl
tinker_cookbook.utils.ml_log:265 [INFO] 
               Step 85               
┏━━━━━━━━━━━━━━━━━━━━━━━━━━━┳━━━━━━━┓
┃ Metric                    ┃ Value ┃
┡━━━━━━━━━━━━━━━━━━━━━━━━━━━╇━━━━━━━┩
│ train/skipped_empty_batch │ 1     │
└───────────────────────────┴───────┘
tinker_cookbook.utils.ml_log:192 [INFO] Wrote metrics to logs/sweep-refresh-every/llama-rlct-re1/metrics.jsonl
tinker_cookbook.utils.ml_log:265 [INFO] 
                         Step 86                         
┏━━━━━━━━━━━━━━━━━━━━━━━━━━━━━━━━━━━━━━━┳━━━━━━━━━━━━━━━┓
┃ Metric                                ┃ Value         ┃
┡━━━━━━━━━━━━━━━━━━━━━━━━━━━━━━━━━━━━━━━╇━━━━━━━━━━━━━━━┩
│ optim/entropy                         │ 0.558362      │
│ optim/kl_sample_train_v1              │ 0.001379      │
│ optim/kl_sample_train_v2              │ 0.000514      │
│ train/advantage_abs_mean              │ 0.661438      │
│ train/anchor_reward_mean              │ 0.000000      │
│ train/anchor_reward_std               │ 0.000000      │
│ train/avg_response_length             │ 431.187500    │
│ train/consistency_gap_1               │ 0.066103      │
│ train/consistency_reward_mean         │ -0.001761     │
│ train/consistency_reward_std          │ 0.021861      │
│ train/epoch                           │ 0             │
│ train/kl_policy_base                  │ 0.123788      │
│ train/n_anchor_rollouts               │ 0             │
│ train/n_consistency_rollouts          │ 16            │
│ train/n_ref_parsed                    │ 62            │
│ train/n_training_parsed               │ 61            │
│ train/p_hat_1                         │ 0.098361      │
│ train/p_ref                           │ 0.032258      │
│ train/parse_rate                      │ 0.960938      │
│ train/rate_var                        │ 0.001092      │
│ train/reward_pert1_trait0_count       │ 14            │
│ train/reward_pert1_trait0_mean        │ 0.006502      │
│ train/reward_pert1_trait1_count       │ 2             │
│ train/reward_pert1_trait1_mean        │ -0.059601     │
│ train/train/clock_cycle:unique        │ 104818.000000 │
│ train/train/loss:sum                  │ 198.339851    │
│ train/train/ppo_clipped_fraction:mean │ 0.176864      │
│ train/train/ppo_kl_div:mean           │ 0.808617      │
│ train/train/ppo_mean_ratio:mean       │ 0.851303      │
└───────────────────────────────────────┴───────────────┘
tinker_cookbook.utils.ml_log:192 [INFO] Wrote metrics to logs/sweep-refresh-every/llama-rlct-re1/metrics.jsonl
tinker_cookbook.utils.ml_log:265 [INFO] 
               Step 87               
┏━━━━━━━━━━━━━━━━━━━━━━━━━━━┳━━━━━━━┓
┃ Metric                    ┃ Value ┃
┡━━━━━━━━━━━━━━━━━━━━━━━━━━━╇━━━━━━━┩
│ train/skipped_empty_batch │ 1     │
└───────────────────────────┴───────┘
tinker_cookbook.utils.ml_log:192 [INFO] Wrote metrics to logs/sweep-refresh-every/llama-rlct-re1/metrics.jsonl
tinker_cookbook.utils.ml_log:265 [INFO] 
               Step 88               
┏━━━━━━━━━━━━━━━━━━━━━━━━━━━┳━━━━━━━┓
┃ Metric                    ┃ Value ┃
┡━━━━━━━━━━━━━━━━━━━━━━━━━━━╇━━━━━━━┩
│ train/skipped_empty_batch │ 1     │
└───────────────────────────┴───────┘
tinker_cookbook.utils.ml_log:192 [INFO] Wrote metrics to logs/sweep-refresh-every/llama-rlct-re1/metrics.jsonl
tinker_cookbook.utils.ml_log:265 [INFO] 
               Step 89               
┏━━━━━━━━━━━━━━━━━━━━━━━━━━━┳━━━━━━━┓
┃ Metric                    ┃ Value ┃
┡━━━━━━━━━━━━━━━━━━━━━━━━━━━╇━━━━━━━┩
│ train/skipped_empty_batch │ 1     │
└───────────────────────────┴───────┘
tinker_cookbook.utils.ml_log:192 [INFO] Wrote metrics to logs/sweep-refresh-every/llama-rlct-re1/metrics.jsonl
tinker_cookbook.utils.ml_log:265 [INFO] 
                         Step 90                         
┏━━━━━━━━━━━━━━━━━━━━━━━━━━━━━━━━━━━━━━━┳━━━━━━━━━━━━━━━┓
┃ Metric                                ┃ Value         ┃
┡━━━━━━━━━━━━━━━━━━━━━━━━━━━━━━━━━━━━━━━╇━━━━━━━━━━━━━━━┩
│ optim/entropy                         │ 0.305690      │
│ optim/kl_sample_train_v1              │ 0.000556      │
│ optim/kl_sample_train_v2              │ 0.000394      │
│ train/advantage_abs_mean              │ 0.661438      │
│ train/anchor_reward_mean              │ 0.000000      │
│ train/anchor_reward_std               │ 0.000000      │
│ train/avg_response_length             │ 473.687500    │
│ train/consistency_gap_1               │ 0.037719      │
│ train/consistency_reward_mean         │ -0.001406     │
│ train/consistency_reward_std          │ 0.012474      │
│ train/epoch                           │ 0             │
│ train/kl_policy_base                  │ 0.070442      │
│ train/n_anchor_rollouts               │ 0             │
│ train/n_consistency_rollouts          │ 16            │
│ train/n_ref_parsed                    │ 60            │
│ train/n_training_parsed               │ 57            │
│ train/p_hat_1                         │ 0.087719      │
│ train/p_ref                           │ 0.050000      │
│ train/parse_rate                      │ 0.914062      │
│ train/rate_var                        │ 0.000356      │
│ train/reward_pert1_trait0_count       │ 14            │
│ train/reward_pert1_trait0_mean        │ 0.003309      │
│ train/reward_pert1_trait1_count       │ 2             │
│ train/reward_pert1_trait1_mean        │ -0.034411     │
│ train/train/clock_cycle:unique        │ 104827.000000 │
│ train/train/loss:sum                  │ 940.008148    │
│ train/train/ppo_clipped_fraction:mean │ 0.158432      │
│ train/train/ppo_kl_div:mean           │ 0.687923      │
│ train/train/ppo_mean_ratio:mean       │ 0.870001      │
└───────────────────────────────────────┴───────────────┘
tinker_cookbook.utils.ml_log:192 [INFO] Wrote metrics to logs/sweep-refresh-every/llama-rlct-re1/metrics.jsonl
tinker_cookbook.utils.ml_log:265 [INFO] 
                         Step 91                         
┏━━━━━━━━━━━━━━━━━━━━━━━━━━━━━━━━━━━━━━━┳━━━━━━━━━━━━━━━┓
┃ Metric                                ┃ Value         ┃
┡━━━━━━━━━━━━━━━━━━━━━━━━━━━━━━━━━━━━━━━╇━━━━━━━━━━━━━━━┩
│ optim/entropy                         │ 0.688373      │
│ optim/kl_sample_train_v1              │ 0.001429      │
│ optim/kl_sample_train_v2              │ 0.000644      │
│ train/advantage_abs_mean              │ 0.661438      │
│ train/anchor_reward_mean              │ 0.000000      │
│ train/anchor_reward_std               │ 0.000000      │
│ train/avg_response_length             │ 263.562500    │
│ train/consistency_gap_1               │ 0.102083      │
│ train/consistency_reward_mean         │ -0.015951     │
│ train/consistency_reward_std          │ 0.033761      │
│ train/epoch                           │ 0             │
│ train/kl_policy_base                  │ 0.157554      │
│ train/n_anchor_rollouts               │ 0             │
│ train/n_consistency_rollouts          │ 16            │
│ train/n_ref_parsed                    │ 60            │
│ train/n_training_parsed               │ 64            │
│ train/p_hat_1                         │ 0.718750      │
│ train/p_ref                           │ 0.616667      │
│ train/parse_rate                      │ 0.968750      │
│ train/rate_var                        │ 0.002605      │
│ train/reward_pert1_trait0_count       │ 2             │
│ train/reward_pert1_trait0_mean        │ 0.073372      │
│ train/reward_pert1_trait1_count       │ 14            │
│ train/reward_pert1_trait1_mean        │ -0.028711     │
│ train/train/clock_cycle:unique        │ 104830.000000 │
│ train/train/loss:sum                  │ -111.603462   │
│ train/train/ppo_clipped_fraction:mean │ 0.298420      │
│ train/train/ppo_kl_div:mean           │ 1.302945      │
│ train/train/ppo_mean_ratio:mean       │ 0.746044      │
└───────────────────────────────────────┴───────────────┘
tinker_cookbook.utils.ml_log:192 [INFO] Wrote metrics to logs/sweep-refresh-every/llama-rlct-re1/metrics.jsonl
tinker_cookbook.utils.ml_log:265 [INFO] 
               Step 92               
┏━━━━━━━━━━━━━━━━━━━━━━━━━━━┳━━━━━━━┓
┃ Metric                    ┃ Value ┃
┡━━━━━━━━━━━━━━━━━━━━━━━━━━━╇━━━━━━━┩
│ train/skipped_empty_batch │ 1     │
└───────────────────────────┴───────┘
tinker_cookbook.utils.ml_log:192 [INFO] Wrote metrics to logs/sweep-refresh-every/llama-rlct-re1/metrics.jsonl
tinker_cookbook.utils.ml_log:265 [INFO] 
                         Step 93                         
┏━━━━━━━━━━━━━━━━━━━━━━━━━━━━━━━━━━━━━━━┳━━━━━━━━━━━━━━━┓
┃ Metric                                ┃ Value         ┃
┡━━━━━━━━━━━━━━━━━━━━━━━━━━━━━━━━━━━━━━━╇━━━━━━━━━━━━━━━┩
│ optim/entropy                         │ 1.920038      │
│ optim/kl_sample_train_v1              │ 0.000774      │
│ optim/kl_sample_train_v2              │ 0.001615      │
│ train/advantage_abs_mean              │ 0.661438      │
│ train/anchor_reward_mean              │ 0.000000      │
│ train/anchor_reward_std               │ 0.000000      │
│ train/avg_response_length             │ 372.812500    │
│ train/consistency_gap_1               │ 0.037710      │
│ train/consistency_reward_mean         │ -0.001920     │
│ train/consistency_reward_std          │ 0.012472      │
│ train/epoch                           │ 0             │
│ train/kl_policy_base                  │ 0.129344      │
│ train/n_anchor_rollouts               │ 0             │
│ train/n_consistency_rollouts          │ 16            │
│ train/n_ref_parsed                    │ 55            │
│ train/n_training_parsed               │ 54            │
│ train/p_hat_1                         │ 0.074074      │
│ train/p_ref                           │ 0.036364      │
│ train/parse_rate                      │ 0.851562      │
│ train/rate_var                        │ 0.000356      │
│ train/reward_pert1_trait0_count       │ 14            │
│ train/reward_pert1_trait0_mean        │ 0.002793      │
│ train/reward_pert1_trait1_count       │ 2             │
│ train/reward_pert1_trait1_mean        │ -0.034917     │
│ train/train/clock_cycle:unique        │ 104839.000000 │
│ train/train/loss:sum                  │ -865.367546   │
│ train/train/ppo_clipped_fraction:mean │ 0.529826      │
│ train/train/ppo_kl_div:mean           │ 1.843251      │
│ train/train/ppo_mean_ratio:mean       │ 0.570444      │
└───────────────────────────────────────┴───────────────┘
tinker_cookbook.utils.ml_log:192 [INFO] Wrote metrics to logs/sweep-refresh-every/llama-rlct-re1/metrics.jsonl
tinker_cookbook.utils.ml_log:265 [INFO] 
               Step 94               
┏━━━━━━━━━━━━━━━━━━━━━━━━━━━┳━━━━━━━┓
┃ Metric                    ┃ Value ┃
┡━━━━━━━━━━━━━━━━━━━━━━━━━━━╇━━━━━━━┩
│ train/skipped_empty_batch │ 1     │
└───────────────────────────┴───────┘
tinker_cookbook.utils.ml_log:192 [INFO] Wrote metrics to logs/sweep-refresh-every/llama-rlct-re1/metrics.jsonl
tinker_cookbook.utils.ml_log:265 [INFO] 
                         Step 95                         
┏━━━━━━━━━━━━━━━━━━━━━━━━━━━━━━━━━━━━━━━┳━━━━━━━━━━━━━━━┓
┃ Metric                                ┃ Value         ┃
┡━━━━━━━━━━━━━━━━━━━━━━━━━━━━━━━━━━━━━━━╇━━━━━━━━━━━━━━━┩
│ optim/entropy                         │ 0.434246      │
│ optim/kl_sample_train_v1              │ 0.000395      │
│ optim/kl_sample_train_v2              │ 0.000402      │
│ train/advantage_abs_mean              │ 0.484123      │
│ train/anchor_reward_mean              │ 0.000000      │
│ train/anchor_reward_std               │ 0.000000      │
│ train/avg_response_length             │ 395.625000    │
│ train/consistency_gap_1               │ -0.102542     │
│ train/consistency_reward_mean         │ 0.001282      │
│ train/consistency_reward_std          │ 0.024822      │
│ train/epoch                           │ 0             │
│ train/kl_policy_base                  │ 0.069196      │
│ train/n_anchor_rollouts               │ 0             │
│ train/n_consistency_rollouts          │ 16            │
│ train/n_ref_parsed                    │ 59            │
│ train/n_training_parsed               │ 60            │
│ train/p_hat_1                         │ 0.050000      │
│ train/p_ref                           │ 0.152542      │
│ train/parse_rate                      │ 0.929688      │
│ train/rate_var                        │ 0.002629      │
│ train/reward_pert1_trait0_count       │ 15            │
│ train/reward_pert1_trait0_mean        │ -0.005127     │
│ train/reward_pert1_trait1_count       │ 1             │
│ train/reward_pert1_trait1_mean        │ 0.097415      │
│ train/train/clock_cycle:unique        │ 104845.000000 │
│ train/train/loss:sum                  │ -333.278122   │
│ train/train/ppo_clipped_fraction:mean │ 0.155647      │
│ train/train/ppo_kl_div:mean           │ 0.709099      │
│ train/train/ppo_mean_ratio:mean       │ 0.867615      │
└───────────────────────────────────────┴───────────────┘
tinker_cookbook.utils.ml_log:192 [INFO] Wrote metrics to logs/sweep-refresh-every/llama-rlct-re1/metrics.jsonl
tinker_cookbook.utils.ml_log:265 [INFO] 
               Step 96               
┏━━━━━━━━━━━━━━━━━━━━━━━━━━━┳━━━━━━━┓
┃ Metric                    ┃ Value ┃
┡━━━━━━━━━━━━━━━━━━━━━━━━━━━╇━━━━━━━┩
│ train/skipped_empty_batch │ 1     │
└───────────────────────────┴───────┘
tinker_cookbook.utils.ml_log:192 [INFO] Wrote metrics to logs/sweep-refresh-every/llama-rlct-re1/metrics.jsonl
tinker_cookbook.utils.ml_log:265 [INFO] 
               Step 97               
┏━━━━━━━━━━━━━━━━━━━━━━━━━━━┳━━━━━━━┓
┃ Metric                    ┃ Value ┃
┡━━━━━━━━━━━━━━━━━━━━━━━━━━━╇━━━━━━━┩
│ train/skipped_empty_batch │ 1     │
└───────────────────────────┴───────┘
tinker_cookbook.utils.ml_log:192 [INFO] Wrote metrics to logs/sweep-refresh-every/llama-rlct-re1/metrics.jsonl
tinker_cookbook.utils.ml_log:265 [INFO] 
                         Step 98                         
┏━━━━━━━━━━━━━━━━━━━━━━━━━━━━━━━━━━━━━━━┳━━━━━━━━━━━━━━━┓
┃ Metric                                ┃ Value         ┃
┡━━━━━━━━━━━━━━━━━━━━━━━━━━━━━━━━━━━━━━━╇━━━━━━━━━━━━━━━┩
│ optim/entropy                         │ 0.965182      │
│ optim/kl_sample_train_v1              │ 0.000985      │
│ optim/kl_sample_train_v2              │ 0.000640      │
│ train/advantage_abs_mean              │ 0.780625      │
│ train/anchor_reward_mean              │ 0.000000      │
│ train/anchor_reward_std               │ 0.000000      │
│ train/avg_response_length             │ 432.687500    │
│ train/consistency_gap_1               │ 0.020085      │
│ train/consistency_reward_mean         │ -0.001027     │
│ train/consistency_reward_std          │ 0.007839      │
│ train/epoch                           │ 0             │
│ train/kl_policy_base                  │ 0.126130      │
│ train/n_anchor_rollouts               │ 0             │
│ train/n_consistency_rollouts          │ 16            │
│ train/n_ref_parsed                    │ 43            │
│ train/n_training_parsed               │ 44            │
│ train/p_hat_1                         │ 0.136364      │
│ train/p_ref                           │ 0.116279      │
│ train/parse_rate                      │ 0.679688      │
│ train/rate_var                        │ 0.000101      │
│ train/reward_pert1_trait0_count       │ 13            │
│ train/reward_pert1_trait0_mean        │ 0.002739      │
│ train/reward_pert1_trait1_count       │ 3             │
│ train/reward_pert1_trait1_mean        │ -0.017346     │
│ train/train/clock_cycle:unique        │ 104850.000000 │
│ train/train/loss:sum                  │ -171.556747   │
│ train/train/ppo_clipped_fraction:mean │ 0.340577      │
│ train/train/ppo_kl_div:mean           │ 1.058895      │
│ train/train/ppo_mean_ratio:mean       │ 0.726074      │
└───────────────────────────────────────┴───────────────┘
tinker_cookbook.utils.ml_log:192 [INFO] Wrote metrics to logs/sweep-refresh-every/llama-rlct-re1/metrics.jsonl
tinker_cookbook.utils.ml_log:265 [INFO] 
                         Step 99                         
┏━━━━━━━━━━━━━━━━━━━━━━━━━━━━━━━━━━━━━━━┳━━━━━━━━━━━━━━━┓
┃ Metric                                ┃ Value         ┃
┡━━━━━━━━━━━━━━━━━━━━━━━━━━━━━━━━━━━━━━━╇━━━━━━━━━━━━━━━┩
│ optim/entropy                         │ 1.108135      │
│ optim/kl_sample_train_v1              │ 0.001184      │
│ optim/kl_sample_train_v2              │ 0.000559      │
│ train/advantage_abs_mean              │ 0.968246      │
│ train/anchor_reward_mean              │ 0.000000      │
│ train/anchor_reward_std               │ 0.000000      │
│ train/avg_response_length             │ 315.625000    │
│ train/consistency_gap_1               │ -0.092727     │
│ train/consistency_reward_mean         │ 0.018082      │
│ train/consistency_reward_std          │ 0.044891      │
│ train/epoch                           │ 0             │
│ train/kl_policy_base                  │ 0.155450      │
│ train/n_anchor_rollouts               │ 0             │
│ train/n_consistency_rollouts          │ 16            │
│ train/n_ref_parsed                    │ 44            │
│ train/n_training_parsed               │ 50            │
│ train/p_hat_1                         │ 0.180000      │
│ train/p_ref                           │ 0.272727      │
│ train/parse_rate                      │ 0.734375      │
│ train/rate_var                        │ 0.002150      │
│ train/reward_pert1_trait0_count       │ 10            │
│ train/reward_pert1_trait0_mean        │ -0.016691     │
│ train/reward_pert1_trait1_count       │ 6             │
│ train/reward_pert1_trait1_mean        │ 0.076036      │
│ train/train/clock_cycle:unique        │ 104854.000000 │
│ train/train/loss:sum                  │ -359.684769   │
│ train/train/ppo_clipped_fraction:mean │ 0.266527      │
│ train/train/ppo_kl_div:mean           │ 1.226121      │
│ train/train/ppo_mean_ratio:mean       │ 0.765292      │
└───────────────────────────────────────┴───────────────┘
tinker_cookbook.utils.ml_log:192 [INFO] Wrote metrics to logs/sweep-refresh-every/llama-rlct-re1/metrics.jsonl
tinker_cookbook.utils.ml_log:265 [INFO] 
                        Step 100                         
┏━━━━━━━━━━━━━━━━━━━━━━━━━━━━━━━━━━━━━━━┳━━━━━━━━━━━━━━━┓
┃ Metric                                ┃ Value         ┃
┡━━━━━━━━━━━━━━━━━━━━━━━━━━━━━━━━━━━━━━━╇━━━━━━━━━━━━━━━┩
│ optim/entropy                         │ 0.510088      │
│ optim/kl_sample_train_v1              │ 0.000392      │
│ optim/kl_sample_train_v2              │ 0.000412      │
│ train/advantage_abs_mean              │ 0.484123      │
│ train/anchor_reward_mean              │ 0.000000      │
│ train/anchor_reward_std               │ 0.000000      │
│ train/avg_response_length             │ 205.437500    │
│ train/consistency_gap_1               │ 0.032514      │
│ train/consistency_reward_mean         │ 0.001490      │
│ train/consistency_reward_std          │ 0.007870      │
│ train/epoch                           │ 0             │
│ train/kl_policy_base                  │ 0.165107      │
│ train/n_anchor_rollouts               │ 0             │
│ train/n_consistency_rollouts          │ 16            │
│ train/n_ref_parsed                    │ 61            │
│ train/n_training_parsed               │ 60            │
│ train/p_hat_1                         │ 0.983333      │
│ train/p_ref                           │ 0.950820      │
│ train/parse_rate                      │ 0.945312      │
│ train/rate_var                        │ 0.000264      │
│ train/reward_pert1_trait0_count       │ 1             │
│ train/reward_pert1_trait0_mean        │ 0.031972      │
│ train/reward_pert1_trait1_count       │ 15            │
│ train/reward_pert1_trait1_mean        │ -0.000542     │
│ train/train/clock_cycle:unique        │ 104857.000000 │
│ train/train/loss:sum                  │ 57.449558     │
│ train/train/ppo_clipped_fraction:mean │ 0.223763      │
│ train/train/ppo_kl_div:mean           │ 1.172220      │
│ train/train/ppo_mean_ratio:mean       │ 0.809366      │
└───────────────────────────────────────┴───────────────┘
tinker_cookbook.utils.ml_log:192 [INFO] Wrote metrics to logs/sweep-refresh-every/llama-rlct-re1/metrics.jsonl
tinker_cookbook.utils.ml_log:265 [INFO] 
                        Step 101                         
┏━━━━━━━━━━━━━━━━━━━━━━━━━━━━━━━━━━━━━━━┳━━━━━━━━━━━━━━━┓
┃ Metric                                ┃ Value         ┃
┡━━━━━━━━━━━━━━━━━━━━━━━━━━━━━━━━━━━━━━━╇━━━━━━━━━━━━━━━┩
│ optim/entropy                         │ 1.433635      │
│ optim/kl_sample_train_v1              │ 0.001387      │
│ optim/kl_sample_train_v2              │ 0.000699      │
│ train/advantage_abs_mean              │ 0.927025      │
│ train/anchor_reward_mean              │ 0.000000      │
│ train/anchor_reward_std               │ 0.000000      │
│ train/avg_response_length             │ 271.500000    │
│ train/consistency_gap_1               │ -0.085909     │
│ train/consistency_reward_mean         │ -0.022505     │
│ train/consistency_reward_std          │ 0.039820      │
│ train/epoch                           │ 0             │
│ train/kl_policy_base                  │ 0.220270      │
│ train/n_anchor_rollouts               │ 0             │
│ train/n_consistency_rollouts          │ 16            │
│ train/n_ref_parsed                    │ 53            │
│ train/n_training_parsed               │ 47            │
│ train/p_hat_1                         │ 0.574468      │
│ train/p_ref                           │ 0.660377      │
│ train/parse_rate                      │ 0.781250      │
│ train/rate_var                        │ 0.001845      │
│ train/reward_pert1_trait0_count       │ 11            │
│ train/reward_pert1_trait0_mean        │ -0.049352     │
│ train/reward_pert1_trait1_count       │ 5             │
│ train/reward_pert1_trait1_mean        │ 0.036557      │
│ train/train/clock_cycle:unique        │ 104860.000000 │
│ train/train/loss:sum                  │ 388.325470    │
│ train/train/ppo_clipped_fraction:mean │ 0.192164      │
│ train/train/ppo_kl_div:mean           │ 0.983334      │
│ train/train/ppo_mean_ratio:mean       │ 0.829813      │
└───────────────────────────────────────┴───────────────┘
tinker_cookbook.utils.ml_log:192 [INFO] Wrote metrics to logs/sweep-refresh-every/llama-rlct-re1/metrics.jsonl
tinker_cookbook.utils.ml_log:265 [INFO] 
              Step 102               
┏━━━━━━━━━━━━━━━━━━━━━━━━━━━┳━━━━━━━┓
┃ Metric                    ┃ Value ┃
┡━━━━━━━━━━━━━━━━━━━━━━━━━━━╇━━━━━━━┩
│ train/skipped_empty_batch │ 1     │
└───────────────────────────┴───────┘
tinker_cookbook.utils.ml_log:192 [INFO] Wrote metrics to logs/sweep-refresh-every/llama-rlct-re1/metrics.jsonl
tinker_cookbook.utils.ml_log:265 [INFO] 
              Step 103               
┏━━━━━━━━━━━━━━━━━━━━━━━━━━━┳━━━━━━━┓
┃ Metric                    ┃ Value ┃
┡━━━━━━━━━━━━━━━━━━━━━━━━━━━╇━━━━━━━┩
│ train/skipped_empty_batch │ 1     │
└───────────────────────────┴───────┘
tinker_cookbook.utils.ml_log:192 [INFO] Wrote metrics to logs/sweep-refresh-every/llama-rlct-re1/metrics.jsonl
tinker_cookbook.utils.ml_log:265 [INFO] 
                        Step 104                         
┏━━━━━━━━━━━━━━━━━━━━━━━━━━━━━━━━━━━━━━━┳━━━━━━━━━━━━━━━┓
┃ Metric                                ┃ Value         ┃
┡━━━━━━━━━━━━━━━━━━━━━━━━━━━━━━━━━━━━━━━╇━━━━━━━━━━━━━━━┩
│ optim/entropy                         │ 1.959250      │
│ optim/kl_sample_train_v1              │ 0.001335      │
│ optim/kl_sample_train_v2              │ 0.000670      │
│ train/advantage_abs_mean              │ 0.484123      │
│ train/anchor_reward_mean              │ 0.000000      │
│ train/anchor_reward_std               │ 0.000000      │
│ train/avg_response_length             │ 938.750000    │
│ train/consistency_gap_1               │ 0.061208      │
│ train/consistency_reward_mean         │ 0.002171      │
│ train/consistency_reward_std          │ 0.014816      │
│ train/epoch                           │ 0             │
│ train/kl_policy_base                  │ 0.058923      │
│ train/n_anchor_rollouts               │ 0             │
│ train/n_consistency_rollouts          │ 16            │
│ train/n_ref_parsed                    │ 34            │
│ train/n_training_parsed               │ 37            │
│ train/p_hat_1                         │ 0.972973      │
│ train/p_ref                           │ 0.911765      │
│ train/parse_rate                      │ 0.554688      │
│ train/rate_var                        │ 0.000937      │
│ train/reward_pert1_trait0_count       │ 1             │
│ train/reward_pert1_trait0_mean        │ 0.059554      │
│ train/reward_pert1_trait1_count       │ 15            │
│ train/reward_pert1_trait1_mean        │ -0.001654     │
│ train/train/clock_cycle:unique        │ 104869.000000 │
│ train/train/loss:sum                  │ -101.678650   │
│ train/train/ppo_clipped_fraction:mean │ 0.122942      │
│ train/train/ppo_kl_div:mean           │ 0.473830      │
│ train/train/ppo_mean_ratio:mean       │ 0.898074      │
└───────────────────────────────────────┴───────────────┘
tinker_cookbook.utils.ml_log:192 [INFO] Wrote metrics to logs/sweep-refresh-every/llama-rlct-re1/metrics.jsonl
tinker_cookbook.utils.ml_log:265 [INFO] 
                        Step 105                         
┏━━━━━━━━━━━━━━━━━━━━━━━━━━━━━━━━━━━━━━━┳━━━━━━━━━━━━━━━┓
┃ Metric                                ┃ Value         ┃
┡━━━━━━━━━━━━━━━━━━━━━━━━━━━━━━━━━━━━━━━╇━━━━━━━━━━━━━━━┩
│ optim/entropy                         │ 1.943224      │
│ optim/kl_sample_train_v1              │ 0.000313      │
│ optim/kl_sample_train_v2              │ 0.000599      │
│ train/advantage_abs_mean              │ 0.484123      │
│ train/anchor_reward_mean              │ 0.000000      │
│ train/anchor_reward_std               │ 0.000000      │
│ train/avg_response_length             │ 391.250000    │
│ train/consistency_gap_1               │ 0.000947      │
│ train/consistency_reward_mean         │ 0.000030      │
│ train/consistency_reward_std          │ 0.000229      │
│ train/epoch                           │ 0             │
│ train/kl_policy_base                  │ 0.128225      │
│ train/n_anchor_rollouts               │ 0             │
│ train/n_consistency_rollouts          │ 16            │
│ train/n_ref_parsed                    │ 32            │
│ train/n_training_parsed               │ 33            │
│ train/p_hat_1                         │ 0.969697      │
│ train/p_ref                           │ 0.968750      │
│ train/parse_rate                      │ 0.507812      │
│ train/rate_var                        │ 0.000000      │
│ train/reward_pert1_trait0_count       │ 1             │
│ train/reward_pert1_trait0_mean        │ 0.000918      │
│ train/reward_pert1_trait1_count       │ 15            │
│ train/reward_pert1_trait1_mean        │ -0.000029     │
│ train/train/clock_cycle:unique        │ 104872.000000 │
│ train/train/loss:sum                  │ -7.727600     │
│ train/train/ppo_clipped_fraction:mean │ 0.183547      │
│ train/train/ppo_kl_div:mean           │ 0.722063      │
│ train/train/ppo_mean_ratio:mean       │ 0.849451      │
└───────────────────────────────────────┴───────────────┘
tinker_cookbook.utils.ml_log:192 [INFO] Wrote metrics to logs/sweep-refresh-every/llama-rlct-re1/metrics.jsonl
tinker_cookbook.utils.ml_log:265 [INFO] 
              Step 106               
┏━━━━━━━━━━━━━━━━━━━━━━━━━━━┳━━━━━━━┓
┃ Metric                    ┃ Value ┃
┡━━━━━━━━━━━━━━━━━━━━━━━━━━━╇━━━━━━━┩
│ train/skipped_empty_batch │ 1     │
└───────────────────────────┴───────┘
tinker_cookbook.utils.ml_log:192 [INFO] Wrote metrics to logs/sweep-refresh-every/llama-rlct-re1/metrics.jsonl
tinker_cookbook.utils.ml_log:265 [INFO] 
              Step 107               
┏━━━━━━━━━━━━━━━━━━━━━━━━━━━┳━━━━━━━┓
┃ Metric                    ┃ Value ┃
┡━━━━━━━━━━━━━━━━━━━━━━━━━━━╇━━━━━━━┩
│ train/skipped_empty_batch │ 1     │
└───────────────────────────┴───────┘
tinker_cookbook.utils.ml_log:192 [INFO] Wrote metrics to logs/sweep-refresh-every/llama-rlct-re1/metrics.jsonl
tinker_cookbook.utils.ml_log:265 [INFO] 
              Step 108               
┏━━━━━━━━━━━━━━━━━━━━━━━━━━━┳━━━━━━━┓
┃ Metric                    ┃ Value ┃
┡━━━━━━━━━━━━━━━━━━━━━━━━━━━╇━━━━━━━┩
│ train/skipped_empty_batch │ 1     │
└───────────────────────────┴───────┘
tinker_cookbook.utils.ml_log:192 [INFO] Wrote metrics to logs/sweep-refresh-every/llama-rlct-re1/metrics.jsonl
tinker_cookbook.utils.ml_log:265 [INFO] 
              Step 109               
┏━━━━━━━━━━━━━━━━━━━━━━━━━━━┳━━━━━━━┓
┃ Metric                    ┃ Value ┃
┡━━━━━━━━━━━━━━━━━━━━━━━━━━━╇━━━━━━━┩
│ train/skipped_empty_batch │ 1     │
└───────────────────────────┴───────┘
tinker_cookbook.utils.ml_log:192 [INFO] Wrote metrics to logs/sweep-refresh-every/llama-rlct-re1/metrics.jsonl
tinker_cookbook.utils.ml_log:265 [INFO] 
                        Step 110                         
┏━━━━━━━━━━━━━━━━━━━━━━━━━━━━━━━━━━━━━━━┳━━━━━━━━━━━━━━━┓
┃ Metric                                ┃ Value         ┃
┡━━━━━━━━━━━━━━━━━━━━━━━━━━━━━━━━━━━━━━━╇━━━━━━━━━━━━━━━┩
│ optim/entropy                         │ 2.183063      │
│ optim/kl_sample_train_v1              │ 0.000735      │
│ optim/kl_sample_train_v2              │ 0.000736      │
│ train/advantage_abs_mean              │ 0.661438      │
│ train/anchor_reward_mean              │ 0.000000      │
│ train/anchor_reward_std               │ 0.000000      │
│ train/avg_response_length             │ 417.750000    │
│ train/consistency_gap_1               │ -0.018919     │
│ train/consistency_reward_mean         │ 0.000831      │
│ train/consistency_reward_std          │ 0.006257      │
│ train/epoch                           │ 0             │
│ train/kl_policy_base                  │ 0.117470      │
│ train/n_anchor_rollouts               │ 0             │
│ train/n_consistency_rollouts          │ 16            │
│ train/n_ref_parsed                    │ 40            │
│ train/n_training_parsed               │ 37            │
│ train/p_hat_1                         │ 0.081081      │
│ train/p_ref                           │ 0.100000      │
│ train/parse_rate                      │ 0.601562      │
│ train/rate_var                        │ 0.000089      │
│ train/reward_pert1_trait0_count       │ 14            │
│ train/reward_pert1_trait0_mean        │ -0.001534     │
│ train/reward_pert1_trait1_count       │ 2             │
│ train/reward_pert1_trait1_mean        │ 0.017385      │
│ train/train/clock_cycle:unique        │ 104881.000000 │
│ train/train/loss:sum                  │ 41.064606     │
│ train/train/ppo_clipped_fraction:mean │ 0.176974      │
│ train/train/ppo_kl_div:mean           │ 0.749129      │
│ train/train/ppo_mean_ratio:mean       │ 0.851731      │
└───────────────────────────────────────┴───────────────┘
tinker_cookbook.utils.ml_log:192 [INFO] Wrote metrics to logs/sweep-refresh-every/llama-rlct-re1/metrics.jsonl
tinker_cookbook.utils.ml_log:265 [INFO] 
                        Step 111                         
┏━━━━━━━━━━━━━━━━━━━━━━━━━━━━━━━━━━━━━━━┳━━━━━━━━━━━━━━━┓
┃ Metric                                ┃ Value         ┃
┡━━━━━━━━━━━━━━━━━━━━━━━━━━━━━━━━━━━━━━━╇━━━━━━━━━━━━━━━┩
│ optim/entropy                         │ 1.396040      │
│ optim/kl_sample_train_v1              │ 0.000980      │
│ optim/kl_sample_train_v2              │ 0.000679      │
│ train/advantage_abs_mean              │ 0.968246      │
│ train/anchor_reward_mean              │ 0.000000      │
│ train/anchor_reward_std               │ 0.000000      │
│ train/avg_response_length             │ 320.750000    │
│ train/consistency_gap_1               │ 0.090598      │
│ train/consistency_reward_mean         │ -0.004278     │
│ train/consistency_reward_std          │ 0.043861      │
│ train/epoch                           │ 0             │
│ train/kl_policy_base                  │ 0.163234      │
│ train/n_anchor_rollouts               │ 0             │
│ train/n_consistency_rollouts          │ 16            │
│ train/n_ref_parsed                    │ 39            │
│ train/n_training_parsed               │ 45            │
│ train/p_hat_1                         │ 0.577778      │
│ train/p_ref                           │ 0.487179      │
│ train/parse_rate                      │ 0.656250      │
│ train/rate_var                        │ 0.002052      │
│ train/reward_pert1_trait0_count       │ 6             │
│ train/reward_pert1_trait0_mean        │ 0.052346      │
│ train/reward_pert1_trait1_count       │ 10            │
│ train/reward_pert1_trait1_mean        │ -0.038253     │
│ train/train/clock_cycle:unique        │ 104887.000000 │
│ train/train/loss:sum                  │ 699.817993    │
│ train/train/ppo_clipped_fraction:mean │ 0.190817      │
│ train/train/ppo_kl_div:mean           │ 0.897221      │
│ train/train/ppo_mean_ratio:mean       │ 0.835149      │
└───────────────────────────────────────┴───────────────┘
tinker_cookbook.utils.ml_log:192 [INFO] Wrote metrics to logs/sweep-refresh-every/llama-rlct-re1/metrics.jsonl
tinker_cookbook.utils.ml_log:265 [INFO] 
                        Step 112                         
┏━━━━━━━━━━━━━━━━━━━━━━━━━━━━━━━━━━━━━━━┳━━━━━━━━━━━━━━━┓
┃ Metric                                ┃ Value         ┃
┡━━━━━━━━━━━━━━━━━━━━━━━━━━━━━━━━━━━━━━━╇━━━━━━━━━━━━━━━┩
│ optim/entropy                         │ 0.837087      │
│ optim/kl_sample_train_v1              │ 0.000172      │
│ optim/kl_sample_train_v2              │ 0.000492      │
│ train/advantage_abs_mean              │ 0.484123      │
│ train/anchor_reward_mean              │ 0.000000      │
│ train/anchor_reward_std               │ 0.000000      │
│ train/avg_response_length             │ 393.687500    │
│ train/consistency_gap_1               │ -0.020773     │
│ train/consistency_reward_mean         │ 0.000375      │
│ train/consistency_reward_std          │ 0.005028      │
│ train/epoch                           │ 0             │
│ train/kl_policy_base                  │ 0.124705      │
│ train/n_anchor_rollouts               │ 0             │
│ train/n_consistency_rollouts          │ 16            │
│ train/n_ref_parsed                    │ 46            │
│ train/n_training_parsed               │ 45            │
│ train/p_hat_1                         │ 0.044444      │
│ train/p_ref                           │ 0.065217      │
│ train/parse_rate                      │ 0.710938      │
│ train/rate_var                        │ 0.000108      │
│ train/reward_pert1_trait0_count       │ 15            │
│ train/reward_pert1_trait0_mean        │ -0.000923     │
│ train/reward_pert1_trait1_count       │ 1             │
│ train/reward_pert1_trait1_mean        │ 0.019850      │
│ train/train/clock_cycle:unique        │ 104893.000000 │
│ train/train/loss:sum                  │ -289.134338   │
│ train/train/ppo_clipped_fraction:mean │ 0.172142      │
│ train/train/ppo_kl_div:mean           │ 0.645051      │
│ train/train/ppo_mean_ratio:mean       │ 0.854878      │
└───────────────────────────────────────┴───────────────┘
tinker_cookbook.utils.ml_log:192 [INFO] Wrote metrics to logs/sweep-refresh-every/llama-rlct-re1/metrics.jsonl
tinker_cookbook.utils.ml_log:265 [INFO] 
              Step 113               
┏━━━━━━━━━━━━━━━━━━━━━━━━━━━┳━━━━━━━┓
┃ Metric                    ┃ Value ┃
┡━━━━━━━━━━━━━━━━━━━━━━━━━━━╇━━━━━━━┩
│ train/skipped_empty_batch │ 1     │
└───────────────────────────┴───────┘
tinker_cookbook.utils.ml_log:192 [INFO] Wrote metrics to logs/sweep-refresh-every/llama-rlct-re1/metrics.jsonl
tinker_cookbook.utils.ml_log:265 [INFO] 
                        Step 114                         
┏━━━━━━━━━━━━━━━━━━━━━━━━━━━━━━━━━━━━━━━┳━━━━━━━━━━━━━━━┓
┃ Metric                                ┃ Value         ┃
┡━━━━━━━━━━━━━━━━━━━━━━━━━━━━━━━━━━━━━━━╇━━━━━━━━━━━━━━━┩
│ optim/entropy                         │ 5.373973      │
│ optim/kl_sample_train_v1              │ 0.001102      │
│ optim/kl_sample_train_v2              │ 0.000711      │
│ train/advantage_abs_mean              │ 0.661438      │
│ train/anchor_reward_mean              │ 0.000000      │
│ train/anchor_reward_std               │ 0.000000      │
│ train/avg_response_length             │ 1036.062500   │
│ train/consistency_gap_1               │ -0.083333     │
│ train/consistency_reward_mean         │ -0.001157     │
│ train/consistency_reward_std          │ 0.027560      │
│ train/epoch                           │ 0             │
│ train/kl_policy_base                  │ 0.098178      │
│ train/n_anchor_rollouts               │ 0             │
│ train/n_consistency_rollouts          │ 16            │
│ train/n_ref_parsed                    │ 36            │
│ train/n_training_parsed               │ 36            │
│ train/p_hat_1                         │ 0.138889      │
│ train/p_ref                           │ 0.222222      │
│ train/parse_rate                      │ 0.562500      │
│ train/rate_var                        │ 0.001736      │
│ train/reward_pert1_trait0_count       │ 14            │
│ train/reward_pert1_trait0_mean        │ -0.011574     │
│ train/reward_pert1_trait1_count       │ 2             │
│ train/reward_pert1_trait1_mean        │ 0.071759      │
│ train/train/clock_cycle:unique        │ 104899.000000 │
│ train/train/loss:sum                  │ -624.179337   │
│ train/train/ppo_clipped_fraction:mean │ 0.212413      │
│ train/train/ppo_kl_div:mean           │ 0.684324      │
│ train/train/ppo_mean_ratio:mean       │ 0.828326      │
└───────────────────────────────────────┴───────────────┘
tinker_cookbook.utils.ml_log:192 [INFO] Wrote metrics to logs/sweep-refresh-every/llama-rlct-re1/metrics.jsonl
tinker_cookbook.utils.ml_log:265 [INFO] 
                        Step 115                         
┏━━━━━━━━━━━━━━━━━━━━━━━━━━━━━━━━━━━━━━━┳━━━━━━━━━━━━━━━┓
┃ Metric                                ┃ Value         ┃
┡━━━━━━━━━━━━━━━━━━━━━━━━━━━━━━━━━━━━━━━╇━━━━━━━━━━━━━━━┩
│ optim/entropy                         │ 3.603394      │
│ optim/kl_sample_train_v1              │ 0.000459      │
│ optim/kl_sample_train_v2              │ 0.000529      │
│ train/advantage_abs_mean              │ 0.866025      │
│ train/anchor_reward_mean              │ 0.000000      │
│ train/anchor_reward_std               │ 0.000000      │
│ train/avg_response_length             │ 445.750000    │
│ train/consistency_gap_1               │ -0.076605     │
│ train/consistency_reward_mean         │ -0.004163     │
│ train/consistency_reward_std          │ 0.033171      │
│ train/epoch                           │ 0             │
│ train/kl_policy_base                  │ 0.143024      │
│ train/n_anchor_rollouts               │ 0             │
│ train/n_consistency_rollouts          │ 16            │
│ train/n_ref_parsed                    │ 42            │
│ train/n_training_parsed               │ 46            │
│ train/p_hat_1                         │ 0.304348      │
│ train/p_ref                           │ 0.380952      │
│ train/parse_rate                      │ 0.687500      │
│ train/rate_var                        │ 0.001467      │
│ train/reward_pert1_trait0_count       │ 12            │
│ train/reward_pert1_trait0_mean        │ -0.023314     │
│ train/reward_pert1_trait1_count       │ 4             │
│ train/reward_pert1_trait1_mean        │ 0.053290      │
│ train/train/clock_cycle:unique        │ 104905.000000 │
│ train/train/loss:sum                  │ 920.553757    │
│ train/train/ppo_clipped_fraction:mean │ 0.174935      │
│ train/train/ppo_kl_div:mean           │ 0.727809      │
│ train/train/ppo_mean_ratio:mean       │ 0.855601      │
└───────────────────────────────────────┴───────────────┘
tinker_cookbook.utils.ml_log:192 [INFO] Wrote metrics to logs/sweep-refresh-every/llama-rlct-re1/metrics.jsonl
tinker_cookbook.utils.ml_log:265 [INFO] 
                        Step 116                         
┏━━━━━━━━━━━━━━━━━━━━━━━━━━━━━━━━━━━━━━━┳━━━━━━━━━━━━━━━┓
┃ Metric                                ┃ Value         ┃
┡━━━━━━━━━━━━━━━━━━━━━━━━━━━━━━━━━━━━━━━╇━━━━━━━━━━━━━━━┩
│ optim/entropy                         │ 6.657947      │
│ optim/kl_sample_train_v1              │ 0.001060      │
│ optim/kl_sample_train_v2              │ 0.000557      │
│ train/advantage_abs_mean              │ 0.484123      │
│ train/anchor_reward_mean              │ 0.000000      │
│ train/anchor_reward_std               │ 0.000000      │
│ train/avg_response_length             │ 1528.875000   │
│ train/consistency_gap_1               │ -0.038341     │
│ train/consistency_reward_mean         │ -0.000279     │
│ train/consistency_reward_std          │ 0.009281      │
│ train/epoch                           │ 0             │
│ train/kl_policy_base                  │ 0.054057      │
│ train/n_anchor_rollouts               │ 0             │
│ train/n_consistency_rollouts          │ 16            │
│ train/n_ref_parsed                    │ 37            │
│ train/n_training_parsed               │ 43            │
│ train/p_hat_1                         │ 0.069767      │
│ train/p_ref                           │ 0.108108      │
│ train/parse_rate                      │ 0.625000      │
│ train/rate_var                        │ 0.000368      │
│ train/reward_pert1_trait0_count       │ 15            │
│ train/reward_pert1_trait0_mean        │ -0.002675     │
│ train/reward_pert1_trait1_count       │ 1             │
│ train/reward_pert1_trait1_mean        │ 0.035666      │
│ train/train/clock_cycle:unique        │ 104918.000000 │
│ train/train/loss:sum                  │ 1933.542389   │
│ train/train/ppo_clipped_fraction:mean │ 0.066204      │
│ train/train/ppo_kl_div:mean           │ 0.256883      │
│ train/train/ppo_mean_ratio:mean       │ 0.945585      │
└───────────────────────────────────────┴───────────────┘
tinker_cookbook.utils.ml_log:192 [INFO] Wrote metrics to logs/sweep-refresh-every/llama-rlct-re1/metrics.jsonl
tinker_cookbook.utils.ml_log:265 [INFO] 
              Step 117               
┏━━━━━━━━━━━━━━━━━━━━━━━━━━━┳━━━━━━━┓
┃ Metric                    ┃ Value ┃
┡━━━━━━━━━━━━━━━━━━━━━━━━━━━╇━━━━━━━┩
│ train/skipped_empty_batch │ 1     │
└───────────────────────────┴───────┘
tinker_cookbook.utils.ml_log:192 [INFO] Wrote metrics to logs/sweep-refresh-every/llama-rlct-re1/metrics.jsonl
tinker_cookbook.utils.ml_log:265 [INFO] 
                        Step 118                         
┏━━━━━━━━━━━━━━━━━━━━━━━━━━━━━━━━━━━━━━━┳━━━━━━━━━━━━━━━┓
┃ Metric                                ┃ Value         ┃
┡━━━━━━━━━━━━━━━━━━━━━━━━━━━━━━━━━━━━━━━╇━━━━━━━━━━━━━━━┩
│ optim/entropy                         │ 2.078941      │
│ optim/kl_sample_train_v1              │ 0.000685      │
│ optim/kl_sample_train_v2              │ 0.000655      │
│ train/advantage_abs_mean              │ 0.968246      │
│ train/anchor_reward_mean              │ 0.000000      │
│ train/anchor_reward_std               │ 0.000000      │
│ train/avg_response_length             │ 398.062500    │
│ train/consistency_gap_1               │ -0.024119     │
│ train/consistency_reward_mean         │ 0.000308      │
│ train/consistency_reward_std          │ 0.011676      │
│ train/epoch                           │ 0             │
│ train/kl_policy_base                  │ 0.099468      │
│ train/n_anchor_rollouts               │ 0             │
│ train/n_consistency_rollouts          │ 16            │
│ train/n_ref_parsed                    │ 44            │
│ train/n_training_parsed               │ 49            │
│ train/p_hat_1                         │ 0.612245      │
│ train/p_ref                           │ 0.636364      │
│ train/parse_rate                      │ 0.726562      │
│ train/rate_var                        │ 0.000145      │
│ train/reward_pert1_trait0_count       │ 6             │
│ train/reward_pert1_trait0_mean        │ -0.014767     │
│ train/reward_pert1_trait1_count       │ 10            │
│ train/reward_pert1_trait1_mean        │ 0.009352      │
│ train/train/clock_cycle:unique        │ 104923.000000 │
│ train/train/loss:sum                  │ -338.415787   │
│ train/train/ppo_clipped_fraction:mean │ 0.170753      │
│ train/train/ppo_kl_div:mean           │ 0.644504      │
│ train/train/ppo_mean_ratio:mean       │ 0.859657      │
└───────────────────────────────────────┴───────────────┘
tinker_cookbook.utils.ml_log:192 [INFO] Wrote metrics to logs/sweep-refresh-every/llama-rlct-re1/metrics.jsonl
tinker_cookbook.utils.ml_log:265 [INFO] 
                        Step 119                         
┏━━━━━━━━━━━━━━━━━━━━━━━━━━━━━━━━━━━━━━━┳━━━━━━━━━━━━━━━┓
┃ Metric                                ┃ Value         ┃
┡━━━━━━━━━━━━━━━━━━━━━━━━━━━━━━━━━━━━━━━╇━━━━━━━━━━━━━━━┩
│ optim/entropy                         │ 3.362332      │
│ optim/kl_sample_train_v1              │ 0.000104      │
│ optim/kl_sample_train_v2              │ 0.000488      │
│ train/advantage_abs_mean              │ 0.661438      │
│ train/anchor_reward_mean              │ 0.000000      │
│ train/anchor_reward_std               │ 0.000000      │
│ train/avg_response_length             │ 414.562500    │
│ train/consistency_gap_1               │ 0.065217      │
│ train/consistency_reward_mean         │ -0.001063     │
│ train/consistency_reward_std          │ 0.021569      │
│ train/epoch                           │ 0             │
│ train/kl_policy_base                  │ 0.109038      │
│ train/n_anchor_rollouts               │ 0             │
│ train/n_consistency_rollouts          │ 16            │
│ train/n_ref_parsed                    │ 46            │
│ train/n_training_parsed               │ 46            │
│ train/p_hat_1                         │ 0.108696      │
│ train/p_ref                           │ 0.043478      │
│ train/parse_rate                      │ 0.718750      │
│ train/rate_var                        │ 0.001063      │
│ train/reward_pert1_trait0_count       │ 14            │
│ train/reward_pert1_trait0_mean        │ 0.007089      │
│ train/reward_pert1_trait1_count       │ 2             │
│ train/reward_pert1_trait1_mean        │ -0.058129     │
│ train/train/clock_cycle:unique        │ 104933.000000 │
│ train/train/loss:sum                  │ -800.817383   │
│ train/train/ppo_clipped_fraction:mean │ 0.154945      │
│ train/train/ppo_kl_div:mean           │ 0.698210      │
│ train/train/ppo_mean_ratio:mean       │ 0.866930      │
└───────────────────────────────────────┴───────────────┘
tinker_cookbook.utils.ml_log:192 [INFO] Wrote metrics to logs/sweep-refresh-every/llama-rlct-re1/metrics.jsonl
tinker_cookbook.utils.ml_log:265 [INFO] 
                        Step 120                         
┏━━━━━━━━━━━━━━━━━━━━━━━━━━━━━━━━━━━━━━━┳━━━━━━━━━━━━━━━┓
┃ Metric                                ┃ Value         ┃
┡━━━━━━━━━━━━━━━━━━━━━━━━━━━━━━━━━━━━━━━╇━━━━━━━━━━━━━━━┩
│ optim/entropy                         │ 4.849681      │
│ optim/kl_sample_train_v1              │ 0.000649      │
│ optim/kl_sample_train_v2              │ 0.000538      │
│ train/advantage_abs_mean              │ 0.661438      │
│ train/anchor_reward_mean              │ 0.000000      │
│ train/anchor_reward_std               │ 0.000000      │
│ train/avg_response_length             │ 670.000000    │
│ train/consistency_gap_1               │ -0.019048     │
│ train/consistency_reward_mean         │ -0.001701     │
│ train/consistency_reward_std          │ 0.006299      │
│ train/epoch                           │ 0             │
│ train/kl_policy_base                  │ 0.069014      │
│ train/n_anchor_rollouts               │ 0             │
│ train/n_consistency_rollouts          │ 16            │
│ train/n_ref_parsed                    │ 60            │
│ train/n_training_parsed               │ 56            │
│ train/p_hat_1                         │ 0.214286      │
│ train/p_ref                           │ 0.233333      │
│ train/parse_rate                      │ 0.906250      │
│ train/rate_var                        │ 0.000091      │
│ train/reward_pert1_trait0_count       │ 14            │
│ train/reward_pert1_trait0_mean        │ -0.004082     │
│ train/reward_pert1_trait1_count       │ 2             │
│ train/reward_pert1_trait1_mean        │ 0.014966      │
│ train/train/clock_cycle:unique        │ 104939.000000 │
│ train/train/loss:sum                  │ 2282.002106   │
│ train/train/ppo_clipped_fraction:mean │ 0.150269      │
│ train/train/ppo_kl_div:mean           │ 0.619595      │
│ train/train/ppo_mean_ratio:mean       │ 0.870590      │
└───────────────────────────────────────┴───────────────┘
tinker_cookbook.utils.ml_log:192 [INFO] Wrote metrics to logs/sweep-refresh-every/llama-rlct-re1/metrics.jsonl
tinker_cookbook.utils.ml_log:265 [INFO] 
              Step 121               
┏━━━━━━━━━━━━━━━━━━━━━━━━━━━┳━━━━━━━┓
┃ Metric                    ┃ Value ┃
┡━━━━━━━━━━━━━━━━━━━━━━━━━━━╇━━━━━━━┩
│ train/skipped_empty_batch │ 1     │
└───────────────────────────┴───────┘
tinker_cookbook.utils.ml_log:192 [INFO] Wrote metrics to logs/sweep-refresh-every/llama-rlct-re1/metrics.jsonl
tinker_cookbook.utils.ml_log:265 [INFO] 
              Step 122               
┏━━━━━━━━━━━━━━━━━━━━━━━━━━━┳━━━━━━━┓
┃ Metric                    ┃ Value ┃
┡━━━━━━━━━━━━━━━━━━━━━━━━━━━╇━━━━━━━┩
│ train/skipped_empty_batch │ 1     │
└───────────────────────────┴───────┘
tinker_cookbook.utils.ml_log:192 [INFO] Wrote metrics to logs/sweep-refresh-every/llama-rlct-re1/metrics.jsonl
tinker_cookbook.utils.ml_log:265 [INFO] 
                        Step 123                         
┏━━━━━━━━━━━━━━━━━━━━━━━━━━━━━━━━━━━━━━━┳━━━━━━━━━━━━━━━┓
┃ Metric                                ┃ Value         ┃
┡━━━━━━━━━━━━━━━━━━━━━━━━━━━━━━━━━━━━━━━╇━━━━━━━━━━━━━━━┩
│ optim/entropy                         │ 4.616748      │
│ optim/kl_sample_train_v1              │ 0.000824      │
│ optim/kl_sample_train_v2              │ 0.000512      │
│ train/advantage_abs_mean              │ 0.866025      │
│ train/anchor_reward_mean              │ 0.000000      │
│ train/anchor_reward_std               │ 0.000000      │
│ train/avg_response_length             │ 691.312500    │
│ train/consistency_gap_1               │ 0.193313      │
│ train/consistency_reward_mean         │ 0.036458      │
│ train/consistency_reward_std          │ 0.083707      │
│ train/epoch                           │ 0             │
│ train/kl_policy_base                  │ 0.095982      │
│ train/n_anchor_rollouts               │ 0             │
│ train/n_consistency_rollouts          │ 16            │
│ train/n_ref_parsed                    │ 53            │
│ train/n_training_parsed               │ 57            │
│ train/p_hat_1                         │ 0.438596      │
│ train/p_ref                           │ 0.245283      │
│ train/parse_rate                      │ 0.859375      │
│ train/rate_var                        │ 0.009343      │
│ train/reward_pert1_trait0_count       │ 12            │
│ train/reward_pert1_trait0_mean        │ 0.084787      │
│ train/reward_pert1_trait1_count       │ 4             │
│ train/reward_pert1_trait1_mean        │ -0.108527     │
│ train/train/clock_cycle:unique        │ 104948.000000 │
│ train/train/loss:sum                  │ -2033.716038  │
│ train/train/ppo_clipped_fraction:mean │ 0.125948      │
│ train/train/ppo_kl_div:mean           │ 0.530812      │
│ train/train/ppo_mean_ratio:mean       │ 0.894612      │
└───────────────────────────────────────┴───────────────┘
tinker_cookbook.utils.ml_log:192 [INFO] Wrote metrics to logs/sweep-refresh-every/llama-rlct-re1/metrics.jsonl
tinker_cookbook.utils.ml_log:265 [INFO] 
              Step 124               
┏━━━━━━━━━━━━━━━━━━━━━━━━━━━┳━━━━━━━┓
┃ Metric                    ┃ Value ┃
┡━━━━━━━━━━━━━━━━━━━━━━━━━━━╇━━━━━━━┩
│ train/skipped_empty_batch │ 1     │
└───────────────────────────┴───────┘
tinker_cookbook.utils.ml_log:192 [INFO] Wrote metrics to logs/sweep-refresh-every/llama-rlct-re1/metrics.jsonl
tinker_cookbook.utils.ml_log:265 [INFO] 
                        Step 125                         
┏━━━━━━━━━━━━━━━━━━━━━━━━━━━━━━━━━━━━━━━┳━━━━━━━━━━━━━━━┓
┃ Metric                                ┃ Value         ┃
┡━━━━━━━━━━━━━━━━━━━━━━━━━━━━━━━━━━━━━━━╇━━━━━━━━━━━━━━━┩
│ optim/entropy                         │ 7.540775      │
│ optim/kl_sample_train_v1              │ 0.000460      │
│ optim/kl_sample_train_v2              │ 0.000402      │
│ train/advantage_abs_mean              │ 0.661438      │
│ train/anchor_reward_mean              │ 0.000000      │
│ train/anchor_reward_std               │ 0.000000      │
│ train/avg_response_length             │ 1463.312500   │
│ train/consistency_gap_1               │ 0.232613      │
│ train/consistency_reward_mean         │ -0.035092     │
│ train/consistency_reward_std          │ 0.076929      │
│ train/epoch                           │ 0             │
│ train/kl_policy_base                  │ 0.056359      │
│ train/n_anchor_rollouts               │ 0             │
│ train/n_consistency_rollouts          │ 16            │
│ train/n_ref_parsed                    │ 59            │
│ train/n_training_parsed               │ 58            │
│ train/p_hat_1                         │ 0.724138      │
│ train/p_ref                           │ 0.491525      │
│ train/parse_rate                      │ 0.914062      │
│ train/rate_var                        │ 0.013527      │
│ train/reward_pert1_trait0_count       │ 2             │
│ train/reward_pert1_trait0_mean        │ 0.168444      │
│ train/reward_pert1_trait1_count       │ 14            │
│ train/reward_pert1_trait1_mean        │ -0.064169     │
│ train/train/clock_cycle:unique        │ 104962.000000 │
│ train/train/loss:sum                  │ -3031.813293  │
│ train/train/ppo_clipped_fraction:mean │ 0.105461      │
│ train/train/ppo_kl_div:mean           │ 0.354940      │
│ train/train/ppo_mean_ratio:mean       │ 0.915901      │
└───────────────────────────────────────┴───────────────┘
tinker_cookbook.utils.ml_log:192 [INFO] Wrote metrics to logs/sweep-refresh-every/llama-rlct-re1/metrics.jsonl
tinker_cookbook.utils.ml_log:265 [INFO] 
                        Step 126                         
┏━━━━━━━━━━━━━━━━━━━━━━━━━━━━━━━━━━━━━━━┳━━━━━━━━━━━━━━━┓
┃ Metric                                ┃ Value         ┃
┡━━━━━━━━━━━━━━━━━━━━━━━━━━━━━━━━━━━━━━━╇━━━━━━━━━━━━━━━┩
│ optim/entropy                         │ 7.769293      │
│ optim/kl_sample_train_v1              │ 0.000196      │
│ optim/kl_sample_train_v2              │ 0.000454      │
│ train/advantage_abs_mean              │ 0.661438      │
│ train/anchor_reward_mean              │ 0.000000      │
│ train/anchor_reward_std               │ 0.000000      │
│ train/avg_response_length             │ 1623.562500   │
│ train/consistency_gap_1               │ 0.070780      │
│ train/consistency_reward_mean         │ -0.001397     │
│ train/consistency_reward_std          │ 0.023408      │
│ train/epoch                           │ 0             │
│ train/kl_policy_base                  │ 0.057653      │
│ train/n_anchor_rollouts               │ 0             │
│ train/n_consistency_rollouts          │ 16            │
│ train/n_ref_parsed                    │ 58            │
│ train/n_training_parsed               │ 57            │
│ train/p_hat_1                         │ 0.105263      │
│ train/p_ref                           │ 0.034483      │
│ train/parse_rate                      │ 0.898438      │
│ train/rate_var                        │ 0.001252      │
│ train/reward_pert1_trait0_count       │ 14            │
│ train/reward_pert1_trait0_mean        │ 0.007451      │
│ train/reward_pert1_trait1_count       │ 2             │
│ train/reward_pert1_trait1_mean        │ -0.063330     │
│ train/train/clock_cycle:unique        │ 104968.000000 │
│ train/train/loss:sum                  │ 5626.610901   │
│ train/train/ppo_clipped_fraction:mean │ 0.078176      │
│ train/train/ppo_kl_div:mean           │ 0.276763      │
│ train/train/ppo_mean_ratio:mean       │ 0.937344      │
└───────────────────────────────────────┴───────────────┘
tinker_cookbook.utils.ml_log:192 [INFO] Wrote metrics to logs/sweep-refresh-every/llama-rlct-re1/metrics.jsonl
tinker_cookbook.utils.ml_log:265 [INFO] 
                        Step 127                         
┏━━━━━━━━━━━━━━━━━━━━━━━━━━━━━━━━━━━━━━━┳━━━━━━━━━━━━━━━┓
┃ Metric                                ┃ Value         ┃
┡━━━━━━━━━━━━━━━━━━━━━━━━━━━━━━━━━━━━━━━╇━━━━━━━━━━━━━━━┩
│ optim/entropy                         │ 7.768748      │
│ optim/kl_sample_train_v1              │ 0.000501      │
│ optim/kl_sample_train_v2              │ 0.000357      │
│ train/advantage_abs_mean              │ 0.484123      │
│ train/anchor_reward_mean              │ 0.000000      │
│ train/anchor_reward_std               │ 0.000000      │
│ train/avg_response_length             │ 1257.625000   │
│ train/consistency_gap_1               │ -0.099942     │
│ train/consistency_reward_mean         │ -0.004092     │
│ train/consistency_reward_std          │ 0.024192      │
│ train/epoch                           │ 0             │
│ train/kl_policy_base                  │ 0.063652      │
│ train/n_anchor_rollouts               │ 0             │
│ train/n_consistency_rollouts          │ 16            │
│ train/n_ref_parsed                    │ 59            │
│ train/n_training_parsed               │ 58            │
│ train/p_hat_1                         │ 0.103448      │
│ train/p_ref                           │ 0.203390      │
│ train/parse_rate                      │ 0.914062      │
│ train/rate_var                        │ 0.002497      │
│ train/reward_pert1_trait0_count       │ 15            │
│ train/reward_pert1_trait0_mean        │ -0.010339     │
│ train/reward_pert1_trait1_count       │ 1             │
│ train/reward_pert1_trait1_mean        │ 0.089603      │
│ train/train/clock_cycle:unique        │ 104971.000000 │
│ train/train/loss:sum                  │ -5333.166519  │
│ train/train/ppo_clipped_fraction:mean │ 0.099053      │
│ train/train/ppo_kl_div:mean           │ 0.383058      │
│ train/train/ppo_mean_ratio:mean       │ 0.915858      │
└───────────────────────────────────────┴───────────────┘
tinker_cookbook.utils.ml_log:192 [INFO] Wrote metrics to logs/sweep-refresh-every/llama-rlct-re1/metrics.jsonl
tinker_cookbook.utils.ml_log:265 [INFO] 
                        Step 128                         
┏━━━━━━━━━━━━━━━━━━━━━━━━━━━━━━━━━━━━━━━┳━━━━━━━━━━━━━━━┓
┃ Metric                                ┃ Value         ┃
┡━━━━━━━━━━━━━━━━━━━━━━━━━━━━━━━━━━━━━━━╇━━━━━━━━━━━━━━━┩
│ optim/entropy                         │ 3.081753      │
│ optim/kl_sample_train_v1              │ 0.000421      │
│ optim/kl_sample_train_v2              │ 0.000400      │
│ train/advantage_abs_mean              │ 0.661438      │
│ train/anchor_reward_mean              │ 0.000000      │
│ train/anchor_reward_std               │ 0.000000      │
│ train/avg_response_length             │ 395.562500    │
│ train/consistency_gap_1               │ 0.169492      │
│ train/consistency_reward_mean         │ -0.007541     │
│ train/consistency_reward_std          │ 0.056054      │
│ train/epoch                           │ 0             │
│ train/kl_policy_base                  │ 0.061749      │
│ train/n_anchor_rollouts               │ 0             │
│ train/n_consistency_rollouts          │ 16            │
│ train/n_ref_parsed                    │ 59            │
│ train/n_training_parsed               │ 59            │
│ train/p_hat_1                         │ 0.830508      │
│ train/p_ref                           │ 0.661017      │
│ train/parse_rate                      │ 0.921875      │
│ train/rate_var                        │ 0.007182      │
│ train/reward_pert1_trait0_count       │ 2             │
│ train/reward_pert1_trait0_mean        │ 0.140764      │
│ train/reward_pert1_trait1_count       │ 14            │
│ train/reward_pert1_trait1_mean        │ -0.028727     │
│ train/train/clock_cycle:unique        │ 104980.000000 │
│ train/train/loss:sum                  │ -214.031036   │
│ train/train/ppo_clipped_fraction:mean │ 0.163959      │
│ train/train/ppo_kl_div:mean           │ 0.580563      │
│ train/train/ppo_mean_ratio:mean       │ 0.865315      │
└───────────────────────────────────────┴───────────────┘
tinker_cookbook.checkpoint_utils:461 [INFO] Saved checkpoints: {'sampler_path': 'tinker://2852de74-f9d7-5b2e-8747-c3d2e45dab32:train:0/sampler_weights/sweep-refresh-every_llama-rlct-re1'}
tinker_cookbook.utils.ml_log:192 [INFO] Wrote metrics to logs/sweep-refresh-every/llama-rlct-re1/metrics.jsonl
tinker_cookbook.utils.ml_log:265 [INFO] 
                                    Step 128                                    
┏━━━━━━━━━━━━━━━━━━━━━━┳━━━━━━━━━━━━━━━━━━━━━━━━━━━━━━━━━━━━━━━━━━━━━━━━━━━━━━━┓
┃ Metric               ┃ Value                                                 ┃
┡━━━━━━━━━━━━━━━━━━━━━━╇━━━━━━━━━━━━━━━━━━━━━━━━━━━━━━━━━━━━━━━━━━━━━━━━━━━━━━━┩
│ final_checkpoint     │ tinker://2852de74-f9d7-5b2e-8747-c3d2e45dab32:train:… │
└──────────────────────┴───────────────────────────────────────────────────────┘
tinker_cookbook.utils.ml_log:265 [INFO] 
Configuration:
  final_checkpoint: 
'tinker://2852de74-f9d7-5b2e-8747-c3d2e45dab32:train:0/sampler_weights/sweep-ref
resh-every_llama-rlct-re1'
  all_checkpoints: 
['tinker://2852de74-f9d7-5b2e-8747-c3d2e45dab32:train:0/sampler_weights/sweep-re
fresh-every_llama-rlct-re1_step64', 
'tinker://2852de74-f9d7-5b2e-8747-c3d2e45dab32:train:0/sampler_weights/sweep-ref
resh-every_llama-rlct-re1']
